{"key":"adidas","displayName":"Adidas","category":"shopping","useLocationName":false,"locations":[
  {"lat":40.75916,"lon":-73.974307,"city":"New York City","state":"NY","address":"501 Madison Avenue","name":""},
  {"lat":40.726347,"lon":-74.000033,"city":"New York City","state":"NY","address":"465 West Broadway","name":""},
  {"lat":40.235917,"lon":-75.569972,"city":"Pottstown","state":"PA","address":"18 Lightcap Road","name":""},
  {"lat":40.643062,"lon":-73.790401,"city":"New York City","state":"NY","address":"Jamaica","name":""},
  {"lat":39.941853,"lon":-75.026198,"city":"Cherry Hill","state":"NJ","address":"2000 Route 38, Suite 1640","name":""},
  {"lat":34.120201,"lon":-84.526439,"city":"Woodstock","state":"GA","address":"915 Ridgewalk Parkway","name":""},
  {"lat":40.918901,"lon":-72.710996,"city":"Riverhead","state":"NY","address":"1503 Tanger Mall Drive","name":""},
  {"lat":33.833771,"lon":-118.350662,"city":"Torrance","state":"CA","address":"21540 Hawthorne Blvd","name":""},
  {"lat":45.537545,"lon":-122.7078,"city":"Portland","state":"OR","address":"2701 NW Vaughn Street","name":""},
  {"lat":30.234924,"lon":-95.458579,"city":"Shenandoah","state":"TX","address":"19075 I-45 South","name":""},
  {"lat":30.563566,"lon":-97.690212,"city":"Round Rock","state":"TX","address":"4401 N Interstate Hwy 35","name":""},
  {"lat":39.989175,"lon":-104.982843,"city":"Thornton","state":"CO","address":"13801 Grant Street","name":""},
  {"lat":33.663844,"lon":-117.904743,"city":"Miami Beach","state":"FL","address":"846 Lincoln Road","name":""},
  {"lat":34.84676,"lon":-117.08373,"city":"Barstow","state":"CA","address":"2796 Tanger Way","name":""},
  {"lat":30.428316,"lon":-89.09929,"city":"Gulfport","state":"MS","address":"10425 Factory Shop Blvd","name":""},
  {"lat":41.097498,"lon":-73.956417,"city":"West Nyack","state":"NY","address":"2450 Palisades Center Dr","name":""},
  {"lat":40.723822,"lon":-73.999967,"city":"New York City","state":"NY","address":"115 Spring Street","name":""},
  {"lat":40.755916,"lon":-73.978478,"city":"New York City","state":"NY","address":"565 5th Ave","name":""},
  {"lat":39.312108,"lon":-85.95944,"city":"Edinburgh","state":"IN","address":"11825 NE Executive Drive","name":""},
  {"lat":36.16321,"lon":-115.158809,"city":"Las Vegas","state":"NV","address":"875 S Grand Central Parkway","name":""},
  {"lat":32.543801,"lon":-117.042419,"city":"San Diego","state":"CA","address":"4201 Camino De La Plaza","name":""},
  {"lat":40.72592,"lon":-111.552098,"city":"Park City","state":"UT","address":"6699 N Landmark Drive","name":""},
  {"lat":36.051617,"lon":-115.169342,"city":"Las Vegas","state":"NV","address":"7400 S Las Vegas Boulevard","name":""},
  {"lat":40.913988,"lon":-74.057955,"city":"Paramus","state":"NJ","address":"1 Bergen Town Center","name":""},
  {"lat":21.402128,"lon":-158.006793,"city":"Waipahu","state":"HI","address":"94-790 Lumiaina Street","name":""},
  {"lat":41.31643,"lon":-74.12547,"city":"Central Valley","state":"NY","address":"498 Red Apple Court","name":""},
  {"lat":34.005944,"lon":-118.15284,"city":"Commerce","state":"CA","address":"100 Citadel Drive","name":""},
  {"lat":28.476313,"lon":-81.450043,"city":"Orlando","state":"FL","address":"4973 International Drive","name":""},
  {"lat":33.925291,"lon":-116.810667,"city":"Cabazon","state":"CA","address":"48750 Seminole Drive","name":""},
  {"lat":28.38795,"lon":-81.49041,"city":"Orlando","state":"FL","address":"8200 Vineland Avenue","name":""},
  {"lat":32.6649,"lon":-115.5066,"city":"Calexico","state":"CA","address":"888 West 2nd Street","name":""},
  {"lat":32.2741,"lon":-90.1538,"city":"Pearl","state":"MS","address":"200 Bass Pro Drive","name":""},
  {"lat":44.024078,"lon":-71.114132,"city":"North Conway","state":"NH","address":"2 Common Court","name":""},
  {"lat":25.784281,"lon":-80.230691,"city":"Miami","state":"FL","address":"11401 NW 12th Street","name":""},
  {"lat":34.072742,"lon":-117.551397,"city":"Ontario","state":"CA","address":"1 Mills Circle","name":""},
  {"lat":42.70301,"lon":-83.30043,"city":"Auburn Hills","state":"MI","address":"4698 Baldwin Rd","name":""},
  {"lat":40.2599,"lon":-82.9243,"city":"Sunbury","state":"OH","address":"400 S Wilson Rd","name":""},
  {"lat":36.202965,"lon":-86.692266,"city":"Nashville","state":"TN","address":"433 Opry Mills Dr","name":""},
  {"lat":32.679078,"lon":-97.053339,"city":"Grand Prairie","state":"TX","address":"2950 West Interstate 20","name":""},
  {"lat":27.501927,"lon":-99.512326,"city":"Laredo","state":"TX","address":"1600 Water Street","name":""},
  {"lat":36.882127,"lon":-76.200199,"city":"Norfolk","state":"VA","address":"1600 Premium Outlets Blvd","name":""},
  {"lat":34.936263,"lon":-89.991621,"city":"Southaven","state":"MS","address":"5205 Airways Blvd","name":""},
  {"lat":39.434367,"lon":-84.338543,"city":"Monroe","state":"OH","address":"310 Premium Outlet Drive","name":""},
  {"lat":47.491937,"lon":-121.795005,"city":"North Bend","state":"WA","address":"461 S Fork Ave SW","name":""},
  {"lat":36.230191,"lon":-119.336151,"city":"Tulare","state":"CA","address":"1725 Retherford St","name":""},
  {"lat":32.840795,"lon":-116.704999,"city":"Alpine","state":"CA","address":"5003 Willows Rd","name":""},
  {"lat":40.724219,"lon":-73.999868,"city":"New York City","state":"NY","address":"92 Greene Street","name":""},
  {"lat":44.96209,"lon":-124.015935,"city":"Lincoln City","state":"OR","address":"1500 SE East Devils Lakes Rd","name":""},
  {"lat":34.356759,"lon":-84.048543,"city":"Dawsonville","state":"GA","address":"800 Highway 400 S","name":""},
  {"lat":42.394628,"lon":-71.079722,"city":"Somerville","state":"MA","address":"544 Assembly Row","name":""},
  {"lat":29.425543,"lon":-95.056103,"city":"Texas City","state":"TX","address":"5885 Gulf Way","name":""},
  {"lat":25.957148,"lon":-80.143609,"city":"Aventura","state":"FL","address":"19575 Biscayne Blvd","name":""},
  {"lat":39.417329,"lon":-104.874742,"city":"Castle Rock","state":"CO","address":"5050 Factory Shops Blvd","name":""},
  {"lat":25.790593,"lon":-80.140899,"city":"Miami","state":"FL","address":"1115 Lincoln Road","name":""},
  {"lat":40.659953,"lon":-74.171069,"city":"Elizabeth","state":"NJ","address":"651 Kapkowski Road","name":""},
  {"lat":26.151666,"lon":-80.320552,"city":"Sunrise","state":"FL","address":"12801 West Sunrise Boulevard","name":""},
  {"lat":39.107379,"lon":-77.538206,"city":"Leesburg","state":"VA","address":"241 Fort Evans Road NE","name":""},
  {"lat":38.644091,"lon":-121.186676,"city":"Folsom","state":"CA","address":"13000 Folsom Boulevard","name":""},
  {"lat":29.7758,"lon":-95.8103,"city":"Katy","state":"TX","address":"5000 Katy Mills Circle","name":""},
  {"lat":37.6988,"lon":-121.843897,"city":"Livermore","state":"CA","address":"3280 Livermore Outlets Drive","name":""},
  {"lat":35.170811,"lon":-80.970961,"city":"Charlotte","state":"NC","address":"5524 New Fashion Way","name":""},
  {"lat":33.650615,"lon":-117.74637,"city":"Irvine","state":"CA","address":"650 Spectrum Center Dr","name":""},
  {"lat":32.96823,"lon":-97.04159,"city":"Grapevine","state":"TX","address":"3000 Grapevine Mills Parkway","name":""},
  {"lat":29.829653,"lon":-97.982021,"city":"San Marcos","state":"TX","address":"3939 I-35 South","name":""},
  {"lat":34.46199,"lon":-84.918535,"city":"Calhoun","state":"GA","address":"455 Belwood Rd","name":""},
  {"lat":33.518589,"lon":-86.810357,"city":"Birmingham","state":"AL","address":"6200 Grand River Blvd","name":""},
  {"lat":42.955546,"lon":-76.921395,"city":"Waterloo","state":"NY","address":"655 State Route 318","name":""},
  {"lat":40.709252,"lon":-73.870158,"city":"Glendale","state":"NY","address":"80-28 Cooper Ave","name":""},
  {"lat":40.43622,"lon":-111.88515,"city":"Lehi","state":"UT","address":"3700 Cabelas Blvd","name":""},
  {"lat":42.62273,"lon":-83.99753,"city":"Howell","state":"MI","address":"1475 N. Burkhart Rd","name":""},
  {"lat":32.702484,"lon":-96.283822,"city":"Terrell","state":"TX","address":"301 Tanger Dr.","name":""},
  {"lat":43.983422,"lon":-88.584536,"city":"Oshkosh","state":"WI","address":"3001 South Washburn Street","name":""},
  {"lat":33.02275,"lon":-97.28236,"city":"Fort Worth","state":"TX","address":"15869 N Fwy","name":""},
  {"lat":32.134642,"lon":-81.243228,"city":"Pooler","state":"GA","address":"200 Tanger Outlets Blvd","name":""},
  {"lat":36.033234,"lon":-86.644917,"city":"Antioch","state":"TN","address":"4060 Cane Ridge Parkway","name":""},
  {"lat":33.35012,"lon":-84.12322,"city":"Locust Grove","state":"GA","address":"1000 Tanger Dr","name":""},
  {"lat":39.157484,"lon":-76.726099,"city":"Hanover","state":"MD","address":"7000 Arundel Mills Circle","name":""},
  {"lat":34.214021,"lon":-119.057317,"city":"Camarillo","state":"CA","address":"950 Camarillo Center Drive","name":""},
  {"lat":39.607029,"lon":-77.734693,"city":"Hagerstown","state":"MD","address":"495 Premium Outlets Boulevard","name":""},
  {"lat":41.302844,"lon":-81.344281,"city":"Aurora","state":"OH","address":"549 S Chillicothe Road","name":""},
  {"lat":33.981123,"lon":-84.079502,"city":"Lawrenceville","state":"GA","address":"5900 Sugarloaf Parkway","name":""},
  {"lat":39.792441,"lon":-77.202161,"city":"Gettysburg","state":"PA","address":"1863 Gettysburg Village Dr","name":""},
  {"lat":32.87163,"lon":-80.017192,"city":"North Charleston","state":"SC","address":"4840 Tanger Outlet Boulevard","name":""},
  {"lat":38.983292,"lon":-76.15971,"city":"Queenstown","state":"MD","address":"120 Outlet Center Drive","name":""},
  {"lat":33.784187,"lon":-78.773611,"city":"Myrtle Beach","state":"SC","address":"10827 Kings Road","name":""},
  {"lat":26.16311,"lon":-97.88735,"city":"Mercedes","state":"TX","address":"5001 E Expressway 83","name":""},
  {"lat":33.43901,"lon":-117.62736,"city":"San Clemente","state":"CA","address":"101 W Avenida Vista Hermosa","name":""},
  {"lat":41.715448,"lon":-86.905039,"city":"Michigan City","state":"IN","address":"601 Wabash Street","name":""},
  {"lat":40.237255,"lon":-75.571557,"city":"Pottstown","state":"PA","address":"18 Lightcap Road","name":""},
  {"lat":41.04756,"lon":-75.312702,"city":"Tannersville","state":"PA","address":"1000 Premium Outlets Drive","name":""},
  {"lat":43.117668,"lon":-70.728091,"city":"Kittery","state":"ME","address":"375 US Route 1","name":""},
  {"lat":40.216409,"lon":-80.211624,"city":"Washington","state":"PA","address":"2200 Tanger Boulevard","name":""},
  {"lat":40.763051,"lon":-73.306215,"city":"Deer Park","state":"NY","address":"1295 The Arches Circle","name":""},
  {"lat":40.225758,"lon":-74.093438,"city":"Tinton Falls","state":"NJ","address":"1 Premium Outlet Boulevard","name":""},
  {"lat":30.2134,"lon":-90.9519,"city":"Gonzales","state":"LA","address":"2200 Tanger Boulevard","name":""},
  {"lat":38.643193,"lon":-77.296524,"city":"Woodbridge","state":"VA","address":"2700 Potomac Mills Circle","name":""},
  {"lat":42.809687,"lon":-85.671981,"city":"Byron Center","state":"MI","address":"350 84th Street SW","name":""},
  {"lat":35.462793,"lon":-97.649259,"city":"Oklahoma City","state":"OK","address":"7624 W Reno Ave","name":""},
  {"lat":38.794871,"lon":-77.00178,"city":"Oxon","state":"MD","address":"6800 Oxon Hill Road","name":""},
  {"lat":30.375745,"lon":-87.679788,"city":"Foley","state":"AL","address":"2601 South McKenzie Street","name":""},
  {"lat":39.228187,"lon":-77.28577,"city":"Clarksburg","state":"MD","address":"22705 Clarksburg Road","name":""},
  {"lat":26.724568,"lon":-80.085837,"city":"West Palm Beach","state":"FL","address":"1731 Palm Beach Lakes Boulevard","name":""},
  {"lat":42.388567,"lon":-87.954922,"city":"Gurnee","state":"IL","address":"6170 Grand Avenue","name":""},
  {"lat":34.984549,"lon":-118.941397,"city":"Arvin","state":"CA","address":"5701 Outlets at Tejon Parkway","name":""},
  {"lat":25.452643,"lon":-80.47289,"city":"Florida City","state":"FL","address":"250 E Palm Drive","name":""},
  {"lat":38.338042,"lon":-75.106631,"city":"Ocean City","state":"MD","address":"12741 Ocean Gateway","name":""},
  {"lat":36.644301,"lon":-93.263833,"city":"Branson","state":"MO","address":"300 Tanger Boulevard","name":""},
  {"lat":38.206234,"lon":-85.352038,"city":"Simpsonville","state":"KY","address":"1155 Buck Creek Road","name":""},
  {"lat":34.25006,"lon":-83.473774,"city":"Commerce","state":"GA","address":"800 Steven B Tanger Blvd.","name":""},
  {"lat":33.753242,"lon":-78.917509,"city":"Myrtle Beach","state":"SC","address":"4628 Factory Shop Boulevard","name":""},
  {"lat":38.734167,"lon":-75.139028,"city":"Rehoboth Beach","state":"DE","address":"35016 Midway Outlet Dr","name":""},
  {"lat":28.191958,"lon":-82.391543,"city":"Lutz","state":"FL","address":"2416 Grand Cypress Drive","name":""},
  {"lat":41.098307,"lon":-96.251735,"city":"Gretna","state":"NE","address":"21401 Nebraska Crossing Dr","name":""},
  {"lat":29.213344,"lon":-81.098229,"city":"Daytona Beach","state":"FL","address":"1100 Cornerstone Blvd","name":""},
  {"lat":42.824588,"lon":-71.501839,"city":"Merrimack","state":"NH","address":"80 Premium Outlets Blvd","name":""},
  {"lat":33.535303,"lon":-112.266251,"city":"Glendale","state":"AZ","address":"6800 N 95th Ave","name":""},
  {"lat":41.909117,"lon":-87.67611,"city":"Chicago","state":"IL","address":"1532 N Milwaukee Avenue","name":""},
  {"lat":40.889125,"lon":-74.259664,"city":"Wayne","state":"NJ","address":"1400 Willowbrook Mall","name":""},
  {"lat":40.738249,"lon":-73.614237,"city":"Garden City","state":"NY","address":"630 Old Country Road","name":""},
  {"lat":28.44675,"lon":-81.395226,"city":"Orlando","state":"FL","address":"8001 S Orange Blossom Trail","name":""},
  {"lat":34.188796,"lon":-118.603424,"city":"Canoga Park","state":"CA","address":"6600 Topanga Canyon Boulevard","name":""},
  {"lat":30.234924,"lon":-95.458579,"city":"Shenandoah","state":"TX","address":"19075 I-45 South","name":""},
  {"lat":40.610406,"lon":-73.920836,"city":"New York City","state":"NY","address":"5100 Kings Plaza","name":""},
  {"lat":33.848857,"lon":-84.364731,"city":"Atlanta","state":"GA","address":"3393 Peach Tree Road N.E","name":""},
  {"lat":30.380673,"lon":-86.353755,"city":"Destin","state":"FL","address":"10562 Emerald Coast Parkway","name":""},
  {"lat":40.927976,"lon":-73.854358,"city":"New York City","state":"NY","address":"6010 Mall Walk","name":""},
  {"lat":33.14178,"lon":-117.280887,"city":"Carlsbad","state":"CA","address":"5540","name":""},
  {"lat":40.918901,"lon":-72.710996,"city":"Riverhead","state":"NY","address":"1503 Tanger Mall Drive","name":""},
  {"lat":33.382099,"lon":-111.964918,"city":"Tempe","state":"AZ","address":"5000 S Arizona Mills Circle","name":""},
  {"lat":34.084068,"lon":-118.364046,"city":"Los Angeles","state":"CA","address":"8009 Melrose Avenue","name":""},
  {"lat":35.507728,"lon":-78.316587,"city":"Smithfield","state":"NC","address":"1026 Industrial Park Drive","name":""},
  {"lat":39.125793,"lon":-94.824361,"city":"Kansas City","state":"KS","address":"1811 Village West Parkway","name":""},
  {"lat":42.518034,"lon":-87.948874,"city":"Pleasant Prairie","state":"WI","address":"11211 120th Avenue","name":""},
  {"lat":27.536725,"lon":-82.507912,"city":"Ellenton","state":"FL","address":"5151 Factory Shop Boulevard","name":""},
  {"lat":37.316557,"lon":-76.735573,"city":"Williamsburg","state":"VA","address":"5555 Richmond Road","name":""},
  {"lat":39.360118,"lon":-74.438223,"city":"Atlantic City","state":"NJ","address":"101 N Arkansas Avenue","name":""},
  {"lat":41.800929,"lon":-88.271894,"city":"Aurora","state":"IL","address":"1650 Premium Outlets Boulevard","name":""},
  {"lat":48.09278,"lon":-122.189095,"city":"Tulalip","state":"WA","address":"10600 Quil Ceda Boulevard","name":""},
  {"lat":43.571382,"lon":-89.785719,"city":"Baraboo","state":"WI","address":"210 Gasser Road","name":""},
  {"lat":35.77057,"lon":-83.530174,"city":"Sevierville","state":"TN","address":"1645 Parkway","name":""},
  {"lat":35.081405,"lon":-81.713095,"city":"Gaffney","state":"SC","address":"740 Factory Shop Boulevard","name":""},
  {"lat":29.737703,"lon":-95.464458,"city":"Houston","state":"TX","address":"5135 W Alabama","name":""},
  {"lat":31.91214,"lon":-106.58544,"city":"Canutillo","state":"TX","address":"7051 S Desert Boulevard","name":""},
  {"lat":33.132575,"lon":-96.660915,"city":"Allen","state":"TX","address":"820 West Stacy Road","name":""},
  {"lat":29.996414,"lon":-95.756166,"city":"Cypress","state":"TX","address":"29300 Hempstead Road","name":""},
  {"lat":25.778106,"lon":-80.132947,"city":"Miami","state":"FL","address":"226 8th Street","name":""},
  {"lat":38.676452,"lon":-90.66146,"city":"Chesterfield","state":"MO","address":"18505 Outlet Boulevard","name":""},
  {"lat":38.917126,"lon":-77.222257,"city":"McLean","state":"VA","address":"8070 Tyson's Corner Center","name":""},
  {"lat":36.102866,"lon":-115.17251,"city":"Las Vegas","state":"NV","address":"3791 S Las Vegas Boulevard","name":""},
  {"lat":40.756454,"lon":-73.833913,"city":"New York City","state":"NY","address":"40-24 College Point Boulevard","name":""},
  {"lat":33.286995,"lon":-111.973581,"city":"Chandler","state":"AZ","address":"4976 Premium Outlets Way","name":""},
  {"lat":41.293073,"lon":-72.531248,"city":"Clinton","state":"CT","address":"20-A Killingworth Turnpike","name":""},
  {"lat":40.734232,"lon":-73.872048,"city":"New York City","state":"NY","address":"90-15 Queens Boulevard","name":""},
  {"lat":38.295302,"lon":-122.302606,"city":"Napa","state":"CA","address":"607 Factory Stores Drive","name":""},
  {"lat":32.245372,"lon":-80.833584,"city":"Bluffton","state":"SC","address":"1254 Fording Island Road","name":""},
  {"lat":39.532275,"lon":-119.719347,"city":"Sparks","state":"NV","address":"1420 Scheels Drive","name":""},
  {"lat":40.72562,"lon":-73.996634,"city":"New York City","state":"NY","address":"610 Broadway","name":""},
  {"lat":40.023848,"lon":-76.194584,"city":"Lancaster","state":"PA","address":"2495 Lincoln Highway East","name":""},
  {"lat":43.364471,"lon":-73.700975,"city":"Lake George","state":"NY","address":"1415 State Route 9","name":""},
  {"lat":45.155522,"lon":-122.877367,"city":"Woodburn","state":"OR","address":"1001 Arney Road","name":""},
  {"lat":38.256944,"lon":-122.649897,"city":"Petaluma","state":"CA","address":"2200 Petaluma Boulevard North","name":""},
  {"lat":43.247236,"lon":-83.779929,"city":"Birch Run","state":"MI","address":"12150 South Beyer Road","name":""},
  {"lat":40.163349,"lon":-74.417663,"city":"Jackson","state":"NJ","address":"537 Monmouth Road","name":""},
  {"lat":41.138521,"lon":-80.156901,"city":"Grove City","state":"PA","address":"1911 Leesburg Grove City Road","name":""},
  {"lat":43.0916,"lon":-88.76304,"city":"Johnson Creek","state":"WI","address":"612 W Linmar Lane","name":""},
  {"lat":38.365929,"lon":-121.953755,"city":"Vacaville","state":"CA","address":"378 Nut Tree Road","name":""},
  {"lat":34.146254,"lon":-118.256775,"city":"Glendale","state":"CA","address":"100 West Broadway","name":""},
  {"lat":47.29638,"lon":-122.245981,"city":"Auburn","state":"WA","address":"1101 Outlet Collection Way","name":""},
  {"lat":27.635943,"lon":-80.522801,"city":"Vero Beach","state":"FL","address":"1777 94th Drive","name":""},
  {"lat":40.547383,"lon":-74.335652,"city":"Edison","state":"NJ","address":"55 Parsonage Rd","name":""},
  {"lat":39.731715,"lon":-105.161378,"city":"Lakewood","state":"CO","address":"14500 W Colfax Avenue","name":""},
  {"lat":32.3755,"lon":-111.1019,"city":"Tucson","state":"AZ","address":"6401 West Marana Center Blvd","name":""},
  {"lat":35.369943,"lon":-80.724767,"city":"Concord","state":"NC","address":"8111 Concord Mills Boulevard","name":""},
  {"lat":44.814358,"lon":-93.215758,"city":"Eagan","state":"MN","address":"3985 Eagan Outlets Parkway","name":""},
  {"lat":33.990934,"lon":-118.466254,"city":"Venice","state":"CA","address":"1349 Abbot Kinney Blvd","name":""},
  {"lat":39.942495,"lon":-75.02557,"city":"Cherry Hill","state":"NJ","address":"2000 Route 38","name":""},
  {"lat":37.02167,"lon":-121.560637,"city":"Gilroy","state":"CA","address":"8300 Camino Arroyo","name":""},
  {"lat":34.016494,"lon":-118.496592,"city":"Santa Monica","state":"CA","address":"1337 Third Street Promenade","name":""},
  {"lat":42.038506,"lon":-71.352275,"city":"Wrentham","state":"MA","address":"1 Premium Outlet Boulevard","name":""},
  {"lat":33.862903,"lon":-118.094808,"city":"Los Cerritos","state":"CA","address":"239 Los Cerritos Center","name":""},
  {"lat":33.833771,"lon":-118.350662,"city":"Torrance","state":"CA","address":"21540 Hawthorne Blvd","name":""},
  {"lat":45.2459,"lon":-93.6674,"city":"Albertville","state":"MN","address":"6415 Labeaux Ave NE","name":""},
  {"lat":33.782667,"lon":-117.892928,"city":"Orange","state":"CA","address":"20 City Boulevard West","name":""},
  {"lat":33.985431,"lon":-118.393318,"city":"Culver City","state":"CA","address":"6000 Sepulveda Boulevard","name":""},
  {"lat":40.690378,"lon":-73.984984,"city":"Brooklyn","state":"NY","address":"454 Fulton Street","name":""},
  {"lat":34.059003,"lon":-118.418866,"city":"Los Angeles","state":"CA","address":"10250 Santa Monica Blvd","name":""},
  {"lat":45.537545,"lon":-122.7078,"city":"Portland","state":"OR","address":"2701 NW Vaughn Street","name":""},
  {"lat":34.1347,"lon":-118.051589,"city":"Arcadia","state":"CA","address":"400 South Baldwin Avenue","name":""},
  {"lat":41.897872,"lon":-87.623439,"city":"Chicago","state":"IL","address":"845 N Michigan Avenue","name":""},
  {"lat":25.956846,"lon":-80.141027,"city":"Aventura","state":"FL","address":"19501 Biscayne Blvd","name":""},
  {"lat":33.126249,"lon":-117.321205,"city":"Carlsbad","state":"CA","address":"5630 Paseo Del Norte","name":""},
  {"lat":34.790652,"lon":-82.409119,"city":"Greenville","state":"SC","address":"10 Quest Lane","name":""},
  {"lat":34.120289,"lon":-84.526533,"city":"Woodstock","state":"GA","address":"915 Ridgewalk Pkwy","name":""},
  {"lat":37.41606,"lon":-121.899118,"city":"Milpitas","state":"CA","address":"447 Great Mall Drive","name":""},
  {"lat":43.098136,"lon":-78.980743,"city":"Niagara Falls","state":"NY","address":"1896 Military Rd","name":""},
  {"lat":29.921993,"lon":-81.415507,"city":"St. Augustine","state":"FL","address":"2700 State Road 16","name":""},
  {"lat":40.295998,"lon":-76.646784,"city":"Hershey","state":"PA","address":"46 Outlet Square","name":""},
  {"lat":40.918173,"lon":-74.076331,"city":"Paramus","state":"NJ","address":"1 Garden State Plaza","name":""},
  {"lat":40.867076,"lon":-73.825588,"city":"The Bronx","state":"NY","address":"2228 Bartow Ave","name":""}]}