{"key":"amc_theatres","displayName":"AMC Theatres","category":"entertainment","useLocationName":false,"locations":[
  {"lat":38.634182,"lon":-90.316645,"city":"St. Louis","state":"MO","address":"6706 Clayton Road","name":""},
  {"lat":38.766302,"lon":-90.49394,"city":"St. Charles","state":"MO","address":"311 Lombard Street","name":""},
  {"lat":38.967384,"lon":-94.606619,"city":"Kansas City","state":"MO","address":"8600 Ward Parkway","name":""},
  {"lat":39.050015,"lon":-94.353098,"city":"Independence","state":"MO","address":"19200 E 39th St S","name":""},
  {"lat":38.915971,"lon":-94.648142,"city":"Leawood","state":"KS","address":"11701 Nall Avenue","name":""},
  {"lat":39.930182,"lon":-105.136121,"city":"Broomfield","state":"CO","address":"61 West Flatiron Crossing Dr.","name":""},
  {"lat":39.961519,"lon":-104.993843,"city":"Westminster","state":"CO","address":"14653 Orchard Pkwy","name":""},
  {"lat":39.729691,"lon":-104.939305,"city":"Denver","state":"CO","address":"826 Albion Street","name":""},
  {"lat":39.560226,"lon":-104.991291,"city":"Highlands Ranch","state":"CO","address":"103 W Centennial Blvd","name":""},
  {"lat":40.584683,"lon":-111.935813,"city":"West Jordan","state":"UT","address":"1600 West Fox Park Drive","name":""},
  {"lat":40.80022,"lon":-74.4815,"city":"Morristown","state":"NJ","address":"72 Headquarters Plaza","name":""},
  {"lat":40.315534,"lon":-74.66193,"city":"Princeton","state":"NJ","address":"3521 US-1","name":""},
  {"lat":39.835019,"lon":-75.10009,"city":"Deptford","state":"NJ","address":"1740 Clements Bridge Road","name":""},
  {"lat":39.904877,"lon":-74.935605,"city":"Marlton","state":"NJ","address":"800 N. Route 73","name":""},
  {"lat":39.88969,"lon":-105.072257,"city":"Westminster","state":"CO","address":"10655 Westminster Blvd.","name":""},
  {"lat":33.317507,"lon":-111.977243,"city":"Phoenix","state":"AZ","address":"4915 East Ray Road","name":""},
  {"lat":33.422942,"lon":-111.941701,"city":"Tempe","state":"AZ","address":"730 South Mill Ave","name":""},
  {"lat":33.507895,"lon":-112.027141,"city":"Phoenix","state":"AZ","address":"2515 E CAMELBACK RD","name":""},
  {"lat":33.379776,"lon":-111.59853,"city":"Mesa","state":"AZ","address":"1935 S Signal Butte Road","name":""},
  {"lat":33.666766,"lon":-112.123915,"city":"Phoenix","state":"AZ","address":"3033 West Agua Fria Freeway","name":""},
  {"lat":33.383749,"lon":-111.802732,"city":"Mesa","state":"AZ","address":"1645 South Stapley Drive","name":""},
  {"lat":38.674509,"lon":-90.410778,"city":"Creve Coeur","state":"MO","address":"10465 Olive Blvd.","name":""},
  {"lat":37.740462,"lon":-97.240899,"city":"Wichita","state":"KS","address":"3151 PENSTEMON ST.","name":""},
  {"lat":39.125696,"lon":-94.829342,"city":"Kansas City","state":"KS","address":"1841 Village West Parkway","name":""},
  {"lat":39.243347,"lon":-94.656048,"city":"Kansas City","state":"MO","address":"8101 Roanridge Road","name":""},
  {"lat":33.453804,"lon":-112.069375,"city":"Phoenix","state":"AZ","address":"565 North 3rd Street","name":""},
  {"lat":33.642213,"lon":-112.225319,"city":"Glendale","state":"AZ","address":"7700 West Arrowhead Towne Ctr","name":""},
  {"lat":42.085555,"lon":-87.931554,"city":"Mt Prospect","state":"IL","address":"200 Randhurst Village Drive","name":""},
  {"lat":41.891061,"lon":-87.619032,"city":"Chicago","state":"IL","address":"322 East Illinois Street","name":""},
  {"lat":42.244412,"lon":-87.948942,"city":"Vernon Hills","state":"IL","address":"675 Hawthorn Center","name":""},
  {"lat":41.962215,"lon":-87.809525,"city":"Norridge","state":"IL","address":"4520 N. Harlem Avenue","name":""},
  {"lat":41.883403,"lon":-87.627984,"city":"Chicago","state":"IL","address":"108 N. State Street","name":""},
  {"lat":35.23332,"lon":-97.48788,"city":"Norman","state":"OK","address":"1300 Interstate Drive","name":""},
  {"lat":36.104439,"lon":-95.921946,"city":"Tulsa","state":"OK","address":"4923 E. 41st Street","name":""},
  {"lat":35.612151,"lon":-97.561189,"city":"Oklahoma City","state":"OK","address":"2501 W. Memorial Rd","name":""},
  {"lat":35.525145,"lon":-97.543198,"city":"Oklahoma City","state":"OK","address":"1901 N.w.expressway","name":""},
  {"lat":29.776307,"lon":-95.811998,"city":"Katy","state":"TX","address":"5000 Katy Mills Circle, #131","name":""},
  {"lat":32.683147,"lon":-97.13304,"city":"Arlington","state":"TX","address":"3861 South Cooper Street","name":""},
  {"lat":32.868072,"lon":-96.775534,"city":"Dallas","state":"TX","address":"8687 N Central Expy","name":""},
  {"lat":33.07206,"lon":-97.083503,"city":"Highland Village","state":"TX","address":"4090 Barton Creek","name":""},
  {"lat":30.470626,"lon":-97.807444,"city":"Cedar Park","state":"TX","address":"11200 Lakeline Mall Dr","name":""},
  {"lat":29.95318,"lon":-95.541181,"city":"Houston","state":"TX","address":"17145 Tomball Parkway","name":""},
  {"lat":32.951147,"lon":-96.819066,"city":"Addison","state":"TX","address":"5100 Belt Line Rd","name":""},
  {"lat":32.75696,"lon":-97.1712,"city":"Fort Worth","state":"TX","address":"8301 Ederville Road","name":""},
  {"lat":32.57653,"lon":-97.324389,"city":"Burleson","state":"TX","address":"301 W Rendon Crowley Road","name":""},
  {"lat":30.409123,"lon":-97.673983,"city":"Austin","state":"TX","address":"12625 N Interstate Hwy 35","name":""},
  {"lat":30.195412,"lon":-95.453714,"city":"Shenandoah","state":"TX","address":"8870 Metropark Drive","name":""},
  {"lat":32.968747,"lon":-97.037021,"city":"Grapevine","state":"TX","address":"3150 Grapevine Mills Parkway","name":""},
  {"lat":30.009796,"lon":-95.271463,"city":"Humble","state":"TX","address":"20131 Highway 59 N","name":""},
  {"lat":33.679582,"lon":-111.975209,"city":"Phoenix","state":"AZ","address":"21001 North Tatum Blvd","name":""},
  {"lat":34.275342,"lon":-118.57324,"city":"Porter Ranch","state":"CA","address":"20059 Rinaldi Street","name":""},
  {"lat":34.016857,"lon":-118.497643,"city":"Santa Monica","state":"CA","address":"1310 3rd Street","name":""},
  {"lat":34.135053,"lon":-118.048746,"city":"Arcadia","state":"CA","address":"400 South Baldwin Avenue","name":""},
  {"lat":34.183294,"lon":-118.312017,"city":"Burbank","state":"CA","address":"201 E. Magnolia Blvd #345","name":""},
  {"lat":34.18937,"lon":-118.603849,"city":"Canoga Park","state":"CA","address":"6600 N Topanga Canyon Blvd #3100","name":""},
  {"lat":33.805855,"lon":-117.912123,"city":"Anaheim","state":"CA","address":"400 West Disney Way","name":""},
  {"lat":37.832951,"lon":-122.292965,"city":"Emeryville","state":"CA","address":"5614 Bay Street","name":""},
  {"lat":34.181696,"lon":-118.311654,"city":"Burbank","state":"CA","address":"125 East Palm Avenue","name":""},
  {"lat":37.324013,"lon":-121.814449,"city":"San Jose","state":"CA","address":"2190 Eastridge Loop","name":""},
  {"lat":34.033716,"lon":-118.09276,"city":"Montebello","state":"CA","address":"1475 N. Montebello Blvd","name":""},
  {"lat":33.760524,"lon":-118.113505,"city":"Long Beach","state":"CA","address":"6346 E. Pacific Coast Hwy","name":""},
  {"lat":32.578913,"lon":-117.036334,"city":"San Diego","state":"CA","address":"770 Dennery Road","name":""},
  {"lat":34.112834,"lon":-117.530114,"city":"Rancho Cucamonga","state":"CA","address":"12600 North Mainstreet","name":""},
  {"lat":34.10515,"lon":-117.905384,"city":"Covina","state":"CA","address":"1414 North Azusa Avenue","name":""},
  {"lat":33.792456,"lon":-118.329561,"city":"Torrance","state":"CA","address":"2591 Airport Drive","name":""},
  {"lat":34.060464,"lon":-118.418674,"city":"Los Angeles","state":"CA","address":"10250 Santa Monica Blvd, 2000","name":""},
  {"lat":32.76775,"lon":-117.146678,"city":"San Diego","state":"CA","address":"1640 Camino Del Rio, North","name":""},
  {"lat":33.862704,"lon":-117.919903,"city":"Fullerton","state":"CA","address":"1001 S Lemon St","name":""},
  {"lat":33.99487,"lon":-117.926388,"city":"City of Industry","state":"CA","address":"1560 South Azusa Avenue","name":""},
  {"lat":32.755597,"lon":-97.330577,"city":"Fort Worth","state":"TX","address":"220 East Third Street","name":""},
  {"lat":32.708549,"lon":-97.401289,"city":"Fort Worth","state":"TX","address":"5015 Trailhead Bend Way","name":""},
  {"lat":33.098641,"lon":-96.811081,"city":"Frisco","state":"TX","address":"2601 Preston Road Ste 300","name":""},
  {"lat":29.587197,"lon":-95.627464,"city":"Sugar Land","state":"TX","address":"3301 Town Centre Blvd South","name":""},
  {"lat":29.423622,"lon":-98.485358,"city":"San Antonio","state":"TX","address":"849 E. Commerce Street","name":""},
  {"lat":32.950445,"lon":-96.613813,"city":"Garland","state":"TX","address":"100 Coneflower Drive","name":""},
  {"lat":29.602357,"lon":-95.212731,"city":"Houston","state":"TX","address":"11801 S Sam Houston Pkwy E","name":""},
  {"lat":32.78816,"lon":-96.627181,"city":"Mesquite","state":"TX","address":"19919 Lyndon B Johnson Fwy","name":""},
  {"lat":26.16999,"lon":-80.11506,"city":"Fort Lauderdale","state":"FL","address":"3401 N.e. 26th Avenue","name":""},
  {"lat":26.685433,"lon":-81.904537,"city":"North Fort Myers","state":"FL","address":"15201 N. Cleveland Avenue","name":""},
  {"lat":28.032988,"lon":-82.543049,"city":"Tampa","state":"FL","address":"9302 Anderson Road","name":""},
  {"lat":25.747734,"lon":-80.389511,"city":"Miami","state":"FL","address":"11865 Sw 26th St","name":""},
  {"lat":27.94293,"lon":-82.324122,"city":"Brandon","state":"FL","address":"2496 W. Brandon Blvd","name":""},
  {"lat":28.667199,"lon":-81.380085,"city":"Altamonte Springs","state":"FL","address":"433 E ALTAMONTE DR","name":""},
  {"lat":25.704396,"lon":-80.286462,"city":"South Miami","state":"FL","address":"5701 Sunset Drive","name":""},
  {"lat":27.848663,"lon":-82.348467,"city":"Gibsonton","state":"FL","address":"9390 Theater Dr","name":""},
  {"lat":28.826887,"lon":-81.799839,"city":"Leesburg","state":"FL","address":"10401-015 Us Highway 441 South","name":""},
  {"lat":30.326434,"lon":-81.553595,"city":"Jacksonville","state":"FL","address":"9451 Regency Square Blvd.","name":""},
  {"lat":36.815885,"lon":-76.072756,"city":"Virginia Beach","state":"VA","address":"1001 Lynnhaven Mall Loop","name":""},
  {"lat":38.802366,"lon":-77.070929,"city":"Alexandria","state":"VA","address":"206 Hoffman Street","name":""},
  {"lat":38.806237,"lon":-76.98049,"city":"Oxon Hill","state":"MD","address":"6075 Oxon Hill Road","name":""},
  {"lat":39.024584,"lon":-77.14772,"city":"Bethesda","state":"MD","address":"7101 Democracy Blvd","name":""},
  {"lat":39.217147,"lon":-76.863581,"city":"Columbia","state":"MD","address":"10300 LITTLE PATUXENT PKWY","name":""},
  {"lat":40.139656,"lon":-74.961364,"city":"Bensalem","state":"PA","address":"660 Neshaminy Mall","name":""},
  {"lat":38.890211,"lon":-77.084959,"city":"Arlington","state":"VA","address":"2150 Clarendon Blvd","name":""},
  {"lat":38.642317,"lon":-77.297345,"city":"Woodbridge","state":"VA","address":"2700 Potomac Mills Circle","name":""},
  {"lat":39.0001,"lon":-76.910612,"city":"Greenbelt","state":"MD","address":"6198 Greenbelt Road","name":""},
  {"lat":38.920286,"lon":-77.219664,"city":"McLean","state":"VA","address":"1961 Chain Bridge Road Mall MAJ04","name":""},
  {"lat":38.95681,"lon":-77.4008,"city":"Herndon","state":"VA","address":"13025 Worldgate Drive","name":""},
  {"lat":39.035439,"lon":-77.051637,"city":"Wheaton","state":"MD","address":"11006 Veirs Mill Road","name":""},
  {"lat":37.06177,"lon":-76.423452,"city":"Hampton","state":"VA","address":"1 TOWN CENTER WAY","name":""},
  {"lat":40.105452,"lon":-83.097496,"city":"Dublin","state":"OH","address":"6700 Village Parkway","name":""},
  {"lat":40.031569,"lon":-82.44788,"city":"Heath","state":"OH","address":"771 South 30th St","name":""},
  {"lat":40.051538,"lon":-82.915338,"city":"Columbus","state":"OH","address":"275 Easton Town Center","name":""},
  {"lat":33.806903,"lon":-84.277669,"city":"Decatur","state":"GA","address":"2042 Lawrenceville Hwy","name":""},
  {"lat":33.981351,"lon":-84.078528,"city":"Lawrenceville","state":"GA","address":"5900 Sugarloaf Parkway","name":""},
  {"lat":34.154757,"lon":-84.173975,"city":"Cumming","state":"GA","address":"350 Peachtree Pkwy","name":""},
  {"lat":34.048321,"lon":-84.296374,"city":"Alpharetta","state":"GA","address":"4500 North Point Circle","name":""},
  {"lat":33.852954,"lon":-84.362683,"city":"Atlanta","state":"GA","address":"3500 Peachtree Road N.e.","name":""},
  {"lat":33.969323,"lon":-84.018997,"city":"Lawrenceville","state":"GA","address":"825 Lawrenceville-suwanee Rd","name":""},
  {"lat":33.745322,"lon":-84.35914,"city":"Atlanta","state":"GA","address":"975 Memorial Drive","name":""},
  {"lat":33.563531,"lon":-84.328914,"city":"Morrow","state":"GA","address":"7065 Mount Zion Circle","name":""},
  {"lat":34.015629,"lon":-84.571376,"city":"Kennesaw","state":"GA","address":"2600 Cobb Place Lane Nw","name":""},
  {"lat":36.202141,"lon":-115.242275,"city":"Las Vegas","state":"NV","address":"2321 N Rainbow Blvd","name":""},
  {"lat":37.373807,"lon":-122.032962,"city":"Sunnyvale","state":"CA","address":"150 E. McKinley Ave","name":""},
  {"lat":33.833057,"lon":-118.348063,"city":"Torrance","state":"CA","address":"3525 W. Carson St","name":""},
  {"lat":33.912871,"lon":-117.458058,"city":"Riverside","state":"CA","address":"3775 Tyler Avenue","name":""},
  {"lat":32.866533,"lon":-117.231649,"city":"La Jolla","state":"CA","address":"8657 Villa La Jolla Dr","name":""},
  {"lat":33.698383,"lon":-117.82732,"city":"Tustin","state":"CA","address":"2457 Park Ave","name":""},
  {"lat":32.623132,"lon":-116.967554,"city":"Chula Vista","state":"CA","address":"2015 Birch Road","name":""},
  {"lat":32.65578,"lon":-117.065718,"city":"National City","state":"CA","address":"3050 Plaza Bonita Rd.","name":""},
  {"lat":34.117098,"lon":-117.836118,"city":"Glendora","state":"CA","address":"1337 East Gladstone St.","name":""},
  {"lat":37.288734,"lon":-121.989949,"city":"San Jose","state":"CA","address":"700 El Paseo De Saratoga","name":""},
  {"lat":34.074322,"lon":-117.552291,"city":"Ontario","state":"CA","address":"4549 Mills Circle","name":""},
  {"lat":34.089767,"lon":-117.694944,"city":"Montclair","state":"CA","address":"2200 Montclair Plaza Lane","name":""},
  {"lat":33.780103,"lon":-117.894348,"city":"Orange","state":"CA","address":"20 City Blvd West","name":""},
  {"lat":33.91392,"lon":-118.071235,"city":"Norwalk","state":"CA","address":"12300 E. Civic Center Drive","name":""},
  {"lat":34.184719,"lon":-118.31448,"city":"Burbank","state":"CA","address":"770 North 1st Street","name":""},
  {"lat":32.76717,"lon":-117.169295,"city":"San Diego","state":"CA","address":"7037 Friars Road","name":""},
  {"lat":34.19196,"lon":-118.626,"city":"West Hills","state":"CA","address":"6731 Fallbrook Ave","name":""},
  {"lat":33.985832,"lon":-118.439505,"city":"Marina Del Rey","state":"CA","address":"4335 Glencoe Ave","name":""},
  {"lat":37.388852,"lon":-121.982993,"city":"Santa Clara","state":"CA","address":"3111 Mission College Blvd.","name":""},
  {"lat":34.071878,"lon":-118.357843,"city":"Los Angeles","state":"CA","address":"189 The Grove Dr","name":""},
  {"lat":34.144393,"lon":-118.25525,"city":"Glendale","state":"CA","address":"322 Americana Way","name":""},
  {"lat":34.2401,"lon":-118.557714,"city":"Northridge","state":"CA","address":"9400 Shirley Ave","name":""},
  {"lat":32.63014,"lon":-117.08459,"city":"Chula Vista","state":"CA","address":"555 Broadway #2050","name":""},
  {"lat":32.871279,"lon":-117.211299,"city":"San Diego","state":"CA","address":"4425 La Jolla Village Drive","name":""},
  {"lat":37.527744,"lon":-122.001159,"city":"Newark","state":"CA","address":"400 Newpark Mall","name":""},
  {"lat":34.768448,"lon":-92.459892,"city":"Little Rock","state":"AR","address":"17825 Chenal Parkway","name":""},
  {"lat":36.107953,"lon":-94.149009,"city":"Fayetteville","state":"AR","address":"3033 North College","name":""},
  {"lat":32.34066,"lon":-86.1772,"city":"Montgomery","state":"AL","address":"7925 Vaughn Road","name":""},
  {"lat":30.39207,"lon":-86.4238,"city":"Destin","state":"FL","address":"4000 Legendary Drive","name":""},
  {"lat":30.44032,"lon":-91.0101,"city":"Baton Rouge","state":"LA","address":"16040 Hatteras Avenue","name":""},
  {"lat":30.38616,"lon":-91.0845,"city":"Baton Rouge","state":"LA","address":"9168 Mall Of Louisiana Blvd","name":""},
  {"lat":35.905201,"lon":-78.945669,"city":"Durham","state":"NC","address":"8030 Renaissance Parkway","name":""},
  {"lat":39.873401,"lon":-83.037393,"city":"Grove City","state":"OH","address":"4218 Buckeye Parkway","name":""},
  {"lat":39.319284,"lon":-84.420903,"city":"West Chester","state":"OH","address":"9415 Civic Center Blvd","name":""},
  {"lat":41.267485,"lon":-96.068766,"city":"Omaha","state":"NE","address":"10000 California St","name":""},
  {"lat":37.945746,"lon":-121.740478,"city":"Brentwood","state":"CA","address":"2525 Sand Creek Road","name":""},
  {"lat":36.068146,"lon":-115.178529,"city":"Las Vegas","state":"NV","address":"6587 Las Vegas Blvd South","name":""},
  {"lat":42.070436,"lon":-88.148578,"city":"South Barrington","state":"IL","address":"175 Studio Drive","name":""},
  {"lat":42.048991,"lon":-87.684317,"city":"Evanston","state":"IL","address":"1715 Maple Ave","name":""},
  {"lat":41.850415,"lon":-87.952809,"city":"Oak Brook","state":"IL","address":"300 Oakbrook Center","name":""},
  {"lat":41.852667,"lon":-87.953032,"city":"Oak Brook","state":"IL","address":"600 Oakbrook Center","name":""},
  {"lat":41.908236,"lon":-87.646738,"city":"Chicago","state":"IL","address":"1500 North Clybourn","name":""},
  {"lat":41.869587,"lon":-87.632726,"city":"Chicago","state":"IL","address":"1011 S Delano Ct E","name":""},
  {"lat":29.962276,"lon":-90.191288,"city":"Harahan","state":"LA","address":"1200 Elmwood Park Blvd","name":""},
  {"lat":29.898835,"lon":-90.060717,"city":"Harvey","state":"LA","address":"1151 Manhattan Blvd","name":""},
  {"lat":30.002115,"lon":-90.182995,"city":"Metairie","state":"LA","address":"4486 VETERANS MEMORIAL BLVD","name":""},
  {"lat":30.481666,"lon":-90.463701,"city":"Hammond","state":"LA","address":"801 C M Fagan Dr","name":""},
  {"lat":29.640612,"lon":-90.757217,"city":"Houma","state":"LA","address":"5737 W Park Ave","name":""},
  {"lat":42.365208,"lon":-71.06217,"city":"Boston","state":"MA","address":"60 Causeway St","name":""},
  {"lat":42.39446,"lon":-71.07914,"city":"Somerville","state":"MA","address":"395 Artisan Way","name":""},
  {"lat":42.325159,"lon":-71.06305,"city":"Dorchester","state":"MA","address":"25 District Avenue","name":""},
  {"lat":42.428389,"lon":-83.430394,"city":"Livonia","state":"MI","address":"19500 Haggerty Road","name":""},
  {"lat":42.622183,"lon":-83.052192,"city":"Sterling Heights","state":"MI","address":"44681 Mound Road","name":""},
  {"lat":40.866325,"lon":-73.631466,"city":"Glen Cove","state":"NY","address":"5 School St","name":""},
  {"lat":40.756843,"lon":-73.989179,"city":"New York City","state":"NY","address":"234 West 42nd Street","name":""},
  {"lat":42.993142,"lon":-78.804652,"city":"Amherst","state":"NY","address":"4276 Maple Road","name":""},
  {"lat":40.839099,"lon":-73.317421,"city":"East Northport","state":"NY","address":"4000 Jericho Turnpike","name":""},
  {"lat":42.89116,"lon":-78.87198,"city":"Buffalo","state":"NY","address":"639 Main Street","name":""},
  {"lat":40.907768,"lon":-74.03094,"city":"Hackensack","state":"NJ","address":"390 Hackensack Ave.","name":""},
  {"lat":40.581127,"lon":-74.167677,"city":"Staten Island","state":"NY","address":"2655 Richmond Avenue","name":""},
  {"lat":40.071986,"lon":-74.965098,"city":"Bensalem","state":"PA","address":"1336 Bristol Pike","name":""},
  {"lat":28.370034,"lon":-81.520961,"city":"Lake Buena Vista","state":"FL","address":"1500 E Buena Vista Dr","name":""},
  {"lat":26.104613,"lon":-80.361326,"city":"Sunrise","state":"FL","address":"1338 Sw 160th Avenue","name":""},
  {"lat":30.476831,"lon":-84.288881,"city":"Tallahassee","state":"FL","address":"2415 N. Monroe Street","name":""},
  {"lat":28.551911,"lon":-81.514677,"city":"Ocoee","state":"FL","address":"9415 West Colonial Drive","name":""},
  {"lat":26.177621,"lon":-80.268003,"city":"Sunrise","state":"FL","address":"4321 Nw 88th Avenue","name":""},
  {"lat":27.641317,"lon":-80.457554,"city":"Vero Beach","state":"FL","address":"6200 20th Street Room 600","name":""},
  {"lat":30.184728,"lon":-81.735653,"city":"Orange Park","state":"FL","address":"1910 Wells Road","name":""},
  {"lat":25.956328,"lon":-80.14226,"city":"Aventura","state":"FL","address":"19501 Biscayne Blvd #3001","name":""},
  {"lat":26.007849,"lon":-80.308276,"city":"Pembroke Pines","state":"FL","address":"12085 Pines Blvd","name":""},
  {"lat":40.587133,"lon":-75.558246,"city":"Allentown","state":"PA","address":"4608 Broadway","name":""},
  {"lat":39.951968,"lon":-75.158237,"city":"Philadelphia","state":"PA","address":"1001 Market Street","name":""},
  {"lat":39.93836,"lon":-75.358091,"city":"Springfield","state":"PA","address":"400 South State Road","name":""},
  {"lat":39.97797,"lon":-75.158456,"city":"Philadelphia","state":"PA","address":"1600 N Broadstreet","name":""},
  {"lat":39.882786,"lon":-75.549947,"city":"West Chester","state":"PA","address":"112 Wilmington Pike","name":""},
  {"lat":40.349923,"lon":-75.967076,"city":"Wyomissing","state":"PA","address":"800 Berkshire Boulevard","name":""},
  {"lat":47.659503,"lon":-117.423758,"city":"Spokane","state":"WA","address":"808 West Main Avenue","name":""},
  {"lat":47.384948,"lon":-122.235058,"city":"Kent","state":"WA","address":"426 Ramsay Way","name":""},
  {"lat":47.458567,"lon":-122.261211,"city":"Tukwila","state":"WA","address":"3600 Southcenter Mall","name":""},
  {"lat":38.907652,"lon":-94.76736,"city":"Olathe","state":"KS","address":"12075 So Strang Line Road","name":""},
  {"lat":38.8825,"lon":-94.6515,"city":"Overland Park","state":"KS","address":"5724 W 136th Terrace","name":""},
  {"lat":45.430715,"lon":-122.831589,"city":"Beaverton","state":"OR","address":"12345 Sw Horizon Blvd","name":""},
  {"lat":45.657905,"lon":-122.584,"city":"Vancouver","state":"WA","address":"8700 Northeast Vancouver Mall Drive","name":""},
  {"lat":45.616625,"lon":-122.550768,"city":"Vancouver","state":"WA","address":"11700 Se 7th St","name":""},
  {"lat":43.083531,"lon":-73.786927,"city":"Saratoga Springs","state":"NY","address":"19 Railroad Pl","name":""},
  {"lat":41.228826,"lon":-73.184198,"city":"Trumbull","state":"CT","address":"100 Quarry Rd","name":""},
  {"lat":41.127145,"lon":-73.38459,"city":"Norwalk","state":"CT","address":"542 Westport Ave","name":""},
  {"lat":41.100559,"lon":-73.420328,"city":"Norwalk","state":"CT","address":"64 N Main St","name":""},
  {"lat":41.05436,"lon":-73.54084,"city":"Stamford","state":"CT","address":"118 Summer St","name":""},
  {"lat":41.054861,"lon":-73.537444,"city":"Stamford","state":"CT","address":"5 Landmark Square","name":""},
  {"lat":38.98808,"lon":-76.545547,"city":"Annapolis","state":"MD","address":"1020 Annapolis Mall Rd","name":""},
  {"lat":44.854469,"lon":-93.424537,"city":"Eden Prairie","state":"MN","address":"8251 Flying Cloud Drive","name":""},
  {"lat":45.013331,"lon":-93.169174,"city":"Roseville","state":"MN","address":"1595 Highway 36 W","name":""},
  {"lat":39.094932,"lon":-84.495646,"city":"Newport","state":"KY","address":"One Levee Way","name":""},
  {"lat":40.206971,"lon":-75.225256,"city":"North Wales","state":"PA","address":"1461 Bethlehem Pike","name":""},
  {"lat":35.353522,"lon":-80.850328,"city":"Charlotte","state":"NC","address":"7325 Northlake Mall Drive","name":""},
  {"lat":35.108368,"lon":-80.875121,"city":"Charlotte","state":"NC","address":"9541 South Boulevard","name":""},
  {"lat":35.370589,"lon":-80.726156,"city":"Concord","state":"NC","address":"8421 Concord Mills Blvd.","name":""},
  {"lat":35.172911,"lon":-80.850086,"city":"Charlotte","state":"NC","address":"4289 Park Rd","name":""},
  {"lat":28.052358,"lon":-82.699454,"city":"Oldsmar","state":"FL","address":"3128 Tampa Road","name":""},
  {"lat":27.945051,"lon":-82.527397,"city":"Tampa","state":"FL","address":"210 Westshore Plaza","name":""},
  {"lat":44.880556,"lon":-93.326111,"city":"Edina","state":"MN","address":"400 Southdale Ctr","name":""},
  {"lat":41.565291,"lon":-72.907209,"city":"Southington","state":"CT","address":"1821 Meriden-Waterbury Turnpike","name":""},
  {"lat":40.537583,"lon":-88.98961,"city":"Normal","state":"IL","address":"201 McKnight Street","name":""},
  {"lat":38.801078,"lon":-97.609181,"city":"Salina","state":"KS","address":"2259 South 9th Street","name":""},
  {"lat":37.381441,"lon":-94.70438,"city":"Pittsburg","state":"KS","address":"202 Centennial Drive","name":""},
  {"lat":37.155064,"lon":-93.230447,"city":"Springfield","state":"MO","address":"3200 E Montclair","name":""},
  {"lat":40.4226,"lon":-74.3831,"city":"East Brunswick","state":"NJ","address":"755 NJ-18","name":""},
  {"lat":40.84968,"lon":-74.013055,"city":"Ridgefield Park","state":"NJ","address":"75 Challenger Road","name":""},
  {"lat":39.982674,"lon":-83.148869,"city":"Columbus","state":"OH","address":"5275 Westpointe Plaza Drive","name":""},
  {"lat":35.479006,"lon":-97.756181,"city":"Yukon","state":"OK","address":"12825 NW 10th Street","name":""},
  {"lat":36.278561,"lon":-95.83353,"city":"Owasso","state":"OK","address":"12601 E 86th North","name":""},
  {"lat":27.736667,"lon":-97.436044,"city":"Corpus Christi","state":"TX","address":"5218 Silverberry","name":""},
  {"lat":32.748364,"lon":-96.44973,"city":"Forney","state":"TX","address":"600 N FM 548","name":""},
  {"lat":32.6601,"lon":-97.40372,"city":"Fort Worth","state":"TX","address":"6330 Hulen Bend Blvd","name":""},
  {"lat":32.803741,"lon":-97.429944,"city":"Fort Worth","state":"TX","address":"6600 NW Loop 820","name":""},
  {"lat":26.363669,"lon":-98.792045,"city":"Rio Grande City","state":"TX","address":"4586 E US Hwy 83","name":""},
  {"lat":29.050843,"lon":-95.458488,"city":"Lake Jackson","state":"TX","address":"100 Highway 332 West","name":""},
  {"lat":29.758917,"lon":-98.70634,"city":"Boerne","state":"TX","address":"205 Old San Antonio Road","name":""},
  {"lat":31.52481,"lon":-97.1599,"city":"Waco","state":"TX","address":"333 South Valley Mills Dr","name":""},
  {"lat":39.006438,"lon":-77.487754,"city":"Ashburn","state":"VA","address":"43751 Central Station Drive","name":""},
  {"lat":35.369079,"lon":-119.048243,"city":"Bakersfield","state":"CA","address":"4200 California Ave","name":""},
  {"lat":33.898744,"lon":-118.005413,"city":"La Mirada","state":"CA","address":"15296 Rosecrans Avenue","name":""},
  {"lat":33.677368,"lon":-117.800179,"city":"Irvine","state":"CA","address":"4626 Barranca Parkway","name":""},
  {"lat":33.879011,"lon":-84.456053,"city":"Atlanta","state":"GA","address":"3101 Cobb Pkwy","name":""},
  {"lat":30.253913,"lon":-97.807167,"city":"Austin","state":"TX","address":"2901 Capital Of Texas Hwy","name":""},
  {"lat":39.405019,"lon":-76.78841,"city":"Owings Mills","state":"MD","address":"10100 Mill Run Circle","name":""},
  {"lat":39.308765,"lon":-76.753199,"city":"Baltimore","state":"MD","address":"1717 N ROLLING RD","name":""},
  {"lat":42.30301,"lon":-71.390665,"city":"Framingham","state":"MA","address":"22 Flutie Pass","name":""},
  {"lat":42.696627,"lon":-71.443244,"city":"Tyngsboro","state":"MA","address":"440 Middlesex Road","name":""},
  {"lat":42.218327,"lon":-71.032975,"city":"Braintree","state":"MA","address":"121 Grandview Road","name":""},
  {"lat":42.480052,"lon":-71.219196,"city":"Burlington","state":"MA","address":"20 South Avenue","name":""},
  {"lat":41.842767,"lon":-88.005286,"city":"Lombard","state":"IL","address":"80 Yorktown Shopping Center","name":""},
  {"lat":41.758241,"lon":-87.740774,"city":"Chicago","state":"IL","address":"7601 South Cicero Ave","name":""},
  {"lat":42.149563,"lon":-87.816829,"city":"Northbrook","state":"IL","address":"1525 Lake Cook Road","name":""},
  {"lat":41.426265,"lon":-81.73693,"city":"Brooklyn","state":"OH","address":"4788 Ridge Road","name":""},
  {"lat":41.458158,"lon":-81.859832,"city":"Rocky River","state":"OH","address":"21653 Center Ridge Road","name":""},
  {"lat":32.841082,"lon":-96.994418,"city":"Irving","state":"TX","address":"2433 Irving Mall","name":""},
  {"lat":39.907611,"lon":-86.063977,"city":"Indianapolis","state":"IN","address":"6020 E. 82nd Street","name":""},
  {"lat":33.868102,"lon":-118.356318,"city":"Redondo Beach","state":"CA","address":"1815 Hawthorne Blvd","name":""},
  {"lat":43.06395,"lon":-88.044369,"city":"Wauwatosa","state":"WI","address":"2500 N Mayfair Rd Ste M186","name":""},
  {"lat":40.828758,"lon":-74.140429,"city":"Clifton","state":"NJ","address":"405 Route 3","name":""},
  {"lat":40.866963,"lon":-73.82503,"city":"The Bronx","state":"NY","address":"2210 Bartow Avenue","name":""},
  {"lat":40.793363,"lon":-74.256472,"city":"West Orange","state":"NJ","address":"495 Prospect Avenue","name":""},
  {"lat":40.586458,"lon":-74.618213,"city":"Bridgewater","state":"NJ","address":"400 Commons Way Ste 380","name":""},
  {"lat":40.114727,"lon":-75.279385,"city":"Plymouth Meeting","state":"PA","address":"494 W Germantown Pike","name":""},
  {"lat":41.639449,"lon":-70.986361,"city":"North Dartmouth","state":"MA","address":"140 North Dartmouth Mall","name":""},
  {"lat":47.612427,"lon":-122.335349,"city":"Seattle","state":"WA","address":"600 Pine Street","name":""},
  {"lat":47.654688,"lon":-122.694861,"city":"Silverdale","state":"WA","address":"10055 Kitsap Mall Blvd Nw","name":""},
  {"lat":40.7867,"lon":-73.977691,"city":"New York City","state":"NY","address":"2310 Broadway","name":""},
  {"lat":40.779342,"lon":-73.953861,"city":"New York City","state":"NY","address":"1538 Third Ave (86th St.)","name":""},
  {"lat":40.73141,"lon":-73.988568,"city":"New York City","state":"NY","address":"66 Third Ave (11th St.)","name":""},
  {"lat":40.738673,"lon":-73.989829,"city":"New York City","state":"NY","address":"890 Broadway","name":""},
  {"lat":40.775116,"lon":-73.981747,"city":"New York City","state":"NY","address":"1998 Broadway","name":""},
  {"lat":40.75251,"lon":-73.994396,"city":"New York City","state":"NY","address":"312 West 34th Street","name":""},
  {"lat":40.779063,"lon":-73.778679,"city":"Bayside","state":"NY","address":"211-01 26th Ave","name":""},
  {"lat":40.875418,"lon":-73.126576,"city":"Stony Brook","state":"NY","address":"2196 Nesconset Highway","name":""},
  {"lat":40.727894,"lon":-73.50286,"city":"Levittown","state":"NY","address":"3585 Hempstead Turnpike","name":""},
  {"lat":40.73976,"lon":-73.615146,"city":"Garden City","state":"NY","address":"630 Old Country Road","name":""},
  {"lat":40.742311,"lon":-73.596572,"city":"Westbury","state":"NY","address":"1025 Corporate Drive","name":""},
  {"lat":40.741229,"lon":-73.783583,"city":"Fresh Meadows","state":"NY","address":"190-02 Horace Harding Blvd.","name":""},
  {"lat":40.656804,"lon":-73.645246,"city":"Rockville Ctr.","state":"NY","address":"18 North Park Avenue","name":""},
  {"lat":40.872698,"lon":-73.427811,"city":"Huntington","state":"NY","address":"37 Wall Street","name":""},
  {"lat":40.88809,"lon":-74.250403,"city":"Wayne","state":"NJ","address":"67 Willowbrook Blvd","name":""},
  {"lat":40.808754,"lon":-74.381931,"city":"East Hanover","state":"NJ","address":"145 NJ-10","name":""},
  {"lat":40.683689,"lon":-74.337423,"city":"Mountainside","state":"NJ","address":"1021 Route 22","name":""},
  {"lat":40.72923,"lon":-74.038365,"city":"Jersey City","state":"NJ","address":"30-300 Mall Drive West","name":""},
  {"lat":39.938123,"lon":-75.026579,"city":"Cherry Hill","state":"NJ","address":"2121 Route 38","name":""},
  {"lat":40.742973,"lon":-73.977009,"city":"New York City","state":"NY","address":"570 Second Avenue","name":""},
  {"lat":40.659236,"lon":-74.16847,"city":"Elizabeth","state":"NJ","address":"651 Kapkowski Road","name":""},
  {"lat":40.058378,"lon":-74.141137,"city":"Brick","state":"NJ","address":"3 Brick Plaza","name":""},
  {"lat":40.488952,"lon":-74.415618,"city":"New Brunswick","state":"NJ","address":"17 US-1","name":""},
  {"lat":40.249677,"lon":-74.294567,"city":"Freehold","state":"NJ","address":"101 Trotters Way","name":""},
  {"lat":40.294706,"lon":-74.053376,"city":"Eatontown","state":"NJ","address":"Route 35 & 36","name":""},
  {"lat":40.548087,"lon":-74.334319,"city":"Edison","state":"NJ","address":"55 Parsonage Rd","name":""},
  {"lat":41.081507,"lon":-111.979229,"city":"Layton Hills","state":"UT","address":"728 West 1425 North","name":""},
  {"lat":40.909718,"lon":-74.558157,"city":"Rockaway","state":"NJ","address":"363 Mt. Hope Avenue","name":""},
  {"lat":40.622135,"lon":-74.246296,"city":"Linden","state":"NJ","address":"1200 South Stiles Street","name":""},
  {"lat":40.915976,"lon":-74.076199,"city":"Paramus","state":"NJ","address":"4000 Garden State Plaza","name":""},
  {"lat":40.809226,"lon":-73.951894,"city":"New York City","state":"NY","address":"2309 Frederick Douglass Blvd.","name":""},
  {"lat":38.901442,"lon":-76.847452,"city":"Largo","state":"MD","address":"800 Shoppers Way","name":""},
  {"lat":37.784095,"lon":-122.403616,"city":"San Francisco","state":"CA","address":"135 Fourth St","name":""},
  {"lat":34.067714,"lon":-118.134051,"city":"Monterey Park","state":"CA","address":"450 N Atlantic Blvd","name":""},
  {"lat":34.137031,"lon":-118.35261,"city":"Universal City","state":"CA","address":"100 Universal City Plaza","name":""},
  {"lat":33.987376,"lon":-118.440822,"city":"Marina Del Rey","state":"CA","address":"13455 Maxella Ave","name":""},
  {"lat":30.057531,"lon":-95.43792,"city":"Spring","state":"TX","address":"20115 Holzwarth Road","name":""},
  {"lat":29.640936,"lon":-95.584413,"city":"Stafford","state":"TX","address":"11225 Fountain Lake Drive","name":""},
  {"lat":47.57903,"lon":-122.170277,"city":"Bellevue","state":"WA","address":"3505 Factoria Blvd Se","name":""},
  {"lat":47.701935,"lon":-122.342656,"city":"Seattle","state":"WA","address":"10006 Aurora Avenue N.","name":""},
  {"lat":47.16241,"lon":-122.512675,"city":"Lakewood","state":"WA","address":"5721 Main St Sw","name":""},
  {"lat":48.464626,"lon":-122.335816,"city":"Burlington","state":"WA","address":"200 Cascade Mall Dr.","name":""},
  {"lat":47.755873,"lon":-122.154261,"city":"Woodinville","state":"WA","address":"17640 Garden Wy. Ne","name":""},
  {"lat":43.201962,"lon":-77.494605,"city":"Webster","state":"NY","address":"2190 Empire Blvd.","name":""},
  {"lat":41.651611,"lon":-87.744227,"city":"Crestwood","state":"IL","address":"13221 Rivercrest Drive","name":""},
  {"lat":41.719489,"lon":-87.782532,"city":"Chicago Ridge","state":"IL","address":"500 Chicago Ridge Mall","name":""},
  {"lat":41.892764,"lon":-87.624475,"city":"Chicago","state":"IL","address":"600 North Michigan","name":""},
  {"lat":41.776401,"lon":-87.859597,"city":"Hodgkins","state":"IL","address":"9201 63rd Street","name":""},
  {"lat":40.407061,"lon":-79.918974,"city":"West Homestead","state":"PA","address":"300 West Waterfront Dr.","name":""},
  {"lat":42.039817,"lon":-88.033775,"city":"Schaumburg","state":"IL","address":"601 N. Martingale Rd","name":""},
  {"lat":41.415979,"lon":-73.415819,"city":"Danbury","state":"CT","address":"61 Eagle Rd.","name":""},
  {"lat":41.674566,"lon":-72.845097,"city":"Plainville","state":"CT","address":"220 New Britain Avenue","name":""},
  {"lat":47.827716,"lon":-122.275467,"city":"Lynnwood","state":"WA","address":"18733-33rd Ave. West","name":""},
  {"lat":38.902871,"lon":-77.061663,"city":"Washington","state":"DC","address":"3111 K Street, Nw","name":""},
  {"lat":42.353212,"lon":-71.06417,"city":"Boston","state":"MA","address":"175 Tremont St","name":""},
  {"lat":42.742892,"lon":-71.154267,"city":"Methuen","state":"MA","address":"90 Pleasant Valley Street","name":""},
  {"lat":33.535027,"lon":-112.261288,"city":"Glendale","state":"AZ","address":"9400 West Hanna Lane","name":""},
  {"lat":40.999988,"lon":-73.66237,"city":"Port Chester","state":"NY","address":"40 Westchester Avenue","name":""},
  {"lat":32.340714,"lon":-111.014906,"city":"Tucson","state":"AZ","address":"7401 N LA CHOLLA BLVD","name":""},
  {"lat":42.097474,"lon":-76.010584,"city":"Vestal","state":"NY","address":"2425 Vestal Parkway","name":""},
  {"lat":41.098388,"lon":-73.953678,"city":"West Nyack","state":"NY","address":"4403 Palisades Ctr. Drive","name":""},
  {"lat":41.453559,"lon":-74.366836,"city":"Middletown","state":"NY","address":"1 Galleria Drive","name":""},
  {"lat":39.115507,"lon":-77.197322,"city":"Gaithersburg","state":"MD","address":"9811 Washingtonian Ctr..","name":""},
  {"lat":42.551452,"lon":-70.939858,"city":"Danvers","state":"MA","address":"100 Independence Way","name":""},
  {"lat":38.620267,"lon":-76.928235,"city":"Waldorf","state":"MD","address":"11115 Mall Circle","name":""},
  {"lat":38.841284,"lon":-77.088974,"city":"Arlington","state":"VA","address":"2772 South Randolph St","name":""},
  {"lat":39.046517,"lon":-76.93702,"city":"Beltsville","state":"MD","address":"4001 Powder Mill Road","name":""},
  {"lat":39.370885,"lon":-76.464629,"city":"Baltimore","state":"MD","address":"8141 Honeygo Blvd.","name":""},
  {"lat":42.53113,"lon":-83.110639,"city":"Madison Heights","state":"MI","address":"32289 John R Road","name":""},
  {"lat":42.559192,"lon":-82.899756,"city":"Clinton Twp","state":"MI","address":"35705 South Gratiot Ave.","name":""},
  {"lat":42.80772,"lon":-86.08469,"city":"Holland","state":"MI","address":"12270 James St","name":""},
  {"lat":43.0185,"lon":-85.686136,"city":"Walker","state":"MI","address":"3000 Alpine Ave Nw","name":""},
  {"lat":42.702043,"lon":-83.293894,"city":"Auburn Hills","state":"MI","address":"4300 Baldwin Rd","name":""},
  {"lat":32.627284,"lon":-85.451553,"city":"Auburn","state":"AL","address":"2111 E. University Drive","name":""},
  {"lat":33.451647,"lon":-86.730541,"city":"Birmingham","state":"AL","address":"321 Summit Blvd","name":""},
  {"lat":33.372675,"lon":-86.81458,"city":"Birmingham","state":"AL","address":"4450 Creekside Road","name":""},
  {"lat":33.446576,"lon":-86.793238,"city":"Vestavia Hills","state":"AL","address":"1911 Kentucky Ave","name":""},
  {"lat":34.148951,"lon":-86.840009,"city":"Cullman","state":"AL","address":"1950 Marketplatz Center Southwest","name":""},
  {"lat":30.652793,"lon":-87.903254,"city":"Daphne","state":"AL","address":"6898 Us 90","name":""},
  {"lat":34.572212,"lon":-87.017932,"city":"Decatur","state":"AL","address":"1801 Beltline Rd. Sw","name":""},
  {"lat":31.270319,"lon":-85.447847,"city":"Dothan","state":"AL","address":"4883 Montgomery Highway","name":""},
  {"lat":31.254927,"lon":-85.430374,"city":"Dothan","state":"AL","address":"209 Executive Park Drive","name":""},
  {"lat":34.8342,"lon":-87.6366,"city":"Florence","state":"AL","address":"301 Cox Creek Pkwy","name":""},
  {"lat":34.673103,"lon":-86.544841,"city":"Huntsville","state":"AL","address":"1485 Four Mile Road South East","name":""},
  {"lat":30.672979,"lon":-88.22221,"city":"Mobile","state":"AL","address":"785 Schillinger Rd S","name":""},
  {"lat":32.360249,"lon":-86.132068,"city":"Montgomery","state":"AL","address":"10477 Chantilly Parkway","name":""},
  {"lat":32.612052,"lon":-85.391194,"city":"Opelika","state":"AL","address":"1900 Capps Landing","name":""},
  {"lat":30.292731,"lon":-87.628693,"city":"Orange Beach","state":"AL","address":"23101 Canal Road","name":""},
  {"lat":32.461903,"lon":-86.399326,"city":"Prattville","state":"AL","address":"2399 Cobbs Ford Rd","name":""},
  {"lat":33.607388,"lon":-112.359147,"city":"Surprise","state":"AZ","address":"13649 North Litchfield Road","name":""},
  {"lat":32.954897,"lon":-117.039772,"city":"Poway","state":"CA","address":"13475 Poway Rd","name":""},
  {"lat":37.7852,"lon":-122.432688,"city":"San Francisco","state":"CA","address":"1881 Post St","name":""},
  {"lat":33.503406,"lon":-117.15117,"city":"Temecula","state":"CA","address":"27531 Ynez Rd","name":""},
  {"lat":34.1819,"lon":-118.8856,"city":"Thousand Oaks","state":"CA","address":"166 W. Hillcrest Drive","name":""},
  {"lat":38.945129,"lon":-104.796512,"city":"Colorado Springs","state":"CO","address":"1710 Briargate Blvd","name":""},
  {"lat":40.536453,"lon":-105.081472,"city":"Fort Collins","state":"CO","address":"3636 Manhattan Ave","name":""},
  {"lat":41.585271,"lon":-71.98933,"city":"Lisbon","state":"CT","address":"162 River Rd","name":""},
  {"lat":27.448324,"lon":-82.531657,"city":"Bradenton","state":"FL","address":"2507 53rd Ave E","name":""},
  {"lat":30.098164,"lon":-81.714638,"city":"Fleming Island","state":"FL","address":"1820 Town Center Blvd","name":""},
  {"lat":25.865364,"lon":-80.297871,"city":"Hialeah","state":"FL","address":"780 W 49th St","name":""},
  {"lat":28.242483,"lon":-80.725757,"city":"Melbourne","state":"FL","address":"2241 Town Center Ave","name":""},
  {"lat":29.009607,"lon":-80.918905,"city":"New Smyrna Beach","state":"FL","address":"1401 S Dixie Fwy","name":""},
  {"lat":28.1165,"lon":-82.7408,"city":"Palm Harbor","state":"FL","address":"37912 Us Highway 19 N","name":""},
  {"lat":30.485862,"lon":-87.261906,"city":"Pensacola","state":"FL","address":"6595 North W St","name":""},
  {"lat":30.47276,"lon":-87.21657,"city":"Pensacola","state":"FL","address":"5149 Bayou Boulevard","name":""},
  {"lat":26.2602,"lon":-80.1009,"city":"Pompano Beach","state":"FL","address":"2315 N Federal Hwy","name":""},
  {"lat":27.314619,"lon":-80.411647,"city":"Port St. Lucie","state":"FL","address":"1900 Nw Courtyard Cir","name":""},
  {"lat":30.379701,"lon":-86.315554,"city":"Miramar Beach","state":"FL","address":"465 Grand Boulevard","name":""},
  {"lat":27.49059,"lon":-81.48838,"city":"Sebring","state":"FL","address":"901 Us 27","name":""},
  {"lat":27.7742,"lon":-82.6348,"city":"St. Petersburg","state":"FL","address":"151 2nd Ave North","name":""},
  {"lat":28.130796,"lon":-82.37058,"city":"Tampa","state":"FL","address":"18002 Highwoods Preserve Parkway","name":""},
  {"lat":28.04007,"lon":-80.664333,"city":"West Melbourne","state":"FL","address":"4255 Norfolk Parkway","name":""},
  {"lat":30.623392,"lon":-81.544335,"city":"Yulee","state":"FL","address":"96012 Lofton Square Court","name":""},
  {"lat":31.62187,"lon":-84.20607,"city":"Albany","state":"GA","address":"2823 Nottingham Way","name":""},
  {"lat":33.6579,"lon":-84.510653,"city":"Atlanta","state":"GA","address":"3760 Princeton Lakes Pkwy.","name":""},
  {"lat":34.250054,"lon":-84.480315,"city":"Canton","state":"GA","address":"5 Reinhardt College Pkwy","name":""},
  {"lat":34.194464,"lon":-84.796075,"city":"Cartersville","state":"GA","address":"1129 North Tennessee St.","name":""},
  {"lat":32.548624,"lon":-84.941792,"city":"Columbus","state":"GA","address":"5556 Whittlesey Blvd","name":""},
  {"lat":32.539679,"lon":-84.96909,"city":"Columbus","state":"GA","address":"1683 Whittlesey Rd","name":""},
  {"lat":33.649036,"lon":-83.994619,"city":"Conyers","state":"GA","address":"1536 Dogwood Dr Se","name":""},
  {"lat":34.761692,"lon":-84.933138,"city":"Dalton","state":"GA","address":"875 Walnut Square Boulevard","name":""},
  {"lat":34.952871,"lon":-85.246349,"city":"Fort Oglethorpe","state":"GA","address":"1100 Battlefield Pkwy","name":""},
  {"lat":33.88383,"lon":-84.740113,"city":"Hiram","state":"GA","address":"185 Metromont Rd","name":""},
  {"lat":33.03727,"lon":-85.031061,"city":"Lagrange","state":"GA","address":"201 Main St.","name":""},
  {"lat":31.985684,"lon":-81.172167,"city":"Savannah","state":"GA","address":"1150 Shawnee St","name":""},
  {"lat":32.43409,"lon":-81.76359,"city":"Statesboro","state":"GA","address":"610 Brannen St","name":""},
  {"lat":33.942505,"lon":-83.739595,"city":"Bethlehem","state":"GA","address":"416 Exchange Blvd","name":""},
  {"lat":33.903779,"lon":-84.004243,"city":"Lawrenceville","state":"GA","address":"1210 Scenic Highway","name":""},
  {"lat":42.448855,"lon":-96.352371,"city":"Sioux City","state":"IA","address":"4400 Sergeant Rd","name":""},
  {"lat":42.912054,"lon":-112.472301,"city":"Chubbuck","state":"ID","address":"4355 Yellowstone Ave","name":""},
  {"lat":40.14767,"lon":-88.25957,"city":"Champaign","state":"IL","address":"910 Meijer Dr","name":""},
  {"lat":39.81367,"lon":-88.876471,"city":"Decatur","state":"IL","address":"2360 S Mount Zion Rd","name":""},
  {"lat":41.947486,"lon":-88.720969,"city":"Dekalb","state":"IL","address":"2160 Sycamore Rd","name":""},
  {"lat":40.782907,"lon":-89.677303,"city":"Peoria","state":"IL","address":"5311 West American Praire Drive","name":""},
  {"lat":41.357467,"lon":-89.125393,"city":"Peru","state":"IL","address":"3940 State Route 51","name":""},
  {"lat":41.980039,"lon":-87.86781,"city":"Rosemont","state":"IL","address":"9701 Bryn Mawr Ave","name":""},
  {"lat":41.816824,"lon":-89.649519,"city":"Sterling","state":"IL","address":"4110 30th St","name":""},
  {"lat":40.691582,"lon":-89.482086,"city":"Washington","state":"IL","address":"40 Sunnyland Plz","name":""},
  {"lat":40.0206,"lon":-86.9015,"city":"Crawfordsville","state":"IN","address":"205 Dry Branch Dr","name":""},
  {"lat":41.072726,"lon":-85.198956,"city":"Fort Wayne","state":"IN","address":"4250 W Jefferson Blvd","name":""},
  {"lat":39.711197,"lon":-86.360543,"city":"Plainfield","state":"IN","address":"380 Cinema Boulevard","name":""},
  {"lat":39.17799,"lon":-96.559471,"city":"Manhattan","state":"KS","address":"103 Manhattan Town Center","name":""},
  {"lat":38.210522,"lon":-85.595936,"city":"Louisville","state":"KY","address":"2745 S Hurstbourne Pkwy","name":""},
  {"lat":43.037733,"lon":-82.456641,"city":"Fort Gratiot","state":"MI","address":"4350 24th Ave","name":""},
  {"lat":43.95611,"lon":-86.37573,"city":"Ludington","state":"MI","address":"3857 W Us 10-31","name":""},
  {"lat":44.732119,"lon":-85.649435,"city":"Traverse City","state":"MI","address":"3825 Marketplace Cir","name":""},
  {"lat":45.101854,"lon":-93.206583,"city":"Mounds View","state":"MN","address":"2430 Co Hwy 10","name":""},
  {"lat":45.751351,"lon":-108.613635,"city":"Billings","state":"MT","address":"1001 Shiloh Crossing Blvd.","name":""},
  {"lat":45.769877,"lon":-108.578573,"city":"Billings","state":"MT","address":"2456 Central Ave","name":""},
  {"lat":47.482373,"lon":-111.342088,"city":"Great Falls","state":"MT","address":"1601 Marketplace Dr","name":""},
  {"lat":46.887183,"lon":-114.04338,"city":"Missoula","state":"MT","address":"3640 Mullan Rd","name":""},
  {"lat":46.845241,"lon":-114.030364,"city":"Missoula","state":"MT","address":"2901 Brooks Street","name":""},
  {"lat":35.5708,"lon":-82.5204,"city":"Asheville","state":"NC","address":"121 River Hills Rd","name":""},
  {"lat":35.06958,"lon":-78.96953,"city":"Fayetteville","state":"NC","address":"1916 Skibo Rd","name":""},
  {"lat":35.084076,"lon":-78.967301,"city":"Fayetteville","state":"NC","address":"4761 Lake Valley Dr","name":""},
  {"lat":35.56652,"lon":-77.36091,"city":"Greenville","state":"NC","address":"1685 E Firetower Road","name":""},
  {"lat":34.85611,"lon":-76.89327,"city":"Havelock","state":"NC","address":"500 Mccotter Blvd","name":""},
  {"lat":35.69958,"lon":-81.30369,"city":"Hickory","state":"NC","address":"2000 Catawba Valley Blvd Se","name":""},
  {"lat":35.993316,"lon":-80.032618,"city":"High Point","state":"NC","address":"2705 N Main St","name":""},
  {"lat":34.763923,"lon":-77.378222,"city":"Jacksonville","state":"NC","address":"350 Western Blvd","name":""},
  {"lat":34.797198,"lon":-77.417045,"city":"Jacksonville","state":"NC","address":"1000 Kalli Drive","name":""},
  {"lat":35.803857,"lon":-78.808923,"city":"Morrisville","state":"NC","address":"9525 Chapel Hill Rd","name":""},
  {"lat":35.269501,"lon":-81.482769,"city":"Shelby","state":"NC","address":"2002 E Dixon Blvd","name":""},
  {"lat":35.724429,"lon":-77.937135,"city":"Wilson","state":"NC","address":"1501 Ward Blvd","name":""},
  {"lat":36.069355,"lon":-80.33393,"city":"Winston-Salem","state":"NC","address":"1501 Sw Hanes Mall Blvd","name":""},
  {"lat":35.66295,"lon":-78.847507,"city":"Holly Springs","state":"NC","address":"320 Grand Hill Pl","name":""},
  {"lat":48.20747,"lon":-101.30667,"city":"Minot","state":"ND","address":"2400 10th Street Sw Dakota Sq Mall","name":""},
  {"lat":39.847126,"lon":-74.979118,"city":"Voorhees","state":"NJ","address":"900 Haddonfield Berlin Rd","name":""},
  {"lat":35.024249,"lon":-106.712746,"city":"Albuquerque","state":"NM","address":"3810 Las Estancias Way SW","name":""},
  {"lat":42.080609,"lon":-78.465896,"city":"Allegany","state":"NY","address":"1875 Cinema Dr","name":""},
  {"lat":41.06464,"lon":-83.66755,"city":"Findlay","state":"OH","address":"906 Interstate Dr.","name":""},
  {"lat":39.076777,"lon":-84.349841,"city":"Anderson Township","state":"OH","address":"7490 Beechmont Ave","name":""},
  {"lat":34.188305,"lon":-97.159138,"city":"Ardmore","state":"OK","address":"2401 12th Avenue Nw #106","name":""},
  {"lat":34.635689,"lon":-98.474595,"city":"Lawton","state":"OK","address":"2803 NW 67th Street","name":""},
  {"lat":36.139816,"lon":-97.050422,"city":"Stillwater","state":"OK","address":"1909 N Perkins Rd","name":""},
  {"lat":35.363264,"lon":-96.910906,"city":"Shawnee","state":"OK","address":"3031 N Harrison","name":""},
  {"lat":36.044717,"lon":-96.004707,"city":"Tulsa","state":"OK","address":"8307 South Olympia Ave","name":""},
  {"lat":44.587694,"lon":-123.248824,"city":"Corvallis","state":"OR","address":"750 Ne Circle Blvd","name":""},
  {"lat":40.559492,"lon":-75.409895,"city":"Center Valley","state":"PA","address":"2805 Center Valley Parkway","name":""},
  {"lat":40.452223,"lon":-78.408285,"city":"Duncansville","state":"PA","address":"234 Convention Center Drive","name":""},
  {"lat":41.008379,"lon":-76.423447,"city":"Bloomsburg","state":"PA","address":"1879 Columbia Blvd","name":""},
  {"lat":40.227392,"lon":-76.939439,"city":"Camp Hill","state":"PA","address":"3432 Simpson Ferry Rd","name":""},
  {"lat":40.297916,"lon":-79.505129,"city":"Greensburg","state":"PA","address":"5280 Old Rte 30","name":""},
  {"lat":40.235165,"lon":-76.970065,"city":"Mechanicsburg","state":"PA","address":"4950 Carlisle Pike","name":""},
  {"lat":40.343244,"lon":-80.054246,"city":"Pittsburgh","state":"PA","address":"700 Ft. Couch Rd S. Hills","name":""},
  {"lat":40.357251,"lon":-80.052196,"city":"Mount Lebanon","state":"PA","address":"1500 Washington Rd","name":""},
  {"lat":40.268608,"lon":-75.659001,"city":"Pottsgrove","state":"PA","address":"110 Upland Square Dr.","name":""},
  {"lat":40.379612,"lon":-75.931213,"city":"Reading","state":"PA","address":"3050 North 5th Street Highway","name":""},
  {"lat":40.825517,"lon":-76.850953,"city":"Selinsgrove","state":"PA","address":"1 Susquehanna Valley Mall Drive","name":""},
  {"lat":41.240126,"lon":-77.006643,"city":"Williamsport","state":"PA","address":"300 W. Fourth St.","name":""},
  {"lat":34.075817,"lon":-81.161134,"city":"Columbia","state":"SC","address":"122 Afton Ct","name":""},
  {"lat":33.791916,"lon":-78.766587,"city":"Myrtle Beach","state":"SC","address":"10177 North Kings Highway","name":""},
  {"lat":44.103107,"lon":-103.217663,"city":"Rapid City","state":"SD","address":"230 Knollwood Dr","name":""},
  {"lat":35.00274,"lon":-85.223705,"city":"Chattanooga","state":"TN","address":"5080 South Ter","name":""},
  {"lat":35.0527,"lon":-85.31115,"city":"Chattanooga","state":"TN","address":"311 Broad St","name":""},
  {"lat":35.206347,"lon":-84.847873,"city":"Cleveland","state":"TN","address":"200 Paul Huff Park","name":""},
  {"lat":36.13172,"lon":-85.5056,"city":"Cookeville","state":"TN","address":"1181 S Jefferson Ave","name":""},
  {"lat":35.943309,"lon":-86.823589,"city":"Franklin","state":"TN","address":"633 Frazier Drive","name":""},
  {"lat":36.173831,"lon":-82.836784,"city":"Greeneville","state":"TN","address":"925 W. Andrew Johnson Hwy","name":""},
  {"lat":35.129433,"lon":-85.237275,"city":"Hixson","state":"TN","address":"310 Northgate Mall Drive","name":""},
  {"lat":36.3333,"lon":-82.3764,"city":"Johnson City","state":"TN","address":"1805 N Roan St","name":""},
  {"lat":35.737289,"lon":-83.992075,"city":"Maryville","state":"TN","address":"134 Foothills Mall Dr","name":""},
  {"lat":36.222601,"lon":-83.261003,"city":"Morristown","state":"TN","address":"2550 E Morris Blvd","name":""},
  {"lat":35.84341,"lon":-86.43837,"city":"Murfreesboro","state":"TN","address":"2626 Cason Square Blvd.","name":""},
  {"lat":36.050639,"lon":-86.651675,"city":"Antioch","state":"TN","address":"901 Bell Rd","name":""},
  {"lat":35.737286,"lon":-86.944049,"city":"Springhill","state":"TN","address":"2068 Crossing Circle","name":""},
  {"lat":36.084569,"lon":-86.943778,"city":"Nashville","state":"TN","address":"8125 Sawyer Brown Road","name":""},
  {"lat":35.846374,"lon":-86.416096,"city":"Murfreesboro","state":"TN","address":"1706 Old Fort Parkway","name":""},
  {"lat":26.273072,"lon":-98.156224,"city":"Edinburg","state":"TX","address":"3003 Us 281 Bus","name":""},
  {"lat":31.894443,"lon":-106.438154,"city":"El Paso","state":"TX","address":"9840 Gateway Blvd N","name":""},
  {"lat":29.761767,"lon":-95.366787,"city":"Houston","state":"TX","address":"510 Texas St.","name":""},
  {"lat":32.537877,"lon":-94.747413,"city":"Longview","state":"TX","address":"201 Tall Pines Ave","name":""},
  {"lat":31.311848,"lon":-94.724207,"city":"Lufkin","state":"TX","address":"4600 S. Medford","name":""},
  {"lat":32.26845,"lon":-95.30872,"city":"Tyler","state":"TX","address":"7415 S Broadway Ave","name":""},
  {"lat":33.86855,"lon":-98.53243,"city":"Wichita Falls","state":"TX","address":"3111 Midwestern Pkwy","name":""},
  {"lat":40.299253,"lon":-111.659858,"city":"Provo","state":"UT","address":"4925 N Edgewood Dr","name":""},
  {"lat":37.50713,"lon":-77.61932,"city":"Midlothian","state":"VA","address":"1100 Alverser Dr","name":""},
  {"lat":37.234,"lon":-79.9771,"city":"Roanoke","state":"VA","address":"4494 Electric Rd Sw","name":""},
  {"lat":37.2696,"lon":-80.032659,"city":"Salem","state":"VA","address":"1700 Apperson Dr","name":""},
  {"lat":39.160362,"lon":-78.163839,"city":"Winchester","state":"VA","address":"1850 Apple Blossom Dr","name":""},
  {"lat":46.224498,"lon":-119.232453,"city":"Kennewick","state":"WA","address":"1380 North Louisiana St","name":""},
  {"lat":44.07026,"lon":-87.706444,"city":"Manitowoc","state":"WI","address":"2555 S 44th St","name":""},
  {"lat":39.627111,"lon":-79.999396,"city":"Morgantown","state":"WV","address":"9540 Mall Rd","name":""},
  {"lat":39.606547,"lon":-104.708823,"city":"Aurora","state":"CO","address":"23955 E Plaza Ave","name":""},
  {"lat":39.596147,"lon":-104.798157,"city":"Aurora","state":"CO","address":"6696 S Parker Rd","name":""},
  {"lat":39.164494,"lon":-86.572925,"city":"Bloomington","state":"IN","address":"2929 W 3rd St","name":""},
  {"lat":39.983913,"lon":-104.824712,"city":"Brighton","state":"CO","address":"250 Pavilions Place","name":""},
  {"lat":37.736351,"lon":-89.188943,"city":"Carbondale","state":"IL","address":"1370 E Main St","name":""},
  {"lat":39.40231,"lon":-104.879636,"city":"Castle Rock","state":"CO","address":"3960 Limelight Ave","name":""},
  {"lat":41.915675,"lon":-87.764421,"city":"Chicago","state":"IL","address":"5530 W Homer St","name":""},
  {"lat":41.849012,"lon":-87.742815,"city":"Cicero","state":"IL","address":"4779 W Cermak Rd","name":""},
  {"lat":39.204568,"lon":-85.883555,"city":"Columbus","state":"IN","address":"555 Creekview Ct","name":""},
  {"lat":45.152408,"lon":-93.277735,"city":"Coon Rapids","state":"MN","address":"10051 Woodcrest Dr Nw","name":""},
  {"lat":41.241918,"lon":-95.895475,"city":"Council Bluffs","state":"IA","address":"3220 23rd Ave","name":""},
  {"lat":39.717483,"lon":-104.952908,"city":"Denver","state":"CO","address":"3000 E 1st Ave","name":""},
  {"lat":42.524321,"lon":-90.738101,"city":"Dubuque","state":"IA","address":"2835 Nw Arterial","name":""},
  {"lat":38.781801,"lon":-89.956677,"city":"Edwardsville","state":"IL","address":"6633 Center Grove Rd","name":""},
  {"lat":37.972956,"lon":-87.643888,"city":"Evansville","state":"IN","address":"5600 Pearl Dr","name":""},
  {"lat":37.792442,"lon":-90.44087,"city":"Farmington","state":"MO","address":"838 Valley Creek Dr","name":""},
  {"lat":43.014485,"lon":-89.46637,"city":"Fitchburg","state":"WI","address":"6091 Mckee Rd","name":""},
  {"lat":40.968948,"lon":-90.393148,"city":"Galesburg","state":"IL","address":"1401 W Carl Sandburg Dr","name":""},
  {"lat":39.423917,"lon":-84.596253,"city":"Hamilton","state":"OH","address":"1453 Main St","name":""},
  {"lat":41.468206,"lon":-87.305294,"city":"Merrillville","state":"IN","address":"2590 Southlake Mall Dr","name":""},
  {"lat":39.7023,"lon":-86.152961,"city":"Indianapolis","state":"IN","address":"4325 S Meridian St","name":""},
  {"lat":39.778722,"lon":-85.983538,"city":"Indianapolis","state":"IN","address":"10280 E Washington St","name":""},
  {"lat":39.913984,"lon":-86.265543,"city":"Indianapolis","state":"IN","address":"5920 W 86th St","name":""},
  {"lat":44.868345,"lon":-93.058078,"city":"Inver Grove Heights","state":"MN","address":"5567 Bishop Ave","name":""},
  {"lat":43.081277,"lon":-88.765635,"city":"Johnson Creek","state":"WI","address":"420 Village Walk Ln","name":""},
  {"lat":40.464699,"lon":-86.111687,"city":"Kokomo","state":"IN","address":"1530 E Boulevard","name":""},
  {"lat":43.571996,"lon":-89.775685,"city":"Baraboo","state":"WI","address":"1301 Kalahari Dr","name":""},
  {"lat":42.179979,"lon":-88.333477,"city":"Lake In The Hills","state":"IL","address":"311 N Randall Rd","name":""},
  {"lat":39.611638,"lon":-105.08576,"city":"Littleton","state":"CO","address":"8035 W Bowles Ave","name":""},
  {"lat":37.781226,"lon":-121.227506,"city":"Manteca","state":"CA","address":"848 Lifestyle St","name":""},
  {"lat":41.676208,"lon":-86.893932,"city":"Michigan City","state":"IN","address":"100 Meijer Dr","name":""},
  {"lat":38.320557,"lon":-88.958384,"city":"Mount Vernon","state":"IL","address":"400 Potomac Blvd","name":""},
  {"lat":40.225395,"lon":-85.376251,"city":"Muncie","state":"IN","address":"860 E Princeton Ave","name":""},
  {"lat":41.712962,"lon":-88.208925,"city":"Naperville","state":"IL","address":"2815 Show Place Dr","name":""},
  {"lat":41.516403,"lon":-87.991115,"city":"New Lenox","state":"IL","address":"1320 W Maple St","name":""},
  {"lat":42.049776,"lon":-87.838804,"city":"Niles","state":"IL","address":"301 Golf Mill Ctr","name":""},
  {"lat":36.732891,"lon":-90.4446,"city":"Poplar Bluff","state":"MO","address":"3525 S Westwood Blvd","name":""},
  {"lat":39.934012,"lon":-91.362535,"city":"Quincy","state":"IL","address":"300 N 33rd St","name":""},
  {"lat":39.829482,"lon":-84.83642,"city":"Richmond","state":"IN","address":"4713 National Rd E","name":""},
  {"lat":42.272396,"lon":-88.953466,"city":"Rockford","state":"IL","address":"8301 E State St","name":""},
  {"lat":42.37078,"lon":-89.004594,"city":"Machesney Park","state":"IL","address":"1860 Anjali Way","name":""},
  {"lat":41.500422,"lon":-87.476084,"city":"Schererville","state":"IN","address":"875 Deer Creek Dr","name":""},
  {"lat":41.507804,"lon":-87.474077,"city":"Schererville","state":"IN","address":"1400 Eagle Ridge Dr","name":""},
  {"lat":42.008586,"lon":-87.761678,"city":"Skokie","state":"IL","address":"7000 Carpenter Rd","name":""},
  {"lat":41.633439,"lon":-86.255625,"city":"South Bend","state":"IN","address":"450 W Chippewa Ave","name":""},
  {"lat":39.754638,"lon":-89.726929,"city":"Springfield","state":"IL","address":"3141 Mercantile Dr","name":""},
  {"lat":39.763559,"lon":-89.608302,"city":"Springfield","state":"IL","address":"2945 S Dirksen Pkwy","name":""},
  {"lat":39.427904,"lon":-87.422526,"city":"Terre Haute","state":"IN","address":"3153 S 3rd Pl","name":""},
  {"lat":38.672237,"lon":-87.517928,"city":"Vincennes","state":"IN","address":"1496 S Hart Street Rd","name":""}]}