{"key":"au_bon_pain","displayName":"Au Bon Pain","category":"restaurant","useLocationName":false,"locations":[
  {"lat":25.780863,"lon":-80.196599,"city":"Miami","state":"FL","address":"701 NW 1st CT. Suite G107","name":""},
  {"lat":25.7975,"lon":-80.2832,"city":"Miami","state":"FL","address":"Terminal G","name":""},
  {"lat":25.7978,"lon":-80.2821,"city":"Miami","state":"FL","address":"Terminal D44","name":""},
  {"lat":25.731871,"lon":-80.385812,"city":"Miami","state":"FL","address":"11760 Bird Road","name":""},
  {"lat":25.7919,"lon":-80.2131,"city":"Miami","state":"FL","address":"901 NW 17th Str. Suit B","name":""},
  {"lat":41.6613,"lon":-72.7876,"city":"New Britain","state":"CT","address":"100 Grand Ave.","name":""},
  {"lat":38.3108,"lon":-77.4839,"city":"Fredericksburg","state":"VA","address":"1001 Sam Perry Blvd","name":""},
  {"lat":40.4441,"lon":-79.9422,"city":"Pittsburgh","state":"PA","address":"Cohon University Center, Skibo Café, 5000 Forbes Ave","name":""},
  {"lat":40.2645,"lon":-76.6756,"city":"Hershey","state":"PA","address":"500 University Drive","name":""},
  {"lat":39.7395,"lon":-84.176,"city":"Dayton","state":"OH","address":"John F. Kennedy Memorial Union Hall","name":""},
  {"lat":34.2063,"lon":-77.9217,"city":"Wilmington","state":"NC","address":"2131 S 17th Street","name":""},
  {"lat":40.7129,"lon":-73.5989,"city":"Hempstead","state":"NY","address":"116 California Ave.","name":""},
  {"lat":42.859,"lon":-76.9856,"city":"Geneva","state":"NY","address":"300 Pulteney St.","name":""},
  {"lat":40.7451,"lon":-73.8855,"city":"Elmhurst","state":"NY","address":"79-01 Broadway","name":""},
  {"lat":25.740142,"lon":-80.213803,"city":"Miami","state":"FL","address":"3659 S. Miami Avenue","name":""},
  {"lat":39.7097,"lon":-75.1206,"city":"Glassboro","state":"NJ","address":"201 Mullica Hill Rd.","name":""},
  {"lat":40.5566,"lon":-74.3504,"city":"Edison","state":"NJ","address":"65 James Street","name":""},
  {"lat":37.544671,"lon":-77.447686,"city":"Richmond","state":"VA","address":"301 West Main St.","name":""},
  {"lat":39.3941,"lon":-76.6094,"city":"Towson","state":"MD","address":"Hawkins Hall - 8000 York Rd.","name":""},
  {"lat":41.70253,"lon":-86.234102,"city":"Notre Dame","state":"IN","address":"125 Hesburgh Center Notre Dame Ave.","name":""},
  {"lat":40.4274,"lon":-86.9132,"city":"Lafayette","state":"IN","address":"Active Learning Center 340 Centennial Mall Drive","name":""},
  {"lat":39.7894,"lon":-86.1623,"city":"Indianapolis","state":"IN","address":"1701 Senate Blvd.","name":""},
  {"lat":41.9759,"lon":-87.6987,"city":"Chicago","state":"IL","address":"5145 N. California","name":""},
  {"lat":32.03055,"lon":-81.08889,"city":"Savannah","state":"GA","address":"4700 Waters Ave","name":""},
  {"lat":25.795872,"lon":-80.287051,"city":"Miami","state":"FL","address":"Terminal A","name":""},
  {"lat":40.7223,"lon":-73.5529,"city":"East Meadow","state":"NY","address":"2201 Hampstead Tpke","name":""},
  {"lat":40.831751,"lon":-73.90233,"city":"The Bronx","state":"NY","address":"1276 Fulton Ave","name":""},
  {"lat":40.844029,"lon":-73.91147,"city":"The Bronx","state":"NY","address":"1650 Grand Concourse","name":""}]}