{"key":"avid_hotel","displayName":"avid hotel","category":"hotels","useLocationName":false,"locations":[
  {"lat":43.047674,"lon":-89.338444,"city":"Monona","state":"WI","address":"900 W Broadway","name":""},
  {"lat":45.032082,"lon":-93.189972,"city":"Roseville","state":"MN","address":"3015 Centre Pointe Drive N.","name":""},
  {"lat":40.618805,"lon":-74.022375,"city":"Brooklyn","state":"NY","address":"636 86th Street","name":""},
  {"lat":42.875825,"lon":-87.935117,"city":"Oak Creek","state":"WI","address":"9293 South 13th Street","name":""},
  {"lat":36.075548,"lon":-94.207195,"city":"Fayetteville","state":"AR","address":"3350 W Jewell Rd","name":""},
  {"lat":41.133444,"lon":-85.16509,"city":"Fort Wayne","state":"IN","address":"5950 Cross Creek Blvd","name":""},
  {"lat":36.184899,"lon":-86.328605,"city":"Lebanon","state":"TN","address":"120 Willard Hagan Dr.","name":""},
  {"lat":32.901634,"lon":-83.683173,"city":"Macon","state":"GA","address":"3969 River Place Drive","name":""},
  {"lat":31.767237,"lon":-106.36581,"city":"El Paso","state":"TX","address":"1150 Saddle Bronc Dr","name":""},
  {"lat":32.489681,"lon":-86.411325,"city":"Prattville","state":"AL","address":"802 Boardroom Drive","name":""},
  {"lat":34.471584,"lon":-117.34014,"city":"Victorville","state":"CA","address":"14824 Bear Valley Road","name":""},
  {"lat":43.76798,"lon":-79.64687,"city":"Vaughan","state":"ON","address":"6800 Highway 7","name":""},
  {"lat":29.172047,"lon":-82.141155,"city":"Ocala","state":"FL","address":"1626 S. Pine Avenue","name":""},
  {"lat":32.467281,"lon":-83.7447,"city":"Perry","state":"GA","address":"209 Hampton Court","name":""},
  {"lat":27.898768,"lon":-97.313523,"city":"Portland","state":"TX","address":"281 Buddy Ganem Dr.","name":""},
  {"lat":36.336421,"lon":-94.187124,"city":"Bentonville","state":"AR","address":"3402 Medlin Lane","name":""},
  {"lat":30.475801,"lon":-97.771362,"city":"Austin","state":"TX","address":"13830 North FM 620 Road","name":""},
  {"lat":40.887886,"lon":-77.780814,"city":"Bellefonte","state":"PA","address":"132 Amberleigh Lane","name":""},
  {"lat":37.295553,"lon":-80.102039,"city":"Salem","state":"VA","address":"501 Wildwood Road","name":""},
  {"lat":34.435113,"lon":-85.753622,"city":"Fort Payne","state":"AL","address":"1207 Jordan Road SW","name":""},
  {"lat":33.480997,"lon":-82.200226,"city":"Grovetown","state":"GA","address":"900 Husk Box Way","name":""},
  {"lat":40.351792,"lon":-76.714739,"city":"Harrisburg","state":"PA","address":"260 N. Hershey Road","name":""},
  {"lat":32.761775,"lon":-97.328054,"city":"Fort Worth","state":"TX","address":"320 Samuels Ave","name":""},
  {"lat":40.030272,"lon":-76.229005,"city":"Lancaster","state":"PA","address":"2151 Lincoln Highway East","name":""},
  {"lat":42.262789,"lon":-85.532935,"city":"Kalamazoo","state":"MI","address":"3717 East Cork Street","name":""},
  {"lat":34.911832,"lon":-85.129888,"city":"Ringgold","state":"GA","address":"50 Credit Union Way","name":""},
  {"lat":35.483618,"lon":-97.758716,"city":"Yukon","state":"OK","address":"1609 West End Pointe Drive","name":""},
  {"lat":35.088618,"lon":-80.930993,"city":"Fort Mill","state":"SC","address":"154 Springhill Farm Road","name":""},
  {"lat":31.034823,"lon":-104.852809,"city":"Van Horn","state":"TX","address":"1801 Frontage Rd","name":""},
  {"lat":42.490596,"lon":-96.396839,"city":"Sioux City","state":"IA","address":"101 Court Street","name":""},
  {"lat":35.172983,"lon":-90.04019,"city":"West Memphis","state":"AR","address":"1599 N 6th Street, Suite 100","name":""},
  {"lat":32.00848,"lon":-81.284836,"city":"Savannah","state":"GA","address":"9 Gateway Blvd West","name":""},
  {"lat":26.084242,"lon":-80.176756,"city":"Dania Beach","state":"FL","address":"3001 SW 26th Terrace","name":""},
  {"lat":35.974252,"lon":-86.575075,"city":"Smyrna","state":"TN","address":"800 Expo Drive","name":""},
  {"lat":36.04775,"lon":-96.010036,"city":"Tulsa","state":"OK","address":"1539 W 80th Street","name":""},
  {"lat":38.307731,"lon":-76.526007,"city":"California","state":"MD","address":"23274 Three Notch Road","name":""},
  {"lat":32.857124,"lon":-97.311713,"city":"Fort Worth","state":"TX","address":"6225 Sandshell Drive","name":""},
  {"lat":33.205833,"lon":-96.639254,"city":"Mckinney","state":"TX","address":"901 N. Central Expy SB","name":""},
  {"lat":34.671336,"lon":-86.750503,"city":"Madison","state":"AL","address":"125 Graphics Drive","name":""},
  {"lat":31.980441,"lon":-102.038111,"city":"Midland","state":"TX","address":"2308 E Interstate 20","name":""},
  {"lat":30.04281,"lon":-94.155313,"city":"Beaumont","state":"TX","address":"5400 Rexora Drive","name":""},
  {"lat":39.81978,"lon":-104.770298,"city":"Denver","state":"CO","address":"6785 North Argonne Street","name":""},
  {"lat":43.041972,"lon":-88.26121,"city":"Pewaukee","state":"WI","address":"2101 Meadow Lane","name":""},
  {"lat":43.573525,"lon":-89.777158,"city":"Lake Delton","state":"WI","address":"1273 Kalahari Drive","name":""},
  {"lat":38.015585,"lon":-84.417176,"city":"Lexington","state":"KY","address":"1810 Bryant Rd","name":""},
  {"lat":41.734745,"lon":-85.978901,"city":"Elkhart","state":"IN","address":"327 Northpointe Blvd.","name":""},
  {"lat":38.901252,"lon":-99.321812,"city":"Hays","state":"KS","address":"206 West 43rd Street","name":""},
  {"lat":38.129,"lon":-79.030695,"city":"Staunton","state":"VA","address":"62 Sangers Lane","name":""},
  {"lat":33.17264,"lon":-87.52673,"city":"Tuscaloosa","state":"AL","address":"3924 McFarland Boulevard East","name":""},
  {"lat":42.811316,"lon":-85.985464,"city":"Zeeland","state":"MI","address":"8225 Westpark Way","name":""},
  {"lat":28.452564,"lon":-81.333339,"city":"Orlando","state":"FL","address":"7976 Conway Road","name":""},
  {"lat":44.745383,"lon":-85.538003,"city":"Traverse City","state":"MI","address":"1942 US-31","name":""},
  {"lat":39.33007,"lon":-84.426881,"city":"West Chester","state":"OH","address":"8927 Lakota Drive West","name":""},
  {"lat":35.447892,"lon":-97.603483,"city":"Oklahoma City","state":"OK","address":"4621 SW 15th Street","name":""},
  {"lat":26.199244,"lon":-98.285276,"city":"Mission","state":"TX","address":"101 Grapefruit Blvd","name":""},
  {"lat":30.484319,"lon":-97.648425,"city":"Round Rock","state":"TX","address":"2631 South A.W. Grimes Boulevard","name":""},
  {"lat":38.56948,"lon":-75.28516,"city":"Millsboro","state":"DE","address":"30266 Commerce Drive","name":""},
  {"lat":36.144661,"lon":-86.67545,"city":"Nashville","state":"TN","address":"40 Rachel Drive","name":""},
  {"lat":32.565447,"lon":-85.503323,"city":"Auburn","state":"AL","address":"2082 South College Street","name":""},
  {"lat":36.047893,"lon":-95.868161,"city":"Tulsa","state":"OK","address":"8007 S Mingo Rd","name":""},
  {"lat":40.576163,"lon":-122.351598,"city":"Redding","state":"CA","address":"1126 Del Monte Street","name":""},
  {"lat":42.009188,"lon":-87.884661,"city":"Des Plaines","state":"IL","address":"1551 East Touhy Ave","name":""},
  {"lat":45.734963,"lon":-108.605688,"city":"Billings","state":"MT","address":"3350 Ember Lane","name":""},
  {"lat":42.419298,"lon":-71.001754,"city":"Revere","state":"MA","address":"405 American Legion Hwy","name":""},
  {"lat":30.890791,"lon":-102.845728,"city":"Fort Stockton","state":"TX","address":"702 Martin Adams Dr.","name":""},
  {"lat":31.327215,"lon":-89.348097,"city":"Hattiesburg","state":"MS","address":"200 N 40th Avenue","name":""},
  {"lat":32.660876,"lon":-83.740189,"city":"Byron","state":"GA","address":"104 Holiday Court","name":""},
  {"lat":34.960663,"lon":-89.985783,"city":"Southaven","state":"MS","address":"6863 Hospitality Lane","name":""},
  {"lat":38.320732,"lon":-104.619949,"city":"Pueblo","state":"CO","address":"855 Eagleridge Boulevard","name":""},
  {"lat":33.04203,"lon":-80.15426,"city":"Summerville","state":"SC","address":"301 Holiday Drive","name":""},
  {"lat":41.106965,"lon":-100.761932,"city":"North Platte","state":"NE","address":"202 E. Eugene Ave","name":""},
  {"lat":42.491125,"lon":-83.008027,"city":"Warren","state":"MI","address":"11570 E. Eleven Mile Road","name":""},
  {"lat":30.398606,"lon":-97.667642,"city":"Austin","state":"TX","address":"12413 Tech Ridge Blvd.","name":""},
  {"lat":40.033104,"lon":-83.128999,"city":"Hilliard","state":"OH","address":"3900 Lyman Drive","name":""},
  {"lat":47.447509,"lon":-120.330606,"city":"Wenatchee","state":"WA","address":"1640 North Wenatchee Ave","name":""},
  {"lat":31.923282,"lon":-102.284085,"city":"Odessa","state":"TX","address":"8200 Dr. Emmitt Headlee St.","name":""},
  {"lat":37.686243,"lon":-77.463768,"city":"Glen Allen","state":"VA","address":"10261 Washington Highway","name":""},
  {"lat":41.891868,"lon":-91.676855,"city":"Cedar Rapids","state":"IA","address":"645 America Drive SW","name":""},
  {"lat":41.694771,"lon":-91.628039,"city":"Coralville","state":"IA","address":"140 Westcor Drive Bldg A","name":""},
  {"lat":33.041751,"lon":-96.706389,"city":"Plano","state":"TX","address":"3330 Premier Drive","name":""}
]}