{"key":"baja_fresh","displayName":"Baja Fresh","category":"restaurant","useLocationName":false,"locations":[
  {"lat":36.141315,"lon":-86.801827,"city":"Nashville","state":"TN","address":"1211 Medical Center Drive","name":""},
  {"lat":35.209731,"lon":-97.445413,"city":"Norman","state":"OK","address":"900 Asp Parrington Oval","name":""},
  {"lat":32.537169,"lon":-97.301822,"city":"Burleson","state":"TX","address":"817 E Renfro St","name":""},
  {"lat":33.761671,"lon":-84.395113,"city":"Atlanta","state":"GA","address":"250 Park Ave W, Ste 2","name":""},
  {"lat":33.76151,"lon":-84.394878,"city":"Atlanta","state":"GA","address":"Mobile Location","name":""},
  {"lat":33.640776,"lon":-84.444326,"city":"Atlanta","state":"GA","address":"10700 Spine Road, Concourse C","name":""},
  {"lat":39.114834,"lon":-77.171036,"city":"Rockville","state":"MD","address":"302 King Farm Blvd, Ste 150","name":""},
  {"lat":38.867113,"lon":-77.368153,"city":"Fairfax","state":"VA","address":"12150 Fairfax Towne Ctr","name":""},
  {"lat":33.385613,"lon":-84.821004,"city":"Newnan","state":"GA","address":"10 Franklin Road","name":""},
  {"lat":38.766492,"lon":-77.154267,"city":"Springfield","state":"VA","address":"7003A Manchester Blvd","name":""},
  {"lat":39.439838,"lon":-76.626805,"city":"Timonium","state":"MD","address":"2080 York Rd, Ste 150","name":""},
  {"lat":39.297245,"lon":-76.592212,"city":"Baltimore","state":"MD","address":"600 N Wolfe St","name":""},
  {"lat":33.50876,"lon":-112.046798,"city":"Phoenix","state":"AZ","address":"1615 E Camelback Road","name":""},
  {"lat":33.319509,"lon":-111.926585,"city":"Chandler","state":"AZ","address":"4979 W Ray Road","name":""},
  {"lat":36.299334,"lon":-115.281397,"city":"Las Vegas","state":"NV","address":"8431 Farm Road, Suite 110","name":""},
  {"lat":36.098731,"lon":-115.175777,"city":"Las Vegas","state":"NV","address":"3850 Las Vegas Blvd S","name":""},
  {"lat":36.159521,"lon":-115.2876,"city":"Las Vegas","state":"NV","address":"8780 W Charleston Blvd, Ste 100","name":""},
  {"lat":47.291025,"lon":-122.195187,"city":"Auburn","state":"WA","address":"2402 Auburn Way S","name":""},
  {"lat":47.440706,"lon":-122.222148,"city":"Kent","state":"WA","address":"8821 S 180th St","name":""},
  {"lat":45.505022,"lon":-122.441295,"city":"Gresham","state":"OR","address":"1053 NW Civic Drive","name":""},
  {"lat":45.616226,"lon":-122.507368,"city":"Vancouver","state":"WA","address":"16010 SE Mill Plain Blvd","name":""},
  {"lat":45.433807,"lon":-122.563311,"city":"Clackamas","state":"OR","address":"9757 SE Sunnyside Rd, Ste E","name":""},
  {"lat":45.678822,"lon":-122.66173,"city":"Vancouver","state":"WA","address":"7801 NE Highway 99","name":""},
  {"lat":45.471395,"lon":-122.685942,"city":"Portland","state":"OR","address":"7421 SW Barbur Blvd, Ste 190","name":""},
  {"lat":45.396913,"lon":-122.744348,"city":"Lake Oswego","state":"OR","address":"17805 SW 65th Avenue","name":""},
  {"lat":45.437519,"lon":-122.756866,"city":"Portland","state":"OR","address":"11685 SW Pacific Hwy","name":""},
  {"lat":45.50053,"lon":-122.806834,"city":"Beaverton","state":"OR","address":"2695 SW Cedar Hills Blvd, Ste G120","name":""},
  {"lat":45.443443,"lon":-122.80325,"city":"Tigard","state":"OR","address":"12198 SW Scholls Ferry Rd","name":""},
  {"lat":45.368023,"lon":-122.844779,"city":"Sherwood","state":"OR","address":"16002 SW Tualatin Sherwood Rd, Unit 639-26","name":""},
  {"lat":45.4983,"lon":-122.904758,"city":"Hillsboro","state":"OR","address":"2981 SE 75th Ave","name":""},
  {"lat":45.530381,"lon":-122.957844,"city":"Hillsboro","state":"OR","address":"899 NE 25th Avenue","name":""},
  {"lat":44.942814,"lon":-122.983929,"city":"Salem","state":"OR","address":"945 Lancaster Drive NE","name":""},
  {"lat":32.68606,"lon":-115.379181,"city":"Calexico","state":"CA","address":"1761 Maggio Rd","name":""},
  {"lat":44.067449,"lon":-123.071673,"city":"Eugene","state":"OR","address":"463 Coburg Road","name":""},
  {"lat":42.332129,"lon":-122.867522,"city":"Medford","state":"OR","address":"539 Medford Ctr","name":""},
  {"lat":38.705824,"lon":-121.170565,"city":"Folsom","state":"CA","address":"7620 Folsom Auburn Rd","name":""},
  {"lat":36.852354,"lon":-119.951866,"city":"Madera","state":"CA","address":"32603 Ave 7","name":""},
  {"lat":34.140968,"lon":-118.019821,"city":"Monrovia","state":"CA","address":"943 W Huntington Dr","name":""},
  {"lat":35.266547,"lon":-119.027115,"city":"Bakersfield","state":"CA","address":"2201 Taft Highway","name":""},
  {"lat":35.341368,"lon":-119.103607,"city":"Bakersfield","state":"CA","address":"9000 Ming Ave, Ste 2","name":""},
  {"lat":34.150984,"lon":-118.075112,"city":"Pasadena","state":"CA","address":"3615 E Foothill Boulevard","name":""},
  {"lat":33.874073,"lon":-117.902635,"city":"Fullerton","state":"CA","address":"800 N State College Blvd, Ste 121","name":""},
  {"lat":34.222428,"lon":-118.235449,"city":"La Crescenta","state":"CA","address":"2637 Foothill Boulevard","name":""},
  {"lat":33.61348,"lon":-117.679666,"city":"Mission Viejo","state":"CA","address":"24022 Alicia Pkwy, Ste E","name":""},
  {"lat":37.654244,"lon":-120.958666,"city":"Modesto","state":"CA","address":"801 Oakdale Rd, # B3-4","name":""},
  {"lat":34.990587,"lon":-118.941745,"city":"Arvin","state":"CA","address":"5545 Laval Rd, Ste B","name":""},
  {"lat":33.456134,"lon":-117.604267,"city":"San Clemente","state":"CA","address":"979 Avenida Pico, Unit A","name":""},
  {"lat":33.524563,"lon":-117.687724,"city":"Laguna Niguel","state":"CA","address":"30231 Golden Lantern","name":""},
  {"lat":37.702945,"lon":-121.064953,"city":"Modesto","state":"CA","address":"3801 Pelandale Ave, #A1","name":""},
  {"lat":33.681712,"lon":-117.843575,"city":"Irvine","state":"CA","address":"2540 Main Street, Unit N","name":""},
  {"lat":34.408605,"lon":-118.57493,"city":"Valencia","state":"CA","address":"23630 Valencia Blvd","name":""},
  {"lat":34.151956,"lon":-118.365574,"city":"Toluca Lake","state":"CA","address":"10760 Riverside Drive","name":""},
  {"lat":34.256722,"lon":-118.500638,"city":"Granada Hills","state":"CA","address":"16912 Devonshire Street","name":""},
  {"lat":33.776896,"lon":-118.071963,"city":"Seal Beach","state":"CA","address":"12800 Seal Beach Blvd","name":""},
  {"lat":35.987452,"lon":-119.959247,"city":"Kettleman City","state":"CA","address":"25712 Ward Drive","name":""},
  {"lat":36.254729,"lon":-120.250681,"city":"Coalinga","state":"CA","address":"25206 W Dorris Ave","name":""},
  {"lat":36.137226,"lon":-120.165324,"city":"Coalinga","state":"CA","address":"41027 S Glen Ave","name":""},
  {"lat":34.01749,"lon":-118.408479,"city":"Culver City","state":"CA","address":"10768 Venice Blvd","name":""},
  {"lat":34.174824,"lon":-118.596992,"city":"Woodland Hills","state":"CA","address":"5780 Canoga Ave, Ste A","name":""},
  {"lat":33.986341,"lon":-118.44016,"city":"Marina Del Rey","state":"CA","address":"13424 Maxella Avenue","name":""},
  {"lat":36.638097,"lon":-120.626433,"city":"Firebaugh","state":"CA","address":"46360 W Panoche Rd, Ste 103","name":""},
  {"lat":34.283889,"lon":-118.719203,"city":"Simi Valley","state":"CA","address":"2679A Tapo Canyon Rd, Ste A","name":""},
  {"lat":37.764006,"lon":-121.434566,"city":"Tracy","state":"CA","address":"3788 N Tracy Blvd","name":""},
  {"lat":34.156326,"lon":-118.644174,"city":"Calabasas","state":"CA","address":"23697 Calabasas Rd, # 100","name":""},
  {"lat":34.265308,"lon":-118.79554,"city":"Simi Valley","state":"CA","address":"1464 Madera Rd, Ste F","name":""},
  {"lat":34.156335,"lon":-118.793514,"city":"Westlake Village","state":"CA","address":"30861 E Thousand Oaks Blvd","name":""},
  {"lat":34.215721,"lon":-119.003775,"city":"Camarillo","state":"CA","address":"5021 Verdugo Way, Ste 101","name":""},
  {"lat":34.21815,"lon":-119.045334,"city":"Camarillo","state":"CA","address":"1855 E Daily Dr","name":""},
  {"lat":37.698887,"lon":-121.773198,"city":"Livermore","state":"CA","address":"2298 Las Positas Road","name":""},
  {"lat":37.798689,"lon":-121.922135,"city":"Danville","state":"CA","address":"11000 Crow Canyon Road","name":""},
  {"lat":34.160929,"lon":-119.152362,"city":"Oxnard","state":"CA","address":"2050 E Pleasant Valley Road","name":""},
  {"lat":37.38362,"lon":-121.893915,"city":"San Jose","state":"CA","address":"1708 Oakland Rd, Ste 100","name":""},
  {"lat":37.244235,"lon":-121.958087,"city":"Los Gatos","state":"CA","address":"15466 Los Gatos Boulevard","name":""},
  {"lat":37.415473,"lon":-122.128963,"city":"Palo Alto","state":"CA","address":"3990 El Camino Real","name":""}]}