{"key":"ben_jerrys","displayName":"Ben & Jerry's","category":"sweets","useLocationName":false,"locations":[
  {"lat":38.035852,"lon":-78.506639,"city":"Charlottesville","state":"VA","address":"180 McCormick Road","name":""},
  {"lat":34.841644,"lon":-82.402301,"city":"Greenville","state":"SC","address":"301 University Ridge","name":""},
  {"lat":39.838246,"lon":-104.676113,"city":"Denver","state":"CO","address":"8900 Pena Boulevard, Concourse Level, Center Court","name":""},
  {"lat":40.82926,"lon":-73.92865,"city":"The Bronx","state":"NY","address":"1 E 161st Street","name":""},
  {"lat":38.677304,"lon":-121.176742,"city":"Folsom","state":"CA","address":"711 Sutter St.","name":""},
  {"lat":34.15383,"lon":-118.4662,"city":"Sherman Oaks","state":"CA","address":"15301 Ventura Boulevard, Space P-6","name":""},
  {"lat":37.770039,"lon":-122.446632,"city":"San Francisco","state":"CA","address":"1480 Haight Street","name":""},
  {"lat":38.300155,"lon":-122.286263,"city":"Napa","state":"CA","address":"1136 Main Street","name":""},
  {"lat":37.809167,"lon":-122.411389,"city":"San Francisco","state":"CA","address":"Pier 41, San Francisco Pier 41","name":""},
  {"lat":34.23911,"lon":-118.55356,"city":"Northridge","state":"CA","address":"9301 Tampa Avenue, #121","name":""},
  {"lat":34.416321,"lon":-118.549547,"city":"Valencia","state":"CA","address":"23630-D Valencia Boulevard, Creekside Plaza","name":""},
  {"lat":34.15761,"lon":-118.4383,"city":"Sherman Oaks","state":"CA","address":"14006 Riverside Drive","name":""},
  {"lat":37.807618,"lon":-122.420436,"city":"San Francisco","state":"CA","address":"475 Jefferson Street","name":""},
  {"lat":37.795938,"lon":-122.278079,"city":"Oakland","state":"CA","address":"505 Embarcadero West","name":""},
  {"lat":39.678466,"lon":-104.959562,"city":"Denver","state":"CO","address":"2339 East Evans Ave","name":""},
  {"lat":41.306447,"lon":-72.927101,"city":"New Haven","state":"CT","address":"159 Temple Street","name":""},
  {"lat":41.49254,"lon":-72.09596,"city":"Uncasville","state":"CT","address":"1 Mohegan Sun Blvd, Space C130","name":""},
  {"lat":26.019233,"lon":-80.115248,"city":"Hollywood","state":"FL","address":"1202 N Broadwalk","name":""},
  {"lat":26.196771,"lon":-81.812625,"city":"Naples","state":"FL","address":"4320 Gulfshore Blvd N, Venetian Village","name":""},
  {"lat":28.346786,"lon":-81.419767,"city":"Kissimmee","state":"FL","address":"3234 N John Young Parkway","name":""},
  {"lat":27.317885,"lon":-82.57724,"city":"Sarasota","state":"FL","address":"372A St Armands Circle","name":""},
  {"lat":26.46169,"lon":-80.060115,"city":"Delray Beach","state":"FL","address":"1155 E Atlantic Ave","name":""},
  {"lat":30.110804,"lon":-81.415793,"city":"Ponte Vedra","state":"FL","address":"295 Pine Lake Drive, Suite No. C101","name":""},
  {"lat":28.086623,"lon":-80.652095,"city":"Melbourne","state":"FL","address":"1800 W Hibiscus Blvd, Suite 118","name":""},
  {"lat":25.789413,"lon":-80.141169,"city":"Miami Beach","state":"FL","address":"1631 Alton Road","name":""},
  {"lat":25.986061,"lon":-80.129929,"city":"Hallandale","state":"FL","address":"1723 E Hallandale Beach Blvd","name":""},
  {"lat":26.12048,"lon":-80.176635,"city":"Fort Lauderdale","state":"FL","address":"2630 West Broward Blvd, Suite 101","name":""},
  {"lat":29.893927,"lon":-81.312854,"city":"St. Augustine","state":"FL","address":"128 Saint George Street","name":""},
  {"lat":29.19247,"lon":-81.07115,"city":"Daytona Beach","state":"FL","address":"230 Daytona Blvd, Ste G-630","name":""},
  {"lat":41.89211,"lon":-87.60986,"city":"Chicago","state":"IL","address":"600 East Grand Ave","name":""},
  {"lat":42.088752,"lon":-87.824005,"city":"Glenview","state":"IL","address":"1860 Tower Drive, The Glen Town Center","name":""},
  {"lat":39.264229,"lon":-76.607529,"city":"Baltimore","state":"MD","address":"2450 Rye St, Suite 105","name":""},
  {"lat":38.996803,"lon":-77.025464,"city":"Silver Spring","state":"MD","address":"903 Ellsworth Dr","name":""},
  {"lat":42.362113,"lon":-71.157568,"city":"Watertown","state":"MA","address":"103 Arsenal Yards Boulevard","name":""},
  {"lat":42.44421,"lon":-73.25507,"city":"Pittsfield","state":"MA","address":"179 South Street","name":""},
  {"lat":42.351262,"lon":-71.044438,"city":"Boston","state":"MA","address":"83 Seaport Boulevard","name":""},
  {"lat":42.178558,"lon":-70.909042,"city":"Hingham","state":"MA","address":"92 Derby Street #113","name":""},
  {"lat":42.34719,"lon":-71.099081,"city":"Boston","state":"MA","address":"61 Brookline Ave","name":""},
  {"lat":42.220437,"lon":-71.02899,"city":"Braintree","state":"MA","address":"30 Forbes Road","name":""},
  {"lat":42.35058,"lon":-71.078815,"city":"Boston","state":"MA","address":"174 Newbury Street","name":""},
  {"lat":42.359799,"lon":-71.054536,"city":"Boston","state":"MA","address":"4 South Market Street","name":""},
  {"lat":42.360244,"lon":-71.055825,"city":"Boston","state":"MA","address":"8 North Market St, Bay 22 in the North Market","name":""},
  {"lat":42.34871,"lon":-71.08238,"city":"Boston","state":"MA","address":"800 Boylston Street, Prudential Center","name":""},
  {"lat":30.39199,"lon":-88.887637,"city":"Biloxi","state":"MS","address":"777 Beach Boulevard","name":""},
  {"lat":44.946651,"lon":-93.321689,"city":"Minneapolis","state":"MN","address":"3070 Excelsior Boulevard","name":""},
  {"lat":36.11902,"lon":-115.17263,"city":"Las Vegas","state":"NV","address":"3475 Las Vegas Boulevard South","name":""},
  {"lat":36.114034,"lon":-115.172294,"city":"Las Vegas","state":"NV","address":"3635 Las Vegas Boulevard South, Suite 606","name":""},
  {"lat":36.114061,"lon":-115.170627,"city":"Las Vegas","state":"NV","address":"Horseshoe Casino, 3645 S Las Vegas Blvd","name":""},
  {"lat":36.021764,"lon":-115.085324,"city":"Henderson","state":"NV","address":"2225 Village Walk Drive, The Shops at Green Valley Ranch","name":""},
  {"lat":36.06363,"lon":-115.04031,"city":"Henderson","state":"NV","address":"1301 West Sunset Road","name":""},
  {"lat":40.87102,"lon":-73.42794,"city":"Huntington","state":"NY","address":"298 Main Street","name":""},
  {"lat":40.764133,"lon":-73.9885,"city":"New York City","state":"NY","address":"401 West 51st Street","name":""},
  {"lat":42.652865,"lon":-73.768456,"city":"Albany","state":"NY","address":"467 Madison Ave.","name":""},
  {"lat":40.75844,"lon":-73.97899,"city":"New York City","state":"NY","address":"30 Rockefeller Center, Concourse Level","name":""},
  {"lat":40.75734,"lon":-73.98601,"city":"New York City","state":"NY","address":"200 West 44th Street","name":""},
  {"lat":43.08043,"lon":-73.78417,"city":"Saratoga Springs","state":"NY","address":"34 Phila Street","name":""},
  {"lat":38.879048,"lon":-77.024988,"city":"Washington","state":"DC","address":"705 Wharf Street Southwest","name":""},
  {"lat":35.14748,"lon":-80.80985,"city":"Charlotte","state":"NC","address":"7800 Fairview Road, Foxcroft East Shopping Center","name":""},
  {"lat":35.497949,"lon":-80.84912,"city":"Davidson","state":"NC","address":"202 South Main Street, PO Box 1761","name":""},
  {"lat":35.913087,"lon":-79.055977,"city":"Chapel Hill","state":"NC","address":"102 West Franklin Street","name":""},
  {"lat":44.0438,"lon":-121.314701,"city":"Bend","state":"OR","address":"680 SW Powerhouse Drive, Old Mill District at Riverbend","name":""},
  {"lat":39.953384,"lon":-75.202762,"city":"Philadelphia","state":"PA","address":"218 S. 40th Street","name":""},
  {"lat":33.719404,"lon":-78.879843,"city":"Myrtle Beach","state":"SC","address":"1200 Celebrity Circle, Suite 209","name":""},
  {"lat":41.762924,"lon":-71.457742,"city":"Cranston","state":"RI","address":"Garden City, 62 Hillside Road","name":""},
  {"lat":33.714584,"lon":-78.884011,"city":"Myrtle Beach","state":"SC","address":"1303 Celebrity Circle, Suite 125A","name":""},
  {"lat":32.246103,"lon":-80.832156,"city":"Bluffton","state":"SC","address":"1260 Fording Island Road, Suite 440","name":""},
  {"lat":33.784406,"lon":-78.770795,"city":"Myrtle Beach","state":"SC","address":"10835 King Road South, Suite 701","name":""},
  {"lat":32.792549,"lon":-79.853001,"city":"Mount Pleasant","state":"SC","address":"1440 Ben Sawyer Blvd, Suite 1200","name":""},
  {"lat":33.669935,"lon":-78.905521,"city":"Myrtle Beach","state":"SC","address":"2005-C Ocean Boulevard","name":""},
  {"lat":32.60648,"lon":-80.14863,"city":"Kiawah Island","state":"SC","address":"624 Freshfields Drive, U-109","name":""},
  {"lat":38.83906,"lon":-121.31173,"city":"Lincoln","state":"CA","address":"1200 Athens Ave.","name":""},
  {"lat":36.14606,"lon":-86.79954,"city":"Nashville","state":"TN","address":"416-A 21st Avenue South","name":""},
  {"lat":38.929676,"lon":-77.055087,"city":"Washington","state":"DC","address":"3001 Connecticut Avenue NW","name":""},
  {"lat":29.276129,"lon":-94.809788,"city":"Galveston","state":"TX","address":"4408 Seawall Boulevard","name":""},
  {"lat":26.195557,"lon":-98.256424,"city":"McAllen","state":"TX","address":"3300 W Expy 83, Building 1200, Unit 1210","name":""},
  {"lat":26.188285,"lon":-98.235457,"city":"McAllen","state":"TX","address":"2200 S 10th St, Unit C77","name":""},
  {"lat":44.588359,"lon":-72.790042,"city":"Jeffersonville","state":"VT","address":"4323 VT-108","name":""},
  {"lat":38.80405,"lon":-77.04031,"city":"Alexandria","state":"VA","address":"103 S Union Street","name":""},
  {"lat":37.238995,"lon":-76.510478,"city":"Yorktown","state":"VA","address":"332 Water Street, Building L","name":""},
  {"lat":37.31909,"lon":-76.7352,"city":"Williamsburg","state":"VA","address":"5699 Richmond Road, 18","name":""},
  {"lat":43.032794,"lon":-87.907562,"city":"Milwaukee","state":"WI","address":"203 N. Broadway","name":""},
  {"lat":33.92437,"lon":-84.346781,"city":"Dunwoody","state":"GA","address":"210 High Street Suite 109","name":""},
  {"lat":47.544394,"lon":-122.01606,"city":"Issaquah","state":"WA","address":"1011 NE High Street, Suite 103","name":""},
  {"lat":47.578794,"lon":-122.411157,"city":"Seattle","state":"WA","address":"2742 Alki Ave SW","name":""},
  {"lat":47.674398,"lon":-122.206043,"city":"Kirkland","state":"WA","address":"176 Lake Street South","name":""},
  {"lat":29.722725,"lon":-95.41852,"city":"Houston","state":"TX","address":"5515 Kirby Drive","name":""},
  {"lat":38.78573,"lon":-77.01616,"city":"Oxon Hill","state":"MD","address":"138 National Plaza, National Plaza","name":""},
  {"lat":47.611739,"lon":-122.20157,"city":"Bellevue","state":"WA","address":"166 Bellevue Way NE","name":""},
  {"lat":47.658374,"lon":-117.560952,"city":"Airway Heights","state":"WA","address":"100 North Hayford Road","name":""},
  {"lat":35.836886,"lon":-78.643098,"city":"Raleigh","state":"NC","address":"4160 Main Street","name":""},
  {"lat":32.078869,"lon":-81.091668,"city":"Savannah","state":"GA","address":"25 E Broughton Street, Suite 1B","name":""},
  {"lat":47.604187,"lon":-122.339084,"city":"Seattle","state":"WA","address":"Pier 54, 1001 Alaskan Way","name":""},
  {"lat":44.052426,"lon":-71.128415,"city":"North Conway","state":"NH","address":"26 Norcross Circle, P.O. Box 526 (mail)","name":""},
  {"lat":38.932456,"lon":-74.923239,"city":"Cape May","state":"NJ","address":"414 Washington Street","name":""},
  {"lat":47.659019,"lon":-117.423644,"city":"Spokane","state":"WA","address":"808 W Main Ave, Cafes On 3 - Space 10","name":""},
  {"lat":41.486413,"lon":-71.315501,"city":"Newport","state":"RI","address":"33 Bannisters Wharf","name":""},
  {"lat":41.48376,"lon":-71.31466,"city":"Newport","state":"RI","address":"359 Thames Street","name":""},
  {"lat":35.14048,"lon":-90.058842,"city":"Memphis","state":"TN","address":"261 Riverside Drive","name":""},
  {"lat":42.359142,"lon":-71.049673,"city":"Boston","state":"MA","address":"NE Aquarium Central Wharf, NE Aquarium Central Wharf","name":""},
  {"lat":43.173488,"lon":-73.049441,"city":"Manchester","state":"VT","address":"454 Depot Street","name":""},
  {"lat":26.119537,"lon":-80.104536,"city":"Ft. Lauderdale","state":"FL","address":"235 S. Fort Lauderdale Beach Blvd.","name":""},
  {"lat":43.423589,"lon":-73.713559,"city":"Lake George","state":"NY","address":"170 Canada Street","name":""},
  {"lat":25.750653,"lon":-80.256528,"city":"Coral Gables","state":"FL","address":"80 Aragon Ave","name":""},
  {"lat":40.76588,"lon":-73.015632,"city":"Patchogue","state":"NY","address":"17 W. Main Street","name":""},
  {"lat":40.809478,"lon":-73.106545,"city":"Ronkonkoma","state":"NY","address":"3 Hawkins Ave., Unit #1104","name":""},
  {"lat":41.190067,"lon":-73.730537,"city":"Mount Kisco","state":"NY","address":"639 E. Main Street","name":""},
  {"lat":33.547314,"lon":-112.262501,"city":"Glendale","state":"AZ","address":"9431 W. Northern Ave.","name":""},
  {"lat":43.36145,"lon":-70.4759,"city":"Kennebunkport","state":"ME","address":"5 Union Street","name":""},
  {"lat":34.102755,"lon":-118.340407,"city":"Los Angeles","state":"CA","address":"6801 Hollywood Boulevard, Suite 157","name":""},
  {"lat":40.917089,"lon":-72.661044,"city":"Riverhead","state":"NY","address":"87 E. Main Street","name":""},
  {"lat":34.136164,"lon":-118.353963,"city":"Universal City","state":"CA","address":"100 Universal City Plaza, Space #151","name":""},
  {"lat":39.08406,"lon":-77.1509,"city":"Rockville","state":"MD","address":"199-F East Montgomery Avenue","name":""},
  {"lat":33.957733,"lon":-83.375163,"city":"Athens","state":"GA","address":"105 College Avenue","name":""},
  {"lat":33.763245,"lon":-84.357943,"city":"Atlanta","state":"GA","address":"312 N. Highland Ave, Suite A","name":""},
  {"lat":31.991906,"lon":-80.847501,"city":"Tybee Island","state":"GA","address":"15 C Tybrisa St","name":""},
  {"lat":42.372822,"lon":-71.120186,"city":"Cambridge","state":"MA","address":"35 JFK Street","name":""},
  {"lat":42.390117,"lon":-71.117704,"city":"Cambridge","state":"MA","address":"59 White Street","name":""},
  {"lat":36.085244,"lon":-79.83713,"city":"Greensboro","state":"NC","address":"3332 W Friendly Avenue, The Shops at Friendly Center","name":""},
  {"lat":41.770722,"lon":-88.15022,"city":"Naperville","state":"IL","address":"120 Water Street, Suite 106","name":""},
  {"lat":42.045759,"lon":-88.037378,"city":"Schaumburg","state":"IL","address":"5 Woodfield Mall, Unit F121","name":""},
  {"lat":44.35176,"lon":-72.73944,"city":"Waterbury","state":"VT","address":"1281 Waterbury-Stowe Road, Route 100","name":""},
  {"lat":43.65645,"lon":-71.49869,"city":"Meredith","state":"NH","address":"312 Daniel Webster Highway, Mill Falls Marketplace","name":""},
  {"lat":38.958702,"lon":-77.357194,"city":"Reston","state":"VA","address":"11916 Market Street","name":""},
  {"lat":42.29914,"lon":-71.38786,"city":"Natick","state":"MA","address":"1265 Worcester Street, Route 9 West","name":""},
  {"lat":42.33898,"lon":-71.589736,"city":"Marlborough","state":"MA","address":"187 Boston Post Road West","name":""},
  {"lat":35.114587,"lon":-89.894961,"city":"Memphis","state":"TN","address":"5007 Black Road, Space 110","name":""},
  {"lat":35.595226,"lon":-82.55441,"city":"Asheville","state":"NC","address":"19 Haywood Street","name":""},
  {"lat":41.82422,"lon":-72.88482,"city":"Canton","state":"CT","address":"110 Albany Turnpike, Shoppes at Farmington Valley","name":""},
  {"lat":41.71257,"lon":-72.607606,"city":"Glastonbury","state":"CT","address":"41 Hebron Ave","name":""},
  {"lat":40.741288,"lon":-74.029709,"city":"Hoboken","state":"NJ","address":"405 Washington Street","name":""},
  {"lat":41.82809,"lon":-71.40066,"city":"Providence","state":"RI","address":"224 Thayer Street","name":""},
  {"lat":36.860495,"lon":-75.978491,"city":"Virginia Beach","state":"VA","address":"3220 Atlantic Ave","name":""},
  {"lat":40.980944,"lon":-74.117484,"city":"Ridgewood","state":"NJ","address":"104-106 Franklin Ave.","name":""},
  {"lat":40.781774,"lon":-74.005942,"city":"West New York","state":"NJ","address":"22 Riverwalk Place","name":""},
  {"lat":43.856125,"lon":-70.102682,"city":"Freeport","state":"ME","address":"1 Freeport Village Station, Suite 300 S","name":""},
  {"lat":41.812191,"lon":-72.556158,"city":"South Windsor","state":"CT","address":"301 Evergreen Way","name":""},
  {"lat":41.7617,"lon":-72.741902,"city":"West Hartford","state":"CT","address":"5 1/2 South Main","name":""},
  {"lat":42.279125,"lon":-83.74082,"city":"Ann Arbor","state":"MI","address":"304 South State Street","name":""},
  {"lat":40.017885,"lon":-105.279963,"city":"Boulder","state":"CO","address":"1203 Pearl Street","name":""},
  {"lat":36.218907,"lon":-81.68429,"city":"Boone","state":"NC","address":"671 West King Street","name":""},
  {"lat":44.4793,"lon":-73.21261,"city":"Burlington","state":"VT","address":"36 Church Street","name":""},
  {"lat":34.664852,"lon":-77.034976,"city":"Emerald Isle","state":"NC","address":"8204 Emerald Drive, Unit 2","name":""},
  {"lat":40.58709,"lon":-105.07588,"city":"Fort Collins","state":"CO","address":"1 Old Town Square, Suite 104","name":""},
  {"lat":38.858578,"lon":-77.356052,"city":"Fairfax","state":"VA","address":"4205 Fairfax Corner East","name":""},
  {"lat":38.900895,"lon":-77.266037,"city":"Vienna","state":"VA","address":"136C Maple Avenue West","name":""},
  {"lat":33.741333,"lon":-116.412269,"city":"Rancho Mirage","state":"CA","address":"71800 Highway 111, Unit A-124","name":""},
  {"lat":34.181924,"lon":-118.311171,"city":"Burbank","state":"CA","address":"164 E Palm Avenue, Unit 101","name":""},
  {"lat":41.487126,"lon":-81.534813,"city":"University Heights","state":"OH","address":"20650 John Carroll Blvd.","name":""},
  {"lat":30.378119,"lon":-86.331729,"city":"Miramar Beach","state":"FL","address":"9375 Emerald Coast Parkway","name":""},
  {"lat":35.054129,"lon":-85.3108,"city":"Chattanooga","state":"TN","address":"201 Broad Street","name":""},
  {"lat":35.712868,"lon":-83.514087,"city":"Gatlinburg","state":"TN","address":"638 Parkway","name":""},
  {"lat":38.051483,"lon":-78.500383,"city":"Charlottesville","state":"VA","address":"1112 Emmet Street","name":""},
  {"lat":27.978918,"lon":-82.827214,"city":"Clearwater Beach","state":"FL","address":"409 Mandalay Avenue","name":""},
  {"lat":35.833036,"lon":-83.572834,"city":"Sevierville","state":"TN","address":"1645 Parkway, Suite 1440","name":""},
  {"lat":27.95329,"lon":-82.503437,"city":"Tampa","state":"FL","address":"1106 Gramercy Lane","name":""},
  {"lat":44.290791,"lon":-73.985034,"city":"Lake Placid","state":"NY","address":"2423 Main Street","name":""},
  {"lat":38.655885,"lon":-90.304049,"city":"University City","state":"MO","address":"6380 Delmar Boulevard","name":""},
  {"lat":33.01893,"lon":-96.79533,"city":"Plano","state":"TX","address":"1501 Preston Road, Suite 400","name":""},
  {"lat":40.79982,"lon":-73.968083,"city":"New York City","state":"NY","address":"2722 Broadway","name":""},
  {"lat":33.07488,"lon":-97.084944,"city":"Highland Village","state":"TX","address":"4061 Barton Creek, Suite 120","name":""},
  {"lat":39.734013,"lon":-84.180503,"city":"Dayton","state":"OH","address":"1934 Brown Street","name":""},
  {"lat":47.68561,"lon":-122.33681,"city":"Seattle","state":"WA","address":"7900 E Green Lake Drive N, Suite 104","name":""},
  {"lat":36.85402,"lon":-75.97674,"city":"Virginia Beach","state":"VA","address":"2510 Atlantic Ave","name":""},
  {"lat":47.300483,"lon":-122.579272,"city":"Gig Harbor","state":"WA","address":"4635 Point Fosdick Drive NW, Building 11, Suite 400","name":""},
  {"lat":44.969814,"lon":-93.514489,"city":"Wayzata","state":"MN","address":"539 East Lake Street, 1st Floor","name":""},
  {"lat":33.822874,"lon":-116.5468,"city":"Palm Springs","state":"CA","address":"110 South Palm Canyon Drive","name":""},
  {"lat":42.991499,"lon":-71.46309,"city":"Manchester","state":"NH","address":"940 Elm St","name":""},
  {"lat":41.501926,"lon":-81.682824,"city":"Cleveland","state":"OH","address":"Cleveland Playhouse, 1422 Euclid Avenue, Suite 1418","name":""},
  {"lat":41.676907,"lon":-83.623279,"city":"Toledo","state":"OH","address":"3305 W. Central Avenue, Unit A2-35","name":""},
  {"lat":32.71139,"lon":-117.170182,"city":"San Diego","state":"CA","address":"859 A West Harbor Drive","name":""},
  {"lat":45.518201,"lon":-122.678212,"city":"Portland","state":"OR","address":"524 SW Yamhill","name":""},
  {"lat":40.69354,"lon":-73.968192,"city":"Brooklyn","state":"NY","address":"431 Myrtle Avenue","name":""},
  {"lat":18.457908,"lon":-66.074501,"city":"San Juan","state":"PR","address":"1049 Ashford Ave, Bldg B","name":""},
  {"lat":38.622223,"lon":-90.191311,"city":"St. Louis","state":"MO","address":"405 S Broadway","name":""},
  {"lat":18.391557,"lon":-66.118049,"city":"Guaynabo","state":"PR","address":"Ave Ramirez de Arellano, Estacion Tren Urbano Torrimar","name":""},
  {"lat":36.139531,"lon":-86.803517,"city":"Nashville","state":"TN","address":"2200 Children's Way, Food Court 2nd Floor","name":""},
  {"lat":30.31467,"lon":-81.680577,"city":"Jacksonville","state":"FL","address":"1027 Park Street","name":""},
  {"lat":43.084675,"lon":-77.674674,"city":"Rochester","state":"NY","address":"139 Lomb Memorial Drive, Shop # 1370","name":""},
  {"lat":28.474751,"lon":-81.448992,"city":"Orlando","state":"FL","address":"4951 International Drive","name":""},
  {"lat":42.474368,"lon":-72.614106,"city":"South Deerfield","state":"MA","address":"25 Greenfield Rd","name":""},
  {"lat":41.296691,"lon":-72.376912,"city":"Old Saybrook","state":"CT","address":"19 Main Street","name":""},
  {"lat":41.65348,"lon":-70.28237,"city":"Hyannis","state":"MA","address":"352 Main Street","name":""},
  {"lat":42.050818,"lon":-70.187412,"city":"Provincetown","state":"MA","address":"258 Commercial Street, P.O. Box 293","name":""},
  {"lat":47.636998,"lon":-117.410414,"city":"Spokane","state":"WA","address":"1928 S. Tekoa","name":""},
  {"lat":40.809994,"lon":-72.642722,"city":"Westhampton Beach","state":"NY","address":"121 Main Street","name":""},
  {"lat":39.56719,"lon":-74.23757,"city":"Beach Haven","state":"NJ","address":"600 N Bay Avenue","name":""},
  {"lat":41.85503,"lon":-69.98652,"city":"North Eastham","state":"MA","address":"50 Brackett Road, P.O. Box 1129","name":""},
  {"lat":42.380441,"lon":-76.873394,"city":"Watkins Glen","state":"NY","address":"418 N Franklin Street","name":""},
  {"lat":43.249664,"lon":-70.599877,"city":"Ogunquit","state":"ME","address":"238 Main Street, Ogunquit Remedies","name":""},
  {"lat":36.839986,"lon":-75.972825,"city":"Virginia Beach","state":"VA","address":"1116 Atlantic Ave","name":""},
  {"lat":39.273717,"lon":-74.575026,"city":"Ocean City","state":"NJ","address":"1078 Boardwalk","name":""},
  {"lat":41.17288,"lon":-71.55817,"city":"New Shoreham","state":"RI","address":"224 Water Street, Seaside Marketplace","name":""},
  {"lat":36.745807,"lon":-75.946085,"city":"Virginia Beach","state":"VA","address":"312 Sandbridge Road","name":""},
  {"lat":33.707591,"lon":-78.861902,"city":"Myrtle Beach","state":"SC","address":"2913-B North Ocean Boulevard","name":""},
  {"lat":47.553074,"lon":-122.065362,"city":"Issaquah","state":"WA","address":"2000 NW Sammamish Road","name":""},
  {"lat":38.197443,"lon":-85.636941,"city":"Louisville","state":"KY","address":"Middletown Commons - 13301, Ste. 106","name":""},
  {"lat":39.956271,"lon":-86.127231,"city":"Carmel","state":"IN","address":"1685 E. 116th Street, Suite 145","name":""}]}