{"key":"big_boy","displayName":"Big Boy","category":"restaurant","useLocationName":false,"locations":[
  {"lat":42.296911,"lon":-85.235655,"city":"","state":"MI","address":"Big Boy, 2183 W Columbia Ave, Battle Creek, MI 49015, USA","name":""},
  {"lat":42.627213,"lon":-82.987908,"city":"Clinton Township","state":"MI","address":"16880 Hall Road, Clinton Township, MI, USA","name":""},
  {"lat":42.005998,"lon":-84.004446,"city":"Tecumseh","state":"MI","address":"2701 E Monroe Rd, Tecumseh, MI 49286, USA","name":""},
  {"lat":42.507466,"lon":-83.042413,"city":"Warren","state":"MI","address":"11587 Twelve Mile Rd, Warren, MI 48093, USA","name":""},
  {"lat":42.548827,"lon":-83.185222,"city":"Troy","state":"MI","address":"200 W Maple Rd, Troy, MI 48084, USA","name":""},
  {"lat":42.927568,"lon":-83.665479,"city":"Grand Blanc","state":"MI","address":"11432 S Saginaw St, Grand Blanc, MI 48439, USA","name":""},
  {"lat":43.219018,"lon":-85.606888,"city":"Cedar Springs","state":"MI","address":"13961 White Creek Ave NE, Cedar Springs, MI 49319, USA","name":""},
  {"lat":45.048171,"lon":-83.487887,"city":"Alpena","state":"MI","address":"400 S Ripley Blvd, Alpena, MI 49707, USA","name":""},
  {"lat":44.24973,"lon":-84.259815,"city":"West Branch","state":"MI","address":"2981 Cook Rd, West Branch, MI 48661, USA","name":""},
  {"lat":42.507774,"lon":-83.256887,"city":"Southfield","state":"MI","address":"29700 Southfield Rd, Southfield, MI 48076, USA","name":""},
  {"lat":45.947786,"lon":-86.272406,"city":"Manistique","state":"MI","address":"607 E Lake Shore Dr, Manistique, MI 49854, USA","name":""},
  {"lat":42.410642,"lon":-83.445129,"city":"Livonia","state":"MI","address":"37123 6 Mile Rd, Livonia, MI 48152, USA","name":""},
  {"lat":42.914206,"lon":-82.523875,"city":"Marysville","state":"MI","address":"2555 Gratiot Boulevard, Marysville, MI 48040, USA","name":""},
  {"lat":42.431511,"lon":-83.374925,"city":"Grosse Pointe","state":"MI","address":"20710 Mack Ave, Grosse Pointe, MI 48236, USA","name":""},
  {"lat":42.549498,"lon":-82.960861,"city":"Fraser","state":"MI","address":"34500 Utica Road, Fraser, MI, USA","name":""},
  {"lat":44.742081,"lon":-85.676464,"city":"Traverse City","state":"MI","address":"3828 U.S. 31, Traverse City, MI 49684, USA","name":""},
  {"lat":46.804805,"lon":-100.788585,"city":"Bismarck","state":"ND","address":"2511 E Main Ave, Bismarck, ND 58501, USA","name":""},
  {"lat":42.707638,"lon":-83.3441,"city":"Orion Township","state":"MI","address":"4940 South Baldwin Road, Orion Township, MI, USA","name":""},
  {"lat":42.482719,"lon":-83.319842,"city":"Southfield","state":"MI","address":"26400 Telegraph Rd, Southfield, MI 48033, USA","name":""},
  {"lat":34.231649,"lon":-118.59698,"city":"Northridge","state":"CA","address":"8876 Corbin Ave, Northridge, CA 91324, USA","name":""},
  {"lat":34.15248,"lon":-118.348292,"city":"Burbank","state":"CA","address":"4211 W Riverside Dr, Burbank, CA 91505, USA","name":""},
  {"lat":43.176919,"lon":-83.806262,"city":"Clio","state":"MI","address":"4447 W Vienna Rd, Clio, MI 48420, USA","name":""},
  {"lat":43.616488,"lon":-84.250181,"city":"Midland","state":"MI","address":"1513 S Saginaw Rd, Midland, MI 48640, USA","name":""},
  {"lat":42.987993,"lon":-84.578742,"city":"St. Johns","state":"MI","address":"1408 South US 27, St Johns, MI 48879, USA","name":""},
  {"lat":43.840428,"lon":-84.804115,"city":"Clare","state":"MI","address":"10240 S Clare Ave, Clare, MI 48617, USA","name":""},
  {"lat":33.933815,"lon":-117.591982,"city":"Norco","state":"CA","address":"3521 Hamner Ave, Norco, CA 92860, USA","name":""},
  {"lat":43.031355,"lon":-82.464977,"city":"Port Huron","state":"MI","address":"24th Avenue, Port Huron, Michigan 48060, USA","name":""},
  {"lat":42.571404,"lon":-84.858781,"city":"Charlotte","state":"MI","address":"530 Lansing St, Charlotte, MI 48813, USA","name":""},
  {"lat":43.154698,"lon":-86.207449,"city":"Muskegon","state":"MI","address":"1720 E Sternberg Rd, Muskegon, MI 49444, USA","name":""},
  {"lat":45.027047,"lon":-84.730928,"city":"Gaylord","state":"MI","address":"1359 W Main St, Gaylord, MI 49735, USA","name":""},
  {"lat":41.413931,"lon":-81.668198,"city":"Valley View","state":"OH","address":"7800 Granger Rd, Valley View, OH 44125, USA","name":""},
  {"lat":44.237874,"lon":-85.431906,"city":"Cadillac","state":"MI","address":"1310 S Mitchell St, Cadillac, MI 49601, USA","name":""},
  {"lat":42.742264,"lon":-83.13949,"city":"Oakland charter Township","state":"MI","address":"3756 Rochester Rd, Oakland charter Township, MI 48306, USA","name":""},
  {"lat":42.138859,"lon":-83.282487,"city":"Woodhaven","state":"MI","address":"22100 West Rd, Woodhaven, MI 48183, USA","name":""},
  {"lat":42.245152,"lon":-83.383779,"city":"Romulus","state":"MI","address":"8210 Merriman Rd, Romulus, MI 48174, USA","name":""},
  {"lat":46.547685,"lon":-87.464545,"city":"Marquette","state":"MI","address":"1950 US Highway 41, Marquette, MI, USA","name":""},
  {"lat":42.199169,"lon":-83.186814,"city":"Wyandotte","state":"MI","address":"3366 Biddle Ave, Wyandotte, MI 48192, USA","name":""},
  {"lat":43.177748,"lon":-85.312566,"city":"Greenville","state":"MI","address":"1500 W Washington St, Greenville, MI 48838, USA","name":""},
  {"lat":44.282136,"lon":-83.47465,"city":"East Tawas","state":"MI","address":"1222 South U.S. 23, East Tawas, MI 48730, USA","name":""},
  {"lat":44.724837,"lon":-85.186345,"city":"Kalkaska","state":"MI","address":"660 U.S. 131, Kalkaska, MI 49646, USA","name":""},
  {"lat":42.326294,"lon":-83.356006,"city":"Garden City","state":"MI","address":"28340 Ford Rd, Garden City, MI 48135, USA","name":""},
  {"lat":42.515582,"lon":-83.140979,"city":"Madison Heights","state":"MI","address":"30460 John R Rd, Madison Heights, MI 48071, USA","name":""},
  {"lat":41.418882,"lon":-81.815103,"city":"Brookpark","state":"OH","address":"12920 Brookpark Road, Brookpark, Ohio 44142, USA","name":""},
  {"lat":42.875122,"lon":-85.796198,"city":"","state":"MI","address":"4950 Wilson Ave SW, Wyoming, MI 49418, USA","name":""},
  {"lat":42.589694,"lon":-84.459625,"city":"Mason","state":"MI","address":"660 N Cedar St, Mason, MI 48854, USA","name":""},
  {"lat":42.09864,"lon":-84.282288,"city":"Brooklyn","state":"MI","address":"329 S Main St, Brooklyn, MI 49230, USA","name":""},
  {"lat":43.008374,"lon":-83.105931,"city":"Imlay City","state":"MI","address":"1949 S Cedar St, Imlay City, MI 48444, USA","name":""},
  {"lat":42.998585,"lon":-84.171157,"city":"Owosso","state":"MI","address":"1709 East M 21, Owosso, MI 48867, USA","name":""},
  {"lat":43.819163,"lon":-83.035529,"city":"Bad Axe","state":"MI","address":"900 N Van Dyke Rd, Bad Axe, MI 48413, USA","name":""},
  {"lat":33.947763,"lon":-118.182254,"city":"Downey","state":"CA","address":"7447 Firestone Blvd, Downey, CA 90241, USA","name":""},
  {"lat":45.630352,"lon":-84.514103,"city":"Cheboygan","state":"MI","address":"861 S Main St, Cheboygan, MI, USA","name":""},
  {"lat":42.231354,"lon":-83.305149,"city":"Taylor","state":"MI","address":"10450 Telegraph Rd, Taylor, MI 48180, USA","name":""}]}