{"key":"bob_evans","displayName":"Bob Evans","category":"restaurant","useLocationName":false,"locations":[
  {"lat":39.52204,"lon":-76.18002,"city":"Aberdeen","state":"MD","address":"1024 Beards Hill Rd.","name":""},
  {"lat":38.861317,"lon":-86.51839,"city":"Bedford","state":"IN","address":"3321 16th St","name":""},
  {"lat":37.79547,"lon":-81.218735,"city":"Beckley","state":"WV","address":"102 Harper Park Dr","name":""},
  {"lat":37.810154,"lon":-81.184265,"city":"Beckley","state":"WV","address":"122 Industrial Dr","name":""},
  {"lat":39.72192,"lon":-84.06285,"city":"Beavercreek","state":"OH","address":"3409 Seajay Dr","name":""},
  {"lat":39.63341,"lon":-75.66058,"city":"Bear","state":"DE","address":"1301 Governors Pl","name":""},
  {"lat":41.45894,"lon":-81.488785,"city":"Beachwood","state":"OH","address":"3700 Orange Pl","name":""},
  {"lat":43.6241,"lon":-83.88983,"city":"Bay City","state":"MI","address":"4137 Wilder Rd","name":""},
  {"lat":42.261703,"lon":-85.19061,"city":"Battle Creek","state":"MI","address":"5421 Beckley Rd","name":""},
  {"lat":39.379868,"lon":-76.5019,"city":"Baltimore","state":"MD","address":"4110 Wholesale Club Dr.","name":""},
  {"lat":41.45959,"lon":-82.02287,"city":"Avon","state":"OH","address":"36160 Detroit Rd","name":""},
  {"lat":41.127445,"lon":-80.76916,"city":"Austintown","state":"OH","address":"1100 N Canfield Niles Rd","name":""},
  {"lat":39.076664,"lon":-84.89021,"city":"Aurora","state":"IN","address":"102 Links Way","name":""},
  {"lat":41.35402,"lon":-81.38794,"city":"Aurora","state":"OH","address":"7105 N Aurora Rd","name":""},
  {"lat":39.336937,"lon":-82.083145,"city":"Athens","state":"OH","address":"357 E State St","name":""},
  {"lat":41.879726,"lon":-80.752556,"city":"Ashtabula","state":"OH","address":"3319 N Ridge E","name":""},
  {"lat":39.892746,"lon":-82.043396,"city":"Zanesville","state":"OH","address":"2844 Maysville Pike","name":""},
  {"lat":39.94523,"lon":-82.000496,"city":"Zanesville","state":"OH","address":"450 Underwood St","name":""},
  {"lat":39.977097,"lon":-82.01495,"city":"Zanesville","state":"OH","address":"3006 Maple Ave","name":""},
  {"lat":39.964043,"lon":-76.76626,"city":"York","state":"PA","address":"1125 Carlisle Rd","name":""},
  {"lat":39.68919,"lon":-83.96537,"city":"Xenia","state":"OH","address":"1981 Harner Dr","name":""},
  {"lat":40.1178,"lon":-83.01529,"city":"Columbus","state":"OH","address":"7550 N High St (Rt 23 North & I-270)","name":""},
  {"lat":40.843803,"lon":-81.94356,"city":"Wooster","state":"OH","address":"3660 Burbank Rd","name":""},
  {"lat":40.78846,"lon":-81.93316,"city":"Wooster","state":"OH","address":"550 Robinson Rd","name":""},
  {"lat":41.60898,"lon":-83.473076,"city":"Northwood","state":"OH","address":"435 Lemoyne Rd","name":""},
  {"lat":39.74373,"lon":-84.12143,"city":"Dayton","state":"OH","address":"1285 Woodman Dr","name":""},
  {"lat":42.140038,"lon":-83.227974,"city":"Woodhaven","state":"MI","address":"23100 Allen Rd","name":""},
  {"lat":38.63813,"lon":-77.29883,"city":"Woodbridge","state":"VA","address":"14490 Smoketown Rd","name":""},
  {"lat":39.446407,"lon":-83.81295,"city":"Wilmington","state":"OH","address":"1075 E Side Dr","name":""},
  {"lat":41.60558,"lon":-81.440384,"city":"Willoughby","state":"OH","address":"34760 Maplegrove Rd","name":""},
  {"lat":39.43013,"lon":-80.18678,"city":"Fairmont","state":"WV","address":"9634 Mall Loop","name":""},
  {"lat":40.0765,"lon":-80.69786,"city":"Wheeling","state":"WV","address":"775 National Rd (Route 40 & I-70)","name":""},
  {"lat":39.565628,"lon":-76.97481,"city":"Westminster","state":"MD","address":"206 Malcolm Dr","name":""},
  {"lat":41.464428,"lon":-81.949776,"city":"Westlake","state":"OH","address":"29750 Detroit Rd","name":""},
  {"lat":40.147877,"lon":-82.92382,"city":"Westerville","state":"OH","address":"841 North State Street","name":""},
  {"lat":40.10507,"lon":-82.92432,"city":"Westerville","state":"OH","address":"23 Huber Village Blvd","name":""},
  {"lat":40.348,"lon":-79.94364,"city":"West Mifflin","state":"PA","address":"2210 Lebanon Church Rd","name":""},
  {"lat":41.033463,"lon":-85.25515,"city":"Fort Wayne","state":"IN","address":"5785 Coventry Ln","name":""},
  {"lat":39.32296,"lon":-84.42757,"city":"West Chester","state":"OH","address":"9223 Schulze Rd","name":""},
  {"lat":39.354366,"lon":-84.37,"city":"West Chester","state":"OH","address":"7781 Dudley Rd","name":""},
  {"lat":41.675163,"lon":-83.69081,"city":"Toledo","state":"OH","address":"6215 W Central Ave","name":""},
  {"lat":39.95241,"lon":-83.116455,"city":"Columbus","state":"OH","address":"4331 West Broad St.","name":""},
  {"lat":38.811596,"lon":-90.87574,"city":"Wentzville","state":"MO","address":"3001 Wentzville Pkwy","name":""},
  {"lat":40.392544,"lon":-80.5484,"city":"Weirton","state":"WV","address":"140 Park Dr","name":""},
  {"lat":39.89826,"lon":-80.14246,"city":"Waynesburg","state":"PA","address":"318 E Roy Furman Hwy","name":""},
  {"lat":39.131966,"lon":-82.978424,"city":"Waverly","state":"OH","address":"50 Morningside Dr","name":""},
  {"lat":39.551365,"lon":-83.42299,"city":"Washington","state":"OH","address":"1800 Columbus Ave","name":""},
  {"lat":38.5362,"lon":-90.98009,"city":"Washington","state":"MO","address":"3151 Phoenix Center Dr","name":""},
  {"lat":40.16479,"lon":-80.2726,"city":"Washington","state":"PA","address":"1380 W Chestnut St","name":""},
  {"lat":40.182377,"lon":-80.23427,"city":"Washington","state":"PA","address":"490 Oak Spring Rd","name":""},
  {"lat":41.2401,"lon":-85.81498,"city":"Warsaw","state":"IN","address":"3100 E Center Street Ext","name":""},
  {"lat":41.876312,"lon":-79.15225,"city":"Warren","state":"PA","address":"360 Jackson Run Rd","name":""},
  {"lat":40.562233,"lon":-84.17133,"city":"Wapakoneta","state":"OH","address":"1550 Saturn Dr","name":""},
  {"lat":41.047657,"lon":-81.72667,"city":"Wadsworth","state":"OH","address":"151 Park Center Dr","name":""},
  {"lat":40.81573,"lon":-85.83788,"city":"Wabash","state":"IN","address":"1485 N Cass St","name":""},
  {"lat":28.865744,"lon":-81.95668,"city":"The Villages","state":"FL","address":"360 Colony Blvd","name":""},
  {"lat":28.926657,"lon":-82.00806,"city":"The Villages","state":"FL","address":"2199 Parr Dr","name":""},
  {"lat":27.639643,"lon":-80.45341,"city":"Vero Beach","state":"FL","address":"6070 20th St","name":""},
  {"lat":27.049044,"lon":-82.39092,"city":"Venice","state":"FL","address":"4312 Tamiami Trl S","name":""},
  {"lat":40.859142,"lon":-84.595634,"city":"Van Wert","state":"OH","address":"761 W Ervin Rd","name":""},
  {"lat":41.4602,"lon":-87.03417,"city":"Valparaiso","state":"IN","address":"2201 Morthland Dr","name":""},
  {"lat":38.53792,"lon":-90.4967,"city":"Valley Park","state":"MO","address":"1 Lambert Drury Dr","name":""},
  {"lat":40.83555,"lon":-83.23916,"city":"Upper Sandusky","state":"OH","address":"1730 E Wyandot Ave","name":""},
  {"lat":39.912224,"lon":-79.74844,"city":"Uniontown","state":"PA","address":"681 W Main St","name":""},
  {"lat":40.07708,"lon":-83.12936,"city":"Dublin","state":"OH","address":"5160 Tuttle Crossing Blvd","name":""},
  {"lat":40.053913,"lon":-84.23409,"city":"Troy","state":"OH","address":"1749 W Main St","name":""},
  {"lat":40.061165,"lon":-80.59978,"city":"Triadelphia","state":"WV","address":"200 Cabela Dr","name":""},
  {"lat":44.74531,"lon":-85.53722,"city":"Traverse City","state":"MI","address":"1964 Us 31 N","name":""},
  {"lat":41.72233,"lon":-83.51456,"city":"Toledo","state":"OH","address":"1220 E Alexis Rd","name":""},
  {"lat":39.96312,"lon":-84.190445,"city":"Tipp City","state":"OH","address":"22 Weller Dr","name":""},
  {"lat":41.109524,"lon":-83.21467,"city":"Tiffin","state":"OH","address":"2310 W Market St","name":""},
  {"lat":39.433464,"lon":-87.41502,"city":"Terre Haute","state":"IN","address":"255 E. Margaret Drive","name":""},
  {"lat":28.06839,"lon":-82.358025,"city":"Temple Terrace","state":"FL","address":"12272 Morris Bridge Rd","name":""},
  {"lat":42.197884,"lon":-83.23458,"city":"Taylor","state":"MI","address":"20465 Eureka Rd","name":""},
  {"lat":40.267345,"lon":-82.92906,"city":"Sunbury","state":"OH","address":"7315 E State Route 37","name":""},
  {"lat":27.71131,"lon":-82.377335,"city":"Ruskin","state":"FL","address":"102 Commercial Center Dr","name":""},
  {"lat":38.299274,"lon":-80.83393,"city":"Summersville","state":"WV","address":"110 Merchants Walk","name":""},
  {"lat":41.240135,"lon":-81.3511,"city":"Streetsboro","state":"OH","address":"9361 State Route 14","name":""},
  {"lat":41.164436,"lon":-81.476456,"city":"Stow","state":"OH","address":"3489 Hudson Dr","name":""},
  {"lat":40.370064,"lon":-80.63521,"city":"Steubenville","state":"OH","address":"1997 Sunset Blvd","name":""},
  {"lat":35.347687,"lon":-80.84223,"city":"Charlotte","state":"NC","address":"9253 Statesville Rd","name":""},
  {"lat":38.46807,"lon":-77.410446,"city":"Stafford","state":"VA","address":"1020 Stafford Market Pl","name":""},
  {"lat":40.070885,"lon":-80.864395,"city":"St. Clairsville","state":"OH","address":"67881 Mall Rd","name":""},
  {"lat":38.78653,"lon":-90.53081,"city":"St. Charles","state":"MO","address":"1998 Zumbehl Rd","name":""},
  {"lat":39.92274,"lon":-83.7478,"city":"Springfield","state":"OH","address":"10 S Tuttle Rd","name":""},
  {"lat":39.738735,"lon":-89.705055,"city":"Springfield","state":"IL","address":"4221 Conestoga Dr","name":""},
  {"lat":38.78153,"lon":-77.18109,"city":"Springfield","state":"VA","address":"6310 Augusta Dr","name":""},
  {"lat":39.561504,"lon":-84.26433,"city":"Springboro","state":"OH","address":"40 Sharts Road","name":""},
  {"lat":28.532867,"lon":-82.51398,"city":"Spring Hill","state":"FL","address":"12966 Cortez Blvd","name":""},
  {"lat":39.66512,"lon":-86.09194,"city":"Indianapolis","state":"IN","address":"4441 Southport Crossings Dr","name":""},
  {"lat":39.89532,"lon":-83.8137,"city":"Springfield","state":"OH","address":"40 W Leffel Ln","name":""},
  {"lat":38.41819,"lon":-82.510086,"city":"South Point","state":"OH","address":"103 County Road 406","name":""},
  {"lat":27.949247,"lon":-81.97168,"city":"Lakeland","state":"FL","address":"6425 S Florida Ave","name":""},
  {"lat":39.883095,"lon":-82.999664,"city":"Columbus","state":"OH","address":"3800 S High St","name":""},
  {"lat":26.545538,"lon":-81.87298,"city":"Ft Myers","state":"FL","address":"7071 Cypress Lake Dr","name":""},
  {"lat":41.501614,"lon":-81.53992,"city":"South Euclid","state":"OH","address":"13875 Cedar Rd","name":""},
  {"lat":38.358173,"lon":-81.71831,"city":"South Charleston","state":"WV","address":"4001 Maccorkle Ave Sw (Rt 60 @ I-64)","name":""},
  {"lat":41.71374,"lon":-86.24979,"city":"Roseland","state":"IN","address":"204 Dixie Way","name":""},
  {"lat":37.050846,"lon":-84.6257,"city":"Somerset","state":"KY","address":"3061 S Highway 27","name":""},
  {"lat":35.50672,"lon":-78.31803,"city":"Smithfield","state":"NC","address":"907 Venture Dr","name":""},
  {"lat":40.288612,"lon":-84.1839,"city":"Sidney","state":"OH","address":"1870 Michigan St","name":""},
  {"lat":39.270393,"lon":-84.43779,"city":"Cincinnati","state":"OH","address":"11015 Prince Ln","name":""},
  {"lat":40.848072,"lon":-76.82048,"city":"Shamokin Dam","state":"PA","address":"3289 Susquehanna Trail","name":""},
  {"lat":28.008577,"lon":-82.30172,"city":"Seffner","state":"FL","address":"11720 Tampa Gateway Blvd.","name":""},
  {"lat":27.50719,"lon":-81.4932,"city":"Sebring","state":"FL","address":"2541 Us 27 N","name":""},
  {"lat":27.337538,"lon":-82.45169,"city":"Sarasota","state":"FL","address":"5903 Brookhill Blvd","name":""},
  {"lat":41.419033,"lon":-82.671295,"city":"Sandusky","state":"OH","address":"4321 Milan Rd","name":""},
  {"lat":38.410446,"lon":-75.56683,"city":"Salisbury","state":"MD","address":"2601 N Salisbury Blvd","name":""},
  {"lat":40.900517,"lon":-80.82848,"city":"Salem","state":"OH","address":"2299 E State St","name":""},
  {"lat":43.480606,"lon":-83.972496,"city":"Saginaw","state":"MI","address":"2832 Tittabawassee Rd","name":""},
  {"lat":39.713768,"lon":-82.98783,"city":"South Bloomfield","state":"OH","address":"5077 S Walnut St","name":""},
  {"lat":40.08885,"lon":-82.9922,"city":"Columbus","state":"OH","address":"960 E Dublin Granville Rd","name":""},
  {"lat":42.522224,"lon":-82.91944,"city":"Roseville","state":"MI","address":"30750 Gratiot Ave","name":""},
  {"lat":42.243046,"lon":-83.34312,"city":"Romulus","state":"MI","address":"30987 Flynn Dr","name":""},
  {"lat":39.974762,"lon":-83.15112,"city":"Columbus","state":"OH","address":"1111 Rome Hilliard Rd","name":""},
  {"lat":38.82101,"lon":-81.72952,"city":"Ripley","state":"WV","address":"3 Carter Pt","name":""},
  {"lat":38.88226,"lon":-82.36824,"city":"Rio Grande","state":"OH","address":"10854 State Route 588","name":""},
  {"lat":38.010834,"lon":-84.45747,"city":"Lexington","state":"KY","address":"2566 Richmond Rd","name":""},
  {"lat":39.87102,"lon":-84.88916,"city":"Richmond","state":"IN","address":"950 Mendelson Dr","name":""},
  {"lat":41.595512,"lon":-83.66411,"city":"Toledo","state":"OH","address":"2433 S Reynolds Rd","name":""},
  {"lat":39.98371,"lon":-82.81404,"city":"Blacklick","state":"OH","address":"50 Reynoldsburg New Albany Rd","name":""},
  {"lat":35.91093,"lon":-78.78156,"city":"Raleigh","state":"NC","address":"8001 Brier Creek Pkwy","name":""},
  {"lat":29.112068,"lon":-81.02599,"city":"Port Orange","state":"FL","address":"1711 Dunlawton Ave","name":""},
  {"lat":38.35506,"lon":-87.60595,"city":"Princeton","state":"IN","address":"2825 W Broadway St","name":""},
  {"lat":37.360718,"lon":-81.054855,"city":"Princeton","state":"WV","address":"171 Meadowfield Ln","name":""},
  {"lat":38.53226,"lon":-76.57832,"city":"Prince Frederick","state":"MD","address":"65 Main Street","name":""},
  {"lat":40.15526,"lon":-83.09338,"city":"Powell","state":"OH","address":"9891 Brewster Ln","name":""},
  {"lat":38.741318,"lon":-82.99362,"city":"Portsmouth","state":"OH","address":"1314 Gay St","name":""},
  {"lat":28.29006,"lon":-82.71232,"city":"Port Richey","state":"FL","address":"9115 Us Highway 19","name":""},
  {"lat":42.991383,"lon":-82.449425,"city":"Port Huron","state":"MI","address":"2190 Water St","name":""},
  {"lat":27.011553,"lon":-82.14795,"city":"Port Charlotte","state":"FL","address":"1050 El Jobean Rd","name":""},
  {"lat":26.971403,"lon":-82.083244,"city":"Port Charlotte","state":"FL","address":"4080 Tamiami Trl","name":""},
  {"lat":41.36209,"lon":-86.328445,"city":"Plymouth","state":"IN","address":"1631 Pilgrim Ln","name":""},
  {"lat":40.15048,"lon":-84.22175,"city":"Piqua","state":"OH","address":"999 E Ash St","name":""},
  {"lat":37.522537,"lon":-82.57143,"city":"Pikeville","state":"KY","address":"4117 N Mayo Trl","name":""},
  {"lat":39.926544,"lon":-82.785736,"city":"Pickerington","state":"OH","address":"1760 Hill Road North","name":""},
  {"lat":45.35073,"lon":-84.96858,"city":"Petoskey","state":"MI","address":"1910 Sus Highway 131","name":""},
  {"lat":41.528454,"lon":-83.63763,"city":"Perrysburg","state":"OH","address":"1303 Levis Commons Blvd","name":""},
  {"lat":41.54982,"lon":-83.60038,"city":"Perrysburg","state":"OH","address":"10770 Fremont Pike","name":""},
  {"lat":40.79534,"lon":-89.631744,"city":"Peoria","state":"IL","address":"8821 N Allen Rd","name":""},
  {"lat":39.12856,"lon":-76.591125,"city":"Pasadena","state":"MD","address":"8051 Governor Ritchie Hwy","name":""},
  {"lat":39.218185,"lon":-81.5464,"city":"Parkersburg","state":"WV","address":"2896 Pike St","name":""},
  {"lat":39.285458,"lon":-81.54808,"city":"Parkersburg","state":"WV","address":"90 Park Center Dr","name":""},
  {"lat":29.554104,"lon":-81.22399,"city":"Palm Coast","state":"FL","address":"100 Garden Street S","name":""},
  {"lat":37.82631,"lon":-82.8243,"city":"Paintsville","state":"KY","address":"631 N Mayo Trl","name":""},
  {"lat":37.080025,"lon":-88.67827,"city":"Paducah","state":"KY","address":"3961 Hinkleville Rd","name":""},
  {"lat":39.515102,"lon":-84.75283,"city":"Oxford","state":"OH","address":"5076 College Corner Pike","name":""},
  {"lat":42.99735,"lon":-84.1485,"city":"Owosso","state":"MI","address":"1250 E M 21","name":""},
  {"lat":41.637276,"lon":-83.47978,"city":"Oregon","state":"OH","address":"2849 Navarre Ave","name":""},
  {"lat":38.421177,"lon":-82.261375,"city":"Barboursville","state":"WV","address":"301 Mall Rd","name":""},
  {"lat":39.98975,"lon":-83.02636,"city":"Columbus","state":"OH","address":"1455 Olentangy River Rd","name":""},
  {"lat":29.058878,"lon":-82.2772,"city":"Ocala","state":"FL","address":"11300 Sw 95th Cir","name":""},
  {"lat":29.211645,"lon":-82.06561,"city":"Ocala","state":"FL","address":"4985 E Silver Springs Blvd","name":""},
  {"lat":29.154173,"lon":-82.1819,"city":"Ocala","state":"FL","address":"3535 Sw College Rd","name":""},
  {"lat":40.13262,"lon":-75.450264,"city":"Phoenixville","state":"PA","address":"100 Cresson Blvd Unit 2","name":""},
  {"lat":41.271107,"lon":-82.60837,"city":"Norwalk","state":"OH","address":"4800 Us 250 N","name":""},
  {"lat":27.793736,"lon":-82.72901,"city":"St. Petersburg","state":"FL","address":"2410 66th St N","name":""},
  {"lat":39.941116,"lon":-83.83045,"city":"Springfield","state":"OH","address":"1600 W 1st St","name":""},
  {"lat":41.42074,"lon":-81.90789,"city":"North Olmsted","state":"OH","address":"25853 Lorain Rd","name":""},
  {"lat":40.02521,"lon":-83.025604,"city":"Columbus","state":"OH","address":"3140 Olentangy River Rd","name":""},
  {"lat":40.85878,"lon":-81.433395,"city":"North Canton","state":"OH","address":"5375 Dressler Rd Nw","name":""},
  {"lat":39.18336,"lon":-84.60486,"city":"Cincinnati","state":"OH","address":"5245 N Bend Rd","name":""},
  {"lat":40.030872,"lon":-85.99438,"city":"Noblesville","state":"IN","address":"16645 Mercantile Blvd","name":""},
  {"lat":41.211845,"lon":-80.75307,"city":"Niles","state":"OH","address":"5413 Youngstown Warren Rd","name":""},
  {"lat":37.95536,"lon":-84.538315,"city":"Nicholasville","state":"KY","address":"121 Marlene Dr","name":""},
  {"lat":43.089046,"lon":-78.98896,"city":"Niagara Falls","state":"NY","address":"6543 Niagara Falls Blvd","name":""},
  {"lat":39.66957,"lon":-75.6704,"city":"Newark","state":"DE","address":"402 Eagle Run Rd","name":""},
  {"lat":40.084133,"lon":-82.42712,"city":"Newark","state":"OH","address":"1360 N 21st St","name":""},
  {"lat":40.054695,"lon":-82.48065,"city":"Newark","state":"OH","address":"1001 Cherry Valley Rd Se","name":""},
  {"lat":40.220066,"lon":-79.61235,"city":"New Stanton","state":"PA","address":"104 Bair Blvd","name":""},
  {"lat":40.479313,"lon":-81.443886,"city":"New Philadelphia","state":"OH","address":"311 Graff Rd Se","name":""},
  {"lat":39.666245,"lon":-80.85884,"city":"New Martinsville","state":"WV","address":"170 N State Route 2","name":""},
  {"lat":41.013577,"lon":-80.39626,"city":"New Castle","state":"PA","address":"2635 W State Street","name":""},
  {"lat":38.75425,"lon":-82.921875,"city":"New Boston","state":"OH","address":"4602 Gallia St","name":""},
  {"lat":40.089565,"lon":-82.82381,"city":"New Albany","state":"OH","address":"5205 New Albany Road","name":""},
  {"lat":36.220604,"lon":-86.69489,"city":"Nashville","state":"TN","address":"200 Rudy Cir","name":""},
  {"lat":26.273815,"lon":-81.73995,"city":"Naples","state":"FL","address":"2570 Northbrook Plaza Dr","name":""},
  {"lat":33.651512,"lon":-78.98239,"city":"Myrtle Beach","state":"SC","address":"175 Brookton Cir","name":""},
  {"lat":33.720417,"lon":-78.92878,"city":"Myrtle Beach","state":"SC","address":"3384 Waccamaw Blvd","name":""},
  {"lat":43.15368,"lon":-86.20278,"city":"Muskegon","state":"MI","address":"1721 Sternberg Rd","name":""},
  {"lat":43.234222,"lon":-86.2041,"city":"Muskegon","state":"MI","address":"1620 E Apple Ave","name":""},
  {"lat":40.218502,"lon":-85.40325,"city":"Muncie","state":"IN","address":"1417 W Mcgalliard Rd","name":""},
  {"lat":40.40201,"lon":-82.43986,"city":"Mount Vernon","state":"OH","address":"1624 Coshocton Ave","name":""},
  {"lat":43.611,"lon":-84.73592,"city":"Mt Pleasant","state":"MI","address":"5652 E Pickard Rd","name":""},
  {"lat":39.931114,"lon":-74.961655,"city":"Mount Laurel","state":"NJ","address":"601 Fellowship Rd","name":""},
  {"lat":39.62549,"lon":-79.99052,"city":"Morgantown","state":"WV","address":"10 Lawless Rd","name":""},
  {"lat":40.435898,"lon":-79.78832,"city":"Monroeville","state":"PA","address":"3737 William Penn Hwy","name":""},
  {"lat":41.69394,"lon":-83.633385,"city":"Toledo","state":"OH","address":"4805 Monroe St","name":""},
  {"lat":41.954212,"lon":-83.398094,"city":"Monroe","state":"MI","address":"2277 N Telegraph Rd","name":""},
  {"lat":39.18488,"lon":-84.26582,"city":"Milford","state":"OH","address":"151 Old Bank Rd","name":""},
  {"lat":43.66159,"lon":-84.24652,"city":"Midland","state":"MI","address":"7000 Eastman Ave","name":""},
  {"lat":39.450756,"lon":-75.72747,"city":"Middletown","state":"DE","address":"200 Casa Dr","name":""},
  {"lat":39.49382,"lon":-84.328835,"city":"Franklin","state":"OH","address":"3260 Village Dr","name":""},
  {"lat":41.370975,"lon":-81.8194,"city":"Middleburg Heights","state":"OH","address":"17011 Bagley Rd","name":""},
  {"lat":39.638756,"lon":-84.234055,"city":"Miamisburg","state":"OH","address":"220 Byers Rd","name":""},
  {"lat":41.47059,"lon":-87.319824,"city":"Merrillville","state":"IN","address":"1446 East 82nd Ave","name":""},
  {"lat":41.67795,"lon":-81.3086,"city":"Mentor","state":"OH","address":"9235 Mentor Ave","name":""},
  {"lat":41.661896,"lon":-81.37937,"city":"Mentor","state":"OH","address":"7680 Reynolds Rd","name":""},
  {"lat":41.16407,"lon":-81.8629,"city":"Medina","state":"OH","address":"4904 Grande Blvd","name":""},
  {"lat":41.136703,"lon":-81.79649,"city":"Medina","state":"OH","address":"3049 Medina Rd","name":""},
  {"lat":40.288307,"lon":-80.116295,"city":"McMurray","state":"PA","address":"3350 Washington Rd","name":""},
  {"lat":40.54179,"lon":-80.01205,"city":"Pittsburgh","state":"PA","address":"7412 Mcknight Rd","name":""},
  {"lat":38.623005,"lon":-83.78658,"city":"Maysville","state":"KY","address":"241 Wal Mart Way","name":""},
  {"lat":41.52132,"lon":-81.44852,"city":"Mayfield Heights","state":"OH","address":"1437 Golden Gate Blvd","name":""},
  {"lat":41.581333,"lon":-83.69438,"city":"Maumee","state":"OH","address":"6420 Kit Ln","name":""},
  {"lat":39.01122,"lon":-82.03719,"city":"Mason","state":"WV","address":"20 Mallard Lane Po Box 0849","name":""},
  {"lat":40.238792,"lon":-83.34859,"city":"Marysville","state":"OH","address":"1080 Lydia Dr","name":""},
  {"lat":39.445442,"lon":-77.98765,"city":"Martinsburg","state":"WV","address":"999 Foxcroft Ave","name":""},
  {"lat":40.671944,"lon":-80.09725,"city":"Mars","state":"PA","address":"932 Sheraton Dr","name":""},
  {"lat":40.53695,"lon":-85.673065,"city":"Marion","state":"IN","address":"2609 S Western Ave","name":""},
  {"lat":37.743057,"lon":-88.967606,"city":"Marion","state":"IL","address":"2708 W Deyoung St","name":""},
  {"lat":40.580765,"lon":-83.0781,"city":"Marion","state":"OH","address":"188 America Blvd","name":""},
  {"lat":39.409405,"lon":-81.42923,"city":"Marietta","state":"OH","address":"504 Pike St","name":""},
  {"lat":40.77257,"lon":-82.58907,"city":"Ontario","state":"OH","address":"2100 W 4th St","name":""},
  {"lat":40.69676,"lon":-82.512726,"city":"Mansfield","state":"OH","address":"30 W Hanley Rd","name":""},
  {"lat":40.773285,"lon":-82.55245,"city":"Mansfield","state":"OH","address":"525 N Trimble Rd","name":""},
  {"lat":38.797287,"lon":-77.51872,"city":"Manassas","state":"VA","address":"10830 Promenade Ln","name":""},
  {"lat":42.53261,"lon":-83.112656,"city":"Madison Heights","state":"MI","address":"32701 Concord Dr","name":""},
  {"lat":38.78104,"lon":-85.377686,"city":"Madison","state":"IN","address":"519 E Clifty Dr","name":""},
  {"lat":41.298756,"lon":-81.515625,"city":"Macedonia","state":"OH","address":"266 Highland Rd E","name":""},
  {"lat":38.092167,"lon":-85.66793,"city":"Louisville","state":"KY","address":"11800 Standiford Plaza Dr","name":""},
  {"lat":38.297283,"lon":-85.55194,"city":"Louisville","state":"KY","address":"10761 Fischer Park Dr","name":""},
  {"lat":39.908344,"lon":-83.426704,"city":"London","state":"OH","address":"381 Lafayette St","name":""},
  {"lat":40.7569,"lon":-86.31475,"city":"Logansport","state":"IN","address":"3815 Us Hwy 24 E","name":""},
  {"lat":39.539726,"lon":-82.44011,"city":"Logan","state":"OH","address":"12930 State Route 664 S","name":""},
  {"lat":37.859837,"lon":-82.04699,"city":"Logan","state":"WV","address":"103 Nick Savas Dr","name":""},
  {"lat":42.384254,"lon":-83.334404,"city":"Livonia","state":"MI","address":"13911 Middlebelt Rd","name":""},
  {"lat":39.85423,"lon":-84.19059,"city":"Dayton","state":"OH","address":"7400 Miller Ln","name":""},
  {"lat":38.511326,"lon":-90.33736,"city":"St. Louis","state":"MO","address":"6528 S Lindbergh Blvd","name":""},
  {"lat":40.760056,"lon":-84.14677,"city":"Lima","state":"OH","address":"1530 N Cable Rd","name":""},
  {"lat":40.730156,"lon":-84.07269,"city":"Lima","state":"OH","address":"1810 Harding Hwy","name":""},
  {"lat":37.812225,"lon":-80.43259,"city":"Lewisburg","state":"WV","address":"1 Gateway Blvd","name":""},
  {"lat":40.159176,"lon":-83.018135,"city":"Lewis Center","state":"OH","address":"46 Hornbeam Ln","name":""},
  {"lat":39.430553,"lon":-84.18841,"city":"Lebanon","state":"OH","address":"99 Stubbs Mill Rd","name":""},
  {"lat":39.639053,"lon":-78.83132,"city":"Lavale","state":"MD","address":"1203 National Hwy","name":""},
  {"lat":39.0972,"lon":-76.805916,"city":"Laurel","state":"MD","address":"3361 Corridor Marketplace","name":""},
  {"lat":42.74048,"lon":-84.67378,"city":"Lansing","state":"MI","address":"625 Commercial Dr","name":""},
  {"lat":42.661213,"lon":-84.54029,"city":"Lansing","state":"MI","address":"900 American Rd","name":""},
  {"lat":40.050446,"lon":-76.39606,"city":"Lancaster","state":"PA","address":"3000 Hempland Rd","name":""},
  {"lat":39.735737,"lon":-82.62753,"city":"Lancaster","state":"OH","address":"2157 Schorrway Dr Nw","name":""},
  {"lat":28.081669,"lon":-81.9675,"city":"Lakeland","state":"FL","address":"3130 Us Highway 98 N","name":""},
  {"lat":27.94943,"lon":-81.617195,"city":"Lake Wales","state":"FL","address":"23269 Us Highway 27","name":""},
  {"lat":30.178997,"lon":-82.6919,"city":"Lake City","state":"FL","address":"3628 W Us Highway 90","name":""},
  {"lat":40.418167,"lon":-86.82389,"city":"Lafayette","state":"IN","address":"4300 State Route 26 E","name":""},
  {"lat":40.462814,"lon":-86.10714,"city":"Kokomo","state":"IN","address":"2040 S Reed Rd","name":""},
  {"lat":39.702553,"lon":-84.13052,"city":"Kettering","state":"OH","address":"1850 E Dorothy Ln","name":""},
  {"lat":39.20299,"lon":-84.37189,"city":"Cincinnati","state":"OH","address":"8057 Montgomery Rd","name":""},
  {"lat":41.13303,"lon":-81.3527,"city":"Kent","state":"OH","address":"400 Devon Pl","name":""},
  {"lat":39.123554,"lon":-94.82651,"city":"Kansas City","state":"KS","address":"1704 Village West Pkwy","name":""},
  {"lat":38.306744,"lon":-81.56391,"city":"Kanawha Ciy","state":"WV","address":"101 Alex Ln","name":""},
  {"lat":42.23481,"lon":-85.588875,"city":"Portage","state":"MI","address":"5641 S Westnedge Ave","name":""},
  {"lat":36.3803,"lon":-82.42546,"city":"Johnson City","state":"TN","address":"2801 Boones Creek Rd","name":""},
  {"lat":39.617752,"lon":-83.60753,"city":"Jeffersonville","state":"OH","address":"11477 Allen Rd","name":""},
  {"lat":42.11925,"lon":-79.24011,"city":"Jamestown","state":"NY","address":"2798 N Main Street Ext","name":""},
  {"lat":30.183338,"lon":-81.62764,"city":"Jacksonville","state":"FL","address":"3163 Hartley Rd","name":""},
  {"lat":42.25669,"lon":-84.359215,"city":"Jackson","state":"MI","address":"3321 E Michigan Ave","name":""},
  {"lat":39.041424,"lon":-82.62813,"city":"Jackson","state":"OH","address":"770 E Main St","name":""},
  {"lat":42.26952,"lon":-84.424545,"city":"Jackson","state":"MI","address":"1725 N West Ave","name":""},
  {"lat":40.32069,"lon":-79.690865,"city":"North Huntington","state":"PA","address":"8989 Route 30","name":""},
  {"lat":41.395466,"lon":-81.64987,"city":"Independence","state":"OH","address":"5980 Rockside Rd","name":""},
  {"lat":38.45706,"lon":-81.93415,"city":"Hurricane","state":"WV","address":"70 Liberty Sq","name":""},
  {"lat":38.39467,"lon":-82.4153,"city":"Huntington","state":"WV","address":"121 Kinetic Dr","name":""},
  {"lat":38.414867,"lon":-82.46024,"city":"Huntington","state":"WV","address":"606 3rd Ave","name":""},
  {"lat":35.44224,"lon":-80.873535,"city":"Huntersville","state":"NC","address":"16706 Northcross Dr","name":""},
  {"lat":40.26993,"lon":-76.69049,"city":"Hummelstown","state":"PA","address":"650 Walton Ave","name":""},
  {"lat":39.863255,"lon":-84.102,"city":"Huber Heights","state":"OH","address":"7670 Brandt Pike","name":""},
  {"lat":42.58701,"lon":-83.876335,"city":"Howell","state":"MI","address":"3880 E Grand River Ave","name":""},
  {"lat":42.775436,"lon":-86.08175,"city":"Holland","state":"MI","address":"594 E 24th St","name":""},
  {"lat":39.22554,"lon":-83.62208,"city":"Hillsboro","state":"OH","address":"609 Harry Sauner Rd","name":""},
  {"lat":40.03268,"lon":-83.129456,"city":"Hilliard","state":"OH","address":"3910 Lyman Dr","name":""},
  {"lat":39.764168,"lon":-86.269325,"city":"Indianapolis","state":"IN","address":"25 S High School Rd","name":""},
  {"lat":35.705063,"lon":-81.29296,"city":"Hickory","state":"NC","address":"2330 15th Avenue Se","name":""},
  {"lat":41.231663,"lon":-80.44921,"city":"Hermitage","state":"PA","address":"115 S Hermitage Rd","name":""},
  {"lat":40.023216,"lon":-82.44883,"city":"Heath","state":"OH","address":"1051 Hebron Rd.","name":""},
  {"lat":39.260834,"lon":-84.79645,"city":"Harrison","state":"OH","address":"618 Ring Rd","name":""},
  {"lat":40.538315,"lon":-79.84067,"city":"Harmarville","state":"PA","address":"1 Mariner Ct","name":""},
  {"lat":42.16007,"lon":-79.96987,"city":"Harborcreek","state":"PA","address":"5739 Buffalo Rd","name":""},
  {"lat":39.409584,"lon":-84.501076,"city":"Hamilton","state":"OH","address":"3524 Indian Meadows Dr","name":""},
  {"lat":39.424328,"lon":-84.595695,"city":"Hamilton","state":"OH","address":"1461 Main St","name":""},
  {"lat":39.6148,"lon":-77.6924,"city":"Hagerstown","state":"MD","address":"1721 Dual Hwy","name":""},
  {"lat":39.892303,"lon":-82.88198,"city":"Groveport","state":"OH","address":"4019 Hamilton Square Blvd","name":""},
  {"lat":39.87826,"lon":-83.04701,"city":"Grove City","state":"OH","address":"1879 Stringtown Rd","name":""},
  {"lat":39.61516,"lon":-86.159164,"city":"Greenwood","state":"IN","address":"159 S Marlin Dr","name":""},
  {"lat":40.12282,"lon":-84.62213,"city":"Greenville","state":"OH","address":"1366 Wagner Ave","name":""},
  {"lat":40.306053,"lon":-79.58091,"city":"Greensburg","state":"PA","address":"600 Greengate Centre Cir","name":""},
  {"lat":39.81845,"lon":-85.770706,"city":"Greenfield","state":"IN","address":"2256 N State St","name":""},
  {"lat":42.91213,"lon":-85.5407,"city":"Grand Rapids","state":"MI","address":"5190 28th St Se","name":""},
  {"lat":42.943584,"lon":-83.67792,"city":"Grand","state":"MI","address":"1370 E Hill Rd","name":""},
  {"lat":39.920395,"lon":-83.11794,"city":"Columbus","state":"OH","address":"1660 Georgesville Square Dr","name":""},
  {"lat":45.025253,"lon":-84.68986,"city":"Gaylord","state":"MI","address":"210 Dickerson Rd","name":""},
  {"lat":38.83573,"lon":-82.152115,"city":"Gallipolis","state":"OH","address":"315 Upper River Rd","name":""},
  {"lat":40.0543,"lon":-82.86305,"city":"Gahanna","state":"OH","address":"1380 N Hamilton Rd","name":""},
  {"lat":40.009167,"lon":-82.8666,"city":"Gahanna","state":"OH","address":"443 Morrison Rd","name":""},
  {"lat":41.129627,"lon":-85.012405,"city":"Fort Wayne","state":"IN","address":"5135 Meijer Dr","name":""},
  {"lat":41.179714,"lon":-85.10502,"city":"Fort Wayne","state":"IN","address":"2935 E Dupont Rd","name":""},
  {"lat":26.613588,"lon":-81.80796,"city":"Fort Myers","state":"FL","address":"8940 Colonial Center Dr","name":""},
  {"lat":41.37337,"lon":-83.11618,"city":"Fremont","state":"OH","address":"2011 N State Route 53","name":""},
  {"lat":38.23783,"lon":-77.507164,"city":"Fredericksburg","state":"VA","address":"10011 Southpoint Pkwy","name":""},
  {"lat":39.42194,"lon":-77.46782,"city":"Frederick","state":"MD","address":"1505 Garrett Dr","name":""},
  {"lat":39.487972,"lon":-86.06482,"city":"Franklin","state":"IN","address":"900 N Morton St","name":""},
  {"lat":41.170837,"lon":-83.42147,"city":"Fostoria","state":"OH","address":"1111 N Countyline St","name":""},
  {"lat":39.031525,"lon":-84.53487,"city":"Ft Wright","state":"KY","address":"489 Orphanage Rd","name":""},
  {"lat":38.987522,"lon":-84.640594,"city":"Florence","state":"KY","address":"8020 Us 42","name":""},
  {"lat":42.987625,"lon":-83.74188,"city":"Flint","state":"MI","address":"3267 Miller Rd","name":""},
  {"lat":41.055943,"lon":-83.595634,"city":"Findlay","state":"OH","address":"2400 Tiffin Ave","name":""},
  {"lat":41.057907,"lon":-83.670166,"city":"Findlay","state":"OH","address":"1101 Trenton Ave","name":""},
  {"lat":38.214073,"lon":-90.404015,"city":"Festus","state":"MO","address":"1003 Veterans Blvd","name":""},
  {"lat":28.656479,"lon":-81.33572,"city":"Fern Park","state":"FL","address":"385 State Road 436","name":""},
  {"lat":38.012173,"lon":-81.12734,"city":"Fayetteville","state":"WV","address":"500 Town Center Rd","name":""},
  {"lat":38.60123,"lon":-89.98612,"city":"Fairview Heights","state":"IL","address":"10 Ludwig Dr","name":""},
  {"lat":39.30573,"lon":-84.52275,"city":"Fairfield","state":"OH","address":"510 Kolb Dr","name":""},
  {"lat":39.77855,"lon":-84.05487,"city":"Beavercreek","state":"OH","address":"2648 Colonel Glenn Hwy","name":""},
  {"lat":42.04912,"lon":-80.07981,"city":"Erie","state":"PA","address":"8041 Peach St","name":""},
  {"lat":42.104527,"lon":-80.13418,"city":"Erie","state":"PA","address":"2340 W 12th St","name":""},
  {"lat":39.857388,"lon":-84.33124,"city":"Clayton","state":"OH","address":"7715 Hoke Rd","name":""},
  {"lat":41.401196,"lon":-82.11333,"city":"Elyria","state":"OH","address":"503 Griswold Rd","name":""},
  {"lat":38.895332,"lon":-79.8467,"city":"Elkins","state":"WV","address":"722 Beverly Pike","name":""},
  {"lat":37.73347,"lon":-85.88736,"city":"Elizabethtown","state":"KY","address":"1708 N Dixie Hwy","name":""},
  {"lat":39.766884,"lon":-84.63586,"city":"Eaton","state":"OH","address":"1700 N Barron Street","name":""},
  {"lat":39.097836,"lon":-84.275986,"city":"Cincinnati","state":"OH","address":"4471 Eastgate Blvd","name":""},
  {"lat":40.668682,"lon":-89.57566,"city":"East Peoria","state":"IL","address":"304 N Main St","name":""},
  {"lat":40.665676,"lon":-80.58876,"city":"E Liverpool","state":"OH","address":"16230 Dresden Ave","name":""},
  {"lat":35.951664,"lon":-78.995544,"city":"Durham","state":"NC","address":"5419 Chapel Hill Blvd","name":""},
  {"lat":41.960503,"lon":-83.67552,"city":"Dundee","state":"MI","address":"652 E Tecumseh St","name":""},
  {"lat":39.197117,"lon":-75.55264,"city":"Dover","state":"DE","address":"1650 N Dupont Hwy","name":""},
  {"lat":40.524376,"lon":-81.490326,"city":"Dover","state":"OH","address":"895 Commercial Pkwy","name":""},
  {"lat":41.024178,"lon":-80.73491,"city":"Canfield","state":"OH","address":"4545 Boardman Canfield Rd","name":""},
  {"lat":28.333279,"lon":-81.58284,"city":"Kissimmee","state":"FL","address":"7411 W Irlo Bronson Hwy","name":""},
  {"lat":42.82651,"lon":-84.54216,"city":"Dewitt","state":"MI","address":"13101 S Us Highway 27","name":""},
  {"lat":40.271816,"lon":-83.070526,"city":"Delaware","state":"OH","address":"1301 Columbus Pike","name":""},
  {"lat":41.306503,"lon":-84.35992,"city":"Defiance","state":"OH","address":"1835 N Clinton St","name":""},
  {"lat":39.320843,"lon":-84.313484,"city":"Mason","state":"OH","address":"8100 Arbor Square Dr","name":""},
  {"lat":39.876606,"lon":-88.95502,"city":"Decatur","state":"IL","address":"3020 N Water St","name":""},
  {"lat":42.300304,"lon":-83.26728,"city":"Dearborn","state":"MI","address":"23729 Michigan Ave","name":""},
  {"lat":28.229977,"lon":-81.64901,"city":"Davenport","state":"FL","address":"43700 Highway 27","name":""},
  {"lat":41.119957,"lon":-81.48577,"city":"Cuyahoga Falls","state":"OH","address":"175 Howe Ave","name":""},
  {"lat":38.41462,"lon":-81.79625,"city":"Cross Lanes","state":"WV","address":"334 Goff Mountain Rd","name":""},
  {"lat":41.35058,"lon":-79.71645,"city":"Cranberry","state":"PA","address":"27 Kimberly Ln","name":""},
  {"lat":40.27342,"lon":-81.87702,"city":"Coshocton","state":"OH","address":"80 S Whitewoman St","name":""},
  {"lat":42.153008,"lon":-77.07942,"city":"Corning","state":"NY","address":"1 S Buffalo St","name":""},
  {"lat":40.50864,"lon":-80.222466,"city":"Moon Township","state":"PA","address":"8405 University Blvd","name":""},
  {"lat":39.19974,"lon":-85.96035,"city":"Columbus","state":"IN","address":"221 Carrie Ln","name":""},
  {"lat":38.962826,"lon":-92.293015,"city":"Columbia","state":"MO","address":"3000 Clark Ln","name":""},
  {"lat":39.18608,"lon":-76.80051,"city":"Columbia","state":"MD","address":"8325 Benson Dr","name":""},
  {"lat":38.682774,"lon":-90.011345,"city":"Collinsville","state":"IL","address":"600 N Bluff Rd","name":""},
  {"lat":39.253788,"lon":-84.59851,"city":"Cincinnati","state":"OH","address":"9970 Colerain Ave","name":""},
  {"lat":41.936493,"lon":-84.969604,"city":"Coldwater","state":"MI","address":"361 N Willowbrook Rd","name":""},
  {"lat":39.02311,"lon":-84.44249,"city":"Cold Spring","state":"KY","address":"4000 Alexandria Pike","name":""},
  {"lat":28.526363,"lon":-81.7308,"city":"Clermont","state":"FL","address":"2951 S Highway 27","name":""},
  {"lat":27.959646,"lon":-82.74658,"city":"Clearwater","state":"FL","address":"2183 Gulf To Bay Blvd","name":""},
  {"lat":38.318283,"lon":-85.75509,"city":"Clarksville","state":"IN","address":"1101 Lewis And Clark Pkwy","name":""},
  {"lat":39.582718,"lon":-82.95222,"city":"Circleville","state":"OH","address":"1461 S Court St","name":""},
  {"lat":39.21741,"lon":-84.51787,"city":"Cincinnati","state":"OH","address":"8270 Winton Rd","name":""},
  {"lat":39.146713,"lon":-84.625145,"city":"Cincinnati","state":"OH","address":"6318 Glenway Ave","name":""},
  {"lat":39.333393,"lon":-83.01375,"city":"Chillicothe","state":"OH","address":"1065 Western Ave","name":""},
  {"lat":39.3463,"lon":-82.977264,"city":"Chillicothe","state":"OH","address":"1 Consumer Center Dr","name":""},
  {"lat":41.575222,"lon":-87.044975,"city":"Chesterton","state":"IN","address":"475 Gateway Blvd N","name":""},
  {"lat":42.631145,"lon":-82.85291,"city":"Chesterfield TWP","state":"MI","address":"45140 Corners Ct","name":""},
  {"lat":41.58863,"lon":-81.222664,"city":"Chardon","state":"OH","address":"295 Meadowlands Drive","name":""},
  {"lat":39.90799,"lon":-77.64701,"city":"Chambersburg","state":"PA","address":"1131 Wayne Ave","name":""},
  {"lat":39.65938,"lon":-84.110085,"city":"Centerville","state":"OH","address":"5525 Wilmington Pike","name":""},
  {"lat":39.64209,"lon":-84.158394,"city":"Centerville","state":"OH","address":"7115 Far Hills Ave","name":""},
  {"lat":40.556194,"lon":-84.53819,"city":"Celina","state":"OH","address":"2000 Havemann Rd","name":""},
  {"lat":39.28467,"lon":-76.75629,"city":"Catonsville","state":"MD","address":"6336 Baltimore National Pike","name":""},
  {"lat":26.638586,"lon":-82.00423,"city":"Cape Coral","state":"FL","address":"1420 Sw Pine Island Rd","name":""},
  {"lat":40.83665,"lon":-81.32576,"city":"Canton","state":"OH","address":"3400 Lesh St Ne","name":""},
  {"lat":40.796494,"lon":-81.42093,"city":"Canton","state":"OH","address":"4008 Tuscarawas St W","name":""},
  {"lat":42.271206,"lon":-83.49215,"city":"Canton","state":"MI","address":"46080 Michigan Ave","name":""},
  {"lat":39.856304,"lon":-82.82897,"city":"Canal Winchester","state":"OH","address":"6085 Gender Rd","name":""},
  {"lat":39.100185,"lon":-75.54427,"city":"Camden","state":"DE","address":"4574 S Dupont Hwy","name":""},
  {"lat":39.641747,"lon":-86.33333,"city":"Camby","state":"IN","address":"8350 Windfall Ln","name":""},
  {"lat":40.00163,"lon":-81.57772,"city":"Cambridge","state":"OH","address":"2358 Southgate Pkwy","name":""},
  {"lat":38.299202,"lon":-76.51313,"city":"California","state":"MD","address":"45144 First Colony Way","name":""},
  {"lat":42.845192,"lon":-85.62558,"city":"Grand Rapids","state":"MI","address":"6565 Kalamazoo Ave Se","name":""},
  {"lat":44.278206,"lon":-85.40729,"city":"Cadillac","state":"MI","address":"1931 N Mitchell St","name":""},
  {"lat":40.998943,"lon":-81.995735,"city":"Burbank","state":"OH","address":"10054 Stelzer Dr","name":""},
  {"lat":40.823658,"lon":-82.97439,"city":"Bucyrus","state":"OH","address":"1517 N Sandusky Ave","name":""},
  {"lat":41.237766,"lon":-81.80054,"city":"Brunswick","state":"OH","address":"3198 Center Rd","name":""},
  {"lat":39.85805,"lon":-86.39338,"city":"Brownsburg","state":"IN","address":"1076 N Green St","name":""},
  {"lat":41.403843,"lon":-81.814026,"city":"Brook Park","state":"OH","address":"16500 Snow Rd","name":""},
  {"lat":41.419018,"lon":-81.78224,"city":"Cleveland","state":"OH","address":"13050 Brookpark Rd","name":""},
  {"lat":38.758785,"lon":-90.43654,"city":"Bridgeton","state":"MO","address":"3583 Pennridge Dr","name":""},
  {"lat":40.08396,"lon":-80.73526,"city":"Bridgeport","state":"OH","address":"70 Statae Route 7","name":""},
  {"lat":39.30454,"lon":-80.27521,"city":"Bridgeport","state":"WV","address":"1607 Johnson Ave","name":""},
  {"lat":40.001053,"lon":-78.23809,"city":"Breezewood","state":"PA","address":"153 N Breezewood Rd","name":""},
  {"lat":36.644978,"lon":-93.22812,"city":"Branson","state":"MO","address":"801 W Main St","name":""},
  {"lat":27.944046,"lon":-82.33328,"city":"Tampa","state":"FL","address":"10119 Horace Ave","name":""},
  {"lat":27.44324,"lon":-82.46283,"city":"Bradenton","state":"FL","address":"7393 State Road 70","name":""},
  {"lat":41.37341,"lon":-83.61834,"city":"Bowling Green","state":"OH","address":"1726 E Wooster St","name":""},
  {"lat":38.950356,"lon":-76.71873,"city":"Bowie","state":"MD","address":"4308 Nw Crain Hwy","name":""},
  {"lat":41.02288,"lon":-80.65597,"city":"Youngstown","state":"OH","address":"7347 California Ave","name":""},
  {"lat":37.238987,"lon":-81.24969,"city":"Bluefield","state":"VA","address":"510 Commerce Dr","name":""},
  {"lat":39.249348,"lon":-84.36893,"city":"Blue Ash","state":"OH","address":"5875 Pfeiffer Rd","name":""},
  {"lat":39.163982,"lon":-86.57576,"city":"Bloomington","state":"IN","address":"3233 W 3rd St","name":""},
  {"lat":40.5012,"lon":-88.95384,"city":"Bloomington","state":"IL","address":"801 Iaa Dr","name":""},
  {"lat":43.24885,"lon":-83.777084,"city":"Birch Run","state":"MI","address":"12100 S Beyer Rd","name":""},
  {"lat":43.688072,"lon":-85.495674,"city":"Big Rapids","state":"MI","address":"840 Perry Ave","name":""},
  {"lat":40.063824,"lon":-83.043144,"city":"Columbus","state":"OH","address":"900 Bethel Rd","name":""},
  {"lat":42.07699,"lon":-86.41761,"city":"Benton Harbor","state":"MI","address":"2254 Pipestone Rd","name":""},
  {"lat":41.15188,"lon":-80.66567,"city":"Youngstown","state":"OH","address":"3818 Belmont Ave","name":""},
  {"lat":40.33122,"lon":-83.76206,"city":"Bellefontaine","state":"OH","address":"2100 S Main St","name":""},
  {"lat":39.49694,"lon":-76.330574,"city":"Bel Air","state":"MD","address":"14 Bel Air South Pkwy","name":""},
  {"lat":39.071613,"lon":-84.30563,"city":"Cincinnati","state":"OH","address":"510 Ohio Pike","name":""},
  {"lat":40.864025,"lon":-82.28894,"city":"Ashland","state":"OH","address":"1304 E Main St","name":""},
  {"lat":38.390663,"lon":-82.7141,"city":"Ashland","state":"KY","address":"12475 Us Route 60","name":""},
  {"lat":38.47933,"lon":-82.64408,"city":"Ashland","state":"KY","address":"1224 Carter Ave","name":""},
  {"lat":40.984608,"lon":-81.4917,"city":"Akron","state":"OH","address":"3211 Arlington Rdg E","name":""},
  {"lat":42.252632,"lon":-83.680016,"city":"Ann Arbor","state":"MI","address":"2411 Carpenter Rd","name":""},
  {"lat":40.058647,"lon":-85.65348,"city":"Anderson","state":"IN","address":"5555 S Scatterfield Rd","name":""},
  {"lat":43.00705,"lon":-78.82174,"city":"Amherst","state":"NY","address":"1925 Niagara Falls Blvd","name":""},
  {"lat":41.415512,"lon":-82.20955,"city":"Amherst","state":"OH","address":"700 N Leavitt Rd","name":""},
  {"lat":39.017735,"lon":-84.19804,"city":"Amelia","state":"OH","address":"1799 State Route 125","name":""},
  {"lat":40.902473,"lon":-81.15498,"city":"Alliance","state":"OH","address":"2501 W State St","name":""},
  {"lat":41.066395,"lon":-81.43634,"city":"Akron","state":"OH","address":"2449 Gilchrist Road","name":""},
  {"lat":41.13509,"lon":-81.64597,"city":"Akron","state":"OH","address":"4076 Medina Rd","name":""},
  {"lat":41.61349,"lon":-83.6943,"city":"Holland","state":"OH","address":"6435 Centers Dr","name":""},
  {"lat":41.876396,"lon":-84.04247,"city":"Adrian","state":"MI","address":"1417 S Main St","name":""}]}