{"key":"brueggers","displayName":"Bruegger's Bagels","category":"restaurant","useLocationName":false,"locations":[
  {"lat":35.787443,"lon":-78.665945,"city":"Raleigh","state":"NC","address":"2302 Hillsborough St","name":""},
  {"lat":42.378111,"lon":-72.520277,"city":"Amherst","state":"MA","address":"170 N Pleasant St","name":""},
  {"lat":36.007534,"lon":-78.921982,"city":"Durham","state":"NC","address":"626 Ninth St","name":""},
  {"lat":41.661014,"lon":-91.532027,"city":"Iowa City","state":"IA","address":"245 Iowa Ave","name":""},
  {"lat":41.617929,"lon":-90.781162,"city":"Walcott","state":"IA","address":"755 W Iowa 80 Rd","name":""},
  {"lat":32.906809,"lon":-117.173045,"city":"San Diego","state":"CA","address":"6735 Mira Mesa Blvd","name":""},
  {"lat":42.963772,"lon":-78.783676,"city":"Snyder","state":"NY","address":"4498 Main St","name":""},
  {"lat":43.000986,"lon":-78.740961,"city":"Williamsville","state":"NY","address":"100 Plaza Dr.","name":""},
  {"lat":42.9422,"lon":-78.868568,"city":"Buffalo","state":"NY","address":"2130 Delaware Ave","name":""},
  {"lat":41.136728,"lon":-81.634366,"city":"Fairlawn","state":"OH","address":"3737 W Market St","name":""},
  {"lat":39.146094,"lon":-84.427252,"city":"Cincinnati","state":"OH","address":"3842 Paxton Avenue","name":""},
  {"lat":41.807357,"lon":-72.827398,"city":"Avon","state":"CT","address":"45 E Main St","name":""},
  {"lat":41.306099,"lon":-81.834514,"city":"Strongsville","state":"OH","address":"15035 Pearl Rd","name":""},
  {"lat":44.732463,"lon":-93.222503,"city":"Apple Valley","state":"MN","address":"7745 150th St W","name":""},
  {"lat":41.672748,"lon":-91.565815,"city":"Coralville","state":"IA","address":"404 1st Avenue","name":""},
  {"lat":41.465947,"lon":-81.50744,"city":"Beachwood","state":"OH","address":"24215 Chagrin Blvd","name":""},
  {"lat":32.120306,"lon":-110.937326,"city":"Tucson","state":"AZ","address":"7250 S Tucson Blvd","name":""},
  {"lat":40.494505,"lon":-80.244852,"city":"Pittsburgh","state":"PA","address":"1000 Airport Blvd","name":""},
  {"lat":41.410579,"lon":-81.838827,"city":"Cleveland","state":"OH","address":"5300 Riverside Drive","name":""},
  {"lat":39.874517,"lon":-75.251078,"city":"Philadelphia","state":"PA","address":"8000 Essington Ave W","name":""},
  {"lat":44.917388,"lon":-93.501272,"city":"Minnetonka","state":"MN","address":"4781 County Road 101","name":""},
  {"lat":37.230948,"lon":-80.422694,"city":"Blacksburg","state":"VA","address":"430 Old Turner Street","name":""},
  {"lat":30.274653,"lon":-97.801559,"city":"Austin","state":"TX","address":"3267 Bee Cave Road","name":""},
  {"lat":38.252169,"lon":-85.654442,"city":"Louisville","state":"KY","address":"119 Breckenridge Lane","name":""},
  {"lat":35.8677,"lon":-78.849328,"city":"Durham","state":"NC","address":"4104 Surles Court","name":""},
  {"lat":44.863586,"lon":-93.487744,"city":"Eden Prairie","state":"MN","address":"16528 West 78th Street","name":""},
  {"lat":40.006679,"lon":-83.053757,"city":"Upper Arlington","state":"OH","address":"1621 Lane Avenue","name":""},
  {"lat":34.089783,"lon":-81.172494,"city":"Irmo","state":"SC","address":"945 Lake Murray Blvd","name":""},
  {"lat":32.717975,"lon":-117.155061,"city":"San Diego","state":"CA","address":"1080 B Street","name":""},
  {"lat":27.947737,"lon":-82.455834,"city":"Tampa","state":"FL","address":"501 East Kennedy Blvd","name":""},
  {"lat":32.103901,"lon":-110.774689,"city":"Tucson","state":"AZ","address":"8140 S Houghton Road","name":""},
  {"lat":41.267589,"lon":-73.001006,"city":"Orange","state":"CT","address":"263 275 Boston Post Road","name":""},
  {"lat":32.715485,"lon":-117.168577,"city":"San Diego","state":"CA","address":"655 West Broadway","name":""},
  {"lat":33.541352,"lon":-117.142902,"city":"Temecula","state":"CA","address":"39584 Winchester Road","name":""},
  {"lat":33.722026,"lon":-117.771151,"city":"Irvine","state":"CA","address":"3991 Irvine Blvd","name":""},
  {"lat":40.098825,"lon":-83.106445,"city":"Dublin","state":"OH","address":"4425 W Dublin Granville Rd","name":""},
  {"lat":44.832569,"lon":-93.166529,"city":"Eagan","state":"MN","address":"3450 Pilot Knob Road","name":""},
  {"lat":35.746187,"lon":-78.741295,"city":"Cary","state":"NC","address":"8204 Tryon Woods Rd","name":""},
  {"lat":34.020464,"lon":-80.971256,"city":"Columbia","state":"SC","address":"4601 Forest Drive","name":""},
  {"lat":35.908748,"lon":-78.78396,"city":"Raleigh","state":"NC","address":"8211 103 Brier Creek Parkway","name":""},
  {"lat":35.942154,"lon":-78.541225,"city":"Raleigh","state":"NC","address":"10750 Wakefield Commons Dr","name":""},
  {"lat":32.409325,"lon":-110.996449,"city":"Tucson","state":"AZ","address":"11165 North La Canada","name":""},
  {"lat":33.638062,"lon":-117.590593,"city":"Rancho Santa Margarita","state":"CA","address":"22361 Antonio Parkway","name":""},
  {"lat":33.085918,"lon":-117.268257,"city":"Carlsbad","state":"CA","address":"7680 El Camino Real","name":""},
  {"lat":33.563289,"lon":-117.646995,"city":"Ladera Ranch","state":"CA","address":"27702 Crown Valley Parkway","name":""},
  {"lat":32.935651,"lon":-117.099228,"city":"San Diego","state":"CA","address":"10625 Scripps Poway Parkway","name":""},
  {"lat":32.221961,"lon":-110.860482,"city":"Tucson","state":"AZ","address":"6165 East Broadway Blvd","name":""},
  {"lat":33.911449,"lon":-117.867555,"city":"Brea","state":"CA","address":"2435 E Imperial Hwy","name":""},
  {"lat":33.654374,"lon":-117.738538,"city":"Irvine","state":"CA","address":"15346 Alton Parkway","name":""},
  {"lat":32.297261,"lon":-110.973257,"city":"Tucson","state":"AZ","address":"98 West River Rd","name":""},
  {"lat":33.758411,"lon":-117.834635,"city":"Santa Ana","state":"CA","address":"2262 17th Street E","name":""},
  {"lat":32.309486,"lon":-110.893181,"city":"Tucson","state":"AZ","address":"5665 North Swan Rd","name":""},
  {"lat":33.571084,"lon":-117.724863,"city":"Aliso Viejo","state":"CA","address":"26921 Aliso Creek Road","name":""},
  {"lat":32.221908,"lon":-110.910084,"city":"Tucson","state":"AZ","address":"3843 East Broadway Blvd","name":""},
  {"lat":33.600976,"lon":-117.872909,"city":"Corona Del Mar","state":"CA","address":"2743 E Pacific Coast Highway","name":""},
  {"lat":32.801173,"lon":-117.235706,"city":"San Diego","state":"CA","address":"1886 Garnet Avenue","name":""},
  {"lat":33.671247,"lon":-117.864686,"city":"Newport Beach","state":"CA","address":"4678 Campus Drive","name":""},
  {"lat":33.700942,"lon":-117.907366,"city":"Santa Ana","state":"CA","address":"2841 West Macarthur Blvd","name":""},
  {"lat":32.252372,"lon":-110.839876,"city":"Tucson","state":"AZ","address":"7127 East Tanque Verde","name":""},
  {"lat":32.235267,"lon":-110.943603,"city":"Tucson","state":"AZ","address":"1064 N Campbell Avenue","name":""},
  {"lat":35.622266,"lon":-82.554241,"city":"Asheville","state":"NC","address":"671 Merrimon Avenue","name":""},
  {"lat":35.564218,"lon":-82.541851,"city":"Asheville","state":"NC","address":"160 Hendersonville Road","name":""},
  {"lat":43.121674,"lon":-76.157261,"city":"Syracuse","state":"NY","address":"5198 W Taft Rd","name":""},
  {"lat":43.001079,"lon":-75.978416,"city":"Manlius","state":"NY","address":"112 E Seneca St","name":""},
  {"lat":43.028033,"lon":-76.110478,"city":"Syracuse","state":"NY","address":"333 Nottingham Road","name":""},
  {"lat":43.055987,"lon":-76.084071,"city":"Dewitt","state":"NY","address":"3065 Erie Boulevard East","name":""},
  {"lat":43.08908,"lon":-77.642441,"city":"Rochester","state":"NY","address":"3333 W Henrietta Rd","name":""},
  {"lat":43.070896,"lon":-77.443549,"city":"Fairport","state":"NY","address":"585 Moseley Road","name":""},
  {"lat":43.131801,"lon":-77.493857,"city":"Penfield","state":"NY","address":"1601 Penfield Road","name":""},
  {"lat":43.146118,"lon":-77.592552,"city":"Rochester","state":"NY","address":"548 Monroe Ave","name":""},
  {"lat":43.110253,"lon":-77.547316,"city":"Rochester","state":"NY","address":"2951 Monroe Avenue","name":""},
  {"lat":43.251734,"lon":-77.698929,"city":"Rochester","state":"NY","address":"3177 Latta Rd","name":""},
  {"lat":43.191676,"lon":-77.503524,"city":"Webster","state":"NY","address":"1950 Empire Blvd","name":""},
  {"lat":43.060597,"lon":-77.475935,"city":"Pittsford","state":"NY","address":"707-709 Pittsford Victor Road","name":""},
  {"lat":42.717314,"lon":-73.812901,"city":"Albany","state":"NY","address":"98 Wolf Rd","name":""},
  {"lat":42.72778,"lon":-73.845478,"city":"Albany","state":"NY","address":"1770 Central Ave","name":""},
  {"lat":42.804185,"lon":-73.90383,"city":"Schenectady","state":"NY","address":"1634 Union St","name":""},
  {"lat":42.643753,"lon":-73.701049,"city":"East Greenbush","state":"NY","address":"279 Troy Road","name":""},
  {"lat":42.859636,"lon":-73.783633,"city":"Clifton Park","state":"NY","address":"19 Clifton Country Rd","name":""},
  {"lat":42.490641,"lon":-71.275077,"city":"Bedford","state":"MA","address":"158-K Great Rd","name":""},
  {"lat":41.650746,"lon":-91.53991,"city":"Iowa City","state":"IA","address":"708 S Riverside Drive","name":""},
  {"lat":45.068785,"lon":-93.449814,"city":"Maple Grove","state":"MN","address":"13384 Bass Lake Rd","name":""},
  {"lat":39.050039,"lon":-84.655924,"city":"Hebron","state":"KY","address":"3087 Terminal Drive","name":""},
  {"lat":30.461536,"lon":-84.225376,"city":"Tallahassee","state":"FL","address":"3122 Mahan Drive","name":""},
  {"lat":42.583533,"lon":-83.244229,"city":"Bloomfield Hills","state":"MI","address":"39568 N Woodward Avenue","name":""},
  {"lat":42.839728,"lon":-72.566094,"city":"Brattleboro","state":"VT","address":"489 Canal Street","name":""},
  {"lat":42.02734,"lon":-91.619636,"city":"Cedar Rapids","state":"IA","address":"4870 1st Avenue NE","name":""},
  {"lat":39.994632,"lon":-83.01424,"city":"Columbus","state":"OH","address":"1630 Neil Avenue","name":""},
  {"lat":41.486917,"lon":-72.809148,"city":"Wallingford","state":"CT","address":"970 N Colony Rd","name":""},
  {"lat":34.707659,"lon":-86.741569,"city":"Madison","state":"AL","address":"347 Hughes Road","name":""},
  {"lat":35.088859,"lon":-80.867147,"city":"Pineville","state":"NC","address":"8706 Pineville Matthews Road","name":""},
  {"lat":44.021928,"lon":-92.465122,"city":"Rochester","state":"MN","address":"155 1st Avenue SW","name":""},
  {"lat":34.671375,"lon":-86.538607,"city":"Huntsville","state":"AL","address":"2000 Cecil Ashburn Drive SE","name":""},
  {"lat":45.197594,"lon":-93.237324,"city":"Blaine","state":"MN","address":"12525 Ulysses St","name":""},
  {"lat":44.836087,"lon":-93.400636,"city":"Eden Prairie","state":"MN","address":"9641 Anderson Lakes Parkway","name":""},
  {"lat":44.971399,"lon":-93.500622,"city":"Wayzata","state":"MN","address":"1179A E Wayzata Blvd","name":""},
  {"lat":36.11899,"lon":-79.841326,"city":"Greensboro","state":"NC","address":"3211 Battleground Avenue","name":""},
  {"lat":45.038036,"lon":-92.841733,"city":"Stillwater","state":"MN","address":"1970 Market Dr","name":""},
  {"lat":41.270049,"lon":-73.129139,"city":"Shelton","state":"CT","address":"817 Bridgeport Ave","name":""},
  {"lat":44.966124,"lon":-93.349902,"city":"St. Louis Park","state":"MN","address":"1650 Park Place Blvd","name":""},
  {"lat":44.973411,"lon":-93.227389,"city":"Minneapolis","state":"MN","address":"720 Washington Avenue SE","name":""},
  {"lat":36.08428,"lon":-79.832114,"city":"Greensboro","state":"NC","address":"3116 West Friendly Avenue","name":""},
  {"lat":41.239609,"lon":-81.445325,"city":"Hudson","state":"OH","address":"84 West Streetsboro Street","name":""},
  {"lat":40.42896,"lon":-79.980349,"city":"Pittsburgh","state":"PA","address":"1801 East Carson Street","name":""},
  {"lat":42.733971,"lon":-84.478198,"city":"East Lansing","state":"MI","address":"505 East Grand River Avenue","name":""},
  {"lat":42.455259,"lon":-71.065491,"city":"Melrose","state":"MA","address":"496 Main Street","name":""},
  {"lat":44.987734,"lon":-93.256368,"city":"Minneapolis","state":"MN","address":"228 East Hennepin Avenue","name":""},
  {"lat":41.244988,"lon":-73.196092,"city":"Trumbull","state":"CT","address":"900 C White Plains Road","name":""},
  {"lat":41.310519,"lon":-72.922367,"city":"New Haven","state":"CT","address":"1 Whitney Avenue","name":""},
  {"lat":42.453699,"lon":-71.137702,"city":"Winchester","state":"MA","address":"600 Main Street","name":""},
  {"lat":42.259105,"lon":-71.041536,"city":"Milton","state":"MA","address":"360 Granite Avenue","name":""},
  {"lat":44.874419,"lon":-93.328219,"city":"Edina","state":"MN","address":"7101 France Avenue","name":""},
  {"lat":44.791129,"lon":-93.21731,"city":"Eagan","state":"MN","address":"2149A Cliff Road","name":""},
  {"lat":41.607958,"lon":-81.440712,"city":"Willoughby","state":"OH","address":"5900 Som Center Road","name":""},
  {"lat":42.48881,"lon":-83.143834,"city":"Royal Oak","state":"MI","address":"201 South Main Street","name":""},
  {"lat":41.23351,"lon":-96.116266,"city":"Omaha","state":"NE","address":"12989 W Center Rd","name":""},
  {"lat":43.095556,"lon":-88.481829,"city":"Oconomowoc","state":"WI","address":"1043 East Summit Avenue","name":""},
  {"lat":43.036355,"lon":-88.017196,"city":"Wauwatosa","state":"WI","address":"8340 West Bluemound Road","name":""},
  {"lat":30.455335,"lon":-84.280975,"city":"Tallahassee","state":"FL","address":"1216 North Monroe Street","name":""},
  {"lat":35.173235,"lon":-80.847716,"city":"Charlotte","state":"NC","address":"4327 Park Road","name":""},
  {"lat":41.501233,"lon":-81.592856,"city":"Cleveland Heights","state":"OH","address":"12443 Cedar Road","name":""},
  {"lat":44.861064,"lon":-93.308241,"city":"Bloomington","state":"MN","address":"7801 Southtown Center","name":""},
  {"lat":44.919823,"lon":-93.278402,"city":"Minneapolis","state":"MN","address":"4554 Nicollet Avenue South","name":""},
  {"lat":40.333335,"lon":-80.023233,"city":"Bethel Park","state":"PA","address":"5213 Library Road","name":""},
  {"lat":45.022513,"lon":-93.168628,"city":"Roseville","state":"MN","address":"2712 Lincoln Drive","name":""},
  {"lat":40.50525,"lon":-80.20857,"city":"Coraopolis","state":"PA","address":"1134 Thorn Run Rd Extension","name":""},
  {"lat":40.45075,"lon":-79.935749,"city":"Pittsburgh","state":"PA","address":"806 South Aiken Ave","name":""},
  {"lat":44.920688,"lon":-92.938481,"city":"Woodbury","state":"MN","address":"8320 City Centre Dr","name":""},
  {"lat":42.249597,"lon":-70.907499,"city":"Hingham","state":"MA","address":"211 Lincoln Street","name":""},
  {"lat":45.028626,"lon":-93.455804,"city":"Plymouth","state":"MN","address":"4000 Annapolis Lane","name":""},
  {"lat":35.124546,"lon":-80.708511,"city":"Matthews","state":"NC","address":"1905 Matthews Township Parkway","name":""},
  {"lat":35.485634,"lon":-80.878346,"city":"Cornelius","state":"NC","address":"20619 Torrence Chapel Road","name":""},
  {"lat":35.790852,"lon":-78.826896,"city":"Cary","state":"NC","address":"4212 NW Cary Parkway","name":""},
  {"lat":41.319651,"lon":-81.625843,"city":"Brecksville","state":"OH","address":"7322 Chippewa Road","name":""},
  {"lat":41.19972,"lon":-81.4396,"city":"Stow","state":"OH","address":"4963 Darrow Road","name":""},
  {"lat":35.959818,"lon":-78.959893,"city":"Durham","state":"NC","address":"1831 Martin Luther King Parkway","name":""},
  {"lat":36.025508,"lon":-86.791981,"city":"Brentwood","state":"TN","address":"330 Franklin Road","name":""},
  {"lat":41.538163,"lon":-90.521843,"city":"Bettendorf","state":"IA","address":"1503 Kimberly Road","name":""},
  {"lat":35.902389,"lon":-78.657343,"city":"Raleigh","state":"NC","address":"9704 Strickland Road","name":""},
  {"lat":45.080146,"lon":-93.114624,"city":"North Oaks","state":"MN","address":"111 Village Center Drive","name":""},
  {"lat":36.100915,"lon":-86.870384,"city":"Nashville","state":"TN","address":"5311 Harding Pike","name":""},
  {"lat":41.25957,"lon":-96.091622,"city":"Omaha","state":"NE","address":"228 N 114th St","name":""},
  {"lat":41.259267,"lon":-95.97407,"city":"Omaha","state":"NE","address":"4015 Dodge St","name":""},
  {"lat":41.719096,"lon":-72.614289,"city":"Glastonbury","state":"CT","address":"2801 Main St","name":""},
  {"lat":42.25376,"lon":-83.751987,"city":"Ann Arbor","state":"MI","address":"2260 S Main St","name":""},
  {"lat":35.889472,"lon":-78.678841,"city":"Raleigh","state":"NC","address":"7550 Creedmoor Road","name":""},
  {"lat":42.682633,"lon":-83.157596,"city":"Rochester Hills","state":"MI","address":"1398 Walton Boulevard","name":""},
  {"lat":42.341334,"lon":-71.120793,"city":"Brookline","state":"MA","address":"253 Harvard St","name":""},
  {"lat":41.586095,"lon":-93.668087,"city":"Des Moines","state":"IA","address":"3730 Ingersoll Ave","name":""},
  {"lat":42.278881,"lon":-83.740266,"city":"Ann Arbor","state":"MI","address":"709 N University Ave","name":""},
  {"lat":40.540638,"lon":-80.181169,"city":"Sewickley","state":"PA","address":"422 Beaver St","name":""},
  {"lat":40.438497,"lon":-79.998472,"city":"Pittsburgh","state":"PA","address":"429 4th Ave","name":""},
  {"lat":41.676899,"lon":-81.308924,"city":"Mentor","state":"OH","address":"9210 Mentor Ave","name":""},
  {"lat":40.440254,"lon":-79.996476,"city":"Pittsburgh","state":"PA","address":"531 Grant St","name":""},
  {"lat":35.778267,"lon":-78.676993,"city":"Raleigh","state":"NC","address":"2231 Avent Ferry Rd","name":""},
  {"lat":41.461101,"lon":-81.952943,"city":"Westlake","state":"OH","address":"30155 Detroit Rd","name":""},
  {"lat":40.529948,"lon":-80.01042,"city":"Pittsburgh","state":"PA","address":"4885 McKnight Rd","name":""},
  {"lat":43.11822,"lon":-87.902824,"city":"Milwaukee","state":"WI","address":"601 E Silver Spring Drive","name":""},
  {"lat":41.606292,"lon":-93.736711,"city":"Clive","state":"IA","address":"1650 86th St, NW","name":""},
  {"lat":42.339754,"lon":-71.108365,"city":"Boston","state":"MA","address":"375 Longwood Ave","name":""},
  {"lat":40.437425,"lon":-79.922721,"city":"Pittsburgh","state":"PA","address":"1719 Murray Ave","name":""},
  {"lat":41.977105,"lon":-91.620231,"city":"Cedar Rapids","state":"IA","address":"3310 Mt Vernon Rd SE","name":""},
  {"lat":41.761705,"lon":-72.742449,"city":"W Hartford","state":"CT","address":"1 S Main St","name":""},
  {"lat":35.936527,"lon":-79.025372,"city":"Chapel Hill","state":"NC","address":"1800 East Franklin Street","name":""},
  {"lat":42.296435,"lon":-71.15701,"city":"Chestnut Hill","state":"MA","address":"667 Vfw Parkway","name":""},
  {"lat":42.434975,"lon":-71.234847,"city":"Lexington","state":"MA","address":"413 Waltham St","name":""},
  {"lat":42.397068,"lon":-71.175367,"city":"Belmont","state":"MA","address":"41 Leonard St","name":""},
  {"lat":45.021087,"lon":-93.378205,"city":"New Hope","state":"MN","address":"3558 Winnetka Ave N","name":""},
  {"lat":42.347023,"lon":-71.246062,"city":"Auburndale","state":"MA","address":"2050 Commonwealth Ave","name":""},
  {"lat":44.939749,"lon":-93.133665,"city":"Saint Paul","state":"MN","address":"800 Grand Ave","name":""},
  {"lat":44.922021,"lon":-93.329327,"city":"Edina","state":"MN","address":"4412 France Ave S","name":""}]}