{"key":"cambria_hotel","displayName":"Cambria Hotel","category":"hotels","useLocationName":false,"locations":[
  {"lat":36.156952,"lon":-86.794281,"city":"Nashville","state":"TN","address":"1612 Church Street","name":""},
  {"lat":36.144443,"lon":-86.675835,"city":"Nashville","state":"TN","address":"44 Rachel Drive","name":""},
  {"lat":36.158127,"lon":-86.780836,"city":"Nashville","state":"TN","address":"118 8th Avenue South","name":""},
  {"lat":38.728679,"lon":-75.137071,"city":"Rehoboth Beach","state":"DE","address":"17222 Hood Rd.","name":""},
  {"lat":27.93219,"lon":-82.340511,"city":"Tampa","state":"FL","address":"9970 Delaney Lake Dr","name":""},
  {"lat":35.802741,"lon":-83.558595,"city":"Pigeon Forge","state":"TN","address":"375 Jake Thomas Rd","name":""},
  {"lat":44.857456,"lon":-93.232264,"city":"Bloomington","state":"MN","address":"8001 Winstead Way","name":""},
  {"lat":33.296214,"lon":-111.897589,"city":"Chandler","state":"AZ","address":"3165 West Frye Rd.","name":""},
  {"lat":33.46019,"lon":-112.069878,"city":"Phoenix","state":"AZ","address":"222 E Portland St","name":""},
  {"lat":39.772335,"lon":-104.801381,"city":"Aurora","state":"CO","address":"16001 E. 40th Circle","name":""},
  {"lat":39.77153,"lon":-104.97784,"city":"Denver","state":"CO","address":"3601 Brighton Blvd","name":""},
  {"lat":43.036059,"lon":-87.911124,"city":"Milwaukee","state":"WI","address":"503 N. Plankinton Ave","name":""},
  {"lat":34.001596,"lon":-81.036925,"city":"Columbia","state":"SC","address":"1000 Lady Street","name":""},
  {"lat":44.762899,"lon":-85.585885,"city":"Traverse City","state":"MI","address":"255 Munson Avenue US31","name":""},
  {"lat":43.661891,"lon":-70.248829,"city":"Portland","state":"ME","address":"25 Hancock Street","name":""},
  {"lat":39.949023,"lon":-75.164396,"city":"Philadelphia","state":"PA","address":"219 South Broad Street","name":""},
  {"lat":40.44042,"lon":-79.98792,"city":"Pittsburgh","state":"PA","address":"1320 Centre Avenue","name":""},
  {"lat":28.453621,"lon":-81.333206,"city":"Orlando","state":"FL","address":"7986 Conway Road","name":""},
  {"lat":28.463537,"lon":-81.465033,"city":"Orlando","state":"FL","address":"6801 Visitors Circle","name":""},
  {"lat":29.757989,"lon":-95.359384,"city":"Houston","state":"TX","address":"1314 Texas Avenue","name":""},
  {"lat":38.870781,"lon":-77.011355,"city":"Washington","state":"DC","address":"69 Q Street, SW","name":""},
  {"lat":38.992419,"lon":-76.932505,"city":"College Park","state":"MD","address":"8321 Baltimore Avenue","name":""},
  {"lat":39.153454,"lon":-76.74461,"city":"Hanover","state":"MD","address":"7700 Milestone Parkway","name":""},
  {"lat":39.083997,"lon":-77.150723,"city":"Rockville","state":"MD","address":"1 Helen Heneghan Way","name":""},
  {"lat":34.93408,"lon":-81.032163,"city":"Rock Hill","state":"SC","address":"354 Technology Center Way","name":""},
  {"lat":35.037377,"lon":-80.974623,"city":"Fort Mill","state":"SC","address":"340 Amistead Avenue","name":""},
  {"lat":44.976708,"lon":-93.279678,"city":"Minneapolis","state":"MN","address":"1020 Hawthorne Avenue","name":""},
  {"lat":45.130561,"lon":-93.484576,"city":"Maple Grove","state":"MN","address":"9655 Grove Circle North","name":""},
  {"lat":33.025537,"lon":-97.255397,"city":"Northlake","state":"TX","address":"4450 Dale Earnhardt Way","name":""},
  {"lat":33.08069,"lon":-96.81806,"city":"Plano","state":"TX","address":"7500 Parkwood Blvd.","name":""},
  {"lat":32.734077,"lon":-97.349794,"city":"Fort Worth","state":"TX","address":"925 Jerome Street","name":""},
  {"lat":32.83783,"lon":-97.07071,"city":"Euless","state":"TX","address":"751 East Airport Freeway","name":""},
  {"lat":27.802231,"lon":-82.800477,"city":"Madeira Beach","state":"FL","address":"15015 Madeira Way","name":""},
  {"lat":43.14417,"lon":-89.296263,"city":"Madison","state":"WI","address":"5045 Eastpark Blvd","name":""},
  {"lat":45.523944,"lon":-122.679429,"city":"Portland","state":"OR","address":"165 NW Park Ave","name":""},
  {"lat":41.95,"lon":-70.71896,"city":"Plymouth","state":"MA","address":"26 Plaza Way","name":""},
  {"lat":42.342807,"lon":-71.056866,"city":"Boston","state":"MA","address":"6 West Broadway","name":""},
  {"lat":42.371748,"lon":-71.033695,"city":"East Boston","state":"MA","address":"155 Porter Street","name":""},
  {"lat":42.383241,"lon":-71.105714,"city":"Somerville","state":"MA","address":"515 Somerville Avenue","name":""},
  {"lat":33.001659,"lon":-96.688204,"city":"Richardson","state":"TX","address":"3605 Shire Blvd.","name":""},
  {"lat":47.611589,"lon":-117.52224,"city":"Spokane","state":"WA","address":"4611 South Dowdy Road","name":""},
  {"lat":41.3068,"lon":-72.939206,"city":"New Haven","state":"CT","address":"20 Dwight Street","name":""},
  {"lat":29.946813,"lon":-90.066682,"city":"New Orleans","state":"LA","address":"632 Tchoupitoulas Street","name":""},
  {"lat":30.220484,"lon":-97.689643,"city":"Austin","state":"TX","address":"7800 E. Ben White Blvd.","name":""},
  {"lat":30.25816,"lon":-97.73819,"city":"Austin","state":"TX","address":"68 East Ave","name":""},
  {"lat":30.431486,"lon":-97.698601,"city":"Austin","state":"TX","address":"13205 Burnet Road","name":""},
  {"lat":30.23458,"lon":-81.51241,"city":"Jacksonville","state":"FL","address":"7800 Ozark Drive","name":""},
  {"lat":32.074875,"lon":-81.098602,"city":"Savannah","state":"GA","address":"321 Montgomery Street","name":""},
  {"lat":26.05057,"lon":-80.16434,"city":"Dania Beach","state":"FL","address":"141 SW 19th Court","name":""},
  {"lat":26.157413,"lon":-80.101367,"city":"Fort Lauderdale","state":"FL","address":"2231 North Ocean Boulevard","name":""},
  {"lat":44.300847,"lon":-88.371078,"city":"Appleton","state":"WI","address":"3940 N. Gateway Drive","name":""},
  {"lat":35.8652,"lon":-78.8158,"city":"Morrisville","state":"NC","address":"300 Airgate Drive","name":""},
  {"lat":42.668819,"lon":-83.01133,"city":"Shelby Township","state":"MI","address":"50741 Corporate Drive","name":""},
  {"lat":42.329087,"lon":-83.055255,"city":"Detroit","state":"MI","address":"600 West Lafayette","name":""},
  {"lat":38.254704,"lon":-85.748211,"city":"Louisville","state":"KY","address":"120 South Floyd Street","name":""},
  {"lat":26.200566,"lon":-98.262461,"city":"McAllen","state":"TX","address":"701 South Ware Road","name":""},
  {"lat":34.20546,"lon":-118.349676,"city":"Burbank","state":"CA","address":"3501 N San Fernando Blvd","name":""},
  {"lat":41.884541,"lon":-87.629079,"city":"Chicago","state":"IL","address":"32 W. Randolph St.","name":""},
  {"lat":44.10179,"lon":-103.15689,"city":"Rapid City","state":"SD","address":"3333 Outfitters Road","name":""},
  {"lat":31.56221,"lon":-97.12542,"city":"Waco","state":"TX","address":"110 South Martin Luther King Jr. Blvd","name":""},
  {"lat":32.817192,"lon":-79.846806,"city":"Mount Pleasant","state":"SC","address":"1472 N HIGHWAY 17","name":""},
  {"lat":40.150367,"lon":-82.974391,"city":"Columbus","state":"OH","address":"9100 Lyra Drive","name":""},
  {"lat":40.960909,"lon":-81.465055,"city":"Uniontown","state":"OH","address":"1787 Thorn Drive","name":""},
  {"lat":40.74636,"lon":-73.99116,"city":"New York City","state":"NY","address":"123 W. 28th Street","name":""},
  {"lat":41.033261,"lon":-73.764417,"city":"White Plains","state":"NY","address":"250 Main Street","name":""},
  {"lat":40.795535,"lon":-74.254863,"city":"West Orange","state":"NJ","address":"12 Rooney Circle","name":""},
  {"lat":40.759647,"lon":-73.985709,"city":"New York City","state":"NY","address":"224 W 47th Street","name":""},
  {"lat":43.083407,"lon":-79.058569,"city":"Niagara Falls","state":"NY","address":"311 Rainbow Blvd","name":""},
  {"lat":41.810722,"lon":-72.560211,"city":"South Windsor","state":"CT","address":"1000 Long Leaf Lane","name":""},
  {"lat":35.595745,"lon":-82.556109,"city":"Asheville","state":"NC","address":"15 Page Avenue","name":""},
  {"lat":44.03068,"lon":-71.12029,"city":"North Conway","state":"NH","address":"1858 White Mountain Highway","name":""},
  {"lat":41.26677,"lon":-95.934998,"city":"Omaha","state":"NE","address":"740 North 14th Street","name":""},
  {"lat":44.29599,"lon":-73.99677,"city":"Lake Placid","state":"NY","address":"2127 Saranac Avenue","name":""},
  {"lat":38.333429,"lon":-75.088414,"city":"Ocean City","state":"MD","address":"13 Saint Louis Ave.","name":""}]}