{"key":"caribou","displayName":"Caribou Coffee","category":"coffee","useLocationName":false,"locations":[
  {"lat":36.283065,"lon":-76.214141,"city":"Elizabeth City","state":"NC","address":"1704 Weeksville Road","name":""},
  {"lat":35.825314,"lon":-78.708702,"city":"Raleigh","state":"NC","address":"3300 Duraleigh Road","name":""},
  {"lat":35.770969,"lon":-78.782736,"city":"Cary","state":"NC","address":"109 SW Maynard Road","name":""},
  {"lat":35.90887,"lon":-78.784512,"city":"Raleigh","state":"NC","address":"8201 Brier Creek Parkway","name":""},
  {"lat":35.072678,"lon":-78.923251,"city":"Fayetteville","state":"NC","address":"2606 Bragg Boulevard","name":""},
  {"lat":34.98248,"lon":-79.015486,"city":"Hope Mills","state":"NC","address":"5837 Lakewood Drive","name":""},
  {"lat":35.928667,"lon":-79.033984,"city":"Chapel Hill","state":"NC","address":"1408 East Franklin Street","name":""},
  {"lat":35.186505,"lon":-79.441305,"city":"Southern Pines","state":"NC","address":"9745 US 15-501 Hwy","name":""},
  {"lat":36.077987,"lon":-79.485326,"city":"Burlington","state":"NC","address":"216 Huffman Mill Road","name":""},
  {"lat":36.087409,"lon":-79.830974,"city":"Greensboro","state":"NC","address":"3109 Northline Avenue","name":""},
  {"lat":36.029176,"lon":-79.970234,"city":"High Point","state":"NC","address":"2521 Eastchester Drive","name":""},
  {"lat":35.990324,"lon":-80.028419,"city":"High Point","state":"NC","address":"2515 North Main Street","name":""},
  {"lat":36.072235,"lon":-80.110261,"city":"Kernersville","state":"NC","address":"3991 Rosewater Avenue","name":""},
  {"lat":34.985397,"lon":-80.529567,"city":"Monroe","state":"NC","address":"301 West Roosevelt Boulevard","name":""},
  {"lat":36.00416,"lon":-80.438564,"city":"Bermuda Run","state":"NC","address":"130 NC HWY 801 S","name":""},
  {"lat":34.957221,"lon":-80.75792,"city":"Waxhaw","state":"NC","address":"3214 Providence Road South","name":""},
  {"lat":35.146992,"lon":-80.809051,"city":"Charlotte","state":"NC","address":"7804 Fairview Road","name":""},
  {"lat":35.20621,"lon":-80.838159,"city":"Charlotte","state":"NC","address":"1021 Morehead Medical Drive","name":""},
  {"lat":35.173188,"lon":-80.847732,"city":"Charlotte","state":"NC","address":"4327 Park Road","name":""},
  {"lat":35.226767,"lon":-80.84211,"city":"Charlotte","state":"NC","address":"100 North Tryon Street","name":""},
  {"lat":35.600303,"lon":-80.812157,"city":"Mooresville","state":"NC","address":"553 E Plaza Dr","name":""},
  {"lat":35.442609,"lon":-80.878749,"city":"Huntersville","state":"NC","address":"8909 Lindholm Drive","name":""},
  {"lat":35.484715,"lon":-80.995201,"city":"Denver","state":"NC","address":"7925 Commerce Drive","name":""},
  {"lat":40.937538,"lon":-80.587005,"city":"New Springfield","state":"OH","address":"3600 Glacier Road","name":""},
  {"lat":33.569793,"lon":-81.937844,"city":"North Augusta","state":"SC","address":"1029 Edgefield Road","name":""},
  {"lat":28.185298,"lon":-82.436867,"city":"Lutz","state":"FL","address":"22900 S.R. 54","name":""},
  {"lat":33.512698,"lon":-82.049805,"city":"Augusta","state":"GA","address":"3050 Washington Road","name":""},
  {"lat":35.040893,"lon":-81.975547,"city":"Boiling Springs","state":"SC","address":"3214 Boiling Springs Road","name":""},
  {"lat":27.771378,"lon":-82.644084,"city":"St. Petersburg","state":"FL","address":"701 Central Ave","name":""},
  {"lat":40.861562,"lon":-81.42427,"city":"North Canton","state":"OH","address":"5443A Whipple Ave NW","name":""},
  {"lat":27.726043,"lon":-82.741313,"city":"St. Pete Beach","state":"FL","address":"5201 Gulf Blvd","name":""},
  {"lat":27.915998,"lon":-82.741454,"city":"Clearwater","state":"FL","address":"4375 East Bay Drive","name":""},
  {"lat":28.064187,"lon":-82.739593,"city":"Palm Harbor","state":"FL","address":"32130 US Hwy 19 N","name":""},
  {"lat":27.960924,"lon":-82.76661,"city":"Clearwater","state":"FL","address":"1700 Gulf to Bay Blvd","name":""},
  {"lat":40.82202,"lon":-81.934979,"city":"Wooster","state":"OH","address":"1840 Cleveland Rd","name":""},
  {"lat":39.955206,"lon":-82.810628,"city":"Reynoldsburg","state":"OH","address":"7010 East Main Street","name":""},
  {"lat":33.950201,"lon":-83.409398,"city":"Athens","state":"GA","address":"2198 West Broad Street","name":""},
  {"lat":40.265967,"lon":-83.070661,"city":"Delaware","state":"OH","address":"1752 Columbus Pike","name":""},
  {"lat":33.603578,"lon":-83.852244,"city":"Covington","state":"GA","address":"4115 U.S. 278","name":""},
  {"lat":42.455856,"lon":-83.130761,"city":"Ferndale","state":"MI","address":"22134 Woodward Ave","name":""},
  {"lat":33.839745,"lon":-83.904519,"city":"Loganville","state":"GA","address":"4360 Atlanta Hwy","name":""},
  {"lat":42.260767,"lon":-83.210384,"city":"Allen Park","state":"MI","address":"16006 Southfield Road","name":""},
  {"lat":33.98733,"lon":-83.984009,"city":"Lawrenceville","state":"GA","address":"919 Buford Drive","name":""},
  {"lat":33.871963,"lon":-84.015001,"city":"Snellville","state":"GA","address":"1947 Scenic Highway North","name":""},
  {"lat":34.148318,"lon":-84.174019,"city":"Cumming","state":"GA","address":"580 Peachtree Parkway","name":""},
  {"lat":33.247643,"lon":-84.27436,"city":"Griffin","state":"GA","address":"721 West Taylor Street","name":""},
  {"lat":34.099153,"lon":-84.2716,"city":"Milton","state":"GA","address":"12996 Hwy 9","name":""},
  {"lat":33.843912,"lon":-84.370097,"city":"Atlanta","state":"GA","address":"3261 Peachtree Road NE","name":""},
  {"lat":33.782127,"lon":-84.380722,"city":"Atlanta","state":"GA","address":"1000 Piedmont Avenue NE","name":""},
  {"lat":33.760351,"lon":-84.386297,"city":"Atlanta","state":"GA","address":"231 Peachtree Street","name":""},
  {"lat":33.637803,"lon":-84.439258,"city":"Atlanta","state":"GA","address":"6000 North Terminal Parkway","name":""},
  {"lat":33.639149,"lon":-84.442438,"city":"Atlanta","state":"GA","address":"6000 North Terminal Parkway","name":""},
  {"lat":33.89407,"lon":-84.538971,"city":"Smyrna","state":"GA","address":"2410 South Cobb Drive Southeast","name":""},
  {"lat":34.085402,"lon":-84.530462,"city":"Woodstock","state":"GA","address":"9500 Georgia 92","name":""},
  {"lat":34.032411,"lon":-84.578764,"city":"Kennesaw","state":"GA","address":"3280 Barrett Lakes Blvd NW","name":""},
  {"lat":34.019407,"lon":-84.621365,"city":"Kennesaw","state":"GA","address":"2705 Cobb Parkway Northwest","name":""},
  {"lat":42.260365,"lon":-85.19923,"city":"Battle Creek","state":"MI","address":"2810 Capital Ave SW","name":""},
  {"lat":42.913605,"lon":-85.530707,"city":"Grand Rapids","state":"MI","address":"5551 28th Street SE","name":""},
  {"lat":39.7739,"lon":-86.176307,"city":"Indianapolis","state":"IN","address":"420 University Boulevard","name":""},
  {"lat":41.660156,"lon":-86.214057,"city":"Mishawaka","state":"IN","address":"314 N Ironwood Drive","name":""},
  {"lat":42.016228,"lon":-86.492829,"city":"Stevensville","state":"MI","address":"5637 Cleveland Avenue","name":""},
  {"lat":46.542406,"lon":-87.423773,"city":"Marquette","state":"MI","address":"1401 Odovero Drive","name":""},
  {"lat":42.99691,"lon":-88.042351,"city":"West Allis","state":"WI","address":"10200 W National Ave","name":""},
  {"lat":43.015316,"lon":-88.051407,"city":"West Allis","state":"WI","address":"11111 W Greenfield Ave","name":""},
  {"lat":43.017304,"lon":-88.105772,"city":"Brookfield","state":"WI","address":"15500 West Greenfield Avenue","name":""},
  {"lat":42.948592,"lon":-88.107935,"city":"New Berlin","state":"WI","address":"5276 S Moorland Road","name":""},
  {"lat":44.52483,"lon":-88.064236,"city":"Green Bay","state":"WI","address":"600 South Military Ave","name":""},
  {"lat":43.089585,"lon":-88.124142,"city":"Brookfield","state":"WI","address":"17065 Capitol Drive","name":""},
  {"lat":44.449244,"lon":-88.081822,"city":"de Pere","state":"WI","address":"803 Main Avenue","name":""},
  {"lat":44.275624,"lon":-88.325689,"city":"Kimberly","state":"WI","address":"800 East Maes Avenue","name":""},
  {"lat":43.315456,"lon":-88.358338,"city":"Hartford","state":"WI","address":"1275 Bell Ave","name":""},
  {"lat":44.287815,"lon":-88.373044,"city":"Appleton","state":"WI","address":"2120 E Northland Ave","name":""},
  {"lat":44.243005,"lon":-88.412049,"city":"Appleton","state":"WI","address":"575 W Calumet St","name":""},
  {"lat":44.226611,"lon":-88.42404,"city":"Menasha","state":"WI","address":"1385 Appleton Rd","name":""},
  {"lat":44.288859,"lon":-88.423651,"city":"Appleton","state":"WI","address":"1200 West Northland Ave","name":""},
  {"lat":43.752808,"lon":-88.449078,"city":"Fond du Lac","state":"WI","address":"929 South Main Street","name":""},
  {"lat":43.783942,"lon":-88.463592,"city":"Fond du Lac","state":"WI","address":"444 West Johnson St","name":""},
  {"lat":43.461666,"lon":-88.83472,"city":"Beaver Dam","state":"WI","address":"609 N Spring Street","name":""},
  {"lat":45.915676,"lon":-89.239949,"city":"Eagle River","state":"WI","address":"925 E Wall Street","name":""},
  {"lat":43.150493,"lon":-89.288802,"city":"Madison","state":"WI","address":"5450 Buttonwood Drive","name":""},
  {"lat":45.634045,"lon":-89.415769,"city":"Rhinelander","state":"WI","address":"232 S Courtney Street","name":""},
  {"lat":44.536594,"lon":-89.573956,"city":"Stevens Point","state":"WI","address":"151 Division St N","name":""},
  {"lat":44.90944,"lon":-89.594343,"city":"Weston","state":"WI","address":"2312 Schofield Ave","name":""},
  {"lat":39.775202,"lon":-89.67022,"city":"Springfield","state":"IL","address":"1025 Outer Park Drive","name":""},
  {"lat":45.887799,"lon":-89.719229,"city":"Minocqua","state":"WI","address":"9750 WI 70","name":""},
  {"lat":44.368976,"lon":-89.817702,"city":"Wisconsin Rapids","state":"WI","address":"2820 8th Street South","name":""},
  {"lat":43.873967,"lon":-91.188452,"city":"Onalaska","state":"WI","address":"3025 S Kinney Coulee Rd","name":""},
  {"lat":43.867411,"lon":-91.205543,"city":"Onalaska","state":"WI","address":"1202 County Road PH","name":""},
  {"lat":43.773803,"lon":-91.217988,"city":"La Crosse","state":"WI","address":"4107 Mormon Coulee Rd","name":""},
  {"lat":43.953308,"lon":-91.257353,"city":"Holmen","state":"WI","address":"123 Hale Drive","name":""},
  {"lat":44.951659,"lon":-91.356941,"city":"Chippewa Falls","state":"WI","address":"2868 County Hwy I","name":""},
  {"lat":44.921325,"lon":-91.372893,"city":"Chippewa Falls","state":"WI","address":"1033 Chippewa Crossing Blvd","name":""},
  {"lat":44.774192,"lon":-91.437074,"city":"Eau Claire","state":"WI","address":"4008 Commonwealth Ave","name":""},
  {"lat":46.012909,"lon":-91.481399,"city":"Hayward","state":"WI","address":"10514 S Main St","name":""},
  {"lat":44.788094,"lon":-91.460271,"city":"Eau Claire","state":"WI","address":"3007 Mall Drive","name":""},
  {"lat":44.7972,"lon":-91.465092,"city":"Eau Claire","state":"WI","address":"2114 Hastings Way","name":""},
  {"lat":44.792476,"lon":-91.50941,"city":"Eau Claire","state":"WI","address":"807 W Clairemont Avenue","name":""},
  {"lat":44.826276,"lon":-91.541734,"city":"Eau Claire","state":"WI","address":"2615 North Clairemont Avenue","name":""},
  {"lat":45.315847,"lon":-91.652227,"city":"Chetek","state":"WI","address":"719 2nd Street","name":""},
  {"lat":41.685482,"lon":-91.602097,"city":"Coralville","state":"IA","address":"2445 2nd Street","name":""},
  {"lat":41.751808,"lon":-91.608276,"city":"North Liberty","state":"IA","address":"655 West Penn Street","name":""},
  {"lat":44.05029,"lon":-91.679854,"city":"Winona","state":"MN","address":"1570 Service Drive","name":""},
  {"lat":45.495538,"lon":-91.735124,"city":"Rice Lake","state":"WI","address":"330 S Main St","name":""},
  {"lat":41.949632,"lon":-91.716678,"city":"Cedar Rapids","state":"IA","address":"2870 Edgewood Road SW","name":""},
  {"lat":44.869784,"lon":-91.918497,"city":"Menomonie","state":"WI","address":"1408 9th Street E","name":""},
  {"lat":44.903366,"lon":-91.931493,"city":"Menomonie","state":"WI","address":"101 Oak Avenue","name":""},
  {"lat":46.706174,"lon":-92.046389,"city":"Superior","state":"WI","address":"2215 E 2nd Street","name":""},
  {"lat":46.804414,"lon":-92.068289,"city":"Duluth","state":"MN","address":"2100 London Road","name":""},
  {"lat":46.784213,"lon":-92.095031,"city":"Duluth","state":"MN","address":"307 Canal Park Drive","name":""},
  {"lat":46.821883,"lon":-92.101484,"city":"Duluth","state":"MN","address":"1515 Kenwood Avenue","name":""},
  {"lat":46.80015,"lon":-92.1318,"city":"Duluth","state":"MN","address":"2 East Central Entrance","name":""},
  {"lat":46.803237,"lon":-92.147368,"city":"Duluth","state":"MN","address":"627 West Central Entrance","name":""},
  {"lat":46.803893,"lon":-92.159318,"city":"Duluth","state":"MN","address":"1600 Miller Trunk Highway","name":""},
  {"lat":46.835966,"lon":-92.218404,"city":"Hermantown","state":"MN","address":"5112 Miller Trunk Hwy","name":""},
  {"lat":45.29245,"lon":-92.36565,"city":"Amery","state":"WI","address":"1050 River Place Mall","name":""},
  {"lat":44.956341,"lon":-92.373927,"city":"Baldwin","state":"WI","address":"980 Cedar Street","name":""},
  {"lat":47.512113,"lon":-92.55234,"city":"Virginia","state":"MN","address":"1462 South 12th Ave W","name":""},
  {"lat":44.046609,"lon":-92.431756,"city":"Rochester","state":"MN","address":"2190 Wheelock Dr NE","name":""},
  {"lat":44.009204,"lon":-92.442655,"city":"Rochester","state":"MN","address":"1021 15th Ave SE","name":""},
  {"lat":44.730917,"lon":-92.476506,"city":"Ellsworth","state":"WI","address":"157 East Main St","name":""},
  {"lat":42.505045,"lon":-92.399341,"city":"Waterloo","state":"IA","address":"3700 University Avenue","name":""},
  {"lat":44.039364,"lon":-92.462746,"city":"Rochester","state":"MN","address":"1593 North Broadway Avenue","name":""},
  {"lat":43.998811,"lon":-92.463127,"city":"Rochester","state":"MN","address":"1620 Broadway Ave S","name":""},
  {"lat":43.9542,"lon":-92.461976,"city":"Rochester","state":"MN","address":"4662 Maine Avenue SE","name":""},
  {"lat":44.022197,"lon":-92.464883,"city":"Rochester","state":"MN","address":"101 First Avenue Southwest","name":""},
  {"lat":44.023867,"lon":-92.467636,"city":"Rochester","state":"MN","address":"9 Third Avenue NW","name":""},
  {"lat":44.00453,"lon":-92.47989,"city":"Rochester","state":"MN","address":"1200 12 Street SW","name":""},
  {"lat":44.030049,"lon":-92.48129,"city":"Rochester","state":"MN","address":"1315 6th Street NW","name":""},
  {"lat":44.029191,"lon":-92.483648,"city":"Rochester","state":"MN","address":"451 16th Avenue NW","name":""},
  {"lat":45.118652,"lon":-92.538652,"city":"New Richmond","state":"WI","address":"110 West 4th Street","name":""},
  {"lat":45.104169,"lon":-92.538492,"city":"New Richmond","state":"WI","address":"180 Paperjack Drive","name":""},
  {"lat":44.063876,"lon":-92.500983,"city":"Rochester","state":"MN","address":"3938 Marketplace Drive NW","name":""},
  {"lat":44.04419,"lon":-92.517021,"city":"Rochester","state":"MN","address":"1930 36th Avenue NW","name":""},
  {"lat":44.564598,"lon":-92.539465,"city":"Red Wing","state":"MN","address":"726 Main Street","name":""},
  {"lat":44.567394,"lon":-92.581193,"city":"Red Wing","state":"MN","address":"3038 N Service Dr.","name":""},
  {"lat":44.856593,"lon":-92.62761,"city":"River Falls","state":"WI","address":"303 S Main Street","name":""},
  {"lat":45.320245,"lon":-92.704031,"city":"Osceola","state":"WI","address":"112 Chieftain Street","name":""},
  {"lat":46.449958,"lon":-92.767549,"city":"Moose Lake","state":"MN","address":"70 Arrowhead Lane","name":""},
  {"lat":44.294609,"lon":-92.671267,"city":"Zumbrota","state":"MN","address":"228 West Ave","name":""},
  {"lat":44.965821,"lon":-92.721972,"city":"Hudson","state":"WI","address":"105 Carmichael Road","name":""},
  {"lat":44.961318,"lon":-92.724569,"city":"Hudson","state":"WI","address":"2360 Badger Drive","name":""},
  {"lat":44.960029,"lon":-92.725442,"city":"Hudson","state":"WI","address":"2310 Crest View Dr","name":""},
  {"lat":44.962138,"lon":-92.735955,"city":"Hudson","state":"WI","address":"1616 Crest View Drive","name":""},
  {"lat":44.762549,"lon":-92.789359,"city":"Prescott","state":"WI","address":"1005 Eagle Ridge Drive","name":""},
  {"lat":47.399649,"lon":-92.9511,"city":"Hibbing","state":"MN","address":"4100 9th Avenue West","name":""},
  {"lat":45.037271,"lon":-92.832174,"city":"Stillwater","state":"MN","address":"2051 Washington Ave","name":""},
  {"lat":45.039016,"lon":-92.842061,"city":"Stillwater","state":"MN","address":"1830 Market Drive","name":""},
  {"lat":44.71328,"lon":-92.84517,"city":"Hastings","state":"MN","address":"225 33rd St West","name":""},
  {"lat":46.010757,"lon":-92.930052,"city":"Hinckley","state":"MN","address":"402 Fire Monument Road","name":""},
  {"lat":44.737013,"lon":-92.893709,"city":"Hastings","state":"MN","address":"1823 Market Boulevard","name":""},
  {"lat":44.943976,"lon":-92.904708,"city":"Woodbury","state":"MN","address":"9955 Hudson Place","name":""},
  {"lat":44.942398,"lon":-92.932072,"city":"Woodbury","state":"MN","address":"365 Radio Drive","name":""},
  {"lat":44.9208,"lon":-92.938414,"city":"Woodbury","state":"MN","address":"8320 City Centre Drive","name":""},
  {"lat":44.833844,"lon":-92.949971,"city":"Cottage Grove","state":"MN","address":"7702 80th Street","name":""},
  {"lat":45.510561,"lon":-92.98852,"city":"North Branch","state":"MN","address":"5911 St. Croix Trail","name":""},
  {"lat":44.962817,"lon":-92.963586,"city":"Oakdale","state":"MN","address":"7009 10th Street North","name":""},
  {"lat":44.927183,"lon":-92.963819,"city":"Woodbury","state":"MN","address":"7050 Valley Creek Plaza","name":""},
  {"lat":44.83304,"lon":-92.960079,"city":"Cottage Grove","state":"MN","address":"7145 East Point Douglas Road South","name":""},
  {"lat":45.050661,"lon":-92.985694,"city":"White Bear","state":"MN","address":"2751 County Road E","name":""},
  {"lat":45.020754,"lon":-92.984365,"city":"Oakdale","state":"MN","address":"6014 Highway 36","name":""},
  {"lat":44.946153,"lon":-92.983861,"city":"Woodbury","state":"MN","address":"185 Century Ave","name":""},
  {"lat":45.08518,"lon":-93.010865,"city":"White Bear","state":"MN","address":"4733 Highway 61","name":""},
  {"lat":45.249618,"lon":-93.02192,"city":"Columbus","state":"MN","address":"15561 Hornsby St NE","name":""},
  {"lat":45.035338,"lon":-93.017059,"city":"Maplewood","state":"MN","address":"3100 White Bear Avenue North","name":""},
  {"lat":45.164951,"lon":-93.025093,"city":"Lino Lakes","state":"MN","address":"7107 Otter Lake Road Suite 150","name":""},
  {"lat":44.819108,"lon":-93.038644,"city":"Inver Grove Heights","state":"MN","address":"9008 Cahill Avenue","name":""},
  {"lat":45.078625,"lon":-93.054631,"city":"White Bear","state":"MN","address":"1080 Highway 96","name":""},
  {"lat":45.081392,"lon":-93.055431,"city":"White Bear","state":"MN","address":"4630 Centerville Road","name":""},
  {"lat":43.684347,"lon":-92.985293,"city":"Austin","state":"MN","address":"1001 18th Avenue NW","name":""},
  {"lat":44.865825,"lon":-93.056109,"city":"Inver Grove Heights","state":"MN","address":"5763 Blaine Avenue","name":""},
  {"lat":44.881905,"lon":-93.078533,"city":"Inver Grove Heights","state":"MN","address":"4682 S Robert Trail","name":""},
  {"lat":44.910213,"lon":-93.081239,"city":"West St. Paul","state":"MN","address":"1193 South Robert Street","name":""},
  {"lat":45.02291,"lon":-93.091089,"city":"Little Canada","state":"MN","address":"228 Little Canada Road","name":""},
  {"lat":44.948494,"lon":-93.092575,"city":"St. Paul","state":"MN","address":"401 Robert Street","name":""},
  {"lat":44.948076,"lon":-93.094089,"city":"St. Paul","state":"MN","address":"444 Cedar Street","name":""},
  {"lat":45.182366,"lon":-93.107892,"city":"Lino Lakes","state":"MN","address":"730 Apollo Drive","name":""},
  {"lat":45.042979,"lon":-93.105742,"city":"Little Canada","state":"MN","address":"3354 Rice Street","name":""},
  {"lat":44.992992,"lon":-93.105491,"city":"Maplewood","state":"MN","address":"1720 Rice Street","name":""},
  {"lat":45.080138,"lon":-93.114721,"city":"North Oaks","state":"MN","address":"113 Village Center Drive","name":""},
  {"lat":44.852017,"lon":-93.107976,"city":"Eagan","state":"MN","address":"2900 Ames Crossing Road","name":""},
  {"lat":44.884527,"lon":-93.120359,"city":"Mendota Heights","state":"MN","address":"720 Main Street","name":""},
  {"lat":44.857424,"lon":-93.127166,"city":"Eagan","state":"MN","address":"845 Vikings Pkwy","name":""},
  {"lat":44.940187,"lon":-93.132129,"city":"St. Paul","state":"MN","address":"757 Grand Avenue","name":""},
  {"lat":45.051656,"lon":-93.147637,"city":"Arden Hills","state":"MN","address":"3673 Lexington Avenue North","name":""},
  {"lat":44.992702,"lon":-93.147621,"city":"Roseville","state":"MN","address":"1127 Larpenteur Avenue W","name":""},
  {"lat":45.163597,"lon":-93.159913,"city":"Blaine","state":"MN","address":"4345 Pheasant Ridge Drive","name":""},
  {"lat":44.731235,"lon":-93.143662,"city":"Rosemount","state":"MN","address":"3868 150th Street West","name":""},
  {"lat":44.832964,"lon":-93.153615,"city":"Eagan","state":"MN","address":"3405 Promenade Avenue","name":""},
  {"lat":45.004721,"lon":-93.167415,"city":"Roseville","state":"MN","address":"2111 Snelling Avenue North","name":""},
  {"lat":45.022473,"lon":-93.168452,"city":"Roseville","state":"MN","address":"2714 Lincoln Drive","name":""},
  {"lat":44.836317,"lon":-93.158328,"city":"Eagan","state":"MN","address":"1299 Promenade Place","name":""},
  {"lat":45.021946,"lon":-93.17065,"city":"Roseville","state":"MN","address":"1601 West County Road C","name":""},
  {"lat":44.903908,"lon":-93.164922,"city":"St. Paul","state":"MN","address":"2340 West 7th Street","name":""},
  {"lat":45.012747,"lon":-93.172333,"city":"Roseville","state":"MN","address":"1595 MN-36 W","name":""},
  {"lat":45.573195,"lon":-93.205166,"city":"Cambridge","state":"MN","address":"1595 Second Avenue Northeast","name":""},
  {"lat":45.13028,"lon":-93.181916,"city":"Blaine","state":"MN","address":"3445 Lake Drive","name":""},
  {"lat":44.826879,"lon":-93.165734,"city":"Eagan","state":"MN","address":"1380 Duckwood Drive","name":""},
  {"lat":45.013836,"lon":-93.176179,"city":"Roseville","state":"MN","address":"2360 Fairview Ave N","name":""},
  {"lat":44.927331,"lon":-93.176875,"city":"St. Paul","state":"MN","address":"1817 Randolph Avenue","name":""},
  {"lat":44.720604,"lon":-93.1744,"city":"Apple Valley","state":"MN","address":"15730 Emperor Ave","name":""},
  {"lat":45.035451,"lon":-93.194447,"city":"Roseville","state":"MN","address":"2218 County Road D","name":""},
  {"lat":45.118675,"lon":-93.199258,"city":"Mounds View","state":"MN","address":"8200 Coral Sea Street NE","name":""},
  {"lat":44.72384,"lon":-93.178226,"city":"Apple Valley","state":"MN","address":"15550 English Ave","name":""},
  {"lat":44.455401,"lon":-93.165455,"city":"Northfield","state":"MN","address":"400 West 5th Street","name":""},
  {"lat":44.917595,"lon":-93.192155,"city":"St. Paul","state":"MN","address":"2170 Ford Parkway","name":""},
  {"lat":45.101364,"lon":-93.203543,"city":"Mounds View","state":"MN","address":"2404 Mounds View Blvd","name":""},
  {"lat":45.107747,"lon":-93.212287,"city":"Mounds View","state":"MN","address":"2585 County Road 10","name":""},
  {"lat":45.491577,"lon":-93.23557,"city":"Isanti","state":"MN","address":"209 6th Avenue Northeast","name":""},
  {"lat":45.490433,"lon":-93.237955,"city":"Isanti","state":"MN","address":"260 5th Ave NE","name":""},
  {"lat":44.883246,"lon":-93.210351,"city":"St. Paul","state":"MN","address":"4300 Glumack Drive","name":""},
  {"lat":44.884557,"lon":-93.210772,"city":"St. Paul","state":"MN","address":"4300 Glumack Drive","name":""},
  {"lat":45.039274,"lon":-93.220215,"city":"Minneapolis","state":"MN","address":"2700 39th Avenue NE","name":""},
  {"lat":44.882377,"lon":-93.212224,"city":"St. Paul","state":"MN","address":"4300 Glumack Drive","name":""},
  {"lat":44.883201,"lon":-93.213152,"city":"St. Paul","state":"MN","address":"4300 Glumack Drive","name":""},
  {"lat":45.196494,"lon":-93.235686,"city":"Blaine","state":"MN","address":"12417 Ulysses Street","name":""},
  {"lat":45.159256,"lon":-93.234289,"city":"Blaine","state":"MN","address":"10400 Baltimore Street","name":""},
  {"lat":45.005669,"lon":-93.228138,"city":"Minneapolis","state":"MN","address":"1730 New Brighton Boulevard","name":""},
  {"lat":44.791117,"lon":-93.217249,"city":"Eagan","state":"MN","address":"2149 Cliff Road","name":""},
  {"lat":44.973463,"lon":-93.229859,"city":"Minneapolis","state":"MN","address":"604 Washington Ave SE","name":""},
  {"lat":44.739397,"lon":-93.217029,"city":"Apple Valley","state":"MN","address":"7495 145th Street W","name":""},
  {"lat":44.694203,"lon":-93.215108,"city":"Lakeville","state":"MN","address":"17605 Glasgow Ave","name":""},
  {"lat":44.972996,"lon":-93.231651,"city":"Minneapolis","state":"MN","address":"515 Delaware Street SE","name":""},
  {"lat":44.874869,"lon":-93.227038,"city":"Minneapolis","state":"MN","address":"7150 Humphrey Drive","name":""},
  {"lat":45.114824,"lon":-93.241022,"city":"Spring Lake Park","state":"MN","address":"8097 Highway 65","name":""},
  {"lat":44.874,"lon":-93.228286,"city":"Minneapolis","state":"MN","address":"7150 Humphrey Drive","name":""},
  {"lat":44.87341,"lon":-93.228698,"city":"Minneapolis","state":"MN","address":"7150 Humphrey Drive","name":""},
  {"lat":45.08206,"lon":-93.244029,"city":"Fridley","state":"MN","address":"6290 Highway 65 NE","name":""},
  {"lat":45.86848,"lon":-93.290851,"city":"Mora","state":"MN","address":"710 Frankie Lane","name":""},
  {"lat":44.969591,"lon":-93.244597,"city":"Minneapolis","state":"MN","address":"1925 4th Street S","name":""},
  {"lat":44.854594,"lon":-93.242462,"city":"Bloomington","state":"MN","address":"60 East Broadway S-380","name":""},
  {"lat":44.855399,"lon":-93.243172,"city":"Bloomington","state":"MN","address":"60 East Broadway N-194","name":""},
  {"lat":44.855399,"lon":-93.243172,"city":"Bloomington","state":"MN","address":"60 East Broadway N-224","name":""},
  {"lat":44.916571,"lon":-93.246928,"city":"Minneapolis","state":"MN","address":"4745 Cedar Avenue South","name":""},
  {"lat":44.987438,"lon":-93.255231,"city":"Minneapolis","state":"MN","address":"25 University Avenue Southeast","name":""},
  {"lat":44.789657,"lon":-93.245405,"city":"Burnsville","state":"MN","address":"2001 Cliff Road East","name":""},
  {"lat":44.883286,"lon":-93.251032,"city":"Richfield","state":"MN","address":"1601 E 66th St","name":""},
  {"lat":45.114907,"lon":-93.264566,"city":"Fridley","state":"MN","address":"8094 University Ave NE","name":""},
  {"lat":44.978413,"lon":-93.261022,"city":"Minneapolis","state":"MN","address":"509 Washington Avenue S","name":""},
  {"lat":45.071308,"lon":-93.266834,"city":"Fridley","state":"MN","address":"272 57th Avenue NE","name":""},
  {"lat":44.976923,"lon":-93.267843,"city":"Minneapolis","state":"MN","address":"200 South 6th Street","name":""},
  {"lat":44.737997,"lon":-93.258622,"city":"Burnsville","state":"MN","address":"1100 East County Road 42","name":""},
  {"lat":44.972648,"lon":-93.276179,"city":"Minneapolis","state":"MN","address":"1100 Nicollet Avenue","name":""},
  {"lat":44.9743,"lon":-93.280692,"city":"Minneapolis","state":"MN","address":"1201 Hennepin Avenue","name":""},
  {"lat":44.919461,"lon":-93.278373,"city":"Minneapolis","state":"MN","address":"4606 Nicollet Avenue South","name":""},
  {"lat":44.738595,"lon":-93.270224,"city":"Burnsville","state":"MN","address":"401 E County Road 42","name":""},
  {"lat":44.773437,"lon":-93.277118,"city":"Burnsville","state":"MN","address":"12601 Nicollet Avenue","name":""},
  {"lat":44.084087,"lon":-93.240094,"city":"Owatonna","state":"MN","address":"621 West Bridge Street","name":""},
  {"lat":44.883808,"lon":-93.285942,"city":"Richfield","state":"MN","address":"6545 Lyndale Avenue S","name":""},
  {"lat":45.155139,"lon":-93.307062,"city":"Coon Rapids","state":"MN","address":"1560 Coon Rapids Blvd.","name":""},
  {"lat":44.689903,"lon":-93.281168,"city":"Lakeville","state":"MN","address":"17880 Kenwood Trail","name":""},
  {"lat":45.110683,"lon":-93.305485,"city":"Brooklyn Park","state":"MN","address":"8559 Edinburgh Centre Drive North","name":""},
  {"lat":45.185334,"lon":-93.313217,"city":"Coon Rapids","state":"MN","address":"1835 Gateway Drive","name":""},
  {"lat":44.948674,"lon":-93.299908,"city":"Minneapolis","state":"MN","address":"1450 West Lake Street","name":""},
  {"lat":45.219064,"lon":-93.315826,"city":"Andover","state":"MN","address":"1966 Bunker Lake Boulevard NW","name":""},
  {"lat":44.681783,"lon":-93.28812,"city":"Lakeville","state":"MN","address":"18444 Kenrick Avenue","name":""},
  {"lat":44.86396,"lon":-93.30579,"city":"Richfield","state":"MN","address":"7601 Penn Avenue South","name":""},
  {"lat":44.889445,"lon":-93.309229,"city":"Richfield","state":"MN","address":"6228 Penn Avenue South","name":""},
  {"lat":44.859272,"lon":-93.309414,"city":"Bloomington","state":"MN","address":"7950 Penn Avenue South","name":""},
  {"lat":44.745945,"lon":-93.3087,"city":"Burnsville","state":"MN","address":"2351 County Road 42","name":""},
  {"lat":44.947475,"lon":-93.321319,"city":"Minneapolis","state":"MN","address":"3044 Excelsior Boulevard","name":""},
  {"lat":44.879215,"lon":-93.320575,"city":"Edina","state":"MN","address":"6803 York Avenue South","name":""},
  {"lat":45.043843,"lon":-93.330494,"city":"Brooklyn Center","state":"MN","address":"3900 Lakebreeze Avenue N","name":""},
  {"lat":44.873388,"lon":-93.328093,"city":"Edina","state":"MN","address":"7171 France Avenue S","name":""},
  {"lat":44.911723,"lon":-93.330536,"city":"Edina","state":"MN","address":"3945 West 50th Street","name":""},
  {"lat":43.147478,"lon":-93.233108,"city":"Mason City","state":"IA","address":"2105 4th Street SW","name":""},
  {"lat":44.295273,"lon":-93.297041,"city":"Faribault","state":"MN","address":"1920 Grant Street NW","name":""},
  {"lat":44.810284,"lon":-93.329128,"city":"Bloomington","state":"MN","address":"3835 West Old Shakopee Road","name":""},
  {"lat":44.29471,"lon":-93.30217,"city":"Faribault","state":"MN","address":"2280 Grant Street","name":""},
  {"lat":45.196981,"lon":-93.355494,"city":"Coon Rapids","state":"MN","address":"3536 Main Street","name":""},
  {"lat":45.217605,"lon":-93.358236,"city":"Anoka","state":"MN","address":"3507 Round Lake Boulevard NW","name":""},
  {"lat":45.131888,"lon":-93.35709,"city":"Brooklyn Park","state":"MN","address":"9638 Colorado Lane North","name":""},
  {"lat":44.963035,"lon":-93.347944,"city":"St. Louis Park","state":"MN","address":"5330 Cedar Lake Road","name":""},
  {"lat":44.934995,"lon":-93.346758,"city":"St. Louis Park","state":"MN","address":"3777 Park Center Boulevard","name":""},
  {"lat":44.966215,"lon":-93.34992,"city":"St. Louis Park","state":"MN","address":"1650 Park Place Boulevard","name":""},
  {"lat":44.998783,"lon":-93.352804,"city":"Golden Valley","state":"MN","address":"5725 Duluth Street","name":""},
  {"lat":44.948298,"lon":-93.349958,"city":"St. Louis Park","state":"MN","address":"5551 West Lake Street","name":""},
  {"lat":44.778636,"lon":-93.34229,"city":"Savage","state":"MN","address":"4905 Hwy 13 W","name":""},
  {"lat":44.82386,"lon":-93.349468,"city":"Bloomington","state":"MN","address":"5159 West 98th Street","name":""},
  {"lat":44.91217,"lon":-93.354793,"city":"Edina","state":"MN","address":"5000 Vernon Avenue","name":""},
  {"lat":44.852444,"lon":-93.351691,"city":"Bloomington","state":"MN","address":"8000 Norman Center Drive","name":""},
  {"lat":44.863445,"lon":-93.35381,"city":"Edina","state":"MN","address":"5125 Edina Industrial Boulevard","name":""},
  {"lat":45.108559,"lon":-93.378296,"city":"Brooklyn Park","state":"MN","address":"8479 West Broadway","name":""},
  {"lat":45.033746,"lon":-93.379949,"city":"New Hope","state":"MN","address":"4210 Winnetka Avenue","name":""},
  {"lat":47.23465,"lon":-93.518643,"city":"Grand Rapids","state":"MN","address":"535 E Hwy 2","name":""},
  {"lat":45.199538,"lon":-93.392862,"city":"Anoka","state":"MN","address":"101 West Main Street","name":""},
  {"lat":45.160834,"lon":-93.392667,"city":"Champlin","state":"MN","address":"11468 Jefferson Court","name":""},
  {"lat":45.225469,"lon":-93.398104,"city":"Ramsey","state":"MN","address":"14050 St Francis Boulevard","name":""},
  {"lat":44.936901,"lon":-93.38369,"city":"St. Louis Park","state":"MN","address":"8208 Highway 7","name":""},
  {"lat":47.211038,"lon":-93.527969,"city":"Grand Rapids","state":"MN","address":"2020 South Pokegama Avenue","name":""},
  {"lat":44.745165,"lon":-93.379009,"city":"Savage","state":"MN","address":"7745 Egan Drive","name":""},
  {"lat":43.657038,"lon":-93.317478,"city":"Albert Lea","state":"MN","address":"820 Happy Trails Lane","name":""},
  {"lat":45.114908,"lon":-93.402968,"city":"Osseo","state":"MN","address":"8881 Jefferson Highway","name":""},
  {"lat":44.97607,"lon":-93.396277,"city":"Golden Valley","state":"MN","address":"1 General Mills Boulevard","name":""},
  {"lat":45.022655,"lon":-93.399592,"city":"New Hope","state":"MN","address":"9420 36th Avenue North","name":""},
  {"lat":44.898494,"lon":-93.400102,"city":"Edina","state":"MN","address":"5816 Lincoln Drive","name":""},
  {"lat":45.033744,"lon":-93.409013,"city":"Plymouth","state":"MN","address":"4345 Nathan Lane North","name":""},
  {"lat":44.894973,"lon":-93.402304,"city":"Minnetonka","state":"MN","address":"9700 Healthcare Lane","name":""},
  {"lat":44.890663,"lon":-93.416842,"city":"Eden Prairie","state":"MN","address":"11000 Optum Circle","name":""},
  {"lat":44.933695,"lon":-93.420176,"city":"Hopkins","state":"MN","address":"1601 Highway 7","name":""},
  {"lat":44.776611,"lon":-93.412151,"city":"Shakopee","state":"MN","address":"8360 Hansen Avenue","name":""},
  {"lat":44.894705,"lon":-93.419715,"city":"Minnetonka","state":"MN","address":"6001 Shady Oak Road","name":""},
  {"lat":44.933949,"lon":-93.425881,"city":"Minnetonka","state":"MN","address":"11400 Highway 7","name":""},
  {"lat":44.859025,"lon":-93.424867,"city":"Eden Prairie","state":"MN","address":"11611 Leona Road","name":""},
  {"lat":43.685112,"lon":-93.359783,"city":"Albert Lea","state":"MN","address":"2717 Bridge Avenue","name":""},
  {"lat":45.0965,"lon":-93.444257,"city":"Maple Grove","state":"MN","address":"12880 Elm Creek Boulevard","name":""},
  {"lat":45.066019,"lon":-93.442564,"city":"Maple Grove","state":"MN","address":"12850 Bass Lake Road","name":""},
  {"lat":44.968004,"lon":-93.437157,"city":"Minnetonka","state":"MN","address":"12569 Wayzata Boulevard","name":""},
  {"lat":45.10424,"lon":-93.448549,"city":"Maple Grove","state":"MN","address":"13250 Grove Drive","name":""},
  {"lat":44.967121,"lon":-93.443291,"city":"Minnetonka","state":"MN","address":"1700 Plymouth Road","name":""},
  {"lat":44.706414,"lon":-93.428662,"city":"Prior Lake","state":"MN","address":"16731 Highway 13","name":""},
  {"lat":44.968445,"lon":-93.447172,"city":"Minnetonka","state":"MN","address":"13081 Ridgedale Drive","name":""},
  {"lat":45.009304,"lon":-93.450591,"city":"Plymouth","state":"MN","address":"2720 Annapolis Circle","name":""},
  {"lat":44.865189,"lon":-93.442559,"city":"Eden Prairie","state":"MN","address":"970 Prairie Center Drive","name":""},
  {"lat":45.235203,"lon":-93.469478,"city":"Ramsey","state":"MN","address":"7988 Sunwood Drive NW","name":""},
  {"lat":44.703988,"lon":-93.438504,"city":"Prior Lake","state":"MN","address":"4100 Village Lake Drive","name":""},
  {"lat":45.132445,"lon":-93.477977,"city":"Maple Grove","state":"MN","address":"9805 Maple Grove Parkway","name":""},
  {"lat":45.125426,"lon":-93.488779,"city":"Maple Grove","state":"MN","address":"16393 County Road 30","name":""},
  {"lat":45.019993,"lon":-93.485249,"city":"Plymouth","state":"MN","address":"3455 Vicksburg Lane","name":""},
  {"lat":44.730589,"lon":-93.474351,"city":"Prior Lake","state":"MN","address":"2400 Mystic Lake Boulevard","name":""},
  {"lat":45.01964,"lon":-93.493223,"city":"Plymouth","state":"MN","address":"16725 County Road 24","name":""},
  {"lat":44.863474,"lon":-93.48721,"city":"Eden Prairie","state":"MN","address":"16506 West 78th Street","name":""},
  {"lat":44.994517,"lon":-93.501082,"city":"Plymouth","state":"MN","address":"1400 County Road 101 N","name":""},
  {"lat":44.972426,"lon":-93.500256,"city":"Wayzata","state":"MN","address":"1151 East Wayzata Boulevard","name":""},
  {"lat":44.941077,"lon":-93.50287,"city":"Minnetonka","state":"MN","address":"3434 County Road 101","name":""},
  {"lat":44.917858,"lon":-93.503944,"city":"Minnetonka","state":"MN","address":"4754 County Road 101","name":""},
  {"lat":44.774179,"lon":-93.504002,"city":"Shakopee","state":"MN","address":"1539 17th Avenue East","name":""},
  {"lat":44.782537,"lon":-93.506823,"city":"Shakopee","state":"MN","address":"1361 Heather Street","name":""},
  {"lat":45.044724,"lon":-93.531297,"city":"Medina","state":"MN","address":"325 Clydesdale Trail","name":""},
  {"lat":45.300366,"lon":-93.554804,"city":"Elk River","state":"MN","address":"18157 Carson Court","name":""},
  {"lat":45.045234,"lon":-93.541979,"city":"Medina","state":"MN","address":"3692 Pinto Drive","name":""},
  {"lat":45.323452,"lon":-93.559416,"city":"Elk River","state":"MN","address":"19425 Evans St NW","name":""},
  {"lat":45.201896,"lon":-93.555236,"city":"Rogers","state":"MN","address":"13635 Northdale Boulevard","name":""},
  {"lat":45.279696,"lon":-93.566313,"city":"Otsego","state":"MN","address":"15700 88th St NE","name":""},
  {"lat":45.556851,"lon":-93.58407,"city":"Princeton","state":"MN","address":"703 Northland Drive","name":""},
  {"lat":44.863628,"lon":-93.541693,"city":"Chanhassen","state":"MN","address":"800 West 78th Street","name":""},
  {"lat":45.304372,"lon":-93.570077,"city":"Elk River","state":"MN","address":"324 Lowell Ave NW","name":""},
  {"lat":44.863681,"lon":-93.54474,"city":"Chanhassen","state":"MN","address":"920 West 78th Street","name":""},
  {"lat":45.447209,"lon":-93.586979,"city":"Zimmerman","state":"MN","address":"12495 5th Ave N","name":""},
  {"lat":44.988124,"lon":-93.578673,"city":"Long Lake","state":"MN","address":"2073 West Wayzata Boulevard","name":""},
  {"lat":44.541763,"lon":-93.554132,"city":"New Prague","state":"MN","address":"200 Alton Avenue SE","name":""},
  {"lat":44.890359,"lon":-93.581512,"city":"Chanhassen","state":"MN","address":"2395 Hwy 7","name":""},
  {"lat":45.214134,"lon":-93.603246,"city":"St. Michael","state":"MN","address":"4199 Oakwood Parkway NE","name":""},
  {"lat":44.803769,"lon":-93.577986,"city":"Chaska","state":"MN","address":"1004 Gateway Drive","name":""},
  {"lat":44.901203,"lon":-93.588507,"city":"Excelsior","state":"MN","address":"5663 Manitou Road","name":""},
  {"lat":44.829746,"lon":-93.600119,"city":"Chaska","state":"MN","address":"142 Pioneer Trail","name":""},
  {"lat":44.933919,"lon":-93.608783,"city":"Navarre","state":"MN","address":"3333 Shoreline Drive","name":""},
  {"lat":45.234058,"lon":-93.6609,"city":"Albertville","state":"MN","address":"5698 La Centre Ave NE","name":""},
  {"lat":45.239725,"lon":-93.663806,"city":"Albertville","state":"MN","address":"11008 61st Street Northeast","name":""},
  {"lat":44.671113,"lon":-93.63692,"city":"Jordan","state":"MN","address":"225 Triangle Lane N","name":""},
  {"lat":44.936105,"lon":-93.660934,"city":"Mound","state":"MN","address":"5401 Shoreline Drive","name":""},
  {"lat":44.893022,"lon":-93.704544,"city":"Minnetrista","state":"MN","address":"4751 Kings Point Road","name":""},
  {"lat":45.332233,"lon":-93.741697,"city":"Big Lake","state":"MN","address":"520 Jefferson Blvd NW","name":""},
  {"lat":41.598436,"lon":-93.51744,"city":"Pleasant Hill","state":"IA","address":"4910 Maple Drive","name":""},
  {"lat":45.292992,"lon":-93.771425,"city":"Monticello","state":"MN","address":"1523 7th Street East","name":""},
  {"lat":45.037042,"lon":-93.768514,"city":"Delano","state":"MN","address":"1400 Babcock Boulevard","name":""},
  {"lat":45.034721,"lon":-93.771431,"city":"Delano","state":"MN","address":"1295 Babcock Blvd E","name":""},
  {"lat":45.301575,"lon":-93.797796,"city":"Monticello","state":"MN","address":"100 6th Street","name":""},
  {"lat":41.702364,"lon":-93.584884,"city":"Ankeny","state":"IA","address":"909 SE Oralabor Road","name":""},
  {"lat":44.842873,"lon":-93.787201,"city":"Waconia","state":"MN","address":"77 Highway 5 West","name":""},
  {"lat":44.836353,"lon":-93.799971,"city":"Waconia","state":"MN","address":"851 Marketplace Drive","name":""},
  {"lat":41.59383,"lon":-93.633034,"city":"Des Moines","state":"IA","address":"1231 Keosauqua Way","name":""},
  {"lat":45.176804,"lon":-93.864174,"city":"Buffalo","state":"MN","address":"630 Ryans Way","name":""},
  {"lat":45.173086,"lon":-93.864075,"city":"Buffalo","state":"MN","address":"800 Hwy 55 E","name":""},
  {"lat":45.179396,"lon":-93.872408,"city":"Buffalo","state":"MN","address":"701 3rd Avenue NE","name":""},
  {"lat":41.585975,"lon":-93.661109,"city":"Des Moines","state":"IA","address":"3220 Ingersoll Avenue","name":""},
  {"lat":41.656041,"lon":-93.698168,"city":"Johnston","state":"IA","address":"5260 Merle Hay Road","name":""},
  {"lat":41.694568,"lon":-93.775619,"city":"Grimes","state":"IA","address":"825 Northeast Gateway Drive","name":""},
  {"lat":44.332224,"lon":-93.95058,"city":"St. Peter","state":"MN","address":"804 North Minnesota Ave","name":""},
  {"lat":41.615687,"lon":-93.781178,"city":"Urbandale","state":"IA","address":"11895 Hickman Road","name":""},
  {"lat":44.178892,"lon":-93.949934,"city":"Mankato","state":"MN","address":"1841 Premier Dr","name":""},
  {"lat":44.321902,"lon":-93.960461,"city":"St. Peter","state":"MN","address":"612 South Minnesota Avenue","name":""},
  {"lat":41.55974,"lon":-93.786853,"city":"West Des Moines","state":"IA","address":"5901 Mills Civic Parkway","name":""},
  {"lat":41.600847,"lon":-93.792025,"city":"Clive","state":"IA","address":"12655 University Avenue","name":""},
  {"lat":44.16733,"lon":-93.965032,"city":"Mankato","state":"MN","address":"1580 Madison Avenue","name":""},
  {"lat":45.415549,"lon":-94.052293,"city":"Clearwater","state":"MN","address":"705 County Road 75 NW","name":""},
  {"lat":44.145297,"lon":-93.994073,"city":"Mankato","state":"MN","address":"1680 Warren Street","name":""},
  {"lat":41.605982,"lon":-93.851878,"city":"Waukee","state":"IA","address":"727 Southeast Alice's Road","name":""},
  {"lat":41.615785,"lon":-93.854895,"city":"Waukee","state":"IA","address":"1025 E Hickman Road","name":""},
  {"lat":46.36315,"lon":-94.177897,"city":"Brainerd","state":"MN","address":"425 8th Avenue NE","name":""},
  {"lat":44.179396,"lon":-94.032804,"city":"North Mankato","state":"MN","address":"1661 Commerce Dr","name":""},
  {"lat":45.564171,"lon":-94.142541,"city":"St. Cloud","state":"MN","address":"310 Lincoln Ave","name":""},
  {"lat":46.35731,"lon":-94.218861,"city":"Brainerd","state":"MN","address":"520 W Washington","name":""},
  {"lat":45.587489,"lon":-94.163711,"city":"Sauk Rapids","state":"MN","address":"110 1st St S","name":""},
  {"lat":45.610357,"lon":-94.180456,"city":"Sauk Rapids","state":"MN","address":"880 18th ST NW","name":""},
  {"lat":45.550433,"lon":-94.176189,"city":"St. Cloud","state":"MN","address":"900 Cooper Ave South","name":""},
  {"lat":46.37183,"lon":-94.245513,"city":"Baxter","state":"MN","address":"15175 Edgewood Dr","name":""},
  {"lat":46.357684,"lon":-94.245049,"city":"Baxter","state":"MN","address":"14199 Edgewood Drive","name":""},
  {"lat":45.553461,"lon":-94.187658,"city":"St. Cloud","state":"MN","address":"2423 Division Street West","name":""},
  {"lat":45.551967,"lon":-94.188777,"city":"St. Cloud","state":"MN","address":"2510 West Division Street","name":""},
  {"lat":44.771503,"lon":-94.132551,"city":"Glencoe","state":"MN","address":"2211 11th St E","name":""},
  {"lat":45.553778,"lon":-94.211583,"city":"St. Cloud","state":"MN","address":"4135 West Division Street","name":""},
  {"lat":45.550807,"lon":-94.21546,"city":"Waite Park","state":"MN","address":"113 South Waite Avenue","name":""},
  {"lat":45.595944,"lon":-94.225311,"city":"Sartell","state":"MN","address":"1725 Pine Cone Road South","name":""},
  {"lat":45.568063,"lon":-94.297141,"city":"St. Joseph","state":"MN","address":"1500 Elm St East","name":""},
  {"lat":45.977447,"lon":-94.344445,"city":"Little Falls","state":"MN","address":"1101 2nd Avenue Northeast","name":""},
  {"lat":48.712637,"lon":-94.600427,"city":"Baudette","state":"MN","address":"108 Main Street","name":""},
  {"lat":44.874548,"lon":-94.376295,"city":"Hutchinson","state":"MN","address":"1100 MN-15","name":""},
  {"lat":44.87731,"lon":-94.379172,"city":"Hutchinson","state":"MN","address":"1020 Highway 15 South","name":""},
  {"lat":45.453559,"lon":-94.426943,"city":"Cold Spring","state":"MN","address":"201 2nd Ave S","name":""},
  {"lat":44.320236,"lon":-94.466244,"city":"New Ulm","state":"MN","address":"707 N Minnesota St","name":""},
  {"lat":43.645381,"lon":-94.445818,"city":"Fairmont","state":"MN","address":"907 South State Street","name":""},
  {"lat":47.455261,"lon":-94.865511,"city":"Bemidji","state":"MN","address":"609 Washington Ave S","name":""},
  {"lat":47.490485,"lon":-94.880121,"city":"Bemidji","state":"MN","address":"100 Paul Bunyan Dr NW","name":""},
  {"lat":47.493234,"lon":-94.897024,"city":"Bemidji","state":"MN","address":"1171 Paul Bunyan Dr NW","name":""},
  {"lat":47.497006,"lon":-94.912705,"city":"Bemidji","state":"MN","address":"2219 Paul Bunyan Drive NW","name":""},
  {"lat":38.918021,"lon":-94.357962,"city":"Lee's Summit","state":"MO","address":"920 NE Langsford Road","name":""},
  {"lat":39.24769,"lon":-94.447116,"city":"Liberty","state":"MO","address":"300 N 291 Highway","name":""},
  {"lat":46.919169,"lon":-95.057886,"city":"Park Rapids","state":"MN","address":"101 East 4th Street","name":""},
  {"lat":45.723067,"lon":-94.952357,"city":"Sauk Centre","state":"MN","address":"533 12th Street S","name":""},
  {"lat":48.909402,"lon":-95.31824,"city":"Warroad","state":"MN","address":"310 Main Avenue NE","name":""},
  {"lat":45.117718,"lon":-95.043143,"city":"Willmar","state":"MN","address":"620 1st Street S","name":""},
  {"lat":45.100277,"lon":-95.041967,"city":"Willmar","state":"MN","address":"2319 1st Street South","name":""},
  {"lat":39.246127,"lon":-94.646376,"city":"Kansas City","state":"MO","address":"8371 North Saint Clair Avenue","name":""},
  {"lat":39.210063,"lon":-94.653225,"city":"Kansas City","state":"MO","address":"6370 North Lucerne Avenue","name":""},
  {"lat":39.019078,"lon":-94.66249,"city":"Mission","state":"KS","address":"6655 Martway Street","name":""},
  {"lat":38.955596,"lon":-94.683502,"city":"Overland Park","state":"KS","address":"8501 West 95th Street","name":""},
  {"lat":38.884496,"lon":-94.690769,"city":"Overland Park","state":"KS","address":"9050 W 135th Street","name":""},
  {"lat":39.768027,"lon":-94.802895,"city":"St. Joseph","state":"MO","address":"205 North Belt Highway","name":""},
  {"lat":45.894145,"lon":-95.3671,"city":"Alexandria","state":"MN","address":"307 North Nokomis Square","name":""},
  {"lat":38.840343,"lon":-94.799584,"city":"Olathe","state":"KS","address":"18459 West 158th Place","name":""},
  {"lat":45.850621,"lon":-95.388342,"city":"Alexandria","state":"MN","address":"4303 Dakota Street","name":""},
  {"lat":47.57728,"lon":-95.752929,"city":"Fosston","state":"MN","address":"300 W 1st Street","name":""},
  {"lat":46.817818,"lon":-95.843346,"city":"Detroit Lakes","state":"MN","address":"139 Veterans Memorial Parkway","name":""},
  {"lat":43.637536,"lon":-95.59359,"city":"Worthington","state":"MN","address":"1511 N Humiston Ave","name":""},
  {"lat":44.449998,"lon":-95.761992,"city":"Marshall","state":"MN","address":"1416 East College Drive","name":""},
  {"lat":48.114675,"lon":-96.177039,"city":"Thief River Falls","state":"MN","address":"215 Pennington Avenue","name":""},
  {"lat":45.588736,"lon":-95.91502,"city":"Morris","state":"MN","address":"25 E 7th Street","name":""},
  {"lat":46.290022,"lon":-96.113547,"city":"Fergus Falls","state":"MN","address":"2304 College Way","name":""},
  {"lat":47.784824,"lon":-96.609285,"city":"Crookston","state":"MN","address":"1310 University Avenue","name":""},
  {"lat":46.261888,"lon":-96.617207,"city":"Wahpeton","state":"ND","address":"387 11th St. S.","name":""},
  {"lat":46.873504,"lon":-96.764242,"city":"Moorhead","state":"MN","address":"101 11th St. S","name":""},
  {"lat":46.833854,"lon":-96.765325,"city":"Moorhead","state":"MN","address":"950 40th Ave. S","name":""},
  {"lat":46.910391,"lon":-96.789148,"city":"Fargo","state":"ND","address":"2510 N Broadway Avenue","name":""},
  {"lat":46.905164,"lon":-96.796635,"city":"Fargo","state":"ND","address":"1207 19th Ave N","name":""},
  {"lat":46.893017,"lon":-96.800831,"city":"Fargo","state":"ND","address":"1401 Administration Ave","name":""},
  {"lat":46.858241,"lon":-96.799563,"city":"Fargo","state":"ND","address":"1433 S University Drive","name":""},
  {"lat":46.83142,"lon":-96.803225,"city":"Fargo","state":"ND","address":"1532 S 32nd Ave S","name":""},
  {"lat":41.250459,"lon":-96.194186,"city":"Omaha","state":"NE","address":"1000 South 178th Street","name":""},
  {"lat":46.85992,"lon":-96.818942,"city":"Fargo","state":"ND","address":"1450 25th Street SW","name":""},
  {"lat":46.834203,"lon":-96.820464,"city":"Fargo","state":"ND","address":"3071 25th Street S","name":""},
  {"lat":46.833833,"lon":-96.822419,"city":"Fargo","state":"ND","address":"3175 25th Street South","name":""},
  {"lat":46.863653,"lon":-96.849111,"city":"Fargo","state":"ND","address":"4101 S 13th Ave S","name":""},
  {"lat":46.857848,"lon":-96.861461,"city":"Fargo","state":"ND","address":"4484 15th Ave","name":""},
  {"lat":46.835053,"lon":-96.860975,"city":"Fargo","state":"ND","address":"4475 31st Ave S","name":""},
  {"lat":46.817432,"lon":-96.863819,"city":"Fargo","state":"ND","address":"4151 45th St South","name":""},
  {"lat":46.861324,"lon":-96.872984,"city":"West Fargo","state":"ND","address":"1625 13th Avenue East","name":""},
  {"lat":47.939414,"lon":-97.016362,"city":"East Grand Forks","state":"MN","address":"306 14th Street NE","name":""},
  {"lat":46.863956,"lon":-96.881285,"city":"West Fargo","state":"ND","address":"1100 13th Avenue East","name":""},
  {"lat":46.839649,"lon":-96.882174,"city":"Fargo","state":"ND","address":"5616 26th Ave S","name":""},
  {"lat":46.831501,"lon":-96.885654,"city":"West Fargo","state":"ND","address":"755 33rd Ave W","name":""},
  {"lat":47.896402,"lon":-97.045946,"city":"Grand Forks","state":"ND","address":"2400 South Washington Street","name":""},
  {"lat":46.852479,"lon":-96.907668,"city":"West Fargo","state":"ND","address":"2050 Sheyenne Street","name":""},
  {"lat":47.890667,"lon":-97.052976,"city":"Grand Forks","state":"ND","address":"1750 32nd Avenue South","name":""},
  {"lat":42.521378,"lon":-96.419763,"city":"Sioux City","state":"IA","address":"2939 Hamilton Boulevard","name":""},
  {"lat":47.909929,"lon":-97.065996,"city":"Grand Forks","state":"ND","address":"1225 S Columbia Road","name":""},
  {"lat":47.888899,"lon":-97.073549,"city":"Grand Forks","state":"ND","address":"3131 32nd Ave S","name":""},
  {"lat":43.529873,"lon":-96.655148,"city":"Sioux Falls","state":"SD","address":"1710 S Highline Ave","name":""},
  {"lat":43.547098,"lon":-96.70466,"city":"Sioux Falls","state":"SD","address":"1730 East 10th Street","name":""},
  {"lat":43.527772,"lon":-96.730886,"city":"Sioux Falls","state":"SD","address":"1924 South Minnesota Avenue","name":""},
  {"lat":43.543627,"lon":-96.758701,"city":"Sioux Falls","state":"SD","address":"2501 W 12th Street","name":""},
  {"lat":43.507144,"lon":-96.770343,"city":"Sioux Falls","state":"SD","address":"4200 S Louise Avenue","name":""},
  {"lat":43.511787,"lon":-96.775845,"city":"Sioux Falls","state":"SD","address":"1830 Empire Place","name":""},
  {"lat":48.413059,"lon":-97.408733,"city":"Grafton","state":"ND","address":"155 E 12th Street","name":""},
  {"lat":45.311191,"lon":-97.046214,"city":"Summit","state":"SD","address":"45789 US Highway 12","name":""},
  {"lat":42.785409,"lon":-96.796634,"city":"Burbank","state":"SD","address":"47051 Highway 50","name":""},
  {"lat":40.829353,"lon":-96.608217,"city":"Lincoln","state":"NE","address":"1601 North 84th Street","name":""},
  {"lat":44.888194,"lon":-97.09366,"city":"Watertown","state":"SD","address":"1320 9th Avenue SE","name":""},
  {"lat":43.612117,"lon":-96.951284,"city":"Hartford","state":"SD","address":"1001 S Western Avenue","name":""},
  {"lat":40.814755,"lon":-96.650508,"city":"Lincoln","state":"NE","address":"5010 O Street","name":""},
  {"lat":44.889388,"lon":-97.110246,"city":"Watertown","state":"SD","address":"933 5th Street SE","name":""},
  {"lat":40.752414,"lon":-96.666652,"city":"Lincoln","state":"NE","address":"6001 Village Drive","name":""},
  {"lat":42.786948,"lon":-96.919595,"city":"Vermillion","state":"SD","address":"802 E Cherry","name":""},
  {"lat":36.121243,"lon":-97.068464,"city":"Stillwater","state":"OK","address":"470 Student Union","name":""},
  {"lat":36.122964,"lon":-97.072759,"city":"Stillwater","state":"OK","address":"1320 W Drummond Lane","name":""},
  {"lat":43.693936,"lon":-98.012197,"city":"Mitchell","state":"SD","address":"1620 South Burr Street","name":""},
  {"lat":32.906017,"lon":-97.044495,"city":"Dallas","state":"TX","address":"2141 S International Parkway","name":""},
  {"lat":45.459946,"lon":-98.44843,"city":"Aberdeen","state":"SD","address":"2727 6th Ave SE Suite 100","name":""},
  {"lat":46.89753,"lon":-98.703342,"city":"Jamestown","state":"ND","address":"410 10th St SE","name":""},
  {"lat":45.459217,"lon":-98.478272,"city":"Aberdeen","state":"SD","address":"621 6th Ave SE","name":""},
  {"lat":45.458612,"lon":-98.478841,"city":"Aberdeen","state":"SD","address":"604 6th Avenue SE","name":""},
  {"lat":46.905788,"lon":-98.70904,"city":"Jamestown","state":"ND","address":"310 1st Avenue S","name":""},
  {"lat":32.940751,"lon":-97.084845,"city":"Grapevine","state":"TX","address":"897 West Northwest Highway","name":""},
  {"lat":32.855318,"lon":-97.238788,"city":"Watauga","state":"TX","address":"5955 Rufe Snow Drive","name":""},
  {"lat":32.872592,"lon":-97.320519,"city":"Fort Worth","state":"TX","address":"2800 Basswood Boulevard","name":""},
  {"lat":46.861638,"lon":-99.916383,"city":"Steele","state":"ND","address":"620 Mitchell Avenue N","name":""},
  {"lat":40.725105,"lon":-99.084669,"city":"Kearney","state":"NE","address":"5204 2nd Avenue","name":""},
  {"lat":40.714968,"lon":-99.085017,"city":"Kearney","state":"NE","address":"3920 2nd Avenue","name":""},
  {"lat":46.840021,"lon":-100.730118,"city":"Bismarck","state":"ND","address":"3122 Yorktown Drive","name":""},
  {"lat":46.842193,"lon":-100.774974,"city":"Bismarck","state":"ND","address":"3209 Weiss Ave.","name":""},
  {"lat":46.853266,"lon":-100.777243,"city":"Bismarck","state":"ND","address":"900 43rd AVE NE","name":""},
  {"lat":46.839913,"lon":-100.774561,"city":"Bismarck","state":"ND","address":"3101 North 11th Street","name":""},
  {"lat":46.799814,"lon":-100.787308,"city":"Bismarck","state":"ND","address":"601 South 3rd Street","name":""},
  {"lat":44.367542,"lon":-100.354767,"city":"Pierre","state":"SD","address":"120 W Sioux Ave","name":""},
  {"lat":43.917079,"lon":-100.314893,"city":"Vivian","state":"SD","address":"24022 US Hwy 83","name":""},
  {"lat":48.211752,"lon":-101.297411,"city":"Minot","state":"ND","address":"1930 South Broadway Street","name":""},
  {"lat":48.259097,"lon":-101.321266,"city":"Minot","state":"ND","address":"1700 21st Avenue NW","name":""},
  {"lat":48.197328,"lon":-101.324062,"city":"Minot","state":"ND","address":"1615 36th Ave SW","name":""},
  {"lat":46.901055,"lon":-102.792599,"city":"Dickinson","state":"ND","address":"1761 3rd Avenue West","name":""},
  {"lat":47.794273,"lon":-103.279942,"city":"Watford City","state":"ND","address":"113 6th Avenue SE","name":""},
  {"lat":44.263947,"lon":-104.944467,"city":"Moorcroft","state":"WY","address":"506 E Converse Street","name":""},
  {"lat":39.838109,"lon":-104.670659,"city":"Denver","state":"CO","address":"8500 Pena Blvd","name":""},
  {"lat":39.849337,"lon":-104.673872,"city":"Denver","state":"CO","address":"8500 Pena Boulevard","name":""}]}