{"key":"charleys","displayName":"Charley's","category":"restaurant","useLocationName":false,"locations":[
  {"lat":35.0593,"lon":-106.559,"city":"Kirtland AFB","state":"NM","address":"7901 Gibson Blvd SE Bldg 20176","name":""},
  {"lat":42.09544,"lon":-71.053,"city":"Brockton","state":"MA","address":"200 Westgate Dr.","name":""},
  {"lat":38.84787,"lon":-77.121032,"city":"Falls Church","state":"VA","address":"3556 South Jefferson St, Unit E","name":""},
  {"lat":40.659776,"lon":-74.110561,"city":"Bayone","state":"NJ","address":"191 E. 22nd St.","name":""},
  {"lat":42.689384,"lon":-73.850195,"city":"Albany","state":"NY","address":"1 Crossgates Mall Rd. #B223","name":""},
  {"lat":39.170115,"lon":-76.643466,"city":"Glen Burnie","state":"MD","address":"920 Cromwell Park Dr Suite 103","name":""},
  {"lat":34.087534,"lon":-117.907462,"city":"Covina","state":"CA","address":"216 N Azusa Ave","name":""},
  {"lat":28.017724,"lon":-82.732776,"city":"Clearwater","state":"FL","address":"27001 US Hwy 19 N Suite 1039","name":""},
  {"lat":35.198257,"lon":-106.656947,"city":"Albuquerque","state":"NM","address":"10000 Coors Bypass","name":""},
  {"lat":31.003734,"lon":-94.825515,"city":"Corrigan","state":"TX","address":"619 North Home Street","name":""},
  {"lat":39.098103,"lon":-76.809662,"city":"Laurel","state":"MD","address":"3351 Corridor Marketplace","name":""},
  {"lat":35.106608,"lon":-106.57458,"city":"Albuquerque","state":"NM","address":"6600 Menaul Blvd. NE","name":""},
  {"lat":42.355864,"lon":-71.060497,"city":"Boston","state":"MA","address":"417 Washington Street","name":""},
  {"lat":26.241957,"lon":-80.249437,"city":"Coral Springs","state":"FL","address":"9385 W. Atlantic Blvd.","name":""},
  {"lat":41.690875,"lon":-91.599904,"city":"Coralville","state":"IA","address":"1451 Coral Ridge Avenue, Space# 608","name":""},
  {"lat":35.956317,"lon":-86.814679,"city":"Franklin","state":"TN","address":"1800 Galleria Blvd., #3070","name":""},
  {"lat":40.428432,"lon":-79.978242,"city":"Pittsburgh","state":"PA","address":"1922 East Carson St","name":""},
  {"lat":42.153154,"lon":-76.882365,"city":"Elmira","state":"NY","address":"830 County Route 64, Suite 19D","name":""},
  {"lat":39.381962,"lon":-77.442595,"city":"Frederick","state":"MD","address":"6459 Corporate Drive","name":""},
  {"lat":41.234764,"lon":-73.037344,"city":"Milford","state":"CT","address":"1201 Boston Post Rd. Space FC-12","name":""},
  {"lat":26.193313,"lon":-80.257026,"city":"Lauderhill","state":"FL","address":"7948 W. Commercial Blvd","name":""},
  {"lat":39.969928,"lon":-83.000358,"city":"Columbus","state":"OH","address":"400 N. High St.","name":""},
  {"lat":34.0787,"lon":-81.156585,"city":"Columbia","state":"SC","address":"100 Columbiana Circle, Space #1274","name":""},
  {"lat":38.964015,"lon":-92.37552,"city":"Columbia","state":"MO","address":"2300 Bernadette Dr., Space 718","name":""},
  {"lat":39.731697,"lon":-105.160049,"city":"Lakewood","state":"CO","address":"14500 W. Colfax Ave.","name":""},
  {"lat":42.713741,"lon":-73.815699,"city":"Albany","state":"NY","address":"131 Colonie Center, Sp. 9","name":""},
  {"lat":26.169476,"lon":-81.794281,"city":"Naples","state":"FL","address":"1850 N. Tamiami Trail","name":""},
  {"lat":33.702481,"lon":-78.923424,"city":"Myrtle Beach","state":"SC","address":"2000 Coastal Grand Circle, FC-4","name":""},
  {"lat":39.22796,"lon":-77.285265,"city":"Clarksburg","state":"MD","address":"22704 Clarksburg Rd. Suite 850","name":""},
  {"lat":45.436247,"lon":-122.573814,"city":"Portland","state":"OR","address":"12000 SE 82nd Ave. Sp.# C-203","name":""},
  {"lat":28.069825,"lon":-82.576387,"city":"Tampa","state":"FL","address":"8003 Citrus Park Town Center Mall","name":""},
  {"lat":34.005944,"lon":-118.15284,"city":"Commerce","state":"CA","address":"100 Citadel Dr. Suite FC-D2","name":""},
  {"lat":32.797579,"lon":-80.032534,"city":"Charleston","state":"SC","address":"2070 Sam Rittenburg Blvd., #FC1","name":""},
  {"lat":37.503596,"lon":-77.47445,"city":"Richmond","state":"VA","address":"511 E Belt Blvd","name":""},
  {"lat":39.765204,"lon":-86.158881,"city":"Indianapolis","state":"IN","address":"49 W. Maryland St. VC03","name":""},
  {"lat":39.433507,"lon":-84.33821,"city":"Monroe","state":"OH","address":"400 Premium Outlet Drive","name":""},
  {"lat":31.773722,"lon":-106.38103,"city":"El Paso","state":"TX","address":"8401 Gateway Blvd.","name":""},
  {"lat":29.185347,"lon":-98.844883,"city":"Natalia","state":"TX","address":"21561 FM 471 S","name":""},
  {"lat":33.522504,"lon":-112.095368,"city":"Phoenix","state":"AZ","address":"1703 W. Bethany Home Rd.","name":""},
  {"lat":39.678257,"lon":-75.651854,"city":"Newark","state":"DE","address":"220 Christiana Mall, Sp. 1491","name":""},
  {"lat":39.354582,"lon":-82.976911,"city":"Chillicothe","state":"OH","address":"960 N. Bridge St.","name":""},
  {"lat":41.715534,"lon":-87.783722,"city":"Chicago Ridge","state":"IL","address":"470 Chicago Ridge Mall","name":""},
  {"lat":41.800079,"lon":-88.27482,"city":"Aurora","state":"IL","address":"1650 Premium Outlet Blvd. Space #1205","name":""},
  {"lat":37.507509,"lon":-77.608659,"city":"Richmond","state":"VA","address":"11500 Midlothian Turnpike","name":""},
  {"lat":42.246174,"lon":-88.97579,"city":"Rockford","state":"IL","address":"7200 Harrison Ave., #FC-9","name":""},
  {"lat":39.942243,"lon":-75.026182,"city":"Cherry Hill","state":"NJ","address":"2000 Rt. 38, FC5","name":""},
  {"lat":40.07819,"lon":-75.159673,"city":"Wyncote","state":"PA","address":"8248 Ogontz Ave Suite B","name":""},
  {"lat":35.168285,"lon":-80.971221,"city":"Charlotte","state":"NC","address":"5405 New Fashion Way #618","name":""},
  {"lat":27.684065,"lon":-97.383143,"city":"Corpus Christi","state":"TX","address":"5625 Saratoga Blvd #105","name":""},
  {"lat":34.174912,"lon":-119.160824,"city":"Oxnard","state":"CA","address":"2721 S. Rose Ave., #A101","name":""},
  {"lat":40.769882,"lon":-73.834325,"city":"Flushing","state":"NY","address":"30-11 Stratton St.","name":""},
  {"lat":41.850858,"lon":-87.798324,"city":"Berwyn","state":"IL","address":"6948 Cermak Rd","name":""},
  {"lat":39.182516,"lon":-77.26398,"city":"Germantown","state":"MD","address":"19877 Century Blvd","name":""},
  {"lat":34.603558,"lon":-98.39204,"city":"Lawton","state":"OK","address":"200 SW C Ave","name":""},
  {"lat":39.909596,"lon":-86.063813,"city":"Indianapolis","state":"IN","address":"6020 E. 82nd St., Space #1002","name":""},
  {"lat":39.374697,"lon":-76.46773,"city":"Nottingham","state":"MD","address":"8200 Perry Hall Blvd., #2395","name":""},
  {"lat":28.655884,"lon":-81.333044,"city":"Casselberry","state":"FL","address":"386 FL 436","name":""},
  {"lat":35.082256,"lon":-80.877337,"city":"Pineville","state":"NC","address":"11025 Carolina Place Pkwy., Sp. FC-08","name":""},
  {"lat":29.921515,"lon":-95.413435,"city":"Houston","state":"TX","address":"10719 North Fwy","name":""},
  {"lat":38.940138,"lon":-76.906638,"city":"Hyattsville","state":"MD","address":"6300 Annapolis Road","name":""},
  {"lat":43.060099,"lon":-83.765682,"city":"Flint","state":"MI","address":"4335 West Pierson Rd","name":""},
  {"lat":47.041979,"lon":-122.936168,"city":"Olympia","state":"WA","address":"625 Black Lake Blvd SW., FC-02","name":""},
  {"lat":40.223222,"lon":-76.932256,"city":"Camp Hill","state":"PA","address":"3506 Capital City Mall Dr.","name":""},
  {"lat":41.66698,"lon":-70.296916,"city":"Hyannis","state":"MA","address":"769 Iyannough Rd. #F115","name":""},
  {"lat":32.542968,"lon":-95.755801,"city":"Canton","state":"TX","address":"9800 I 20","name":""},
  {"lat":42.36744,"lon":-71.076565,"city":"Cambridge","state":"MA","address":"100 Cambridgeside Pl","name":""},
  {"lat":34.21566,"lon":-119.062321,"city":"Camarillo","state":"CA","address":"740 E. Ventura Blvd., F-2","name":""},
  {"lat":38.669212,"lon":-76.877247,"city":"Brandywine","state":"MD","address":"16104 Cadillac Drive Suite #A","name":""},
  {"lat":42.482391,"lon":-71.213676,"city":"Burlington","state":"MA","address":"75 Middlesex Turnpike","name":""},
  {"lat":34.183377,"lon":-118.312405,"city":"Burbank","state":"CA","address":"201 E. Magnolia Blvd. #138","name":""},
  {"lat":41.748631,"lon":-87.742326,"city":"Burbank","state":"IL","address":"4823 West 79th Street","name":""},
  {"lat":40.423173,"lon":-74.382378,"city":"East Brunswick","state":"NJ","address":"755 Hwy. 18, Sp #799","name":""},
  {"lat":42.268179,"lon":-88.979336,"city":"Rockford","state":"IL","address":"7038 Walton Street","name":""},
  {"lat":26.117215,"lon":-80.255121,"city":"Plantation","state":"FL","address":"8000 W. Broward Blvd., Space FC-12","name":""},
  {"lat":41.41812,"lon":-81.7894,"city":"Brookpark","state":"OH","address":"13895 Brookpark Rd.","name":""},
  {"lat":32.843396,"lon":-96.596317,"city":"Garland","state":"TX","address":"5949 Broadway Blvd Ste 145","name":""},
  {"lat":41.461436,"lon":-81.64378,"city":"Cleveland","state":"OH","address":"6610 Broadway Ave","name":""},
  {"lat":41.849909,"lon":-87.848128,"city":"Broadview","state":"IL","address":"106 Broadview Village Square","name":""},
  {"lat":41.362327,"lon":-81.684163,"city":"Seven Hills","state":"OH","address":"7475 Broadview Rd.","name":""},
  {"lat":33.233173,"lon":-97.168083,"city":"Denton","state":"TX","address":"2750 W. University Dr.","name":""},
  {"lat":40.060703,"lon":-82.913512,"city":"Columbus","state":"OH","address":"3900 Morse Rd","name":""},
  {"lat":40.878106,"lon":-79.943403,"city":"Butler","state":"PA","address":"400 Butler Commons","name":""},
  {"lat":29.735481,"lon":-95.512218,"city":"Houston","state":"TX","address":"2727 Dunvale Rd","name":""},
  {"lat":39.969145,"lon":-104.823884,"city":"Brighton","state":"CO","address":"60 W Bromley Ln","name":""},
  {"lat":37.554114,"lon":-77.455466,"city":"Richmond","state":"VA","address":"1500 W Broad St.","name":""},
  {"lat":40.585674,"lon":-74.618652,"city":"Bridgewater","state":"NJ","address":"400 Commons Way, Space 3505","name":""},
  {"lat":33.915606,"lon":-117.886514,"city":"Brea","state":"CA","address":"1065 Brea Mall, Sp. #2164","name":""},
  {"lat":29.050918,"lon":-95.458891,"city":"Lake Jackson","state":"TX","address":"100 Highway 332 West, Suite FC-5","name":""},
  {"lat":41.54845,"lon":-73.024413,"city":"Waterbury","state":"CT","address":"495 Union Street Suite 139","name":""},
  {"lat":38.945425,"lon":-76.736899,"city":"Bowie","state":"MD","address":"15411 Excelsior Dr","name":""},
  {"lat":39.090355,"lon":-76.857029,"city":"Laurel","state":"MD","address":"14619 Baltimore Ave","name":""},
  {"lat":41.702655,"lon":-88.123209,"city":"Bolingbrook","state":"IL","address":"1239 W Boughton Road","name":""},
  {"lat":38.991059,"lon":-76.98919,"city":"Hyattsville","state":"MD","address":"8046 New Hampshire Ave","name":""},
  {"lat":40.915771,"lon":-74.060007,"city":"Paramus","state":"NJ","address":"825 Bergen Town Center","name":""},
  {"lat":26.68921,"lon":-80.199516,"city":"West Palm Beach","state":"FL","address":"9990 Belvedere Rd","name":""},
  {"lat":38.998652,"lon":-76.912311,"city":"Greenbelt","state":"MD","address":"5506 Cherrywood Lane","name":""},
  {"lat":42.069881,"lon":-71.048245,"city":"Brockton","state":"MA","address":"735 Belmont St","name":""},
  {"lat":40.856971,"lon":-81.427798,"city":"Canton","state":"OH","address":"4230 Belden Village Mall, FC-11","name":""},
  {"lat":30.673764,"lon":-88.122408,"city":"Mobile","state":"AL","address":"3476 Bel Air Mall","name":""},
  {"lat":29.772578,"lon":-95.401481,"city":"Houston","state":"TX","address":"111 Yale St","name":""},
  {"lat":40.674527,"lon":-80.313231,"city":"Monaca","state":"PA","address":"604 Beaver Valley Mall Blvd","name":""},
  {"lat":34.470574,"lon":-117.289516,"city":"Hesperia","state":"CA","address":"17129 Bear Valley Road","name":""},
  {"lat":41.498488,"lon":-81.494142,"city":"Beachwood","state":"OH","address":"26300 Cedar Rd. FC-3","name":""},
  {"lat":28.015568,"lon":-82.615342,"city":"Tampa","state":"FL","address":"11717 W Hillsborough Ave","name":""},
  {"lat":44.484505,"lon":-88.06616,"city":"Green Bay","state":"WI","address":"205 Bay Park Square","name":""},
  {"lat":37.163131,"lon":-93.264767,"city":"Springfield","state":"MO","address":"2825 S. Glenstone Ave., #VC08","name":""},
  {"lat":30.257362,"lon":-97.807225,"city":"Austin","state":"TX","address":"2901 S. Capital of Texas Highway, Space VC-07","name":""},
  {"lat":34.308443,"lon":-88.701667,"city":"Tupelo","state":"MS","address":"1001 Barnes Crossing","name":""},
  {"lat":41.507589,"lon":-87.67753,"city":"Olympia Fields","state":"IL","address":"21000 Western Ave","name":""},
  {"lat":29.550227,"lon":-98.665398,"city":"San Antonio","state":"TX","address":"11707 Bandera Rd Suite 103","name":""},
  {"lat":32.731848,"lon":-96.615379,"city":"Balch Springs","state":"TX","address":"12300 Lake June Road","name":""},
  {"lat":28.029936,"lon":-80.621396,"city":"Palm Bay","state":"FL","address":"4855 Babcock St. NE","name":""},
  {"lat":41.466682,"lon":-82.013029,"city":"Avon","state":"OH","address":"35701 Chester Road","name":""},
  {"lat":39.707309,"lon":-104.823688,"city":"Aurora","state":"CO","address":"14200 East Alamedia Ave., Unit 2066","name":""},
  {"lat":33.462648,"lon":-82.079204,"city":"Augusta","state":"GA","address":"3450 Wrightsboro Rd., Sp. 2390","name":""},
  {"lat":29.998501,"lon":-95.177665,"city":"Atascocita","state":"TX","address":"6320 FM 1960 RD East","name":""},
  {"lat":39.07785,"lon":-77.079756,"city":"Silver Spring","state":"MD","address":"13617 Connecticut Avenue","name":""},
  {"lat":33.952324,"lon":-118.18401,"city":"South Gate","state":"CA","address":"4787 Firestone Blvd","name":""},
  {"lat":38.482993,"lon":-82.653186,"city":"Ashland","state":"KY","address":"500 Winchester Ave., #154","name":""},
  {"lat":39.300519,"lon":-76.591199,"city":"Baltimore","state":"MD","address":"1835 Ashland Ave.","name":""},
  {"lat":32.34149,"lon":-97.415323,"city":"Cleburne","state":"TX","address":"1616 West Henderson St","name":""},
  {"lat":35.578966,"lon":-82.525591,"city":"Asheville","state":"NC","address":"3 South Tunnel Rd, FC #1","name":""},
  {"lat":39.157819,"lon":-76.724707,"city":"Hanover","state":"MD","address":"7000 Arundel Mills Circle, Sp. #FC03A","name":""},
  {"lat":33.383045,"lon":-111.964472,"city":"Tempe","state":"AZ","address":"5000 Arizona Mills Circle FC9","name":""},
  {"lat":26.208284,"lon":-80.220558,"city":"North Lauderdale","state":"FL","address":"7202 W McNab Rd","name":""},
  {"lat":38.601162,"lon":-121.426935,"city":"Sacramento","state":"CA","address":"1689 Arden Way, Suite 2026","name":""},
  {"lat":33.727725,"lon":-84.746083,"city":"Douglasville","state":"GA","address":"6700 Douglas Blvd","name":""},
  {"lat":39.160249,"lon":-78.164607,"city":"Winchester","state":"VA","address":"1850 Apple Blossom Dr., F105","name":""},
  {"lat":28.669319,"lon":-81.489609,"city":"Apopka","state":"FL","address":"845 S Orange Blossom Trail","name":""},
  {"lat":38.987577,"lon":-76.546119,"city":"Annapolis","state":"MD","address":"2002 Annapolis Mall, FC22","name":""},
  {"lat":40.810759,"lon":-74.067206,"city":"East Rutherford","state":"NJ","address":"One American Dream Way","name":""},
  {"lat":28.666612,"lon":-81.377404,"city":"Altamonte Springs","state":"FL","address":"451 East Altamonte Dr., FS-05","name":""},
  {"lat":47.827669,"lon":-122.274142,"city":"Lynnwood","state":"WA","address":"3000 184th St. SW, Suite 832","name":""},
  {"lat":21.291298,"lon":-157.843379,"city":"Honolulu","state":"HI","address":"1450 Ala Moana Blvd # 1160R","name":""},
  {"lat":33.510253,"lon":-112.267276,"city":"Glendale","state":"AZ","address":"5010 N 95th Ave","name":""},
  {"lat":30.171224,"lon":-92.075829,"city":"Lafayette","state":"LA","address":"5725 Johnston Street #A270","name":""},
  {"lat":36.706355,"lon":-81.974426,"city":"Abingdon","state":"VA","address":"404 Cummings Street, Space #3","name":""},
  {"lat":30.28574,"lon":-81.390868,"city":"Jacksonville Beach","state":"FL","address":"277 3rd St S","name":""},
  {"lat":39.102608,"lon":-75.545585,"city":"Camden","state":"DE","address":"263 Walmart Drive","name":""},
  {"lat":30.278954,"lon":-95.467527,"city":"Conroe","state":"TX","address":"449 South Loop 336 West Ste 800","name":""},
  {"lat":33.01676,"lon":-96.682993,"city":"Plano","state":"TX","address":"2300 14th street","name":""},
  {"lat":32.436858,"lon":-97.104575,"city":"Venus","state":"TX","address":"104 N FM 157","name":""},
  {"lat":36.063857,"lon":-115.249678,"city":"Las Vegas","state":"NV","address":"7200 Arroyo Crossing Pkwy","name":""},
  {"lat":39.813571,"lon":-84.030968,"city":"Wright Patterson AFB","state":"OH","address":"Area A 2202 Birch St","name":""},
  {"lat":38.729723,"lon":-93.564895,"city":"Whiteman AFB","state":"MO","address":"711 Vandenberg","name":""},
  {"lat":30.066577,"lon":-85.596454,"city":"Tyndall AFB","state":"FL","address":"220 Mall Ln","name":""},
  {"lat":38.270629,"lon":-121.949437,"city":"Travis AFB","state":"CA","address":"Travis AFB 461 Skymaster Dr","name":""},
  {"lat":35.419507,"lon":-97.404849,"city":"Tinker AFB","state":"OK","address":"3360 N Ave","name":""},
  {"lat":38.532948,"lon":-89.869041,"city":"Scott AFB","state":"IL","address":"1981 Ward St","name":""},
  {"lat":21.494405,"lon":-158.062164,"city":"Schofield Barracks","state":"HI","address":"Cadet Sheridan & McCornack Rd Bldg 694","name":""},
  {"lat":32.598042,"lon":-83.581968,"city":"Robins AFB","state":"GA","address":"Bldg 982 Macon St","name":""},
  {"lat":34.695892,"lon":-86.631878,"city":"Huntsville","state":"AL","address":"AAFES Charleys Bldg 3220 Acton Dr","name":""},
  {"lat":29.536064,"lon":-98.285456,"city":"Randolph AFB","state":"TX","address":"630 3rd St","name":""},
  {"lat":38.81272,"lon":-104.678753,"city":"Peterson AFB","state":"CO","address":"1030 E Stewart Ave","name":""},
  {"lat":28.218801,"lon":-80.603167,"city":"Patrick AFB","state":"FL","address":"1221 S Patrick Dr","name":""},
  {"lat":41.119077,"lon":-95.924131,"city":"Offutt AFB","state":"NE","address":"106 Meyers Ave","name":""},
  {"lat":36.233911,"lon":-115.050504,"city":"Nellis AFB","state":"NV","address":"5691 Rickenbacker Rd","name":""},
  {"lat":48.423727,"lon":-101.336312,"city":"Minot","state":"ND","address":"362 Missile Ave Bldg 248","name":""},
  {"lat":32.376244,"lon":-86.354334,"city":"Maxwell AFB","state":"AL","address":"355 E Selfridge St","name":""},
  {"lat":27.849822,"lon":-82.508963,"city":"MacDill AFB","state":"FL","address":"3108 N Boundary Rd","name":""},
  {"lat":33.529298,"lon":-112.356904,"city":"Glendale","state":"AZ","address":"7071 N 138th Dr","name":""},
  {"lat":36.27157,"lon":-115.271014,"city":"Las Vegas","state":"NV","address":"8060 W Tropical Pkwy","name":""},
  {"lat":29.382936,"lon":-98.613405,"city":"Lackland AFB","state":"TX","address":"2180 Reese St","name":""},
  {"lat":35.059524,"lon":-106.559328,"city":"Kirtland AFB","state":"NM","address":"7901 Gibson Blvd SE","name":""},
  {"lat":30.40656,"lon":-88.908901,"city":"Biloxi","state":"MS","address":"506 Larcher Blvd","name":""},
  {"lat":30.417325,"lon":-86.680921,"city":"Hurlburt Field","state":"FL","address":"112 Lielmanis Ave","name":""},
  {"lat":35.014774,"lon":-80.565002,"city":"Monroe","state":"NC","address":"2406 W Roosevelt Blvd","name":""},
  {"lat":33.578511,"lon":-112.230578,"city":"Peoria","state":"AZ","address":"7975 W Peoria Ave","name":""},
  {"lat":32.838345,"lon":-106.083215,"city":"Holloman AFB","state":"NM","address":"551 4th St","name":""},
  {"lat":41.112658,"lon":-111.98447,"city":"Hill AFB","state":"UT","address":"5845 E Ave Bldg 412","name":""},
  {"lat":21.347227,"lon":-157.943745,"city":"Hickam AFB","state":"HI","address":"265 McClellan St","name":""},
  {"lat":47.092181,"lon":-122.588722,"city":"Ft. Lewis","state":"WA","address":"5280 41st Division Dr.","name":""},
  {"lat":37.248518,"lon":-77.33596,"city":"Ft Lee","state":"VA","address":"300 A AVE","name":""},
  {"lat":31.131055,"lon":-97.797812,"city":"Fort Hood","state":"TX","address":"Bldg. 4250 Clear Creek Rd","name":""},
  {"lat":35.118368,"lon":-79.013164,"city":"Fort Bragg","state":"NC","address":"Bldg. Z-3252, 1017 Canopy Ln.","name":""},
  {"lat":35.157045,"lon":-78.977332,"city":"Fort Bragg","state":"NC","address":"North Post Exchange FC, Bldg 8-5050 Butner Rd","name":""},
  {"lat":35.126911,"lon":-79.010977,"city":"Fort Bragg","state":"NC","address":"BLDG C5934 Ardennes Street","name":""},
  {"lat":31.865865,"lon":-81.608645,"city":"Fort Stewart","state":"GA","address":"345 Linquist Ave","name":""},
  {"lat":34.672602,"lon":-98.410523,"city":"Ft Sill","state":"OK","address":"1718 Macomb Rd","name":""},
  {"lat":29.450624,"lon":-98.446497,"city":"Fort Sam","state":"TX","address":"2500 Funston Rd","name":""},
  {"lat":31.33601,"lon":-85.711847,"city":"Fort Rucker","state":"AL","address":"9214 Hutton Plz","name":""},
  {"lat":39.044362,"lon":-96.829699,"city":"Fort Riley","state":"KS","address":"Bldg 2210 Trooper Dr","name":""},
  {"lat":39.09247,"lon":-96.781524,"city":"Fort Riley","state":"KS","address":"Fort Riley Food Court Bldg 6914","name":""},
  {"lat":31.044235,"lon":-93.218305,"city":"Fort Polk","state":"LA","address":"7742 Colorado Ave","name":""},
  {"lat":39.107461,"lon":-76.737742,"city":"Fort Meade","state":"MD","address":"2799 Rose St","name":""},
  {"lat":40.030037,"lon":-74.614606,"city":"Fort Dix","state":"NJ","address":"3452 Broidy Ave","name":""},
  {"lat":37.758155,"lon":-92.115722,"city":"Ft Leonard Wood","state":"MO","address":"143 Replacement Ave","name":""},
  {"lat":39.344112,"lon":-94.915571,"city":"Ft Leavenworth","state":"KS","address":"100 Stimson Ave","name":""},
  {"lat":39.340211,"lon":-94.92466,"city":"Ft Leavenworth","state":"KS","address":"330 Iowa Ave","name":""},
  {"lat":37.885166,"lon":-85.950526,"city":"Fort Knox","state":"KY","address":"Fort Knox","name":""},
  {"lat":34.016561,"lon":-80.945655,"city":"Fort Jackson","state":"SC","address":"4110 Moseby","name":""},
  {"lat":31.565841,"lon":-110.33725,"city":"Fort Huachuca","state":"AZ","address":"Bldg 82301 Bissel ST & Hatfield Ave","name":""},
  {"lat":31.137448,"lon":-97.76504,"city":"Fort Hood","state":"TX","address":"Bldg. 118, 761st Tank Battalion Ave","name":""},
  {"lat":36.391887,"lon":-97.922491,"city":"Enid","state":"OK","address":"5505 W Owen K Garriott","name":""},
  {"lat":32.739764,"lon":-96.30616,"city":"Terrell","state":"TX","address":"1900 W Moore Ave","name":""},
  {"lat":33.403174,"lon":-82.128884,"city":"Fort Gordon","state":"GA","address":"201 3rd Ave","name":""},
  {"lat":37.149984,"lon":-76.590286,"city":"Fort Eustis","state":"VA","address":"1386 Washington Blvd","name":""},
  {"lat":44.044036,"lon":-75.807227,"city":"Fort Drum","state":"NY","address":"10730A Enduring Freedom Dr","name":""},
  {"lat":38.737479,"lon":-104.795488,"city":"Fort Carson","state":"CO","address":"6110 Martinez St","name":""},
  {"lat":36.646012,"lon":-87.452646,"city":"Fort Campbell","state":"KY","address":"2840 Bastogne Ave","name":""},
  {"lat":29.4427,"lon":-98.642356,"city":"San Antonio","state":"TX","address":"8923 W Military Drive","name":""},
  {"lat":33.712002,"lon":-112.109279,"city":"Phoenix","state":"AZ","address":"2501 W Happy Valley Rd","name":""},
  {"lat":35.127734,"lon":-79.036254,"city":"Fort Bragg","state":"NC","address":"Food Court Bldg. #4-2171 Riley Rd.","name":""},
  {"lat":31.848908,"lon":-106.356102,"city":"Fort Bliss","state":"TX","address":"20752 Gulf Victory Rd","name":""},
  {"lat":31.817446,"lon":-106.429096,"city":"Fort Bliss","state":"TX","address":"1613 Marshall Rd.","name":""},
  {"lat":32.375882,"lon":-84.923355,"city":"Fort Benning","state":"GA","address":"9220 Marne Rd","name":""},
  {"lat":42.056618,"lon":-87.835531,"city":"Niles","state":"IL","address":"8500 W GOLF RD","name":""},
  {"lat":38.72455,"lon":-77.150314,"city":"Fort Belvoir","state":"VA","address":"8651 John J Kingman Rd","name":""},
  {"lat":61.234847,"lon":-149.766564,"city":"Elmendorf AFB","state":"AK","address":"5800 Westover Ave","name":""},
  {"lat":34.922262,"lon":-117.926482,"city":"Edwards AFB","state":"CA","address":"240 W Fitzgerald Blvd","name":""},
  {"lat":32.182785,"lon":-110.877085,"city":"Tucson","state":"AZ","address":"5405 E Granite St","name":""},
  {"lat":36.237112,"lon":-115.168245,"city":"Las Vegas","state":"NV","address":"1807 W Craig Rd","name":""},
  {"lat":36.156346,"lon":-115.201884,"city":"Las Vegas","state":"NV","address":"4505 WEST CHARLESTON BLVD","name":""},
  {"lat":32.894214,"lon":-80.069382,"city":"Charleston AFB","state":"SC","address":"101 Lawson Dr","name":""},
  {"lat":32.493254,"lon":-93.675512,"city":"Barksdale AFB","state":"LA","address":"455 Curtiss Rd Bldg 4711","name":""},
  {"lat":26.11905,"lon":-80.1753,"city":"Fort Lauderdale","state":"FL","address":"2500 W. Broward Boulevard","name":""},
  {"lat":38.814994,"lon":-76.882568,"city":"Andrews AFB","state":"MD","address":"1811 G St","name":""},
  {"lat":33.6365,"lon":-112.185018,"city":"Glendale","state":"AZ","address":"5845 W Bell Road","name":""},
  {"lat":29.488048,"lon":-98.5374,"city":"San Antonio","state":"TX","address":"1603 Vance Jackson Rd","name":""},
  {"lat":34.693986,"lon":-118.17407,"city":"Lancaster","state":"CA","address":"44665 Valley Central Way","name":""},
  {"lat":29.856217,"lon":-81.325163,"city":"St. Augustine","state":"FL","address":"2355 US Highway 1 S","name":""},
  {"lat":41.547815,"lon":-87.179013,"city":"Poratage","state":"IN","address":"6087 US Highway 6","name":""},
  {"lat":32.597432,"lon":-96.947015,"city":"Cedar Hill","state":"TX","address":"621 Uptown Blvd","name":""},
  {"lat":40.182631,"lon":-80.221849,"city":"Washington","state":"PA","address":"30 Trinity Point Dr.","name":""},
  {"lat":40.276468,"lon":-78.845696,"city":"Johnstown","state":"PA","address":"150 Town Center Drive","name":""},
  {"lat":26.005741,"lon":-80.389699,"city":"Pembroke Pines","state":"FL","address":"151 SW 184th Ave","name":""},
  {"lat":35.184307,"lon":-101.927546,"city":"Amarillo","state":"TX","address":"7701 Interstate 40 W. #208","name":""},
  {"lat":27.156986,"lon":-80.218679,"city":"Stuart","state":"FL","address":"4001 SE Federal Hwy","name":""},
  {"lat":35.222563,"lon":-114.032742,"city":"Kingman","state":"AZ","address":"3396 Stockton Hill Rd","name":""},
  {"lat":47.168181,"lon":-122.172583,"city":"Bonney Lake","state":"WA","address":"19205 State Route 410 E","name":""},
  {"lat":30.075833,"lon":-95.624931,"city":"Tomball","state":"TX","address":"27650 State Highway 249","name":""},
  {"lat":28.233229,"lon":-80.72431,"city":"Viera","state":"FL","address":"8500 N Wickham Rd","name":""},
  {"lat":29.352895,"lon":-98.479788,"city":"San Antonio","state":"TX","address":"1200 SE Military Dr","name":""},
  {"lat":29.400338,"lon":-98.387291,"city":"San Antonio","state":"TX","address":"2100 SE Loop 410","name":""},
  {"lat":33.385107,"lon":-111.598661,"city":"Mesa","state":"AZ","address":"1606 S Signal Butte Rd","name":""},
  {"lat":33.191134,"lon":-97.093886,"city":"Denton","state":"TX","address":"1515 S. LOOP 288","name":""},
  {"lat":36.099155,"lon":-115.295797,"city":"Las Vegas","state":"NV","address":"5200 S Fort Apache Rd","name":""},
  {"lat":39.60631,"lon":-104.704884,"city":"Aurora","state":"CO","address":"6101 S Aurora Pkwy","name":""},
  {"lat":40.072696,"lon":-74.124852,"city":"Brick","state":"NJ","address":"1872 Route 88","name":""},
  {"lat":28.802654,"lon":-81.328252,"city":"Sanford","state":"FL","address":"1601 Rinehart Rd","name":""},
  {"lat":47.472125,"lon":-122.221071,"city":"Renton","state":"WA","address":"743 Rainier Ave S","name":""},
  {"lat":33.147148,"lon":-96.807809,"city":"Frisco","state":"TX","address":"8555 Preston Rd","name":""},
  {"lat":32.84794,"lon":-97.184051,"city":"Hurst","state":"TX","address":"1732 Precinct Line Road","name":""},
  {"lat":30.107081,"lon":-95.233682,"city":"Porter","state":"TX","address":"23561 US Hwy 59","name":""},
  {"lat":26.679798,"lon":-81.899334,"city":"Fort Myers","state":"FL","address":"545 Pine Island Rd","name":""},
  {"lat":39.337282,"lon":-76.487937,"city":"Rosedale","state":"MD","address":"6420 Petrie Way","name":""},
  {"lat":39.379155,"lon":-76.510172,"city":"Nottingham","state":"MD","address":"8118 Perry Hills Court","name":""},
  {"lat":29.853796,"lon":-95.50904,"city":"Houston","state":"TX","address":"13484 Northwest Fwy","name":""},
  {"lat":30.30199,"lon":-81.758876,"city":"Jacksonville","state":"FL","address":"6830 Normandy Blvd","name":""},
  {"lat":41.497408,"lon":-74.073864,"city":"Newburgh","state":"NY","address":"1201 Route 300","name":""},
  {"lat":41.470048,"lon":-73.028619,"city":"Naugatuck","state":"CT","address":"1100 New Haven Road","name":""},
  {"lat":32.842637,"lon":-97.246576,"city":"North Richland Hills","state":"TX","address":"6401 NE Loop 820","name":""},
  {"lat":30.412148,"lon":-86.830907,"city":"Navarre","state":"FL","address":"9360 Navarre Pkwy","name":""},
  {"lat":29.591766,"lon":-98.355856,"city":"San Antonio","state":"TX","address":"16503 Nacodgoches Road","name":""},
  {"lat":38.417091,"lon":-75.569517,"city":"Salilsbury","state":"MD","address":"2702 N Salisbury Blvd","name":""},
  {"lat":32.882257,"lon":-97.387113,"city":"Saginaw","state":"TX","address":"1401 N Saginaw Blvd","name":""},
  {"lat":34.22002,"lon":-119.161415,"city":"Oxnard","state":"CA","address":"2001 North Rose Ave","name":""},
  {"lat":39.28293,"lon":-76.820766,"city":"Ellicott City","state":"MD","address":"3200 N Ridge Road","name":""},
  {"lat":39.250462,"lon":-94.654539,"city":"Kansas City","state":"MO","address":"8551 N Boardwalk Ave","name":""},
  {"lat":33.553163,"lon":-117.192542,"city":"Murrieta","state":"CA","address":"41200 Murrieta Hot Springs Rd","name":""},
  {"lat":34.231379,"lon":-83.874815,"city":"Oakwood","state":"GA","address":"3875 Mundy Mill Rd","name":""},
  {"lat":32.958838,"lon":-96.816104,"city":"Dallas","state":"TX","address":"15220 Montfort Drive","name":""},
  {"lat":41.530722,"lon":-73.897214,"city":"Fishkill","state":"NY","address":"26 W Merritt Blvd","name":""},
  {"lat":36.060476,"lon":-115.033068,"city":"Henderson","state":"NV","address":"540 Marks Street","name":""},
  {"lat":29.783873,"lon":-95.803908,"city":"Katy","state":"TX","address":"25108 Market Place Dr","name":""},
  {"lat":32.920371,"lon":-96.967555,"city":"Irving","state":"TX","address":"1635 Market Place Blvd","name":""},
  {"lat":25.927562,"lon":-80.171464,"city":"North Miami Beach","state":"FL","address":"1425 NE 163rd St","name":""},
  {"lat":27.391841,"lon":-82.506512,"city":"Sarasota","state":"FL","address":"8320 Lockwood Ridge North","name":""},
  {"lat":29.500877,"lon":-98.704591,"city":"San Antonio","state":"TX","address":"6703 West Loop 1604 N","name":""},
  {"lat":30.441852,"lon":-84.318956,"city":"Tallahassee","state":"FL","address":"2020 West Pensacola Street Suite 230","name":""},
  {"lat":33.90246,"lon":-118.145366,"city":"Paramount","state":"CA","address":"14501 Lakewood Blvd","name":""},
  {"lat":32.910622,"lon":-96.578005,"city":"Rowlett","state":"TX","address":"2501 Lakeview Parkway","name":""},
  {"lat":32.812471,"lon":-97.426137,"city":"Lake Worth","state":"TX","address":"6360 Lake Worth Blvd","name":""},
  {"lat":26.79494,"lon":-80.088237,"city":"Lake Park","state":"FL","address":"101 N Congress Ave.","name":""},
  {"lat":36.03102,"lon":-83.86634,"city":"Knoxville","state":"TN","address":"3051 Kinzel Way","name":""},
  {"lat":38.76916,"lon":-77.136113,"city":"Alexandria","state":"VA","address":"5885 KINGSTOWNE BOULEVARD","name":""},
  {"lat":33.075316,"lon":-97.08136,"city":"Highland Village","state":"TX","address":"3060 Justin Rd","name":""},
  {"lat":26.270863,"lon":-81.745958,"city":"Naples","state":"FL","address":"5420 Juliet Blvd","name":""},
  {"lat":29.514765,"lon":-98.481846,"city":"San Antonio","state":"TX","address":"8500 Jones Maltsberger Rd","name":""},
  {"lat":37.118621,"lon":-76.506219,"city":"Newport News","state":"VA","address":"12401 Jefferson Ave.","name":""},
  {"lat":31.600509,"lon":-97.105812,"city":"Bellmead","state":"TX","address":"1521 Interstate 35 N","name":""},
  {"lat":32.592027,"lon":-96.819682,"city":"Lancaster","state":"TX","address":"150 N Interstate 35 E Rd","name":""},
  {"lat":29.573485,"lon":-95.568008,"city":"Missouri City","state":"TX","address":"5501 Hwy 6","name":""},
  {"lat":29.721186,"lon":-95.647017,"city":"Houston","state":"TX","address":"3506 Hwy 6 South","name":""},
  {"lat":30.341578,"lon":-81.545581,"city":"Jacksonville","state":"FL","address":"9890 Hutchinson Park Dr","name":""},
  {"lat":33.507187,"lon":-84.234919,"city":"Stockbridge","state":"GA","address":"1400 Hudson Bridge Rd","name":""},
  {"lat":39.036659,"lon":-77.055079,"city":"Wheaton","state":"MD","address":"11160 Viers Mill Road, Space # FC2","name":""},
  {"lat":29.732948,"lon":-95.591597,"city":"Houston","state":"TX","address":"2700 S Kirkwood Rd.","name":""},
  {"lat":31.679932,"lon":-106.20092,"city":"Horizon City","state":"TX","address":"13900 Horizon Blvd","name":""},
  {"lat":40.986395,"lon":-76.012548,"city":"Hazle Township","state":"PA","address":"761 Airport Rd","name":""},
  {"lat":28.062277,"lon":-82.552291,"city":"Tampa","state":"FL","address":"6192 Gunn Hwy","name":""},
  {"lat":39.87624,"lon":-104.9862,"city":"Thornton","state":"CO","address":"9901 Grant St.","name":""},
  {"lat":33.650778,"lon":-112.234117,"city":"Glendale","state":"AZ","address":"18551 N 83rd Ave","name":""},
  {"lat":29.776303,"lon":-94.97438,"city":"Baytown","state":"TX","address":"4900 Garth Rd.","name":""},
  {"lat":28.269729,"lon":-82.191076,"city":"Zephyrhills","state":"FL","address":"7631 Gall Blvd","name":""},
  {"lat":30.008962,"lon":-95.283301,"city":"Humble","state":"TX","address":"9451 FM 1960 Bypass","name":""},
  {"lat":27.495791,"lon":-82.482383,"city":"Bradenton","state":"FL","address":"6225 E State Rd 64","name":""},
  {"lat":29.209243,"lon":-82.064045,"city":"Ocala","state":"FL","address":"4980 E Silver Springs Blvd","name":""},
  {"lat":32.432642,"lon":-97.780429,"city":"Granbury","state":"TX","address":"735 E HIGHWAY 377","name":""},
  {"lat":39.651801,"lon":-104.878329,"city":"Aurora","state":"CO","address":"9400 E Hampden Ave","name":""},
  {"lat":38.023047,"lon":-121.273724,"city":"Stockton","state":"CA","address":"3223 EAST HAMMER LANE","name":""},
  {"lat":39.249978,"lon":-84.429599,"city":"Cincinnati","state":"OH","address":"2801 Cunningham Rd","name":""},
  {"lat":41.583412,"lon":-87.716184,"city":"Country Club Hills","state":"IL","address":"4005 167TH ST","name":""},
  {"lat":27.460501,"lon":-82.616327,"city":"Bradenton","state":"FL","address":"5315 Cortez Rd W","name":""},
  {"lat":28.458757,"lon":-82.630457,"city":"Spring Hill","state":"FL","address":"1485 Commercial Way","name":""},
  {"lat":40.413634,"lon":-86.827741,"city":"Lafayette","state":"IN","address":"4205 Commerce dr","name":""},
  {"lat":41.955574,"lon":-70.717962,"city":"Plymouth","state":"MA","address":"300 Colony Place Rd.","name":""},
  {"lat":26.149077,"lon":-81.689103,"city":"Naples","state":"FL","address":"9885 Collier Blvd","name":""},
  {"lat":30.209771,"lon":-95.459925,"city":"The Woodlands","state":"TX","address":"3040 College Park Dr.","name":""},
  {"lat":36.882599,"lon":-76.428104,"city":"Suffolk","state":"VA","address":"6259 College Dr.","name":""},
  {"lat":39.742684,"lon":-105.07955,"city":"Lakewood","state":"CO","address":"7455 W Colfax Ave","name":""},
  {"lat":32.76066,"lon":-97.481699,"city":"Fort Worth","state":"TX","address":"9521 White Settlement Rd Ste 109","name":""},
  {"lat":28.3041,"lon":-81.435946,"city":"Kissimmee","state":"FL","address":"3250 W. Vine St.","name":""},
  {"lat":37.760219,"lon":-121.458997,"city":"Tracy","state":"CA","address":"3200 Naglee Rd., #606","name":""},
  {"lat":29.57339,"lon":-98.236288,"city":"Cibolo","state":"TX","address":"602 Cibolo Valley Dr","name":""},
  {"lat":40.8638,"lon":-73.08044,"city":"Centereach","state":"NY","address":"161 Centereach Mall","name":""},
  {"lat":27.92482,"lon":-82.326611,"city":"Brandon","state":"FL","address":"11110 Causeway Boulevard","name":""},
  {"lat":33.830719,"lon":-118.158208,"city":"Lakewood","state":"CA","address":"2770 Carson St.","name":""},
  {"lat":35.925258,"lon":-84.038147,"city":"Knoxville","state":"TN","address":"7600 Kingston Pike, #1336","name":""},
  {"lat":40.248196,"lon":-77.023521,"city":"Mechanicsburg","state":"PA","address":"6520 Carlisle Pike # 550","name":""},
  {"lat":29.545761,"lon":-95.235967,"city":"Pearland","state":"TX","address":"1710 Broadway St.","name":""},
  {"lat":27.946693,"lon":-82.52686,"city":"Tampa","state":"FL","address":"250 Westshore Plaza, Sp. 4","name":""},
  {"lat":43.192323,"lon":-77.496979,"city":"Penfield","state":"NY","address":"1990 Brandt Point Dr","name":""},
  {"lat":40.846181,"lon":-72.895627,"city":"Yaphank","state":"NY","address":"901 Meadows Boulevard East","name":""},
  {"lat":30.137412,"lon":-81.768673,"city":"Orange Park","state":"FL","address":"899 Blanding Blvd","name":""},
  {"lat":29.172573,"lon":-81.030091,"city":"Daytona Beach","state":"FL","address":"1101 Beville Rd","name":""},
  {"lat":34.112806,"lon":-84.584609,"city":"Woodstock","state":"GA","address":"6435 Bells Ferry Road","name":""},
  {"lat":35.526823,"lon":-97.539955,"city":"Oklahoma City","state":"OK","address":"1801 Belle Isle Blvd","name":""},
  {"lat":34.116612,"lon":-117.825864,"city":"Glendora","state":"CA","address":"1950 AUTO CENTER DRIVE","name":""},
  {"lat":33.841133,"lon":-83.911186,"city":"Loganville","state":"GA","address":"4221 Atlanta Hwy","name":""},
  {"lat":33.289253,"lon":-111.838034,"city":"Chandler","state":"AZ","address":"1175 S Arizona Ave","name":""},
  {"lat":32.764483,"lon":-97.169261,"city":"Fort Worth","state":"TX","address":"8401 Anderson Blvd","name":""},
  {"lat":28.556973,"lon":-81.51526,"city":"Ocoee","state":"FL","address":"9401 W. Colonial Dr. #245","name":""},
  {"lat":34.465321,"lon":-117.354486,"city":"Victorville","state":"CA","address":"11896 Amargosa Rd","name":""},
  {"lat":32.835195,"lon":-97.00637,"city":"Irving","state":"TX","address":"4100 W Airport Fwy","name":""},
  {"lat":29.607627,"lon":-98.281209,"city":"Schertz","state":"TX","address":"6102 FM 3009","name":""},
  {"lat":27.449485,"lon":-82.527194,"city":"Bradenton","state":"FL","address":"2911 53rd Ave E","name":""},
  {"lat":34.556787,"lon":-118.042394,"city":"Palmdale","state":"CA","address":"37140 47th St E","name":""},
  {"lat":27.736202,"lon":-82.682433,"city":"St. Petersburg","state":"FL","address":"3501 34 St S","name":""},
  {"lat":28.817712,"lon":-81.672847,"city":"Mt Dora","state":"FL","address":"17030 US Highway 441","name":""},
  {"lat":28.649471,"lon":-81.469265,"city":"Apopka","state":"FL","address":"1700 S. Orange Blossom Trail","name":""},
  {"lat":47.848605,"lon":-122.252228,"city":"Lynnwood","state":"WA","address":"1400 164th St SW","name":""},
  {"lat":41.598794,"lon":-87.843004,"city":"Orland Hills","state":"IL","address":"9245 159th Street","name":""},
  {"lat":34.61175,"lon":-118.144634,"city":"Palmdale","state":"CA","address":"40130 10th St W","name":""},
  {"lat":38.622372,"lon":-76.913099,"city":"Waldorf","state":"MD","address":"3248B Crain Hwy.","name":""},
  {"lat":42.914173,"lon":-78.764017,"city":"Buffalo","state":"NY","address":"1 Walden Galleria Dr.","name":""},
  {"lat":30.414286,"lon":-97.689148,"city":"Austin","state":"TX","address":"1700 West Parmer Lane","name":""},
  {"lat":26.16678,"lon":-80.147547,"city":"Ft Lauderdale","state":"FL","address":"119 W Oakland Park Blvd","name":""},
  {"lat":34.107139,"lon":-117.393178,"city":"Rialto","state":"CA","address":"1100 W Foothill Blvd","name":""},
  {"lat":41.690563,"lon":-87.740207,"city":"Alsip","state":"IL","address":"11100 S Cicero Ave","name":""},
  {"lat":36.31044,"lon":-119.316038,"city":"Visalia","state":"CA","address":"2243 South Mooney Blvd.","name":""},
  {"lat":37.689103,"lon":-121.053822,"city":"Modesto","state":"CA","address":"3401 Dale Rd., Sp. #455","name":""},
  {"lat":32.745653,"lon":-96.450785,"city":"Forney","state":"TX","address":"207 Marketplace Blvd","name":""},
  {"lat":42.553583,"lon":-83.02833,"city":"Sterling Heights","state":"MI","address":"35364 Van Dyke Ave.","name":""},
  {"lat":35.337522,"lon":-119.034554,"city":"Bakersfield","state":"CA","address":"2701 Ming Ave., FC #0005","name":""},
  {"lat":35.704034,"lon":-81.30476,"city":"Hickory","state":"NC","address":"1960 US Hwy. 70 SE Ste 2-104","name":""},
  {"lat":40.694149,"lon":-111.955096,"city":"West Valley City","state":"UT","address":"3601 S. Constitution Blvd.","name":""},
  {"lat":32.871055,"lon":-117.211422,"city":"San Diego","state":"CA","address":"4545 La Jolla Village Dr. FC3A","name":""},
  {"lat":36.311762,"lon":-82.389298,"city":"Johnson City","state":"TN","address":"2108 West Market St., Suite D","name":""},
  {"lat":28.184954,"lon":-82.73962,"city":"Holiday","state":"FL","address":"1802 US HWY 19 N","name":""},
  {"lat":28.118687,"lon":-81.974418,"city":"Lakeland","state":"FL","address":"5750 US Highway 98 N.","name":""},
  {"lat":41.717579,"lon":-86.190849,"city":"Mishawaka","state":"IN","address":"6501 N. Grape Rd., #578","name":""},
  {"lat":40.275605,"lon":-111.67903,"city":"Orem","state":"UT","address":"575 E. University Parkway, Space M203","name":""},
  {"lat":38.897944,"lon":-77.004963,"city":"Washington D.C.","state":"DC","address":"50 Massachusetts Ave. NE","name":""},
  {"lat":27.894058,"lon":-82.764842,"city":"Largo","state":"FL","address":"9080 Ulmerton Rd.","name":""},
  {"lat":38.917998,"lon":-77.220956,"city":"McLean","state":"VA","address":"7947L Tyson's Corner Center, Space G2AL","name":""},
  {"lat":27.793531,"lon":-82.733028,"city":"St. Petersburg","state":"FL","address":"6901 22nd Ave N","name":""},
  {"lat":42.492768,"lon":-83.47144,"city":"Novi","state":"MI","address":"27294 Novi Rd.","name":""},
  {"lat":40.796473,"lon":-81.429057,"city":"Canton","state":"OH","address":"4525 West Tuscarawas St","name":""},
  {"lat":31.327547,"lon":-89.376145,"city":"Hattiesburg","state":"MS","address":"1000 Turtle Creek Dr. #310","name":""},
  {"lat":41.409899,"lon":-81.600544,"city":"Garfield Heights","state":"OH","address":"5637 Turney Rd","name":""},
  {"lat":33.637124,"lon":-112.098124,"city":"Phoenix","state":"AZ","address":"1825 W Bell Rd","name":""},
  {"lat":32.375553,"lon":-111.101928,"city":"Tucson","state":"AZ","address":"6401 W. Marana Center Blvd. #520","name":""},
  {"lat":32.2885,"lon":-110.974135,"city":"Tucson","state":"AZ","address":"4500 N. Oracle Rd., #FC-11","name":""},
  {"lat":41.229386,"lon":-73.226191,"city":"Trumbull","state":"CT","address":"5065 Main Street, Space #FC11","name":""},
  {"lat":35.86624,"lon":-78.57427,"city":"Raleigh","state":"NC","address":"5959 Triangle Town Blvd., FC-1123","name":""},
  {"lat":41.572982,"lon":-87.361275,"city":"Gary","state":"IN","address":"1921 W 25TH AVE","name":""},
  {"lat":39.404266,"lon":-76.599028,"city":"Towson","state":"MD","address":"825 Dulaney Valley Road","name":""},
  {"lat":37.6827,"lon":-97.247418,"city":"Wichita","state":"KS","address":"7700 East Kellogg Drive, VC06","name":""},
  {"lat":32.807725,"lon":-96.623972,"city":"Mesquite","state":"TX","address":"3046 Town East Mall","name":""},
  {"lat":39.968286,"lon":-76.773146,"city":"York","state":"PA","address":"1000 Town Center Dr.","name":""},
  {"lat":34.01771,"lon":-84.564474,"city":"Kennesaw","state":"GA","address":"400 Ernest Barrett Pkwy. NW","name":""},
  {"lat":39.973215,"lon":-82.898442,"city":"Whitehall","state":"OH","address":"3849 E. Broad St.","name":""},
  {"lat":41.497166,"lon":-81.694064,"city":"Cleveland","state":"OH","address":"230 W. Huron Rd.","name":""},
  {"lat":29.912396,"lon":-95.483475,"city":"Houston","state":"TX","address":"6405 West Rd.","name":""},
  {"lat":40.823508,"lon":-73.836637,"city":"The Bronx","state":"NY","address":"815 Hutchinson River Pkwy #2","name":""},
  {"lat":40.879543,"lon":-81.4335,"city":"North Canton","state":"OH","address":"6787 Strip Ave NW","name":""},
  {"lat":34.216006,"lon":-118.448383,"city":"Van Nuys","state":"CA","address":"7956 Van Nuys Blvd.","name":""},
  {"lat":32.679972,"lon":-97.129239,"city":"Arlington","state":"TX","address":"3811 S. Cooper St., Space# 2144","name":""},
  {"lat":29.658018,"lon":-82.411237,"city":"Gainesville","state":"FL","address":"6419 Newberry Rd.","name":""},
  {"lat":39.287017,"lon":-76.761989,"city":"Catonsville","state":"MD","address":"6510 Baltimore National Pike","name":""},
  {"lat":29.695919,"lon":-95.840165,"city":"Richmond","state":"TX","address":"26750 FM 1093","name":""},
  {"lat":30.184352,"lon":-81.554286,"city":"Jacksonville","state":"FL","address":"10300 Southside Blvd.","name":""},
  {"lat":28.034325,"lon":-82.392793,"city":"Temple Terrace","state":"FL","address":"9271 N 56th street","name":""},
  {"lat":40.764819,"lon":-73.30438,"city":"Deer Park","state":"NY","address":"152 The Arches Circle","name":""},
  {"lat":28.190213,"lon":-82.390802,"city":"Lutz","state":"FL","address":"2398 Grand Cypress Dr. Sp# 987","name":""},
  {"lat":47.21519,"lon":-122.467054,"city":"Tacoma","state":"WA","address":"4502 S. Steels St., # 46","name":""},
  {"lat":32.397828,"lon":-93.749004,"city":"Shreveport","state":"LA","address":"109 East Bert Kouns Industrial Loop","name":""},
  {"lat":29.547237,"lon":-95.444842,"city":"Fresno","state":"TX","address":"2723 FM 521 Rd.","name":""},
  {"lat":29.83578,"lon":-95.166855,"city":"Houston","state":"TX","address":"14650 Crosby Freeway","name":""},
  {"lat":30.171701,"lon":-95.319359,"city":"Conroe","state":"TX","address":"19175 FM1314","name":""},
  {"lat":25.953421,"lon":-97.503049,"city":"Brownsville","state":"TX","address":"2370 N. Expressway, Sp. #1336","name":""},
  {"lat":41.133828,"lon":-81.617701,"city":"Akron","state":"OH","address":"3265 W. Market St., #578","name":""},
  {"lat":33.981123,"lon":-84.079502,"city":"Lawrenceville","state":"GA","address":"5900 Sugarloaf Pkwy","name":""},
  {"lat":38.784325,"lon":-77.512002,"city":"Manassas","state":"VA","address":"7913 Sudley Road","name":""},
  {"lat":35.905217,"lon":-78.943939,"city":"Durham","state":"NC","address":"6910 Fayetteville Rd. #2285","name":""},
  {"lat":33.935192,"lon":-118.11906,"city":"Downey","state":"CA","address":"110 Stonewood St.","name":""},
  {"lat":33.098756,"lon":-96.812419,"city":"Frisco","state":"TX","address":"2601 Preston Rd., Sp #2030","name":""},
  {"lat":37.968611,"lon":-122.061111,"city":"Concord","state":"CA","address":"1 Sun Valley Mall, FC106","name":""},
  {"lat":40.581845,"lon":-74.16586,"city":"Staten Island","state":"NY","address":"2655 Richmond Ave., FC15","name":""},
  {"lat":38.67872,"lon":-90.662112,"city":"Chesterfield","state":"MO","address":"18521 Outlet Blvd","name":""},
  {"lat":38.596493,"lon":-89.979686,"city":"Fairview Heights","state":"IL","address":"280 St. Clair Square","name":""},
  {"lat":38.616939,"lon":-76.926494,"city":"Waldorf","state":"MD","address":"11110 Mall Circle, Space VC02","name":""},
  {"lat":42.460613,"lon":-71.027119,"city":"Saugus","state":"MA","address":"1201 Broadway","name":""},
  {"lat":32.967218,"lon":-97.698974,"city":"Springtown","state":"TX","address":"936 W HWY 199","name":""},
  {"lat":38.774677,"lon":-77.174473,"city":"Springfield","state":"VA","address":"6500 Springfield Mall","name":""},
  {"lat":30.064745,"lon":-95.430287,"city":"Spring","state":"TX","address":"155 Louetta Crossing","name":""},
  {"lat":30.073557,"lon":-95.51064,"city":"Spring","state":"TX","address":"5921 FM 2920 Suite G","name":""},
  {"lat":30.082374,"lon":-95.445572,"city":"Spring","state":"TX","address":"2019 Spring Stuebner Rd","name":""},
  {"lat":29.818204,"lon":-94.983245,"city":"Baytown","state":"TX","address":"8206 Garth Rd","name":""},
  {"lat":39.61323,"lon":-105.094849,"city":"Littleton","state":"CO","address":"8501 W. Bowles Ave. Space FC2","name":""},
  {"lat":35.150652,"lon":-80.831732,"city":"Charlotte","state":"NC","address":"4400 Sharon Rd.","name":""},
  {"lat":41.308597,"lon":-81.82044,"city":"Strongsville","state":"OH","address":"500 Southpark Ctr","name":""},
  {"lat":25.574722,"lon":-80.369167,"city":"Cutler Bay","state":"FL","address":"20505 South Dixie Hwy., Bay 1871","name":""},
  {"lat":37.650985,"lon":-122.101164,"city":"Hayward","state":"CA","address":"17 Southland Mall","name":""},
  {"lat":41.468843,"lon":-87.309841,"city":"Merrillville","state":"IN","address":"2278 Southlake Mall, Sp. FC3","name":""},
  {"lat":41.020796,"lon":-80.660241,"city":"Youngstown","state":"OH","address":"7401 Market St., #367","name":""},
  {"lat":47.458885,"lon":-122.257964,"city":"Tukwila","state":"WA","address":"2600 Southcenter Mall, FC 9","name":""},
  {"lat":33.843773,"lon":-118.261559,"city":"Carson","state":"CA","address":"20700 S Avalon Blvd #459","name":""},
  {"lat":40.562057,"lon":-111.895048,"city":"Sandy","state":"UT","address":"10450 S. State St., #FC-9","name":""},
  {"lat":42.222092,"lon":-71.024216,"city":"Braintree","state":"MA","address":"250 Granite St., Sp. #2104","name":""},
  {"lat":40.739635,"lon":-73.24668,"city":"Bayshore","state":"NY","address":"1701 Sunrise Hwy.","name":""},
  {"lat":41.02882,"lon":-81.51348,"city":"Akron","state":"OH","address":"370 E Waterloo Rd","name":""},
  {"lat":33.539293,"lon":-101.925359,"city":"Lubbock","state":"TX","address":"6002 Slide Rd., Sp. F01","name":""},
  {"lat":29.776141,"lon":-95.752223,"city":"Katy","state":"TX","address":"514 South Mason Road","name":""},
  {"lat":29.68124,"lon":-95.42558,"city":"Houston","state":"TX","address":"9540 South Main Street","name":""},
  {"lat":40.301675,"lon":-79.507615,"city":"Greensburg","state":"PA","address":"5256 US-30","name":""},
  {"lat":35.972629,"lon":-115.17274,"city":"Las Vegas","state":"NV","address":"12011 S Las Vegas Blvd","name":""},
  {"lat":41.600411,"lon":-87.592849,"city":"South Holland","state":"IL","address":"1001 E 162nd St.","name":""},
  {"lat":40.341338,"lon":-80.058219,"city":"Pittsburgh","state":"PA","address":"301 South Hills Village","name":""},
  {"lat":38.506331,"lon":-90.330597,"city":"St. Louis","state":"MO","address":"85 South County Center Way, Space FC 10","name":""},
  {"lat":26.627864,"lon":-80.088172,"city":"Palm Springs","state":"FL","address":"3276 S Congress Ave","name":""},
  {"lat":41.525289,"lon":-81.439293,"city":"Mayfield Heights","state":"OH","address":"1278-1280 SOM Center Rd","name":""},
  {"lat":41.383857,"lon":-81.436289,"city":"Solon","state":"OH","address":"34200 Aurora Rd.","name":""},
  {"lat":38.260063,"lon":-122.053737,"city":"Fairfield","state":"CA","address":"1350 Travis Blvd. Sp. FC-1","name":""},
  {"lat":36.844405,"lon":-81.501287,"city":"Marion","state":"VA","address":"1149 N Main Street","name":""},
  {"lat":40.864846,"lon":-73.130047,"city":"Lake Grove","state":"NY","address":"313 Smith Haven Mall, VC02","name":""},
  {"lat":36.807588,"lon":-119.693177,"city":"Clovis","state":"CA","address":"1240 Shaw Ave., Suite 109","name":""},
  {"lat":41.420487,"lon":-82.20844,"city":"Lorain","state":"OH","address":"5305 Leavitt Road","name":""},
  {"lat":28.187796,"lon":-82.350116,"city":"Wesley Chapel","state":"FL","address":"28152 Paseo Dr. Suite 190","name":""},
  {"lat":37.636525,"lon":-122.416818,"city":"San Bruno","state":"CA","address":"1150 El Camino Real, #195","name":""},
  {"lat":34.035579,"lon":-118.084906,"city":"Montebello","state":"CA","address":"2134 Monebello Town Center, FC-14","name":""},
  {"lat":33.558735,"lon":-117.669152,"city":"Mission Viejo","state":"CA","address":"555 Shops at Mission Viejo, Space VC08","name":""},
  {"lat":38.839863,"lon":-76.949093,"city":"Hillcrest Heights","state":"MD","address":"3701 Branch Ave","name":""},
  {"lat":41.807872,"lon":-72.546481,"city":"Manchester","state":"CT","address":"194 Buckland Hills Dr.","name":""},
  {"lat":39.198776,"lon":-77.254738,"city":"Germantown","state":"MD","address":"20910 Frederick Rd","name":""},
  {"lat":40.655349,"lon":-73.887793,"city":"Brooklyn","state":"NY","address":"939 Pennsylvania Ave","name":""},
  {"lat":39.996202,"lon":-75.090391,"city":"Philadelphia","state":"PA","address":"3837 Aramingo Avenue","name":""},
  {"lat":39.879382,"lon":-83.04345,"city":"Grove City","state":"OH","address":"1766 Stringtown Rd.","name":""},
  {"lat":28.298571,"lon":-82.67135,"city":"New Port Richey","state":"FL","address":"9754 Little Rd.","name":""},
  {"lat":39.309887,"lon":-76.749914,"city":"Baltimore","state":"MD","address":"6901 Security Blvd. Sp. FC3","name":""},
  {"lat":44.0037,"lon":-92.479803,"city":"Rochester","state":"MN","address":"1201 12 th street SW (suite0196)","name":""},
  {"lat":38.433558,"lon":-78.851712,"city":"Harrisonburg","state":"VA","address":"171 Burgess RD","name":""},
  {"lat":32.649809,"lon":-96.530545,"city":"Seagoville","state":"TX","address":"950 E MALLOY BRIDGE RD","name":""},
  {"lat":33.502899,"lon":-111.92948,"city":"Scottsdale","state":"AZ","address":"7014 E. Camelback Rd.","name":""},
  {"lat":26.148739,"lon":-80.322483,"city":"Sunrise","state":"FL","address":"12801 W. Sunrise Blvd. Space FC-211","name":""},
  {"lat":26.148739,"lon":-80.322483,"city":"Sunrise","state":"FL","address":"12801 W Sunrise Blvd. Suite 843","name":""},
  {"lat":38.43865,"lon":-122.715943,"city":"Santa Rosa","state":"CA","address":"1071 Santa Rosa Plaza, Space #2104","name":""},
  {"lat":34.135689,"lon":-118.04967,"city":"Arcadia","state":"CA","address":"400 S. Baldwin Ave., FC10","name":""},
  {"lat":33.737606,"lon":-117.92149,"city":"Santa Ana","state":"CA","address":"752 S. Harbor Blvd.","name":""},
  {"lat":30.198902,"lon":-81.620826,"city":"Jacksonville","state":"FL","address":"9840 San Jose Blvd","name":""},
  {"lat":37.70064,"lon":-121.841772,"city":"Livermore","state":"CA","address":"3418 Livermore Outlets Drive","name":""},
  {"lat":29.498183,"lon":-98.469521,"city":"San Antonio","state":"TX","address":"9710 Airport Blvd, Terminal B Food Court 2","name":""},
  {"lat":44.942702,"lon":-123.038814,"city":"Salem","state":"OR","address":"401 Center Street NE","name":""},
  {"lat":38.636348,"lon":-90.348049,"city":"St. Louis","state":"MO","address":"5 Saint Louis Galleria","name":""},
  {"lat":34.072421,"lon":-117.369923,"city":"Rialto","state":"CA","address":"1611 S Riverside Ave","name":""},
  {"lat":28.47186,"lon":-81.397138,"city":"Orlando","state":"FL","address":"5908 Orange Blossom Trail","name":""},
  {"lat":28.400546,"lon":-81.404987,"city":"Orlando","state":"FL","address":"11376 S. Orange Blossom Trail","name":""},
  {"lat":42.695016,"lon":-84.566975,"city":"Lansing","state":"MI","address":"3621 Martin Luther King Blvd.","name":""},
  {"lat":30.483,"lon":-97.669902,"city":"Round Rock","state":"TX","address":"2701 S Interstate 35","name":""},
  {"lat":41.701337,"lon":-87.798343,"city":"Palos Hills","state":"IL","address":"10458 South Harlem Avenue","name":""},
  {"lat":28.542962,"lon":-82.401518,"city":"Brooksville","state":"FL","address":"1147 S Broad St","name":""},
  {"lat":36.08607,"lon":-115.208547,"city":"Las Vegas","state":"NV","address":"5715 S Decatur","name":""},
  {"lat":40.86948,"lon":-74.646487,"city":"Succasunna","state":"NJ","address":"275 NJ 10","name":""},
  {"lat":40.461154,"lon":-74.296004,"city":"Sayreville","state":"NJ","address":"978 Route 9","name":""},
  {"lat":33.005366,"lon":-96.981052,"city":"Lewisville","state":"TX","address":"413 E Round Grove Road 102A","name":""},
  {"lat":40.543197,"lon":-80.008921,"city":"Pittsburgh","state":"PA","address":"1000 Ross Park Mall Dr. Suite VC06","name":""},
  {"lat":31.190564,"lon":-85.397938,"city":"Dothan","state":"AL","address":"2100 Ross Clark Circle","name":""},
  {"lat":40.738322,"lon":-73.612548,"city":"Garden City","state":"NY","address":"630 Old Country Rd.","name":""},
  {"lat":40.627847,"lon":-74.168115,"city":"Staten Island","state":"NY","address":"2343 Forest Ave","name":""},
  {"lat":42.767915,"lon":-71.231365,"city":"Salem","state":"NH","address":"99 Rockingham Park Blvd","name":""},
  {"lat":40.907993,"lon":-74.55499,"city":"Rockaway","state":"NJ","address":"301 Mount Hope Avenue, Space #2105","name":""},
  {"lat":42.879423,"lon":-85.755962,"city":"Grandville","state":"MI","address":"3700 Rivertown Pkwy., Sp. #2166","name":""},
  {"lat":40.921842,"lon":-72.713576,"city":"Riverhead","state":"NY","address":"1316 Tanger Mall Drive","name":""},
  {"lat":33.562621,"lon":-84.410372,"city":"Riverdale","state":"GA","address":"7050 Highway 85","name":""},
  {"lat":33.379451,"lon":-86.808551,"city":"Hoover","state":"AL","address":"3000 Riverchase Galleria, Space E","name":""},
  {"lat":26.121252,"lon":-80.176203,"city":"Fort Lauderdale","state":"FL","address":"2600 W. Broward Blvd., Space #101","name":""},
  {"lat":41.583366,"lon":-71.989405,"city":"Lisbon","state":"CT","address":"180 River Rd","name":""},
  {"lat":26.651054,"lon":-80.14923,"city":"Greenacres","state":"FL","address":"6726 Forest Hill Blvd","name":""},
  {"lat":26.160464,"lon":-97.888913,"city":"Mercedes","state":"TX","address":"5001 E Expressway 83","name":""},
  {"lat":27.985915,"lon":-82.122175,"city":"Plant City","state":"FL","address":"2615 James L Redman Pkwy","name":""},
  {"lat":41.433371,"lon":-81.525824,"city":"North Randall","state":"OH","address":"4603 Northfield Road","name":""},
  {"lat":36.081793,"lon":-115.242753,"city":"Las Vegas","state":"NV","address":"5870 South Rainbow Blvd.","name":""},
  {"lat":35.612932,"lon":-97.558165,"city":"Oklahoma City","state":"OK","address":"2501 W. Memorial Rd., Space #9","name":""},
  {"lat":41.827305,"lon":-71.416752,"city":"Providence","state":"RI","address":"1 Providence Place, Space 5115","name":""},
  {"lat":33.524569,"lon":-117.1546,"city":"Temecula","state":"CA","address":"40820 Winchester Road, TLP-FC#3","name":""},
  {"lat":41.139664,"lon":-80.156835,"city":"Grove City","state":"PA","address":"1911 Leesburg-Grove City Road, Space #30","name":""},
  {"lat":30.20059,"lon":-93.225371,"city":"Lake Charles","state":"LA","address":"496 W Prien Lake Road VC08","name":""},
  {"lat":38.19723,"lon":-85.731791,"city":"Louisville","state":"KY","address":"3408 Preston Highway","name":""},
  {"lat":41.626473,"lon":-73.920872,"city":"Poughkeepsie","state":"NY","address":"2001 South Road #F107","name":""},
  {"lat":38.643745,"lon":-77.295688,"city":"Woodbridge","state":"VA","address":"2700 Potomac Mills Circle, Sp. 419","name":""},
  {"lat":30.624538,"lon":-96.30372,"city":"College Station","state":"TX","address":"1500 Harvey Rd. Sp. #4024","name":""},
  {"lat":28.281945,"lon":-82.717124,"city":"Port Richey","state":"FL","address":"8539 US 19","name":""},
  {"lat":27.008628,"lon":-82.147947,"city":"Port Charlotte","state":"FL","address":"1441 Tamiami Trail, #603","name":""},
  {"lat":40.145624,"lon":-82.982058,"city":"Columbus","state":"OH","address":"1500 Polaris Parkway, #6","name":""},
  {"lat":32.656799,"lon":-117.065825,"city":"National City","state":"CA","address":"3030 Plaza Bonita Road, Suite FC-10","name":""},
  {"lat":40.100897,"lon":-83.09026,"city":"Columbus","state":"OH","address":"6496 Sawmill Rd","name":""},
  {"lat":33.42034,"lon":-112.223102,"city":"Phoenix","state":"AZ","address":"7575 W Lower Buckeye Road","name":""},
  {"lat":40.141083,"lon":-82.986464,"city":"Columbus","state":"OH","address":"1283 Polaris Parkway","name":""},
  {"lat":33.28808,"lon":-111.973528,"city":"Chandler","state":"AZ","address":"4976 Premium Outlets Way, Sp. #426","name":""},
  {"lat":33.478985,"lon":-112.000927,"city":"Phoenix","state":"AZ","address":"3721 E Thomas Road","name":""},
  {"lat":40.084433,"lon":-74.962235,"city":"Philadelphia","state":"PA","address":"1455 Franklin Mills Circle","name":""},
  {"lat":42.701114,"lon":-71.437478,"city":"Nashua","state":"NH","address":"310 Daniel Webster Highway, Sp. #F113","name":""},
  {"lat":32.405845,"lon":-85.955916,"city":"Shorter","state":"AL","address":"428 Main St.","name":""},
  {"lat":29.962725,"lon":-95.562646,"city":"Houston","state":"TX","address":"13010 Perry Rd Suite 100","name":""},
  {"lat":41.325433,"lon":-87.82253,"city":"Peotone","state":"IL","address":"601 S 88th Ave Suite A","name":""},
  {"lat":38.854647,"lon":-76.90965,"city":"District Heights","state":"MD","address":"5736 Silver Hill Road","name":""},
  {"lat":35.524593,"lon":-97.544622,"city":"Oklahoma City","state":"OK","address":"1901 N.W. Expressway, Space #2037","name":""},
  {"lat":26.01105,"lon":-80.304836,"city":"Pembroke Pines","state":"FL","address":"11401 Pines Blvd., #484","name":""},
  {"lat":32.499964,"lon":-92.064577,"city":"Monroe","state":"LA","address":"4700 Millhaven Road","name":""},
  {"lat":41.378346,"lon":-81.787869,"city":"Middleburg Heights","state":"OH","address":"6869 Pearl Rd #B","name":""},
  {"lat":21.348896,"lon":-157.930639,"city":"Pearl Harbor","state":"HI","address":"Navy Exchange Food Court Building 631","name":""},
  {"lat":32.50912,"lon":-84.94198,"city":"Columbus","state":"GA","address":"3131 Manchester Expy","name":""},
  {"lat":37.112337,"lon":-76.494793,"city":"Newport News","state":"VA","address":"12300 Jefferson Ave., Space 736","name":""},
  {"lat":34.70751,"lon":-86.587302,"city":"Huntsville","state":"AL","address":"2801 Memorial Pkwy SW","name":""},
  {"lat":30.125678,"lon":-94.163364,"city":"Beaumont","state":"TX","address":"6155 Eastex Freeway","name":""},
  {"lat":26.245226,"lon":-80.101265,"city":"Pompano Beach","state":"FL","address":"1146 N. Federal Highway","name":""},
  {"lat":32.218365,"lon":-110.865187,"city":"Tucson","state":"AZ","address":"5870 E. Broadway Blvd. Suite 544","name":""},
  {"lat":39.562145,"lon":-104.87611,"city":"Lone Tree","state":"CO","address":"8401 Park Meadows Center Dr., Sp.#2515","name":""},
  {"lat":40.067314,"lon":-76.339222,"city":"Lancaster","state":"PA","address":"142 Park City Center, L 217","name":""},
  {"lat":27.839696,"lon":-82.702149,"city":"Pinellas Park","state":"FL","address":"5021 North Park Boulevard","name":""},
  {"lat":33.723852,"lon":-116.394064,"city":"Palm Desert","state":"CA","address":"72-840 Highway 111, S-359","name":""},
  {"lat":41.096821,"lon":-73.955536,"city":"West Nyack","state":"NY","address":"3580 Palisades Center Dr.","name":""},
  {"lat":41.700181,"lon":-81.277134,"city":"Painesville","state":"OH","address":"1526 MENTOR AVENUE","name":""},
  {"lat":29.158604,"lon":-82.172797,"city":"Ocala","state":"FL","address":"3100 S.W. College Rd., Space 202-1","name":""},
  {"lat":34.267142,"lon":-119.248615,"city":"Ventura","state":"CA","address":"3301 East Main St., #2570","name":""},
  {"lat":38.805197,"lon":-76.99088,"city":"Oxon Hill","state":"MD","address":"6241 Livingston Road","name":""},
  {"lat":40.183638,"lon":-74.881048,"city":"Langhorne","state":"PA","address":"2300 E. Lincoln Hwy. Sp. F022","name":""},
  {"lat":41.656316,"lon":-93.512609,"city":"Altoona","state":"IA","address":"545 Bass Pro Dr.","name":""},
  {"lat":34.071028,"lon":-117.932758,"city":"West Covina","state":"CA","address":"807 Plaza Dr.","name":""},
  {"lat":33.874098,"lon":-112.148785,"city":"Phoenix","state":"AZ","address":"4250 West Anthem Way, FC-40","name":""},
  {"lat":33.781929,"lon":-117.892369,"city":"Orange","state":"CA","address":"20 City Blvd West","name":""},
  {"lat":43.098943,"lon":-78.977872,"city":"Niagara Falls","state":"NY","address":"1900 Military Rd.","name":""},
  {"lat":31.930581,"lon":-106.58323,"city":"Canutillo","state":"TX","address":"7051 S Desert Blvd","name":""},
  {"lat":34.120278,"lon":-84.526534,"city":"Woodstock","state":"GA","address":"915 Ridgewalk Parkway, Suite 482","name":""},
  {"lat":40.002908,"lon":-83.008403,"city":"Columbus","state":"OH","address":"1980 N. High St.","name":""},
  {"lat":28.38805,"lon":-81.491976,"city":"Orlando","state":"FL","address":"8200 Vineland Ave., Space 1104","name":""},
  {"lat":28.475716,"lon":-81.450671,"city":"Orlando","state":"FL","address":"4951 International Drive, Space #FC7","name":""},
  {"lat":30.185131,"lon":-81.734302,"city":"Orange Park","state":"FL","address":"1910 Wells Rd.","name":""},
  {"lat":36.203465,"lon":-86.693435,"city":"Nashville","state":"TN","address":"453 Opry Mills Drive, Space FC-6","name":""},
  {"lat":34.073971,"lon":-117.55135,"city":"Ontario","state":"CA","address":"1 Mills Circle","name":""},
  {"lat":42.985039,"lon":-87.947744,"city":"Milwaukee","state":"WI","address":"3272 S. 27th St.","name":""},
  {"lat":32.002915,"lon":-81.116677,"city":"Savannah","state":"GA","address":"7804 Abercorn St","name":""},
  {"lat":38.599723,"lon":-90.446701,"city":"Des Peres","state":"MO","address":"178 West County Center, Space FC-12","name":""},
  {"lat":27.937176,"lon":-82.272976,"city":"Brandon","state":"FL","address":"809 East Brandon Blvd","name":""},
  {"lat":29.923711,"lon":-90.040455,"city":"Gretna","state":"LA","address":"197 Wesbank","name":""},
  {"lat":37.251204,"lon":-121.862455,"city":"San Jose","state":"CA","address":"925 A Blossom Hill Rd. #FC11","name":""},
  {"lat":42.536307,"lon":-83.111465,"city":"Troy","state":"MI","address":"498-D West 14 Mile Rd.","name":""},
  {"lat":39.397237,"lon":-74.554838,"city":"Egg Harbor Township","state":"NJ","address":"6801 E Black Horse Pike","name":""},
  {"lat":38.954008,"lon":-94.718182,"city":"Overland Park","state":"KS","address":"11523 W. 95th Street","name":""},
  {"lat":32.944722,"lon":-80.04476,"city":"Charleston","state":"SC","address":"2150 Northwoods Blvd., #FC-3","name":""},
  {"lat":35.029926,"lon":-90.816166,"city":"Forrest City","state":"AR","address":"2496 AR-1 N","name":""},
  {"lat":38.770155,"lon":-76.887139,"city":"Clinton","state":"MD","address":"8871 Branch Ave","name":""},
  {"lat":42.54142,"lon":-70.94459,"city":"Peabody","state":"MA","address":"210 Andover St. Space #E108","name":""},
  {"lat":36.720793,"lon":-121.65732,"city":"Salinas","state":"CA","address":"796 Northridge Mall, FC-05","name":""},
  {"lat":37.090387,"lon":-94.474635,"city":"Joplin","state":"MO","address":"101 N. Range Line Rd., Space 288","name":""},
  {"lat":41.562642,"lon":-90.576513,"city":"Davenport","state":"IA","address":"320 West Kimberly Rd.","name":""},
  {"lat":35.352993,"lon":-80.851098,"city":"Charlotte","state":"NC","address":"6801 Northlake Mall Dr. #FC207","name":""},
  {"lat":29.518417,"lon":-98.496275,"city":"San Antonio","state":"TX","address":"7400 San Pedro Ave., Ste. #8","name":""},
  {"lat":39.146486,"lon":-77.203801,"city":"Gaithersburg","state":"MD","address":"405 North Frederick Ave #C","name":""},
  {"lat":28.023091,"lon":-82.504358,"city":"Tampa","state":"FL","address":"8145 N Dale Mabry Hwy","name":""},
  {"lat":33.071165,"lon":-117.065617,"city":"Escondido","state":"CA","address":"272 E. Via Rancho Parkway","name":""},
  {"lat":36.882254,"lon":-76.199861,"city":"Norfolk","state":"VA","address":"600 Premium Outlets Blvd. Sp. #604","name":""},
  {"lat":41.909274,"lon":-87.802499,"city":"Chicago","state":"IL","address":"7112 West North Ave","name":""},
  {"lat":40.77242,"lon":-82.590298,"city":"Ontario","state":"OH","address":"2120 W 4th street","name":""},
  {"lat":36.858652,"lon":-76.175452,"city":"Virginia Beach","state":"VA","address":"556 Newtown Rd","name":""},
  {"lat":40.726841,"lon":-74.037993,"city":"Jersey City","state":"NJ","address":"30 Mall Dr. West","name":""},
  {"lat":28.07925,"lon":-80.668041,"city":"Melbourne","state":"FL","address":"2890 W New Haven Ave","name":""},
  {"lat":42.300919,"lon":-71.384274,"city":"Natick","state":"MA","address":"1245 Worcester St. Sp. #2012","name":""},
  {"lat":29.497824,"lon":-98.324873,"city":"Converse","state":"TX","address":"8315 FM Rd 78","name":""},
  {"lat":26.032047,"lon":-80.143578,"city":"Hollywood","state":"FL","address":"2310 N. Federal Hwy.","name":""},
  {"lat":33.783438,"lon":-78.774395,"city":"Myrtle Beach","state":"SC","address":"10835 King Road, Ste. 288","name":""},
  {"lat":31.896525,"lon":-102.341988,"city":"Odessa","state":"TX","address":"4101 E 42nd St.","name":""},
  {"lat":40.059715,"lon":-82.968866,"city":"Columbus","state":"OH","address":"1855 Morse Rd","name":""},
  {"lat":39.626218,"lon":-79.997308,"city":"Morgantown","state":"WV","address":"9500 Mall Rd, Sp. #403","name":""},
  {"lat":33.938864,"lon":-117.270183,"city":"Moreno Valley","state":"CA","address":"22500 Town Circle","name":""},
  {"lat":39.943167,"lon":-74.962945,"city":"Moorestown","state":"NJ","address":"400 Route 38, Unit 1650","name":""},
  {"lat":39.024138,"lon":-77.146,"city":"Bethesda","state":"MD","address":"7101 Democracy Blvd.","name":""},
  {"lat":34.086794,"lon":-117.693862,"city":"Montclair","state":"CA","address":"5060 E Montclair Plaza Ln","name":""},
  {"lat":40.429316,"lon":-79.794993,"city":"Monroeville","state":"PA","address":"200 Mall Cir Dr.","name":""},
  {"lat":33.805814,"lon":-83.728075,"city":"Monroe","state":"GA","address":"600 Pavillion Pkwy, Suite B","name":""},
  {"lat":32.572458,"lon":-93.204063,"city":"Minden","state":"LA","address":"2198 Highway 532","name":""},
  {"lat":42.067591,"lon":-80.096222,"city":"Erie","state":"PA","address":"5800 Peach St., Sp. #8002","name":""},
  {"lat":32.030156,"lon":-102.131651,"city":"Midland","state":"TX","address":"4511 N. Midkiff Rd.","name":""},
  {"lat":38.796245,"lon":-90.615043,"city":"St. Peters","state":"MO","address":"1204 Mid Rivers Mall","name":""},
  {"lat":25.787729,"lon":-80.36531,"city":"Miami","state":"FL","address":"1455 NW 107th Ave., Space 462","name":""},
  {"lat":28.515301,"lon":-81.458215,"city":"Orlando","state":"FL","address":"2567 South Kirkman Rd.","name":""},
  {"lat":33.380425,"lon":-111.802816,"city":"Mesa","state":"AZ","address":"1955 S Stapley Rd","name":""},
  {"lat":39.09169,"lon":-108.602957,"city":"Grand Junction","state":"CO","address":"2424 Highway 6 & 50, #0142","name":""},
  {"lat":40.549638,"lon":-74.338024,"city":"Edison","state":"NJ","address":"55 Parsonage Rd Unit 325","name":""},
  {"lat":39.722355,"lon":-82.606448,"city":"Lancaster","state":"OH","address":"732 N. Memorial Drive","name":""},
  {"lat":29.780596,"lon":-95.540516,"city":"Houston","state":"TX","address":"303 Memorial City Mall, #395D","name":""},
  {"lat":41.911179,"lon":-87.883449,"city":"Melrose Park","state":"IL","address":"2037 N Manheim Rd","name":""},
  {"lat":26.57162,"lon":-80.090965,"city":"Boynton Beach","state":"FL","address":"4789 N Congress Ave","name":""},
  {"lat":36.172655,"lon":-115.196512,"city":"Las Vegas","state":"NV","address":"4300 Meadows Lane","name":""},
  {"lat":39.474296,"lon":-119.781609,"city":"Reno","state":"NV","address":"5615 Meadowood Mall Cir","name":""},
  {"lat":39.312637,"lon":-80.271699,"city":"Bridgeport","state":"WV","address":"2399 Meadowbrook Mall, Space F-8007","name":""},
  {"lat":32.636609,"lon":-97.367356,"city":"Fort Worth","state":"TX","address":"7451 McCart Ave","name":""},
  {"lat":32.995547,"lon":-96.854398,"city":"Dallas","state":"TX","address":"3628 Frankford Rd Suite 225","name":""},
  {"lat":29.734857,"lon":-95.624315,"city":"Houston","state":"TX","address":"2522 Eldridge Pkwy Suite 300","name":""},
  {"lat":28.49293,"lon":-82.539582,"city":"Spring Hill","state":"FL","address":"4200 Mariner Blvd","name":""},
  {"lat":26.512744,"lon":-80.089568,"city":"Boynton Beach","state":"FL","address":"1610 S Congress Ave","name":""},
  {"lat":45.03158,"lon":-93.022271,"city":"St. Paul","state":"MN","address":"3001 White Bear Ave. N. Sp. #2071","name":""},
  {"lat":32.59549,"lon":-97.147927,"city":"Mansfield","state":"TX","address":"1971 US 287 Frontage Rd","name":""},
  {"lat":38.771928,"lon":-77.505685,"city":"Manassas","state":"VA","address":"8300 Sudley Rd. Space #090","name":""},
  {"lat":38.247782,"lon":-85.622197,"city":"Louisville","state":"KY","address":"5000 Shelbyville Rd., Space # 1655","name":""},
  {"lat":34.473647,"lon":-117.347876,"city":"Victorville","state":"CA","address":"14400 Bear Valley Road, #709","name":""},
  {"lat":42.955477,"lon":-71.432534,"city":"Manchester","state":"NH","address":"1500 S Willow St.","name":""},
  {"lat":28.485537,"lon":-81.431505,"city":"Orlando","state":"FL","address":"4200 Conroy Rd., Space #N-261","name":""},
  {"lat":30.387163,"lon":-91.086249,"city":"Baton Rouge","state":"LA","address":"6401 Bluebonnet Blvd., FC-008","name":""},
  {"lat":34.065986,"lon":-83.983685,"city":"Buford","state":"GA","address":"3333 Buford Dr Ste 1079","name":""},
  {"lat":39.214638,"lon":-76.861023,"city":"Columbia","state":"MD","address":"10300 Little Patuxent Parkway, Space #1365","name":""},
  {"lat":27.551747,"lon":-99.499887,"city":"Laredo","state":"TX","address":"5300 San Dario Ave.","name":""},
  {"lat":26.646405,"lon":-80.207676,"city":"Wellington","state":"FL","address":"10300 W. Forest Hills Blvd., FC 110","name":""},
  {"lat":40.073181,"lon":-83.131057,"city":"Dublin","state":"OH","address":"5043 Tuttle Crossing Blvd. #178","name":""},
  {"lat":40.453791,"lon":-80.157162,"city":"Pittsburgh","state":"PA","address":"100 Robinson Centre Drive, Space FC-1","name":""},
  {"lat":38.968315,"lon":-76.957465,"city":"Hyattsville","state":"MD","address":"3500 E. West Highway","name":""},
  {"lat":36.339378,"lon":-82.376622,"city":"Johnson City","state":"TN","address":"2011 N. Roan St.","name":""},
  {"lat":27.531926,"lon":-97.84244,"city":"Kingsville","state":"TX","address":"2104 E Corral Ave","name":""},
  {"lat":40.864144,"lon":-73.826801,"city":"The Bronx","state":"NY","address":"200 Baychester Ave.","name":""},
  {"lat":33.776587,"lon":-117.869856,"city":"Santa Ana","state":"CA","address":"2800 N. Main St., Sp. #908","name":""},
  {"lat":43.634316,"lon":-70.336533,"city":"South Portland","state":"ME","address":"364 Maine Mall Road, #F-107","name":""},
  {"lat":28.019922,"lon":-82.754905,"city":"Dunedin","state":"FL","address":"1804 Main St.","name":""},
  {"lat":34.192132,"lon":-79.834226,"city":"Florence","state":"SC","address":"2701 David Mcleod Blvd. Ste. FC4","name":""},
  {"lat":42.535679,"lon":-82.91534,"city":"Roseville","state":"MI","address":"32275 Gratiot Ave","name":""},
  {"lat":36.84884,"lon":-76.287866,"city":"Norfolk","state":"VA","address":"300 Monticello Avenue, FC 304","name":""},
  {"lat":36.815791,"lon":-76.071949,"city":"Virginia Beach","state":"VA","address":"701 Lynnhaven Parkway #FC10","name":""},
  {"lat":42.338624,"lon":-71.107235,"city":"Boston","state":"MA","address":"350 Longwood Ave.","name":""},
  {"lat":37.962032,"lon":-121.729565,"city":"Brentwood","state":"CA","address":"6660 Lone Tree Way, Suite 1","name":""},
  {"lat":40.368414,"lon":-79.777336,"city":"North Versailles","state":"PA","address":"1903 Lincoln Hwy","name":""},
  {"lat":39.371465,"lon":-84.372728,"city":"Liberty Township","state":"OH","address":"7100 Foundry Row, Ste. #252","name":""},
  {"lat":33.845461,"lon":-84.361287,"city":"Atlanta","state":"GA","address":"3393 Peachtree Rd., NE","name":""},
  {"lat":41.453874,"lon":-81.565222,"city":"Cleveland","state":"OH","address":"3870 Lee Rd","name":""},
  {"lat":38.549204,"lon":-76.98365,"city":"LaPlata","state":"MD","address":"50 Drury Drive","name":""},
  {"lat":41.574101,"lon":-87.558281,"city":"Lansing","state":"IL","address":"17667 Torrence Ave Spc. 17","name":""},
  {"lat":38.965363,"lon":-76.842312,"city":"Lanham","state":"MD","address":"9430 Annapolis Rd","name":""},
  {"lat":38.096686,"lon":-102.619244,"city":"Lamar","state":"CO","address":"708 North Main Street","name":""},
  {"lat":33.850761,"lon":-118.140099,"city":"Lakewood","state":"CA","address":"500 Lakewood Center Mall, Sp. 132","name":""},
  {"lat":41.48394,"lon":-81.799846,"city":"Lakewood","state":"OH","address":"14833 Detroit ave","name":""},
  {"lat":30.006366,"lon":-90.156668,"city":"Metairie","state":"LA","address":"3301 Veterans Memorial Blvd. Space 78E","name":""},
  {"lat":38.474381,"lon":-77.420291,"city":"Stafford","state":"VA","address":"305 Garrisonville Rd, Ste 101","name":""},
  {"lat":28.091033,"lon":-81.977219,"city":"Lakeland","state":"FL","address":"3800 US Highway 98 North","name":""},
  {"lat":41.809902,"lon":-87.592015,"city":"Chicago","state":"IL","address":"1400 East 47th Street","name":""},
  {"lat":26.185509,"lon":-98.236356,"city":"McAllen","state":"TX","address":"2200 S. 10th St., Suite VC-03","name":""},
  {"lat":33.974365,"lon":-118.232755,"city":"Huntington Park","state":"CA","address":"2138 E. Florence Ave.","name":""},
  {"lat":38.883851,"lon":-77.025194,"city":"Washington","state":"DC","address":"429 L'Enfant Plaza SW, Sp. #455","name":""},
  {"lat":38.781093,"lon":-77.077717,"city":"Alexandria","state":"VA","address":"6307-F Richmond Hwy","name":""},
  {"lat":40.610406,"lon":-73.920836,"city":"Brooklyn","state":"NY","address":"5100 Kings Plaza","name":""},
  {"lat":41.939921,"lon":-87.713014,"city":"Chicago","state":"IL","address":"3220 N Kimball Ave","name":""},
  {"lat":39.202895,"lon":-84.3772,"city":"Cincinnati","state":"OH","address":"7875 Montgomery Rd.","name":""},
  {"lat":29.775635,"lon":-95.809182,"city":"Katy","state":"TX","address":"5000 Katy Mills Circle, Space FC-5","name":""},
  {"lat":38.311731,"lon":-81.564463,"city":"Charleston","state":"WV","address":"5760 MACCORKLE AVE SE","name":""},
  {"lat":40.912462,"lon":-90.296661,"city":"Galesburg","state":"IL","address":"711 U.S. Highway 150 East","name":""},
  {"lat":41.57063,"lon":-93.80342,"city":"West Des Moines","state":"IA","address":"101 Jordan Creek Parkway, #12512","name":""},
  {"lat":41.524639,"lon":-88.125058,"city":"Joliet","state":"IL","address":"111 N Larkin Ave","name":""},
  {"lat":40.223014,"lon":-74.091725,"city":"Tinton Falls","state":"NJ","address":"ONE PREMIUM OUTLETS BLVD, SUITE 0898","name":""},
  {"lat":38.141353,"lon":-85.670492,"city":"Louisville","state":"KY","address":"4801 Outer Loop","name":""},
  {"lat":27.964672,"lon":-82.520642,"city":"Tampa","state":"FL","address":"2223 N. Westshore Blvd., Space #FC-201","name":""},
  {"lat":32.356299,"lon":-111.08934,"city":"Tucson","state":"AZ","address":"8280 N Cortaro Rd","name":""},
  {"lat":34.085083,"lon":-117.29737,"city":"San Bernardino","state":"CA","address":"500 Inland Center Drive","name":""},
  {"lat":29.469466,"lon":-98.620878,"city":"San Antonio","state":"TX","address":"6301 NW Loop 410, Space VC07","name":""},
  {"lat":34.213428,"lon":-77.90639,"city":"Wilmington","state":"NC","address":"3500 Oleander Dr","name":""},
  {"lat":39.045235,"lon":-94.357898,"city":"Independence","state":"MO","address":"18813 E. 39th St. South #104","name":""},
  {"lat":38.422068,"lon":-82.265944,"city":"Barboursville","state":"WV","address":"500 Mall Drive, Space #360","name":""},
  {"lat":32.678825,"lon":-97.398714,"city":"Fort Worth","state":"TX","address":"4800 S. Hulen St., #2095","name":""},
  {"lat":40.131345,"lon":-74.22637,"city":"Howell Township","state":"NJ","address":"4900 US Hwy 9","name":""},
  {"lat":29.997377,"lon":-95.75649,"city":"Cypress","state":"TX","address":"29300 Hempstead Rd.","name":""},
  {"lat":29.739343,"lon":-95.464118,"city":"Houston","state":"TX","address":"5085 Westheimer Rd.","name":""},
  {"lat":33.361816,"lon":-86.824858,"city":"Hoover","state":"AL","address":"2780 John Hawkins Pkwy","name":""},
  {"lat":42.16763,"lon":-72.641357,"city":"Holyoke","state":"MA","address":"50 Holyoke St., Unit R118","name":""},
  {"lat":40.463152,"lon":-79.705021,"city":"Plum","state":"PA","address":"2396 Golden Mile Hwy","name":""},
  {"lat":29.901673,"lon":-95.634623,"city":"Houston","state":"TX","address":"8491 Hwy 6 N","name":""},
  {"lat":34.136334,"lon":-117.305195,"city":"San Bernardino","state":"CA","address":"996 W Highland Ave","name":""},
  {"lat":34.849932,"lon":-82.333584,"city":"Greenville","state":"SC","address":"700 Haywood Rd. #2111","name":""},
  {"lat":42.243457,"lon":-87.949783,"city":"Vernon Hills","state":"IL","address":"904 Hawthorn Center","name":""},
  {"lat":41.957479,"lon":-87.807645,"city":"Norridge","state":"IL","address":"4104 North Harlem Ave.","name":""},
  {"lat":36.069938,"lon":-80.301057,"city":"Winston Salem","state":"NC","address":"3320 Silas Creek Parkway, Sp. #FC-2","name":""},
  {"lat":35.034584,"lon":-85.158448,"city":"Chattanooga","state":"TN","address":"2100 Hamilton Place, Space #309","name":""},
  {"lat":40.551222,"lon":-74.42894,"city":"South Plainfield","state":"NJ","address":"4957 Stelton Rd","name":""},
  {"lat":42.389929,"lon":-87.959322,"city":"Gurnee","state":"IL","address":"6170 West Grand Ave. Suite F701","name":""},
  {"lat":42.389929,"lon":-87.959322,"city":"Gurnee","state":"IL","address":"6170 W Grand Ave Suite F221","name":""},
  {"lat":27.960946,"lon":-82.742005,"city":"Clearwater","state":"FL","address":"2300 Gulf to Bay Blvd","name":""},
  {"lat":39.613658,"lon":-86.106653,"city":"Greenwood","state":"IN","address":"1251 US 31 N","name":""},
  {"lat":36.779613,"lon":-76.227272,"city":"Chesapeake","state":"VA","address":"1401 Greenbrier Parkway South","name":""},
  {"lat":41.418749,"lon":-81.906049,"city":"North Olmsted","state":"OH","address":"140 Great Northern Mall","name":""},
  {"lat":37.41627,"lon":-121.896205,"city":"Milpitas","state":"CA","address":"604 Great Mall Drive, FC 4","name":""},
  {"lat":42.702957,"lon":-83.29632,"city":"Auburn Hills","state":"MI","address":"4406 Baldwin Rd.","name":""},
  {"lat":41.657451,"lon":-81.360576,"city":"Mentor","state":"OH","address":"7850 Mentor Avenue, Space #858","name":""},
  {"lat":32.966186,"lon":-97.042627,"city":"Grapevine","state":"TX","address":"3000 Grapevine Mills Parkway, Sp. FC03","name":""},
  {"lat":29.816639,"lon":-95.768786,"city":"Katy","state":"TX","address":"22811 Morton Ranch Rd","name":""},
  {"lat":30.077089,"lon":-94.170914,"city":"Beaumont","state":"TX","address":"6475 Phelan Blvd.","name":""},
  {"lat":25.868496,"lon":-80.318003,"city":"Hialeah","state":"FL","address":"1675 West 49th. St., Sp. 1248","name":""},
  {"lat":40.064571,"lon":-83.020261,"city":"Columbus","state":"OH","address":"5033 N. High St.","name":""},
  {"lat":30.436586,"lon":-84.253701,"city":"Tallahassee","state":"FL","address":"1500 Apalachee Parkway, Sp. #1270","name":""},
  {"lat":38.020876,"lon":-79.141051,"city":"Staunton","state":"VA","address":"3515 Lee Jackson Hwy","name":""},
  {"lat":41.114763,"lon":-85.139904,"city":"Fort Wayne","state":"IN","address":"4201 Coldwater Road, #FC06","name":""},
  {"lat":27.263507,"lon":-80.390624,"city":"Port St. Lucie","state":"FL","address":"1367 SW Gatlin Blvd","name":""},
  {"lat":40.813711,"lon":-96.63349,"city":"Lincoln","state":"NE","address":"6100 O St.","name":""},
  {"lat":26.848417,"lon":-80.08383,"city":"Palm Beach Gardens","state":"FL","address":"3101 PGA Boulevard, Space# L-223","name":""},
  {"lat":40.916187,"lon":-74.07688,"city":"Paramus","state":"NJ","address":"1 Garden State Plaza, Space F14","name":""},
  {"lat":29.424695,"lon":-95.059411,"city":"Texas City","state":"TX","address":"5885 Gulf Freeway, Space 349","name":""},
  {"lat":33.909635,"lon":-117.456597,"city":"Riverside","state":"CA","address":"2267 Galleria at Tyler, FC-9","name":""},
  {"lat":38.772476,"lon":-121.269981,"city":"Roseville","state":"CA","address":"1151 Galleria Rd., Sp. FC-9","name":""},
  {"lat":26.13686,"lon":-80.112873,"city":"Fort Lauderdale","state":"FL","address":"2448 E Sunrise Blvd.","name":""},
  {"lat":42.242456,"lon":-71.842311,"city":"Worcester","state":"MA","address":"1241 Main St.","name":""},
  {"lat":41.452216,"lon":-74.369325,"city":"Middletown","state":"NY","address":"1 Galleria Drive","name":""},
  {"lat":40.708996,"lon":-73.620805,"city":"Hempstead","state":"NY","address":"362 FULTON AVE","name":""},
  {"lat":27.952017,"lon":-99.379172,"city":"Encinal","state":"TX","address":"23813 I-35","name":""},
  {"lat":29.926091,"lon":-95.726062,"city":"Cypress","state":"TX","address":"20725 Tuckerton Rd","name":""},
  {"lat":36.806719,"lon":-119.778952,"city":"Fresno","state":"CA","address":"521 E. Shaw Avenue, 103","name":""},
  {"lat":40.253044,"lon":-74.300838,"city":"Freehold","state":"NJ","address":"3710 US-9 Space B234","name":""},
  {"lat":37.994774,"lon":-121.311336,"city":"Stockton","state":"CA","address":"4950 Pacific Ave., Space 209","name":""},
  {"lat":38.980209,"lon":-76.734261,"city":"Bowie","state":"MD","address":"15480 Annapolis Rd. #207","name":""},
  {"lat":44.268598,"lon":-88.471166,"city":"Appleton","state":"WI","address":"4301 West Wisconsin Ave. Sp# 602","name":""},
  {"lat":39.178263,"lon":-77.237972,"city":"Germantown","state":"MD","address":"19701 Frederick Rd","name":""},
  {"lat":36.039398,"lon":-79.837935,"city":"Greensboro","state":"NC","address":"410 Four Season Town Center, Sp. 350E","name":""},
  {"lat":39.412288,"lon":-76.77265,"city":"Owings Mills","state":"MD","address":"10160 Reisterstown RD","name":""},
  {"lat":29.571944,"lon":-98.325078,"city":"Selma","state":"TX","address":"8311 Agora Pkwy#102","name":""},
  {"lat":36.529139,"lon":-82.520444,"city":"Kingsport","state":"TN","address":"2101 Fort Henry Dr","name":""},
  {"lat":29.494141,"lon":-98.328051,"city":"Converse","state":"TX","address":"8144 FM 78","name":""},
  {"lat":29.894356,"lon":-95.065644,"city":"Crosby","state":"TX","address":"14215 FM 2100 Rd.","name":""},
  {"lat":32.617816,"lon":-83.676853,"city":"Warner Robins","state":"GA","address":"2801 Watson Blvd","name":""},
  {"lat":28.450158,"lon":-81.400764,"city":"Orlando","state":"FL","address":"8001 S. Orange Blossom Tr., #924","name":""},
  {"lat":39.931829,"lon":-105.134027,"city":"Broomfield","state":"CO","address":"1 W Flatiron Crossing Circle","name":""},
  {"lat":29.591669,"lon":-95.624266,"city":"Sugar Land","state":"TX","address":"16535 SW Freeway, Space #440","name":""},
  {"lat":37.989577,"lon":-84.527523,"city":"Lexington","state":"KY","address":"3401 Nicholasville Rd.","name":""},
  {"lat":41.974961,"lon":-87.867113,"city":"Rosemont","state":"IL","address":"5220 Fashion Outlet Way., Space F7","name":""},
  {"lat":43.470433,"lon":-83.974736,"city":"Saginaw","state":"MI","address":"4338 Bay Rd.","name":""},
  {"lat":38.86316,"lon":-77.061212,"city":"Arlington","state":"VA","address":"1100 S. Hayes St.","name":""},
  {"lat":46.861281,"lon":-96.85572,"city":"Fargo","state":"ND","address":"4510 19th Ave. S.","name":""},
  {"lat":39.767377,"lon":-84.056717,"city":"Beavercreek","state":"OH","address":"2727 Fairfield Commons Drive","name":""},
  {"lat":40.887626,"lon":-74.066019,"city":"Lodi","state":"NJ","address":"340 Essex St.","name":""},
  {"lat":43.511604,"lon":-96.777337,"city":"Sioux Falls","state":"SD","address":"4001 W. 41st, FC-9","name":""},
  {"lat":41.347638,"lon":-82.067699,"city":"Elyria","state":"OH","address":"620 Chestnut Commons Dr.","name":""},
  {"lat":26.602769,"lon":-81.869867,"city":"Fort Myers","state":"FL","address":"4125 Cleveland Ave #1145","name":""},
  {"lat":41.213389,"lon":-80.751391,"city":"Niles","state":"OH","address":"5555 Youngstown Warren Rd. #8005","name":""},
  {"lat":28.555073,"lon":-81.200163,"city":"Orlando","state":"FL","address":"433 N Alafaya Trail","name":""},
  {"lat":43.02896,"lon":-77.446207,"city":"Victor","state":"NY","address":"7979 Pittsford-Victor Rd., #681","name":""},
  {"lat":37.325246,"lon":-121.815035,"city":"San Jose","state":"CA","address":"2200 Eastridge Loop, Suite 9206","name":""},
  {"lat":31.691175,"lon":-106.262995,"city":"El Paso","state":"TX","address":"12261 Eastlake Blvd","name":""},
  {"lat":45.450088,"lon":-122.780456,"city":"Portland","state":"OR","address":"9647 S.W. Washington Square","name":""},
  {"lat":28.552772,"lon":-81.34658,"city":"Orlando","state":"FL","address":"2904 East Colonial Dr.","name":""},
  {"lat":39.981771,"lon":-82.817028,"city":"Columbus","state":"OH","address":"6975 E. Broad St.","name":""},
  {"lat":40.462811,"lon":-86.111837,"city":"Kokomo","state":"IN","address":"1610 East Boulevard St.","name":""},
  {"lat":42.406549,"lon":-82.929732,"city":"Detroit","state":"MI","address":"17101 East Warren Ave","name":""},
  {"lat":39.397848,"lon":-76.53927,"city":"Baltimore","state":"MD","address":"2205 E Joppa Rd","name":""},
  {"lat":28.055021,"lon":-82.445274,"city":"Tampa","state":"FL","address":"1248 E Fowler Ave","name":""},
  {"lat":30.430198,"lon":-81.668953,"city":"Jacksonville","state":"FL","address":"1401 Dunn Ave","name":""},
  {"lat":46.737309,"lon":-92.167014,"city":"Duluth","state":"MN","address":"Attn: Charleys - 231 N. Central Ave.","name":""},
  {"lat":39.033224,"lon":-77.425947,"city":"Sterling","state":"VA","address":"21100 Dulles Town Center Circle","name":""},
  {"lat":39.193911,"lon":-75.539874,"city":"Dover","state":"DE","address":"1365 N. Dupont Hwy., Sp. 3056","name":""},
  {"lat":42.719095,"lon":-87.836509,"city":"Racine","state":"WI","address":"4700 Washington Ave","name":""},
  {"lat":41.722398,"lon":-71.478043,"city":"Warwick","state":"RI","address":"400 Bald Hill Road","name":""},
  {"lat":37.647871,"lon":-77.585813,"city":"Glen Allen","state":"VA","address":"4101 Dominion Blvd","name":""},
  {"lat":25.788849,"lon":-80.382164,"city":"Miami","state":"FL","address":"11401 NW 12th St., FC106","name":""},
  {"lat":61.143492,"lon":-149.867289,"city":"Anchorage","state":"AK","address":"800 E. Dimond Blvd., #3-015","name":""},
  {"lat":26.040574,"lon":-80.250666,"city":"Hollywood","state":"FL","address":"3800 N University Dr","name":""},
  {"lat":34.106473,"lon":-117.630695,"city":"Upland","state":"CA","address":"1398 E Foothill Blvd","name":""},
  {"lat":43.069524,"lon":-76.174195,"city":"Syracuse","state":"NY","address":"4 destiny usa dr STE FC13","name":""},
  {"lat":39.831532,"lon":-75.09798,"city":"Deptford","state":"NJ","address":"1750 Deptford Center Rd #19","name":""},
  {"lat":39.989175,"lon":-104.982843,"city":"Thornton","state":"CO","address":"13801 Grant St. Space# 500","name":""},
  {"lat":36.988245,"lon":-86.485579,"city":"Bowling Green","state":"KY","address":"1391 Morgantown Rd unit A","name":""},
  {"lat":40.713302,"lon":-74.011741,"city":"New York City","state":"NY","address":"1 World Trade Center, FL 82","name":""},
  {"lat":33.830554,"lon":-118.349569,"city":"Torrance","state":"CA","address":"3525 Carson","name":""},
  {"lat":30.009484,"lon":-95.270239,"city":"Humble","state":"TX","address":"20131 Hwy. 59 N. #2098","name":""},
  {"lat":33.666734,"lon":-112.123722,"city":"Phoenix","state":"AZ","address":"3013 West Agua Fria Freeway, Space #3","name":""},
  {"lat":41.750606,"lon":-87.973253,"city":"Darien","state":"IL","address":"7517 South Cass Ave","name":""},
  {"lat":33.829843,"lon":-117.941878,"city":"Anaheim","state":"CA","address":"265 S. Euclid Street, Space 165","name":""},
  {"lat":41.38072,"lon":-73.481031,"city":"Danbury","state":"CT","address":"7 Backus Ave., #123","name":""},
  {"lat":32.931017,"lon":-96.819252,"city":"Dallas","state":"TX","address":"13350 N. Dallas Parkway, Sp. # 3660a","name":""},
  {"lat":25.690485,"lon":-80.313575,"city":"Miami","state":"FL","address":"7501 North Kendall Drive, #1370","name":""},
  {"lat":29.878938,"lon":-95.725457,"city":"Cypress","state":"TX","address":"20521 FM 529 Suite 100","name":""},
  {"lat":41.460198,"lon":-81.852206,"city":"Fairview Park","state":"OH","address":"3520 Westgate","name":""},
  {"lat":29.972711,"lon":-95.688584,"city":"Cypress","state":"TX","address":"17255 Spring Cypress Rd, Suite A","name":""},
  {"lat":33.985431,"lon":-118.393318,"city":"Culver City","state":"CA","address":"6000 Sepulveda Blvd","name":""},
  {"lat":27.310721,"lon":-80.312356,"city":"Port St. Lucie","state":"FL","address":"8625 S US Highway 1","name":""},
  {"lat":29.82863,"lon":-95.377103,"city":"Houston","state":"TX","address":"85 E. Crosstimbers St.","name":""},
  {"lat":40.888497,"lon":-74.262397,"city":"Wayne","state":"NJ","address":"1400 Willowbrook Mall","name":""},
  {"lat":40.140524,"lon":-75.123593,"city":"Willow Grove","state":"PA","address":"2500 West Moreland Road, Space #3042","name":""},
  {"lat":41.627172,"lon":-81.432072,"city":"Willoughby","state":"OH","address":"36001 Euclid Ave Unit 6","name":""},
  {"lat":41.839582,"lon":-88.007101,"city":"Lombard","state":"IL","address":"203 Yorktown Shopping Center","name":""},
  {"lat":39.458807,"lon":-76.633577,"city":"Cockeysville","state":"MD","address":"9805 York Road Ste C","name":""},
  {"lat":41.905054,"lon":-87.982295,"city":"Villa Park","state":"IL","address":"Drive Thru 141 W North Ave","name":""},
  {"lat":30.164012,"lon":-95.455718,"city":"The Woodlands","state":"TX","address":"1201 Lake Woodlands Dr., Space 2162","name":""},
  {"lat":42.91493,"lon":-85.587609,"city":"Kentwood","state":"MI","address":"3195 28TH ST SE","name":""},
  {"lat":36.063774,"lon":-95.881885,"city":"Tulsa","state":"OK","address":"7021 South Memorial Drive, #262","name":""},
  {"lat":42.045292,"lon":-88.0384,"city":"Schaumburg","state":"IL","address":"5 Woodfield Mall, Space VC03","name":""},
  {"lat":40.556138,"lon":-74.297039,"city":"Woodbridge","state":"NJ","address":"250 Woodbridge Center Dr. Ste. 2175","name":""},
  {"lat":39.210695,"lon":-78.178963,"city":"Winchester","state":"VA","address":"1490 North Frederick Pike","name":""},
  {"lat":29.95882,"lon":-95.538485,"city":"Houston","state":"TX","address":"2000 Willowbrook Mall","name":""},
  {"lat":31.75737,"lon":-106.272028,"city":"El Paso","state":"TX","address":"1830 N Zaragoza Rd","name":""},
  {"lat":37.2532,"lon":-77.327,"city":"Fort Gregg-Adams","state":"VA","address":"Fort Lee Food Court 1605 Shop Rd","name":""},
  {"lat":40.662994,"lon":-73.721886,"city":"Valley Stream","state":"NY","address":"2044 Green Acres Mall 220","name":""},
  {"lat":41.345464,"lon":-88.197087,"city":"Wilmington","state":"IL","address":"24223 W. Lorenzo Rd.","name":""},
  {"lat":38.7297,"lon":-93.5647,"city":"Whiteman AFB","state":"MO","address":"711 Vandenberg Bldg 529","name":""},
  {"lat":39.1075,"lon":-76.7377,"city":"Fort Meade","state":"MD","address":"2799 Rose Street","name":""},
  {"lat":31.8489,"lon":-106.356,"city":"Fort Bliss","state":"TX","address":"20752 Gulf Victory Way","name":""},
  {"lat":32.7782,"lon":-97.4242,"city":"Fort Worth","state":"TX","address":"Charley's Grilled SubsNAS-JRB AAFES Food Court Bldg 1880","name":""},
  {"lat":39.8155,"lon":-84.0278,"city":"Wright Patterson AFB","state":"OH","address":"Charley's Steakery Bldg 1250 Area A Kitty Hawk","name":""},
  {"lat":31.81774,"lon":-106.429355,"city":"Fort Bliss","state":"TX","address":"Fort Bliss Food Court Bldg # 1611 Marshall Rd.","name":""},
  {"lat":34.9008,"lon":-92.1498,"city":"Little Rock AFB","state":"AR","address":"AAFES Food Court - Charley's Grilled Subs787 6th St","name":""},
  {"lat":34.7304,"lon":-86.5861,"city":"Huntsville","state":"AL","address":"AAFES Food Court / Charley's Grilled SubsBldg 2220","name":""},
  {"lat":64.6772,"lon":-147.09,"city":"Eielson AFB","state":"AK","address":"Charley's / AAFES Food Court451 Broadway Ave Bldg 3338","name":""},
  {"lat":44.1483,"lon":-103.076,"city":"Ellsworth AFB","state":"SD","address":"AAFES C/O Charley's2725 Lemay Blvd Bldg 4020","name":""},
  {"lat":32.3757,"lon":-84.9233,"city":"Fort Moore","state":"GA","address":"SC Food Court9220 Marne Rd","name":""},
  {"lat":37.7584,"lon":-92.1157,"city":"Fort Leonard Wood","state":"MO","address":"Bldg # 487 Replacement Ave","name":""},
  {"lat":33.9171,"lon":-118.38,"city":"El Segundo","state":"CA","address":"488 N Aviation Blvd Bldg 252","name":""},
  {"lat":32.4231,"lon":-99.8361,"city":"Dyess AFB","state":"TX","address":"260 Commissary Rd Bldg 7339","name":""},
  {"lat":38.2695,"lon":-121.95,"city":"Travis AFB","state":"CA","address":"Travis AFB Food Court648 Skymaster Dr","name":""},
  {"lat":33.5381,"lon":-112.356,"city":"Glendale","state":"AZ","address":"7071 N 138th Dr Bldg 1540","name":""},
  {"lat":44.0438,"lon":-75.8074,"city":"Fort Drum","state":"NY","address":"Attn Jay Vitug10730A Enduring Freedom Dr Bldg P","name":""},
  {"lat":39.3398,"lon":-94.9245,"city":"Fort Leavenworth","state":"KS","address":"Fort Leavenworth Main FC 330 Kansas Ave Bldg 700","name":""},
  {"lat":31.3364,"lon":-85.7124,"city":"Fort Novosel","state":"AL","address":"Fort Novosel Food Court Bldg 9214 Hutton Plz","name":""},
  {"lat":64.8251,"lon":-147.636,"city":"Fort Wainwright","state":"AK","address":"Bldg 3703 B Oak St","name":""},
  {"lat":33.9682,"lon":-98.5097,"city":"Sheppard AFB","state":"TX","address":"220 Community Center Dr Bldg 239","name":""},
  {"lat":38.5345,"lon":-89.8678,"city":"Scott AFB","state":"IL","address":"AAFES Food Court Bldg 1981 Ward St","name":""},
  {"lat":31.866,"lon":-81.6089,"city":"Fort Stewart","state":"GA","address":"Charley's Grilled Subs 345 Lindquest Bldg 71","name":""},
  {"lat":33.4082,"lon":-82.135,"city":"Fort Gordon","state":"GA","address":"Fort Gordon Main Food Court Bldg38200 3rd Ave","name":""},
  {"lat":38.8187,"lon":-76.8827,"city":"Camp Spring","state":"MD","address":"Main Exchange Food Court Bldg1811 G St","name":""},
  {"lat":38.7375,"lon":-104.795,"city":"Fort Carson","state":"CO","address":"Fort Carson Charley's 6110 Martinez St","name":""},
  {"lat":35.4315,"lon":-97.4041,"city":"Tinker AFB","state":"OK","address":"Tinker AFB Main Food Court 3360 N Avenue Bldg # 685","name":""},
  {"lat":38.95677,"lon":-85.83643,"city":"Seymour","state":"IN","address":"2636 E. Tipton St.","name":""},
  {"lat":41.229591,"lon":-96.134474,"city":"Omaha","state":"NE","address":"3001 S. 144th St., Space V08","name":""}]}