{"key":"checkers_rallys","displayName":"Checkers/Rally's","category":"restaurant","useLocationName":false,"locations":[
  {"lat":41.464076,"lon":-81.583532,"city":"Cleveland","state":"OH","address":"14110 Kinsman Avenue","name":""},
  {"lat":41.45108,"lon":-81.801829,"city":"Cleveland","state":"OH","address":"3806 West 150th Street","name":""},
  {"lat":41.481247,"lon":-81.602668,"city":"Cleveland","state":"OH","address":"11607 Buckeye Rd","name":""},
  {"lat":41.53074,"lon":-81.582196,"city":"Cleveland","state":"OH","address":"14421 Euclid Ave","name":""},
  {"lat":41.37717,"lon":-82.077079,"city":"Elyria","state":"OH","address":"711 Cleveland Street","name":""},
  {"lat":41.481337,"lon":-81.768418,"city":"Cleveland","state":"OH","address":"1481 West 117th Street","name":""},
  {"lat":41.538249,"lon":-81.615777,"city":"Cleveland","state":"OH","address":"10430 St. Clair","name":""},
  {"lat":41.418362,"lon":-81.727695,"city":"Parma","state":"OH","address":"6201 Brookpark Road","name":""},
  {"lat":41.403682,"lon":-81.80019,"city":"Brook Park","state":"OH","address":"14911 Snow Road","name":""},
  {"lat":41.065056,"lon":-81.570238,"city":"Akron","state":"OH","address":"1345 Vernon Odom Blvd","name":""},
  {"lat":41.446552,"lon":-81.565208,"city":"Cleveland","state":"OH","address":"4154 Lee Road","name":""},
  {"lat":41.488395,"lon":-81.651195,"city":"Cleveland","state":"OH","address":"2585 E. 55th Street","name":""},
  {"lat":41.520414,"lon":-81.536031,"city":"South Euclid","state":"OH","address":"4000 Mayfield Road","name":""},
  {"lat":41.029116,"lon":-81.509976,"city":"Akron","state":"OH","address":"471 E. Waterloo","name":""},
  {"lat":40.832058,"lon":-81.387439,"city":"Canton","state":"OH","address":"3000 Cleveland Avenue","name":""},
  {"lat":41.017283,"lon":-81.605171,"city":"Barberton","state":"OH","address":"254 Wooster Road North","name":""},
  {"lat":41.076323,"lon":-81.495016,"city":"Akron","state":"OH","address":"711 East Market","name":""},
  {"lat":27.629452,"lon":-80.389609,"city":"Vero Beach","state":"FL","address":"1495 US Highway 1","name":""},
  {"lat":26.707905,"lon":-80.093063,"city":"West Palm Beach","state":"FL","address":"2529 Okeechobee Blvd.","name":""},
  {"lat":26.643899,"lon":-80.11218,"city":"West Palm Beach","state":"FL","address":"2270 S. Military Trail","name":""},
  {"lat":27.273575,"lon":-80.290469,"city":"Port St. Lucie","state":"FL","address":"10461 S. US Hwy 1","name":""},
  {"lat":26.571593,"lon":-80.112941,"city":"Lake Worth","state":"FL","address":"7050 S. Military Trail","name":""},
  {"lat":27.162743,"lon":-80.224429,"city":"Stuart","state":"FL","address":"3483 SE Federal Hwy","name":""},
  {"lat":26.609016,"lon":-80.05728,"city":"Lake Worth","state":"FL","address":"524 S. Dixie Highway","name":""},
  {"lat":26.46131,"lon":-80.07779,"city":"Delray Beach","state":"FL","address":"450 W. Atlantic Avenue","name":""},
  {"lat":26.529235,"lon":-80.079165,"city":"Boynton Beach","state":"FL","address":"755 W. Boynton Beach Blvd.","name":""},
  {"lat":26.672675,"lon":-80.24709,"city":"Wellington","state":"FL","address":"12790 W.Forest Hills Blvd.","name":""},
  {"lat":25.824271,"lon":-80.24037,"city":"Miami","state":"FL","address":"2695 NW 54th Street","name":""},
  {"lat":41.470074,"lon":-81.70776,"city":"Cleveland","state":"OH","address":"3502 Clark Ave","name":""},
  {"lat":41.462157,"lon":-81.645294,"city":"Cleveland","state":"OH","address":"6430 Broadway Ave","name":""},
  {"lat":41.523257,"lon":-81.603198,"city":"Cleveland","state":"OH","address":"11701 Superior Ave","name":""},
  {"lat":25.732675,"lon":-80.367553,"city":"Miami","state":"FL","address":"10695 Bird Rd","name":""},
  {"lat":25.925654,"lon":-80.163686,"city":"North Miami Beach","state":"FL","address":"1800 163rd Street","name":""},
  {"lat":26.136613,"lon":-80.14003,"city":"Fort Lauderdale","state":"FL","address":"400 E. Sunrise Blvd.","name":""},
  {"lat":25.867017,"lon":-80.266469,"city":"Hialeah","state":"FL","address":"820 E. 49th Street","name":""},
  {"lat":26.010339,"lon":-80.211264,"city":"Hollywood","state":"FL","address":"6171 Hollywood Blvd.","name":""},
  {"lat":25.476844,"lon":-80.472762,"city":"Homestead","state":"FL","address":"236 NE 8th Street","name":""},
  {"lat":26.228369,"lon":-80.204983,"city":"Margate","state":"FL","address":"225 S State Road 7","name":""},
  {"lat":25.941399,"lon":-80.244451,"city":"Miami Gardens","state":"FL","address":"2645 NW 183rd St","name":""},
  {"lat":26.106853,"lon":-80.201883,"city":"Plantation","state":"FL","address":"1149 S State Road 7","name":""},
  {"lat":26.272924,"lon":-80.259168,"city":"Coral Springs","state":"FL","address":"9935 W. Sample Rd","name":""},
  {"lat":25.940883,"lon":-80.205481,"city":"Miami","state":"FL","address":"18100 NW 2nd Ave","name":""},
  {"lat":26.164339,"lon":-80.223503,"city":"Lauderhill","state":"FL","address":"5400 W. Oakland Park Blvd.","name":""},
  {"lat":25.776533,"lon":-80.264258,"city":"Miami","state":"FL","address":"450 NW 42nd Avenue","name":""},
  {"lat":25.848504,"lon":-80.209578,"city":"Miami","state":"FL","address":"8080 NW 7th Ave","name":""},
  {"lat":26.318327,"lon":-80.128617,"city":"Deerfield Beach","state":"FL","address":"1799 W. Hillsboro Blvd","name":""},
  {"lat":25.642591,"lon":-80.3341,"city":"Miami","state":"FL","address":"13625 South Dixie Hwy","name":""},
  {"lat":25.89784,"lon":-80.210886,"city":"North Miami","state":"FL","address":"13495 NW 7th Avenue","name":""},
  {"lat":25.942002,"lon":-80.305481,"city":"Hialeah","state":"FL","address":"6692 N.W. 186th Street","name":""},
  {"lat":26.193348,"lon":-80.251399,"city":"Lauderhill","state":"FL","address":"5590 N University Dr","name":""},
  {"lat":25.714054,"lon":-80.414698,"city":"Miami","state":"FL","address":"5605 SW 137th Avenue","name":""},
  {"lat":25.9811,"lon":-80.277241,"city":"Miramar","state":"FL","address":"9901 Miramar Parkway","name":""},
  {"lat":26.274392,"lon":-80.133911,"city":"Pompano Beach","state":"FL","address":"3541 NW 8th Avenue","name":""},
  {"lat":29.962263,"lon":-90.114145,"city":"New Orleans","state":"LA","address":"3222 South Carrollton Ave","name":""},
  {"lat":29.96641,"lon":-90.087151,"city":"New Orleans","state":"LA","address":"131 N. Broad Street","name":""},
  {"lat":30.004722,"lon":-90.036966,"city":"New Orleans","state":"LA","address":"4460 Chef Menteur Hwy","name":""},
  {"lat":29.876308,"lon":-90.097932,"city":"Marrero","state":"LA","address":"1875 Barataria Boulevard","name":""},
  {"lat":29.975629,"lon":-90.1719,"city":"Metairie","state":"LA","address":"4001 Airline Highway","name":""},
  {"lat":30.070061,"lon":-90.4858,"city":"LaPlace","state":"LA","address":"810 West Airline Highway","name":""},
  {"lat":29.924573,"lon":-90.021911,"city":"New Orleans","state":"LA","address":"3555 General DeGaulle","name":""},
  {"lat":30.469173,"lon":-90.085079,"city":"Covington","state":"LA","address":"2560 Highway 190 North","name":""},
  {"lat":30.001585,"lon":-90.142251,"city":"Metairie","state":"LA","address":"1720 Veterans Memorial Blvd","name":""},
  {"lat":29.956991,"lon":-90.004569,"city":"Arabi","state":"LA","address":"6700 St. Claude Avenue","name":""},
  {"lat":29.949128,"lon":-90.18154,"city":"Harahan","state":"LA","address":"5300 Jefferson Highway","name":""},
  {"lat":29.894174,"lon":-90.059602,"city":"Harvey","state":"LA","address":"1509 Manhattan Street","name":""},
  {"lat":29.94525,"lon":-90.09068,"city":"New Orleans","state":"LA","address":"2201 S. Claiborne Ave.","name":""},
  {"lat":38.447106,"lon":-90.371045,"city":"Arnold","state":"MO","address":"1 Fox Valley Center","name":""},
  {"lat":27.769796,"lon":-82.679042,"city":"St. Petersburg","state":"FL","address":"100 34th Street S.","name":""},
  {"lat":32.028184,"lon":-81.107741,"city":"Savannah","state":"GA","address":"100 W De Renne Ave","name":""},
  {"lat":38.749553,"lon":-90.254053,"city":"St. Louis","state":"MO","address":"10004 Halls Ferry Road","name":""},
  {"lat":27.521595,"lon":-82.573229,"city":"Palmetto","state":"FL","address":"1001 8th Ave W","name":""},
  {"lat":32.616807,"lon":-117.070673,"city":"Chula Vista","state":"CA","address":"1004 3rd Avenue","name":""},
  {"lat":41.386159,"lon":-83.650848,"city":"Bowling Green","state":"OH","address":"1005 N. Main","name":""},
  {"lat":40.123351,"lon":-86.014304,"city":"Cicero","state":"IN","address":"1010 S Peru Street","name":""},
  {"lat":43.589067,"lon":-83.886175,"city":"Bay City","state":"MI","address":"102 S. Madison","name":""},
  {"lat":39.725914,"lon":-82.608911,"city":"Lancaster","state":"OH","address":"1028 North Memorial Drive","name":""},
  {"lat":38.105175,"lon":-85.868867,"city":"Louisville","state":"KY","address":"10310 Dixie Hwy.","name":""},
  {"lat":38.691119,"lon":-90.388302,"city":"St. Louis","state":"MO","address":"10334 Page Avenue","name":""},
  {"lat":36.823335,"lon":-119.77137,"city":"Fresno","state":"CA","address":"1034 E. Bullard Avenue","name":""},
  {"lat":41.663336,"lon":-83.568577,"city":"Toledo","state":"OH","address":"1035 West Bancroft Street","name":""},
  {"lat":37.042937,"lon":-76.384555,"city":"Hampton","state":"VA","address":"1064 W. Mercury Blvd.","name":""},
  {"lat":28.025732,"lon":-82.459898,"city":"Tampa","state":"FL","address":"107 W. Waters Ave","name":""},
  {"lat":42.430875,"lon":-83.168882,"city":"Detroit","state":"MI","address":"10711 W 7 Mile","name":""},
  {"lat":42.261684,"lon":-84.427826,"city":"Jackson","state":"MI","address":"1095 North Wisner St","name":""},
  {"lat":39.941063,"lon":-83.856793,"city":"Springfield","state":"OH","address":"1099 Upper Valley Pike","name":""},
  {"lat":31.575862,"lon":-84.175807,"city":"Albany","state":"GA","address":"110 South Slappey Blvd","name":""},
  {"lat":29.985182,"lon":-91.820682,"city":"New Iberia","state":"LA","address":"1100 Admiral Doyle","name":""},
  {"lat":36.82963,"lon":-76.339376,"city":"Portsmouth","state":"VA","address":"1101 Frederick Blvd.","name":""},
  {"lat":38.501693,"lon":-89.984681,"city":"Belleville","state":"IL","address":"1105 South Illinois Street","name":""},
  {"lat":41.874562,"lon":-84.041371,"city":"Adrian","state":"MI","address":"1109 East U.S. 223","name":""},
  {"lat":40.745808,"lon":-74.189313,"city":"Newark","state":"NJ","address":"111 Hartford Street","name":""},
  {"lat":38.739058,"lon":-82.972831,"city":"Portsmouth","state":"OH","address":"1111 Monroe","name":""},
  {"lat":31.214355,"lon":-85.360917,"city":"Dothan","state":"AL","address":"1111 Ross Clark Circle","name":""},
  {"lat":39.752083,"lon":-84.139418,"city":"Dayton","state":"OH","address":"1111 South Smithville Road","name":""},
  {"lat":31.456564,"lon":-83.527437,"city":"Tifton","state":"GA","address":"112 S. Virginia Avenue","name":""},
  {"lat":30.397682,"lon":-89.030034,"city":"Gulfport","state":"MS","address":"1123 E. Pass Road","name":""},
  {"lat":30.244556,"lon":-92.014948,"city":"Lafayette","state":"LA","address":"113 W Willow St","name":""},
  {"lat":40.696744,"lon":-73.93538,"city":"Brooklyn","state":"NY","address":"1130 Myrtle Ave.","name":""},
  {"lat":42.97026,"lon":-85.641105,"city":"Grand Rapids","state":"MI","address":"1131 Michigan Street","name":""},
  {"lat":30.287394,"lon":-81.52651,"city":"Jacksonville","state":"FL","address":"11361 Beach Blvd.","name":""},
  {"lat":33.129982,"lon":-117.067378,"city":"Escondido","state":"CA","address":"1157 East Valley Parkway","name":""},
  {"lat":29.578409,"lon":-90.689567,"city":"Houma","state":"LA","address":"1159 Grand Caillou","name":""},
  {"lat":42.370692,"lon":-83.313059,"city":"Redford","state":"MI","address":"11610 Inkster Road","name":""},
  {"lat":42.37319,"lon":-83.197929,"city":"Detroit","state":"MI","address":"11641 Greenfield Road","name":""},
  {"lat":29.173933,"lon":-81.032416,"city":"Daytona Beach","state":"FL","address":"1174 Beville Road","name":""},
  {"lat":33.916657,"lon":-118.08221,"city":"Norwalk","state":"CA","address":"11750 Imperial Highway","name":""},
  {"lat":40.147104,"lon":-84.249447,"city":"Piqua","state":"OH","address":"118 N. College Road","name":""},
  {"lat":28.566207,"lon":-81.206621,"city":"Orlando","state":"FL","address":"11816 E. Colonial Drive","name":""},
  {"lat":34.867967,"lon":-83.402455,"city":"Clayton","state":"GA","address":"12 Bo James Street","name":""},
  {"lat":32.61855,"lon":-83.641989,"city":"Warner Robins","state":"GA","address":"120 N. Houston Road","name":""},
  {"lat":40.686426,"lon":-73.822915,"city":"Richmond Hill","state":"NY","address":"120-06 Liberty Ave","name":""},
  {"lat":37.980982,"lon":-87.542702,"city":"Evansville","state":"IN","address":"1201 East Virginia Street","name":""},
  {"lat":40.836062,"lon":-73.922888,"city":"The Bronx","state":"NY","address":"1203 Jerome Ave.","name":""},
  {"lat":43.060137,"lon":-87.927299,"city":"Milwaukee","state":"WI","address":"1205 W. North Avenue","name":""},
  {"lat":36.861099,"lon":-76.286178,"city":"Norfolk","state":"VA","address":"1208 Monticello Avenue","name":""},
  {"lat":40.690764,"lon":-73.778805,"city":"St. Albans","state":"NY","address":"122-21 Merrick Blvd","name":""},
  {"lat":36.080734,"lon":-119.045012,"city":"Porterville","state":"CA","address":"1230 W. Henderson Avenue","name":""},
  {"lat":29.187301,"lon":-82.122745,"city":"Ocala","state":"FL","address":"1239 E. Silver Springs Blvd","name":""},
  {"lat":38.064794,"lon":-84.468941,"city":"Lexington","state":"KY","address":"125 New Circle Road NE","name":""},
  {"lat":28.340943,"lon":-82.187016,"city":"Dade City","state":"FL","address":"12600 US 301","name":""},
  {"lat":32.794653,"lon":-116.938598,"city":"El Cajon","state":"CA","address":"1261 East Main Street","name":""},
  {"lat":33.675439,"lon":-83.708716,"city":"Social Circle","state":"GA","address":"1265 N Cherokee Rd","name":""},
  {"lat":33.93592,"lon":-117.181926,"city":"Moreno Valley","state":"CA","address":"12721 Moreno Beach Dr","name":""},
  {"lat":33.915844,"lon":-118.35208,"city":"Hawthorne","state":"CA","address":"12812 S. Hawthorne Blvd.","name":""},
  {"lat":39.464591,"lon":-87.414344,"city":"Terre Haute","state":"IN","address":"129 South 3rd Street","name":""},
  {"lat":34.796925,"lon":-84.961701,"city":"Dalton","state":"GA","address":"1300 N. Glenwood Ave.","name":""},
  {"lat":37.763715,"lon":-87.111991,"city":"Owensboro","state":"KY","address":"1301 Frederica","name":""},
  {"lat":35.750495,"lon":-81.335323,"city":"Hickory","state":"NC","address":"1304 2nd Street NE","name":""},
  {"lat":42.913828,"lon":-85.698807,"city":"Wyoming","state":"MI","address":"1325 28th St. SW","name":""},
  {"lat":39.337211,"lon":-82.974543,"city":"Chillicothe","state":"OH","address":"133 N. Bridge Street","name":""},
  {"lat":29.026784,"lon":-81.303075,"city":"de Land","state":"FL","address":"133 S. Woodland Blvd.","name":""},
  {"lat":37.05725,"lon":-120.836258,"city":"Los Banos","state":"CA","address":"1330 E Pacheco Blvd","name":""},
  {"lat":39.946496,"lon":-83.034194,"city":"Columbus","state":"OH","address":"1340 West Mound Street","name":""},
  {"lat":36.731733,"lon":-119.798615,"city":"Fresno","state":"CA","address":"1345 Fresno Street","name":""},
  {"lat":33.509189,"lon":-112.090902,"city":"Phoenix","state":"AZ","address":"1345 West Camelback Rd.","name":""},
  {"lat":28.551474,"lon":-81.58308,"city":"Winter Garden","state":"FL","address":"13495 W. Colonial Drive","name":""},
  {"lat":30.43526,"lon":-84.258501,"city":"Tallahassee","state":"FL","address":"1377 Apalachee Parkway","name":""},
  {"lat":40.665043,"lon":-73.734296,"city":"Rosedale Village","state":"NY","address":"139-33 245th St.","name":""},
  {"lat":39.963879,"lon":-74.189009,"city":"Toms River","state":"NJ","address":"140 Route 37 East","name":""},
  {"lat":33.422308,"lon":-111.961762,"city":"Tempe","state":"AZ","address":"1410 West University","name":""},
  {"lat":39.186833,"lon":-76.613459,"city":"Glen Burnie","state":"MD","address":"1417 N. Crain Hwy.","name":""},
  {"lat":31.771042,"lon":-93.097545,"city":"Natchitoches","state":"LA","address":"1420 Texas Street","name":""},
  {"lat":35.166032,"lon":-78.971926,"city":"Spring Lake","state":"NC","address":"149 S Bragg Blvd.","name":""},
  {"lat":33.901618,"lon":-118.326097,"city":"Gardena","state":"CA","address":"14306 Crenshaw Blvd.","name":""},
  {"lat":33.738144,"lon":-84.434812,"city":"Atlanta","state":"GA","address":"1449 Donnelly Ave SW","name":""},
  {"lat":42.504756,"lon":-83.089687,"city":"Madison Heights","state":"MI","address":"1450 E. 12 Mile Road","name":""},
  {"lat":39.933613,"lon":-82.983499,"city":"Columbus","state":"OH","address":"1454 Parsons Avenue","name":""},
  {"lat":31.838043,"lon":-81.595744,"city":"Hinesville","state":"GA","address":"147 General Screven","name":""},
  {"lat":28.798198,"lon":-81.272787,"city":"Sanford","state":"FL","address":"1501 S. French Avenue","name":""},
  {"lat":43.587739,"lon":-84.766875,"city":"Mount Pleasant","state":"MI","address":"1501 S. Mission Street","name":""},
  {"lat":28.180604,"lon":-82.740981,"city":"Holiday","state":"FL","address":"1501 US Highway 19","name":""},
  {"lat":38.958521,"lon":-85.866889,"city":"Seymour","state":"IN","address":"1507 East Tipton Street","name":""},
  {"lat":28.054052,"lon":-82.441554,"city":"Tampa","state":"FL","address":"1509 E. Fowler Ave","name":""},
  {"lat":27.938309,"lon":-82.307492,"city":"Brandon","state":"FL","address":"1520 W Brandon Blvd.","name":""},
  {"lat":30.342435,"lon":-81.680268,"city":"Jacksonville","state":"FL","address":"1526 Kings Road","name":""},
  {"lat":29.60666,"lon":-90.746699,"city":"Houma","state":"LA","address":"1526 Martin Luther King Blvd.","name":""},
  {"lat":32.583565,"lon":-117.099716,"city":"San Diego","state":"CA","address":"1545 Palm Avenue","name":""},
  {"lat":42.276337,"lon":-85.648857,"city":"Kalamazoo","state":"MI","address":"1560 S Drake Rd","name":""},
  {"lat":27.939361,"lon":-82.787031,"city":"Clearwater","state":"FL","address":"1595 Missouri Ave.","name":""},
  {"lat":37.840863,"lon":-85.938405,"city":"Radcliff","state":"KY","address":"160 N. Dixie","name":""},
  {"lat":38.554068,"lon":-90.166919,"city":"Cahokia","state":"IL","address":"1600 Camp Jackson Road","name":""},
  {"lat":42.297794,"lon":-85.226484,"city":"Battle Creek","state":"MI","address":"1600 W Columbia Ave","name":""},
  {"lat":27.981457,"lon":-82.709577,"city":"Clearwater","state":"FL","address":"1610 McMullen Booth Road","name":""},
  {"lat":27.995747,"lon":-82.441055,"city":"Tampa","state":"FL","address":"1615 E. Hillsborough Ave","name":""},
  {"lat":39.120853,"lon":-77.178911,"city":"Gaithersburg","state":"MD","address":"16171 Shady Grove Road","name":""},
  {"lat":39.017668,"lon":-76.693526,"city":"Crofton","state":"MD","address":"1645 Crofton Centre","name":""},
  {"lat":41.706512,"lon":-83.584838,"city":"Toledo","state":"OH","address":"1647 Laskey Road","name":""},
  {"lat":42.412835,"lon":-82.9423,"city":"Detroit","state":"MI","address":"16511 Harper Ave.","name":""},
  {"lat":38.368477,"lon":-81.66651,"city":"Charleston","state":"WV","address":"1667 3rd Avenue","name":""},
  {"lat":38.902093,"lon":-90.061293,"city":"Bethalto","state":"IL","address":"167 East McArthur Drive","name":""},
  {"lat":40.840692,"lon":-73.411862,"city":"Huntington Station","state":"NY","address":"1680 New York Avenue","name":""},
  {"lat":36.32888,"lon":-119.673218,"city":"Hanford","state":"CA","address":"1706 W. Lacy Avenue","name":""},
  {"lat":39.624241,"lon":-77.77168,"city":"Hagerstown","state":"MD","address":"1720 Dual Hwy","name":""},
  {"lat":33.475258,"lon":-81.995751,"city":"Augusta","state":"GA","address":"1720 Walton Way","name":""},
  {"lat":41.538055,"lon":-90.550514,"city":"Davenport","state":"IA","address":"1721 E. Locust","name":""},
  {"lat":27.072059,"lon":-82.422959,"city":"Venice","state":"FL","address":"1721 Tamiami Trail","name":""},
  {"lat":42.400037,"lon":-83.21574,"city":"Detroit","state":"MI","address":"17620 Grand River Ave","name":""},
  {"lat":43.220074,"lon":-86.209859,"city":"Muskegon","state":"MI","address":"1785 Creston Street","name":""},
  {"lat":39.058087,"lon":-84.626865,"city":"Erlanger","state":"KY","address":"1790 Airport Exchange","name":""},
  {"lat":27.006953,"lon":-82.134585,"city":"Port Charlotte","state":"FL","address":"1793 Tamiami Trail","name":""},
  {"lat":40.649661,"lon":-73.962982,"city":"Brooklyn","state":"NY","address":"1801 Church Ave","name":""},
  {"lat":32.286447,"lon":-90.215324,"city":"Jackson","state":"MS","address":"1805 Highway 80 West","name":""},
  {"lat":41.52297,"lon":-88.12596,"city":"Joliet","state":"IL","address":"1805 W. Jefferson St.","name":""},
  {"lat":33.505855,"lon":-82.503458,"city":"Thomson","state":"GA","address":"1807 Washington Road","name":""},
  {"lat":40.713208,"lon":-73.780818,"city":"Jamaica","state":"NY","address":"181-24 Hillside Ave","name":""},
  {"lat":32.809556,"lon":-115.570291,"city":"El Centro","state":"CA","address":"1820 North Imperial Ave","name":""},
  {"lat":40.465928,"lon":-86.108531,"city":"Kokomo","state":"IN","address":"1825 E. Hoffer Street","name":""},
  {"lat":44.378025,"lon":-89.817621,"city":"Wisconsin Rapids","state":"WI","address":"1840 8th Street South","name":""},
  {"lat":40.665684,"lon":-73.608054,"city":"Baldwin","state":"NY","address":"1840 Grand Ave.","name":""},
  {"lat":32.900421,"lon":-80.010493,"city":"Charleston","state":"SC","address":"1846 Remount Road","name":""},
  {"lat":27.989182,"lon":-82.775116,"city":"Clearwater","state":"FL","address":"1877 N Highland Ave","name":""},
  {"lat":36.158532,"lon":-115.122993,"city":"Las Vegas","state":"NV","address":"1900 E. Charleston Blvd.","name":""},
  {"lat":34.225825,"lon":-77.923263,"city":"Wilmington","state":"NC","address":"1901 Oleander Dr","name":""},
  {"lat":39.399914,"lon":-76.548368,"city":"Baltimore","state":"MD","address":"1915 East Joppa Drive","name":""},
  {"lat":31.202419,"lon":-82.33216,"city":"Waycross","state":"GA","address":"1918 Memorial Drive","name":""},
  {"lat":38.631443,"lon":-77.273957,"city":"Woodbridge","state":"VA","address":"1920 Daniel Stuart Square","name":""},
  {"lat":31.711635,"lon":-89.14843,"city":"Laurel","state":"MS","address":"1925 Highway 15 North","name":""},
  {"lat":39.435501,"lon":-76.316693,"city":"Edgewood","state":"MD","address":"1926 Pulaski Highway","name":""},
  {"lat":37.862638,"lon":-87.575169,"city":"Henderson","state":"KY","address":"1927 US 41 North","name":""},
  {"lat":41.627298,"lon":-83.502436,"city":"Oregon","state":"OH","address":"1927 Woodville Road","name":""},
  {"lat":28.345591,"lon":-81.365981,"city":"Kissimmee","state":"FL","address":"1939 Osceola Pkwy","name":""},
  {"lat":39.87797,"lon":-83.054676,"city":"Grove City","state":"OH","address":"1939 Stringtown Road","name":""},
  {"lat":39.94881,"lon":-82.945956,"city":"Columbus","state":"OH","address":"1940 East Livingston Avenue","name":""},
  {"lat":30.62957,"lon":-88.089318,"city":"Mobile","state":"AL","address":"1965 Dauphin Island Pkwy","name":""},
  {"lat":42.950984,"lon":-78.87769,"city":"Buffalo","state":"NY","address":"1969 Elmwood Ave","name":""},
  {"lat":42.443536,"lon":-83.238394,"city":"Detroit","state":"MI","address":"19801 West 8 Mile Road","name":""},
  {"lat":38.919931,"lon":-90.17254,"city":"Alton","state":"IL","address":"199 Alton Square Mall Dr","name":""},
  {"lat":32.693465,"lon":-115.496045,"city":"Calexico","state":"CA","address":"200 E. Cole Road","name":""},
  {"lat":39.95014,"lon":-83.8039,"city":"Springfield","state":"OH","address":"2000 North Limestone","name":""},
  {"lat":33.790164,"lon":-118.167418,"city":"Long Beach","state":"CA","address":"2001 E. Pacific Coast Hwy.","name":""},
  {"lat":32.637641,"lon":-85.405373,"city":"Opelika","state":"AL","address":"2009 Pepperell Parkway","name":""},
  {"lat":42.531443,"lon":-83.165053,"city":"Clawson","state":"MI","address":"201 Crooks Road","name":""},
  {"lat":43.612449,"lon":-84.212386,"city":"Midland","state":"MI","address":"2020 South Saginaw Road","name":""},
  {"lat":41.652676,"lon":-86.250174,"city":"South Bend","state":"IN","address":"2021 South Michigan Street","name":""},
  {"lat":30.218718,"lon":-93.37591,"city":"Sulphur","state":"LA","address":"2044 S. Ruth Street","name":""},
  {"lat":39.219588,"lon":-85.887594,"city":"Columbus","state":"IN","address":"2080 North National Road","name":""},
  {"lat":36.998165,"lon":-85.92917,"city":"Glasgow","state":"KY","address":"210 S. L. Rogers Wells Blvd.","name":""},
  {"lat":41.704291,"lon":-86.894904,"city":"Michigan City","state":"IN","address":"2102 Franklin St","name":""},
  {"lat":33.681427,"lon":-84.395879,"city":"Atlanta","state":"GA","address":"211 Cleveland Ave SW","name":""},
  {"lat":40.094976,"lon":-85.652072,"city":"Anderson","state":"IN","address":"2110 SR 9 South","name":""},
  {"lat":34.186748,"lon":-79.809536,"city":"Florence","state":"SC","address":"2110 W. Palmetto Street","name":""},
  {"lat":39.526431,"lon":-84.388793,"city":"Middletown","state":"OH","address":"2115 North Verity Parkway","name":""},
  {"lat":39.897443,"lon":-83.810917,"city":"Springfield","state":"OH","address":"2122 South Limestone","name":""},
  {"lat":30.858726,"lon":-83.281324,"city":"Valdosta","state":"GA","address":"2129 N. Ashley Street","name":""},
  {"lat":38.248933,"lon":-85.787941,"city":"Louisville","state":"KY","address":"2130 W. Broadway","name":""},
  {"lat":28.463527,"lon":-82.541302,"city":"Spring Hill","state":"FL","address":"2137 Mariner Blvd.","name":""},
  {"lat":33.810054,"lon":-84.27391,"city":"Decatur","state":"GA","address":"2148 Lawrenceville Hwy.","name":""},
  {"lat":33.79202,"lon":-83.744085,"city":"Monroe","state":"GA","address":"215 B Hwy 138","name":""},
  {"lat":38.262088,"lon":-76.460935,"city":"Lexington Park","state":"MD","address":"21656 Great Mills Road","name":""},
  {"lat":38.802097,"lon":-90.311376,"city":"Florissant","state":"MO","address":"2182 N Highway 67","name":""},
  {"lat":32.355366,"lon":-90.179005,"city":"Jackson","state":"MS","address":"219 Northside Drive","name":""},
  {"lat":40.219307,"lon":-85.384651,"city":"Muncie","state":"IN","address":"220 East McGalliard Street","name":""},
  {"lat":40.924144,"lon":-74.18057,"city":"Paterson","state":"NJ","address":"220 W. Broadway","name":""},
  {"lat":31.191545,"lon":-85.403064,"city":"Dothan","state":"AL","address":"2204 Ross Clark Circle","name":""},
  {"lat":34.885497,"lon":-92.107348,"city":"Jacksonville","state":"AR","address":"2211 North First Street","name":""},
  {"lat":30.676114,"lon":-88.093443,"city":"Mobile","state":"AL","address":"2213 Airport Blvd.","name":""},
  {"lat":38.703176,"lon":-90.141642,"city":"Granite City","state":"IL","address":"2220 Madison Avenue","name":""},
  {"lat":42.292334,"lon":-83.387651,"city":"Westland","state":"MI","address":"2220 S Wayne Rd","name":""},
  {"lat":42.25144,"lon":-83.195409,"city":"Lincoln Park","state":"MI","address":"2250 Dix Road","name":""},
  {"lat":33.506415,"lon":-82.091055,"city":"Augusta","state":"GA","address":"228 Bobby Jones Expressway","name":""},
  {"lat":42.210806,"lon":-83.180157,"city":"Wyandotte","state":"MI","address":"2291 Fort Street","name":""},
  {"lat":36.870472,"lon":-76.232139,"city":"Norfolk","state":"VA","address":"2300 Azalea Garden Road","name":""},
  {"lat":38.91771,"lon":-76.971864,"city":"Washington","state":"DC","address":"2300 New York Avenue N.E.","name":""},
  {"lat":34.202042,"lon":-92.026199,"city":"Pine Bluff","state":"AR","address":"2301 West 28th Street","name":""},
  {"lat":41.560474,"lon":-90.611006,"city":"Davenport","state":"IA","address":"2310 W. Kimberly Road","name":""},
  {"lat":36.974255,"lon":-120.085263,"city":"Madera","state":"CA","address":"2310 West Cleveland","name":""},
  {"lat":40.488086,"lon":-86.162589,"city":"Kokomo","state":"IN","address":"2316 W. Sycamore Street","name":""},
  {"lat":33.963474,"lon":-84.138119,"city":"Duluth","state":"GA","address":"2336 Pleasant Hill Road","name":""},
  {"lat":39.283877,"lon":-76.65436,"city":"Baltimore","state":"MD","address":"2351 Frederick Ave","name":""},
  {"lat":32.684228,"lon":-114.625226,"city":"Yuma","state":"AZ","address":"2380 S 4th Ave","name":""},
  {"lat":42.469438,"lon":-83.027385,"city":"Center Line","state":"MI","address":"23815 Van Dyke Avenue","name":""},
  {"lat":33.718142,"lon":-84.214875,"city":"Decatur","state":"GA","address":"2388 Wesley Chapel Road","name":""},
  {"lat":27.987848,"lon":-82.122111,"city":"Plant City","state":"FL","address":"2405 Jim Redmond Pkwy.","name":""},
  {"lat":30.212491,"lon":-92.050616,"city":"Lafayette","state":"LA","address":"2448 W Congress St","name":""},
  {"lat":28.14806,"lon":-80.671407,"city":"Melbourne","state":"FL","address":"2505 N. Wickham Road","name":""},
  {"lat":28.84389,"lon":-81.896852,"city":"Leesburg","state":"FL","address":"2508 Citrus Blvd.","name":""},
  {"lat":39.923619,"lon":-83.771316,"city":"Springfield","state":"OH","address":"2510 East Main Street","name":""},
  {"lat":42.481664,"lon":-82.946197,"city":"Roseville","state":"MI","address":"25260 Gratiot Ave","name":""},
  {"lat":40.014332,"lon":-83.010986,"city":"Columbus","state":"OH","address":"2556 North High Street","name":""},
  {"lat":42.881328,"lon":-78.753228,"city":"Cheektowaga","state":"NY","address":"2563 Union Road","name":""},
  {"lat":42.433132,"lon":-83.297781,"city":"Redford Township","state":"MI","address":"25800 Grand River","name":""},
  {"lat":28.080707,"lon":-82.431353,"city":"Tampa","state":"FL","address":"2598 Bearss Avenue East","name":""},
  {"lat":40.825542,"lon":-73.919014,"city":"The Bronx","state":"NY","address":"260 East 161st Street","name":""},
  {"lat":30.227923,"lon":-93.179818,"city":"Lake Charles","state":"LA","address":"2601 Broad St","name":""},
  {"lat":33.441247,"lon":-82.021276,"city":"Augusta","state":"GA","address":"2611 Dean’s Bridge Rd.","name":""},
  {"lat":33.776373,"lon":-84.473319,"city":"Atlanta","state":"GA","address":"2641 Donald Lee Hollowell Pkwy NW","name":""},
  {"lat":42.196222,"lon":-83.299076,"city":"Taylor","state":"MI","address":"26715 Eureka Road","name":""},
  {"lat":29.165505,"lon":-82.17089,"city":"Ocala","state":"FL","address":"2701 SW College Road","name":""},
  {"lat":40.749977,"lon":-73.939551,"city":"Long Island City","state":"NY","address":"2712 Queens Plaza South","name":""},
  {"lat":28.552401,"lon":-81.413314,"city":"Orlando","state":"FL","address":"2750 W. Colonial Drive","name":""},
  {"lat":33.706614,"lon":-84.1697,"city":"Lithonia","state":"GA","address":"2775 Panola Rd.","name":""},
  {"lat":32.811698,"lon":-83.662563,"city":"Macon","state":"GA","address":"2790 Pio Nono Avenue","name":""},
  {"lat":42.501939,"lon":-82.934289,"city":"Roseville","state":"MI","address":"27951 Gratiot Ave","name":""},
  {"lat":36.793595,"lon":-119.716163,"city":"Clovis","state":"CA","address":"280 W. Ashlan Avenue","name":""},
  {"lat":31.324402,"lon":-89.332019,"city":"Hattiesburg","state":"MS","address":"2806 Hardy Street","name":""},
  {"lat":38.602856,"lon":-90.223819,"city":"St. Louis","state":"MO","address":"2807 South Jefferson","name":""},
  {"lat":27.981059,"lon":-82.49065,"city":"Tampa","state":"FL","address":"2820 W Dr Martin Luther King Jr Blvd","name":""},
  {"lat":29.678529,"lon":-82.339509,"city":"Gainesville","state":"FL","address":"2826 N.W. 13th Street","name":""},
  {"lat":40.915356,"lon":-74.166601,"city":"Paterson","state":"NJ","address":"283 Market Street","name":""},
  {"lat":33.690491,"lon":-84.489433,"city":"Atlanta","state":"GA","address":"2841 Greenbriar Parkway","name":""},
  {"lat":33.705893,"lon":-84.271125,"city":"Decatur","state":"GA","address":"2854 Candler Rd.","name":""},
  {"lat":39.909948,"lon":-75.098808,"city":"Camden","state":"NJ","address":"2881 Mount Ephraim Rd","name":""},
  {"lat":33.418476,"lon":-82.023,"city":"Augusta","state":"GA","address":"2901 Peach Orchard Road","name":""},
  {"lat":28.010419,"lon":-81.957328,"city":"Lakeland","state":"FL","address":"2919 S. Florida Ave","name":""},
  {"lat":36.837484,"lon":-87.478902,"city":"Hopkinsville","state":"KY","address":"2921 Ft. Campbell Blvd.","name":""},
  {"lat":41.493669,"lon":-90.559269,"city":"Rock Island","state":"IL","address":"2929 18th Avenue","name":""},
  {"lat":34.027572,"lon":-84.046579,"city":"Suwanee","state":"GA","address":"2930 Lawrenceville-Suwanee Road","name":""},
  {"lat":44.250101,"lon":-84.224823,"city":"West Branch","state":"MI","address":"2961 Cook Road","name":""},
  {"lat":42.461146,"lon":-83.102512,"city":"Hazel Park","state":"MI","address":"300 E 9 Mile Road","name":""},
  {"lat":38.626293,"lon":-76.90991,"city":"Waldorf","state":"MD","address":"3002 Leonard Town Road","name":""},
  {"lat":27.971053,"lon":-82.451395,"city":"Tampa","state":"FL","address":"3002 N. Nebraska Ave","name":""},
  {"lat":35.388316,"lon":-119.110338,"city":"Bakersfield","state":"CA","address":"3009 Calloway Drive","name":""},
  {"lat":32.00408,"lon":-81.11413,"city":"Savannah","state":"GA","address":"301 Mall Boulevard","name":""},
  {"lat":39.1335,"lon":-84.4966,"city":"Cincinnati","state":"OH","address":"3010 Reading Road","name":""},
  {"lat":38.948975,"lon":-76.968577,"city":"Hyattsville","state":"MD","address":"3032 Queen's Chapel Road","name":""},
  {"lat":41.678115,"lon":-83.550298,"city":"Toledo","state":"OH","address":"3033 Cherry Street","name":""},
  {"lat":38.639273,"lon":-90.241088,"city":"St. Louis","state":"MO","address":"305 N. Vandeventer","name":""},
  {"lat":39.977955,"lon":-82.01569,"city":"Zanesville","state":"OH","address":"3050 Maple Avenue","name":""},
  {"lat":32.558212,"lon":-93.784187,"city":"Shreveport","state":"LA","address":"3077 North Market St.","name":""},
  {"lat":39.769054,"lon":-86.11147,"city":"Indianapolis","state":"IN","address":"3102 E. Washington Street","name":""},
  {"lat":30.010749,"lon":-90.266228,"city":"Kenner","state":"LA","address":"3102 Loyola Drive","name":""},
  {"lat":32.282318,"lon":-90.116785,"city":"Pearl","state":"MS","address":"3105 Highway 80 E","name":""},
  {"lat":31.251451,"lon":-85.427852,"city":"Dothan","state":"AL","address":"3107 Montgomery Highway","name":""},
  {"lat":42.7013,"lon":-84.567894,"city":"Lansing","state":"MI","address":"3110 S Martin Luther King Jr. Blvd","name":""},
  {"lat":30.684929,"lon":-88.226573,"city":"Mobile","state":"AL","address":"312 Schillinger Rd S.","name":""},
  {"lat":30.412014,"lon":-88.782041,"city":"Ocean Springs","state":"MS","address":"3154 Bienville Blvd.","name":""},
  {"lat":33.654284,"lon":-84.493452,"city":"East Point","state":"GA","address":"3169 Camp Creek Pkwy","name":""},
  {"lat":39.471833,"lon":-87.370908,"city":"Terre Haute","state":"IN","address":"3175 East Wabash Avenue","name":""},
  {"lat":32.327214,"lon":-90.194696,"city":"Jackson","state":"MS","address":"318 Woodrow Wilson","name":""},
  {"lat":40.032626,"lon":-82.964272,"city":"Columbus","state":"OH","address":"3187 Cleveland Avenue","name":""},
  {"lat":33.602963,"lon":-83.852468,"city":"Covington","state":"GA","address":"3182 US Hwy 278","name":""},
  {"lat":41.075821,"lon":-85.142861,"city":"Fort Wayne","state":"IN","address":"320 W Jefferson Blvd.","name":""},
  {"lat":30.690007,"lon":-88.120184,"city":"Mobile","state":"AL","address":"3206 Dauphin Street","name":""},
  {"lat":38.955631,"lon":-84.627088,"city":"Florence","state":"KY","address":"321 Mt. Zion Road","name":""},
  {"lat":39.972285,"lon":-82.914136,"city":"Columbus","state":"OH","address":"3260 E. Broad Street","name":""},
  {"lat":38.208305,"lon":-85.669432,"city":"Louisville","state":"KY","address":"3290 Bardstown Road","name":""},
  {"lat":29.651827,"lon":-82.37189,"city":"Gainesville","state":"FL","address":"3325 W. University Avenue","name":""},
  {"lat":39.911296,"lon":-86.218071,"city":"Indianapolis","state":"IN","address":"3325 West 86th Street","name":""},
  {"lat":41.642873,"lon":-81.446018,"city":"Eastlake","state":"OH","address":"34001 Vine St.","name":""},
  {"lat":32.820986,"lon":-83.689807,"city":"Macon","state":"GA","address":"3409 Mercer University Drive","name":""},
  {"lat":30.379953,"lon":-88.524807,"city":"Pascagoula","state":"MS","address":"3413 Denny Avenue","name":""},
  {"lat":28.093992,"lon":-82.50159,"city":"Tampa","state":"FL","address":"15515 N Dale Mabry Highway","name":""},
  {"lat":33.468039,"lon":-82.078713,"city":"Augusta","state":"GA","address":"3429 Wrightsboro Road","name":""},
  {"lat":33.451155,"lon":-111.838644,"city":"Mesa","state":"AZ","address":"343 West McKellips Road","name":""},
  {"lat":43.074611,"lon":-87.956933,"city":"Milwaukee","state":"WI","address":"3431 W. Fond du Lac Avenue","name":""},
  {"lat":31.278355,"lon":-92.44737,"city":"Alexandria","state":"LA","address":"3434 Lee Street","name":""},
  {"lat":38.197154,"lon":-85.782476,"city":"Louisville","state":"KY","address":"3455 Taylor Blvd.","name":""},
  {"lat":33.874351,"lon":-118.151613,"city":"Long Beach","state":"CA","address":"3490 East Artesia","name":""},
  {"lat":39.993287,"lon":-75.098518,"city":"Philadelphia","state":"PA","address":"3500 Aramingo Ave.","name":""},
  {"lat":42.974943,"lon":-83.673192,"city":"Burton","state":"MI","address":"3514 S. Saginaw st","name":""},
  {"lat":33.75376,"lon":-84.268712,"city":"Decatur","state":"GA","address":"3519 Memorial Dr","name":""},
  {"lat":28.67345,"lon":-81.503655,"city":"Apopka","state":"FL","address":"355 E. Main Street","name":""},
  {"lat":38.626111,"lon":-90.23594,"city":"St. Louis","state":"MO","address":"3553 Chouteau Ave","name":""},
  {"lat":28.249093,"lon":-81.309212,"city":"St. Cloud","state":"FL","address":"3554 13th St","name":""},
  {"lat":33.386057,"lon":-82.066148,"city":"Hephzibah","state":"GA","address":"3554 Windsor Springs Road","name":""},
  {"lat":33.75855,"lon":-84.504703,"city":"Atlanta","state":"GA","address":"3566 Martin Luther King Jr Dr SW","name":""},
  {"lat":26.808165,"lon":-80.091356,"city":"Palm Beach Gardens","state":"FL","address":"3568 Northlake Blvd.","name":""},
  {"lat":43.459722,"lon":-83.975083,"city":"Saginaw","state":"MI","address":"3588 Bay Road","name":""},
  {"lat":40.756199,"lon":-74.21648,"city":"East Orange","state":"NJ","address":"360 Central Avenue","name":""},
  {"lat":38.660435,"lon":-90.217661,"city":"St. Louis","state":"MO","address":"3605 N. Grand","name":""},
  {"lat":28.125218,"lon":-81.640242,"city":"Haines City","state":"FL","address":"36114 HWY 27","name":""},
  {"lat":34.009868,"lon":-118.337178,"city":"Los Angeles","state":"CA","address":"3650 MLK Blvd.","name":""},
  {"lat":38.389414,"lon":-86.941013,"city":"Jasper","state":"IN","address":"368 US Hwy 231 S","name":""},
  {"lat":33.862118,"lon":-84.596927,"city":"Marietta","state":"GA","address":"3745 Austell Road","name":""},
  {"lat":28.504173,"lon":-81.397268,"city":"Orlando","state":"FL","address":"3800 S. Orange Blossom Trail","name":""},
  {"lat":39.825384,"lon":-86.14474,"city":"Indianapolis","state":"IN","address":"3801 N. College","name":""},
  {"lat":39.760069,"lon":-86.225517,"city":"Indianapolis","state":"IN","address":"3807 W. Washington St.","name":""},
  {"lat":27.592299,"lon":-81.515145,"city":"Avon Park","state":"FL","address":"382 US-27","name":""},
  {"lat":40.862115,"lon":-73.891996,"city":"The Bronx","state":"NY","address":"379 East Fordham Rd","name":""},
  {"lat":27.713055,"lon":-82.373128,"city":"Ruskin","state":"FL","address":"3854 Sun City Center","name":""},
  {"lat":38.29217,"lon":-77.525278,"city":"Fredericksburg","state":"VA","address":"3901 Plank Road","name":""},
  {"lat":41.097294,"lon":-85.089964,"city":"Fort Wayne","state":"IN","address":"3906 E. State Blvd","name":""},
  {"lat":39.800206,"lon":-84.252826,"city":"Dayton","state":"OH","address":"3955 Salem Avenue","name":""},
  {"lat":43.623428,"lon":-83.89459,"city":"Bay City","state":"MI","address":"3990 East Wilder Road","name":""},
  {"lat":38.775353,"lon":-85.393745,"city":"Madison","state":"IN","address":"400 Clifty Drive","name":""},
  {"lat":40.190725,"lon":-85.381406,"city":"Muncie","state":"IN","address":"400 South Madison","name":""},
  {"lat":34.735596,"lon":-86.627888,"city":"Huntsville","state":"AL","address":"4000 University Drive","name":""},
  {"lat":38.292683,"lon":-85.80765,"city":"New Albany","state":"IN","address":"401 Vincennes Street","name":""},
  {"lat":36.808791,"lon":-119.863095,"city":"Fresno","state":"CA","address":"4020 W Shaw Ave","name":""},
  {"lat":34.233505,"lon":-92.043188,"city":"Pine Bluff","state":"AR","address":"403 North Blake Street","name":""},
  {"lat":42.446974,"lon":-83.064143,"city":"Detroit","state":"MI","address":"4030 East 8 Mile Road","name":""},
  {"lat":38.502537,"lon":-82.677617,"city":"Ashland","state":"KY","address":"405 Russell Road","name":""},
  {"lat":33.737634,"lon":-84.25154,"city":"Decatur","state":"GA","address":"4063 Glenwood Ave.","name":""},
  {"lat":37.129338,"lon":-76.53566,"city":"Newport News","state":"VA","address":"410 Denbigh Blvd","name":""},
  {"lat":38.060599,"lon":-84.501133,"city":"Lexington","state":"KY","address":"410 Georgetown Road","name":""},
  {"lat":38.434309,"lon":-81.835857,"city":"Nitro","state":"WV","address":"4110 1st Avenue","name":""},
  {"lat":33.893566,"lon":-84.759346,"city":"Hiram","state":"GA","address":"4113 Jimmy Lee Smith Parkway","name":""},
  {"lat":39.114131,"lon":-84.582089,"city":"Cincinnati","state":"OH","address":"4115 Glenway Avenue #1, #1","name":""},
  {"lat":40.595323,"lon":-83.128938,"city":"Marion","state":"OH","address":"412 N. Main Street","name":""},
  {"lat":36.129651,"lon":-115.084044,"city":"Las Vegas","state":"NV","address":"4175 E Desert Inn Rd","name":""},
  {"lat":43.432194,"lon":-83.936005,"city":"Saginaw","state":"MI","address":"420 E Genesee Ave","name":""},
  {"lat":33.742842,"lon":-84.348879,"city":"Atlanta","state":"GA","address":"420 Moreland Ave SE","name":""},
  {"lat":35.092037,"lon":-92.43194,"city":"Conway","state":"AR","address":"420 Oak Street","name":""},
  {"lat":33.847466,"lon":-84.24424,"city":"Tucker","state":"GA","address":"4270 La Vista Road","name":""},
  {"lat":32.853697,"lon":-80.010782,"city":"North Charleston","state":"SC","address":"4299 Dorchester Rd.","name":""},
  {"lat":39.761735,"lon":-75.520345,"city":"Wilmington","state":"DE","address":"4301 N. Market St.","name":""},
  {"lat":28.66231,"lon":-81.398672,"city":"Altamonte Springs","state":"FL","address":"431 State Road 436 W.","name":""},
  {"lat":38.829233,"lon":-76.943082,"city":"Marlow Heights","state":"MD","address":"4335 St. Barnabas Road","name":""},
  {"lat":35.124681,"lon":-90.047517,"city":"Memphis","state":"TN","address":"434 E Eh Crump Blvd","name":""},
  {"lat":34.995308,"lon":-85.236711,"city":"East Ridge","state":"TN","address":"4348 Ringgold Road","name":""},
  {"lat":42.653088,"lon":-83.372286,"city":"Waterford","state":"MI","address":"4349 Highland Rd","name":""},
  {"lat":39.767157,"lon":-84.210105,"city":"Dayton","state":"OH","address":"438 Salem Avenue","name":""},
  {"lat":41.709106,"lon":-88.069162,"city":"Bolingbrook","state":"IL","address":"439 N. Bolingbrook Rd","name":""},
  {"lat":28.521576,"lon":-81.330782,"city":"Orlando","state":"FL","address":"4400 Curry-Ford Road","name":""},
  {"lat":38.198906,"lon":-85.837475,"city":"Louisville","state":"KY","address":"4401 Cane Run Road","name":""},
  {"lat":30.156733,"lon":-92.049371,"city":"Lafayette","state":"LA","address":"4414 Ambassador Caffery","name":""},
  {"lat":43.001744,"lon":-83.769799,"city":"Flint","state":"MI","address":"4455 Corunna Road","name":""},
  {"lat":43.177948,"lon":-83.773175,"city":"Clio","state":"MI","address":"4514 W Vienna Road","name":""},
  {"lat":38.541252,"lon":-90.023767,"city":"Belleville","state":"IL","address":"4527 W. Main","name":""},
  {"lat":34.788652,"lon":-92.213878,"city":"North Little Rock","state":"AR","address":"4550 E. McCain Blvd.","name":""},
  {"lat":38.293946,"lon":-76.500762,"city":"California","state":"MD","address":"45500 Miramar Way","name":""},
  {"lat":42.913368,"lon":-85.654282,"city":"Grand Rapids","state":"MI","address":"461 28th Street","name":""},
  {"lat":40.709978,"lon":-73.615862,"city":"Hempstead","state":"NY","address":"461 Fulton Avenue","name":""},
  {"lat":37.991607,"lon":-87.493714,"city":"Evansville","state":"IN","address":"4720 E Morgan Ave.","name":""},
  {"lat":37.344613,"lon":-85.369392,"city":"Campbellsville","state":"KY","address":"475 Campbellsville Bypass","name":""},
  {"lat":28.81808,"lon":-81.723608,"city":"Tavares","state":"FL","address":"480 E. Burleigh Blvd.","name":""},
  {"lat":41.122116,"lon":-85.135129,"city":"Fort Wayne","state":"IN","address":"4810 Coldwater Road","name":""},
  {"lat":39.166649,"lon":-84.512994,"city":"Cincinnati","state":"OH","address":"4810 Spring Grove Avenue","name":""},
  {"lat":36.735546,"lon":-119.734958,"city":"Fresno","state":"CA","address":"4818 E. Cesar Chavez Blvd.","name":""},
  {"lat":38.818639,"lon":-76.890908,"city":"Camp Springs","state":"MD","address":"4827 Allentown Road","name":""},
  {"lat":28.030582,"lon":-80.62227,"city":"Palm Bay","state":"FL","address":"4840 Babcock St NE","name":""},
  {"lat":38.939768,"lon":-76.933733,"city":"Bladensburg","state":"MD","address":"4850 Annapolis Road","name":""},
  {"lat":42.274716,"lon":-83.271156,"city":"Dearborn Heights","state":"MI","address":"4850 S. Telegraph Road","name":""},
  {"lat":36.100762,"lon":-115.225583,"city":"Las Vegas","state":"NV","address":"4855 South Jones Blvd.","name":""},
  {"lat":30.08537,"lon":-94.12928,"city":"Beaumont","state":"TX","address":"490 N. 11th Street","name":""},
  {"lat":39.692512,"lon":-86.271045,"city":"Indianapolis","state":"IN","address":"4905 Kentucky Ave","name":""},
  {"lat":27.894448,"lon":-82.700822,"city":"Clearwater","state":"FL","address":"4909 Ulmerton Rd","name":""},
  {"lat":33.619766,"lon":-84.351023,"city":"Forest Park","state":"GA","address":"4948 Jonesboro Rd","name":""},
  {"lat":38.675901,"lon":-90.250003,"city":"St. Louis","state":"MO","address":"4949 Natural Bridge","name":""},
  {"lat":27.961334,"lon":-82.40219,"city":"Tampa","state":"FL","address":"4959 E. Broadway","name":""},
  {"lat":34.762337,"lon":-84.933504,"city":"Dalton","state":"GA","address":"502 Liberty Square Drive","name":""},
  {"lat":42.743974,"lon":-84.546088,"city":"Lansing","state":"MI","address":"505 E. Oakland","name":""},
  {"lat":38.805256,"lon":-90.699719,"city":"O'Fallon","state":"MO","address":"506 South Main","name":""},
  {"lat":37.736906,"lon":-84.309747,"city":"Richmond","state":"KY","address":"509 Eastern ByPass","name":""},
  {"lat":28.836302,"lon":-82.336285,"city":"Inverness","state":"FL","address":"510 W. Main","name":""},
  {"lat":37.473239,"lon":-86.294263,"city":"Leitchfield","state":"KY","address":"511 S. Main Street","name":""},
  {"lat":27.462901,"lon":-82.613472,"city":"Bradenton","state":"FL","address":"5140 Cortez Road W","name":""},
  {"lat":43.414625,"lon":-83.96861,"city":"Saginaw","state":"MI","address":"515 S. Michigan","name":""},
  {"lat":33.61414,"lon":-84.472977,"city":"College Park","state":"GA","address":"5175 Old National Hwy","name":""},
  {"lat":28.365315,"lon":-80.699894,"city":"Merritt Island","state":"FL","address":"520 N. Courtenay Pkwy.","name":""},
  {"lat":33.198324,"lon":-87.542835,"city":"Tuscaloosa","state":"AL","address":"521 15th Street","name":""},
  {"lat":30.198577,"lon":-93.21436,"city":"Lake Charles","state":"LA","address":"521 E. Prien Lake Road","name":""},
  {"lat":27.449115,"lon":-82.547106,"city":"Bradenton","state":"FL","address":"5220 15th Street E.","name":""},
  {"lat":39.161072,"lon":-84.404608,"city":"Cincinnati","state":"OH","address":"5225 Madison Rd.","name":""},
  {"lat":34.242249,"lon":-77.875081,"city":"Wilmington","state":"NC","address":"5226 Sigmon Road","name":""},
  {"lat":37.702009,"lon":-85.868358,"city":"Elizabethtown","state":"KY","address":"525 W. Dixie Avenue","name":""},
  {"lat":33.901396,"lon":-84.205544,"city":"Norcross","state":"GA","address":"5260 Jimmy Carter Blvd.","name":""},
  {"lat":40.815659,"lon":-73.91776,"city":"New York City","state":"NY","address":"530 Willis Ave","name":""},
  {"lat":33.608629,"lon":-84.436488,"city":"College Park","state":"GA","address":"5391 Riverdale Blvd.","name":""},
  {"lat":34.741334,"lon":-92.333656,"city":"Little Rock","state":"AR","address":"5400 West 12th Street","name":""},
  {"lat":41.794974,"lon":-87.630287,"city":"Chicago","state":"IL","address":"5451 S. Wentworth Avenue","name":""},
  {"lat":29.060101,"lon":-82.058012,"city":"Belleview","state":"FL","address":"5497 SE Abshier Blvd","name":""},
  {"lat":39.159546,"lon":-86.534115,"city":"Bloomington","state":"IN","address":"550 South Walnut Street","name":""},
  {"lat":28.483069,"lon":-81.309532,"city":"Orlando","state":"FL","address":"5503-A S. Semoran Blvd.","name":""},
  {"lat":38.144575,"lon":-85.775403,"city":"Louisville","state":"KY","address":"5506 New Cut Road","name":""},
  {"lat":34.475082,"lon":-84.926414,"city":"Calhoun","state":"GA","address":"560 Highway 53 E","name":""},
  {"lat":41.033692,"lon":-85.112254,"city":"Fort Wayne","state":"IN","address":"5607 Anthony Blvd.","name":""},
  {"lat":41.490192,"lon":-90.4406,"city":"East Moline","state":"IL","address":"565 42nd Avenue","name":""},
  {"lat":39.287319,"lon":-76.732446,"city":"Catonsville","state":"MD","address":"5705 Baltimore National Pike","name":""},
  {"lat":39.392419,"lon":-77.408743,"city":"Frederick","state":"MD","address":"5731 Buckeystown Pike","name":""},
  {"lat":42.295047,"lon":-85.575247,"city":"Kalamazoo","state":"MI","address":"575 E. Michigan Ave.","name":""},
  {"lat":29.208377,"lon":-81.028101,"city":"Daytona Beach","state":"FL","address":"575 W. International Speedway Blvd.","name":""},
  {"lat":32.456983,"lon":-93.796992,"city":"Shreveport","state":"LA","address":"5755 Jewella Ave","name":""},
  {"lat":28.332368,"lon":-81.516187,"city":"Kissimmee","state":"FL","address":"5780 Irlo Bronson Highway","name":""},
  {"lat":39.672894,"lon":-84.221418,"city":"Dayton","state":"OH","address":"5800 Springboro Pike","name":""},
  {"lat":33.908937,"lon":-84.266435,"city":"Doraville","state":"GA","address":"5801 Buford Highway","name":""},
  {"lat":40.087448,"lon":-82.975653,"city":"Columbus","state":"OH","address":"5895 Karl Road","name":""},
  {"lat":26.166327,"lon":-80.138644,"city":"Oakland Park","state":"FL","address":"590 E. Oakland Park Blvd.","name":""},
  {"lat":34.668758,"lon":-92.344141,"city":"Little Rock","state":"AR","address":"5921 Base Line","name":""},
  {"lat":30.27711,"lon":-81.604428,"city":"Jacksonville","state":"FL","address":"5927 University Blvd.","name":""},
  {"lat":34.874022,"lon":-84.3093,"city":"Blue Ridge","state":"GA","address":"6 Windy Ridge Circle","name":""},
  {"lat":40.707694,"lon":-73.702875,"city":"Elmont","state":"NY","address":"600 Hempstead Turnpike","name":""},
  {"lat":33.802507,"lon":-84.194148,"city":"Stone Mountain","state":"GA","address":"6000 Memorial Drive","name":""},
  {"lat":35.073024,"lon":-89.863579,"city":"Memphis","state":"TN","address":"6000 Mount Moriah Road","name":""},
  {"lat":33.026599,"lon":-80.169761,"city":"Summerville","state":"SC","address":"601 N. Main St.","name":""},
  {"lat":40.565635,"lon":-85.675553,"city":"Marion","state":"IN","address":"602 Baldwin Avenue","name":""},
  {"lat":41.060398,"lon":-85.217701,"city":"Fort Wayne","state":"IN","address":"6022 W. Jefferson","name":""},
  {"lat":27.983599,"lon":-82.273007,"city":"Seffner","state":"FL","address":"603 Martin Luther King Blvd.","name":""},
  {"lat":33.75151,"lon":-84.730454,"city":"Douglasville","state":"GA","address":"6033 Fairburn Rd","name":""},
  {"lat":28.003728,"lon":-81.718022,"city":"Winter Haven","state":"FL","address":"604 Cypress Gardens Blvd","name":""},
  {"lat":38.804879,"lon":-76.979945,"city":"Oxon Hill","state":"MD","address":"6041 Oxon Hill Road","name":""},
  {"lat":37.786026,"lon":-90.420182,"city":"Farmington","state":"MO","address":"605 N Washington","name":""},
  {"lat":38.997254,"lon":-76.910242,"city":"Berwyn Heights","state":"MD","address":"6051 Greenbelt Road","name":""},
  {"lat":41.344501,"lon":-83.104025,"city":"Fremont","state":"OH","address":"609 E. State","name":""},
  {"lat":38.418894,"lon":-82.448464,"city":"Huntington","state":"WV","address":"604 5th Avenue","name":""},
  {"lat":39.95445,"lon":-82.833227,"city":"Columbus","state":"OH","address":"6101 East Main Street","name":""},
  {"lat":41.120847,"lon":-85.062769,"city":"Fort Wayne","state":"IN","address":"6139 Stellhorn Road","name":""},
  {"lat":39.336748,"lon":-76.480536,"city":"Baltimore","state":"MD","address":"6210 Rossville Blvd.","name":""},
  {"lat":35.129288,"lon":-90.021494,"city":"Memphis","state":"TN","address":"631 S. Bellevue","name":""},
  {"lat":33.581534,"lon":-84.377157,"city":"Jonesboro","state":"GA","address":"6339 Tara Blvd.","name":""},
  {"lat":33.866959,"lon":-84.187599,"city":"Tucker","state":"GA","address":"6344 Lawrenceville Hwy","name":""},
  {"lat":40.750721,"lon":-73.574235,"city":"Westbury","state":"NY","address":"635 Old Country Road","name":""},
  {"lat":28.552548,"lon":-81.469075,"city":"Orlando","state":"FL","address":"6371 W. Colonial Drive","name":""},
  {"lat":42.572593,"lon":-84.822407,"city":"Charlotte","state":"MI","address":"640 Lansing Road","name":""},
  {"lat":36.988985,"lon":-86.428669,"city":"Bowling Green","state":"KY","address":"640 US 31 W Bypass","name":""},
  {"lat":38.852531,"lon":-76.896033,"city":"District Heights","state":"MD","address":"6401 Marlboro Pike","name":""},
  {"lat":30.679204,"lon":-88.191546,"city":"Mobile","state":"AL","address":"6404 Airport Blvd.","name":""},
  {"lat":34.761338,"lon":-77.415378,"city":"Jacksonville","state":"NC","address":"643 N. Marine Blvd.","name":""},
  {"lat":38.818617,"lon":-77.644842,"city":"Haymarket","state":"VA","address":"6530 Trading Square, Located inside Walmart","name":""},
  {"lat":33.572961,"lon":-84.412096,"city":"Riverdale","state":"GA","address":"6660 Highway 85","name":""},
  {"lat":39.357556,"lon":-76.705047,"city":"Baltimore","state":"MD","address":"6660 Reisterstown Road","name":""},
  {"lat":41.772227,"lon":-87.644325,"city":"Chicago","state":"IL","address":"6705 Halsted St","name":""},
  {"lat":38.715793,"lon":-90.259257,"city":"Jennings","state":"MO","address":"6710 West Florissant","name":""},
  {"lat":41.590771,"lon":-87.480588,"city":"Hammond","state":"IN","address":"6735 Indianapolis Blvd.","name":""},
  {"lat":28.12957,"lon":-81.972221,"city":"Lakeland","state":"FL","address":"6785 US Hwy 98 N","name":""},
  {"lat":39.215666,"lon":-76.643687,"city":"Linthicum","state":"MD","address":"6899 Baltimore-Annapolis Blvd.","name":""},
  {"lat":28.449501,"lon":-81.471718,"city":"Orlando","state":"FL","address":"6908 Sand Lake Road","name":""},
  {"lat":40.823939,"lon":-73.945129,"city":"New York City","state":"NY","address":"695 Saint Nicholas Ave","name":""},
  {"lat":33.55392,"lon":-84.260955,"city":"Stockbridge","state":"GA","address":"70 Hwy 138","name":""},
  {"lat":39.93864,"lon":-83.111997,"city":"Columbus","state":"OH","address":"700 Georgesville Road","name":""},
  {"lat":39.720219,"lon":-75.115172,"city":"Glassboro","state":"NJ","address":"701 North Delsea Drive","name":""},
  {"lat":34.024364,"lon":-85.250727,"city":"Cedartown","state":"GA","address":"703 North Main Street","name":""},
  {"lat":35.58649,"lon":-77.370474,"city":"Greenville","state":"NC","address":"703 S.E. Greenville Blvd., Suite #23, Suite #23","name":""},
  {"lat":40.059548,"lon":-75.163385,"city":"Philadelphia","state":"PA","address":"7115 Stenton Avenue","name":""},
  {"lat":34.742367,"lon":-92.276731,"city":"Little Rock","state":"AR","address":"712 Broadway","name":""},
  {"lat":33.974365,"lon":-118.265638,"city":"Los Angeles","state":"CA","address":"7207 S. Avalon","name":""},
  {"lat":33.427012,"lon":-84.143671,"city":"McDonough","state":"GA","address":"729 Highway 42 South","name":""},
  {"lat":39.778848,"lon":-86.290068,"city":"Indianapolis","state":"IN","address":"7311 West 10th Street","name":""},
  {"lat":38.926228,"lon":-76.88752,"city":"Landover","state":"MD","address":"7415 Landover Road","name":""},
  {"lat":28.21764,"lon":-82.692031,"city":"New Port Richey","state":"FL","address":"7415 State Road 54","name":""},
  {"lat":30.313194,"lon":-81.578734,"city":"Jacksonville","state":"FL","address":"7504 Atlantic Blvd.","name":""},
  {"lat":38.671236,"lon":-76.876975,"city":"Brandywine","state":"MD","address":"7511 Clymer Dr","name":""},
  {"lat":43.089558,"lon":-88.006659,"city":"Milwaukee","state":"WI","address":"7525 W Capitol Dr","name":""},
  {"lat":38.355137,"lon":-75.60088,"city":"Salisbury","state":"MD","address":"754 S Salisbury Blvd","name":""},
  {"lat":38.792296,"lon":-77.515293,"city":"Manassas","state":"VA","address":"7550 Broken Branch Lane","name":""},
  {"lat":38.31301,"lon":-85.76297,"city":"Clarksville","state":"IN","address":"756 E Lewis","name":""},
  {"lat":28.567879,"lon":-81.284439,"city":"Orlando","state":"FL","address":"7604 E. Colonial Drive","name":""},
  {"lat":40.876719,"lon":-73.863173,"city":"The Bronx","state":"NY","address":"771 E. Gunn Hill Rd.","name":""},
  {"lat":42.654126,"lon":-83.278945,"city":"Pontiac","state":"MI","address":"780 N Perry St","name":""},
  {"lat":30.391378,"lon":-81.67916,"city":"Jacksonville","state":"FL","address":"7809 Lem Turner Rd","name":""},
  {"lat":38.989698,"lon":-84.637455,"city":"Florence","state":"KY","address":"7843 US Route 42","name":""},
  {"lat":40.807765,"lon":-73.944965,"city":"New York City","state":"NY","address":"79 W. 125th St.","name":""},
  {"lat":37.326908,"lon":-87.48239,"city":"Madisonville","state":"KY","address":"790 East Center Street","name":""},
  {"lat":39.296053,"lon":-76.506434,"city":"Baltimore","state":"MD","address":"7925 Eastern Avenue","name":""},
  {"lat":40.658357,"lon":-73.889831,"city":"Brooklyn","state":"NY","address":"797 Pennsylvania Ave","name":""},
  {"lat":30.688437,"lon":-88.054351,"city":"Mobile","state":"AL","address":"8 N. Broad","name":""},
  {"lat":39.175964,"lon":-84.282759,"city":"Milford","state":"OH","address":"801 Lila Avenue","name":""},
  {"lat":30.435201,"lon":-84.302185,"city":"Tallahassee","state":"FL","address":"802 Lake Bradford Rd","name":""},
  {"lat":41.933187,"lon":-83.409015,"city":"Monroe","state":"MI","address":"808 N Telegraph Road","name":""},
  {"lat":40.721118,"lon":-74.082463,"city":"Jersey City","state":"NJ","address":"823 Communipaw Avenue","name":""},
  {"lat":38.783211,"lon":-90.492585,"city":"St. Charles","state":"MO","address":"826 1st Capital Drive","name":""},
  {"lat":39.186313,"lon":-78.147056,"city":"Winchester","state":"VA","address":"826 Berryville Ave","name":""},
  {"lat":40.714484,"lon":-73.807307,"city":"Jamaica","state":"NY","address":"8345 Parsons Blvd.","name":""},
  {"lat":27.390588,"lon":-82.505544,"city":"Sarasota","state":"FL","address":"8357 N. Lockwood Ridge Rd.","name":""},
  {"lat":39.628932,"lon":-86.121578,"city":"Greenwood","state":"IN","address":"839 US 31 North","name":""},
  {"lat":33.960547,"lon":-118.326259,"city":"Inglewood","state":"CA","address":"8500 Crenshaw","name":""},
  {"lat":28.546438,"lon":-82.400834,"city":"Brooksville","state":"FL","address":"852 S. Broad Street","name":""},
  {"lat":39.361361,"lon":-76.7779,"city":"Randallstown","state":"MD","address":"8538 Liberty Road","name":""},
  {"lat":43.023825,"lon":-83.693177,"city":"Flint","state":"MI","address":"855 E. Fifth Avenue","name":""},
  {"lat":33.464325,"lon":-86.913405,"city":"Midfield","state":"AL","address":"86 Weibel Drive","name":""},
  {"lat":38.128316,"lon":-85.680799,"city":"Louisville","state":"KY","address":"8601 Preston Highway","name":""},
  {"lat":28.282112,"lon":-82.71582,"city":"Port Richey","state":"FL","address":"8602 US Highway 19","name":""},
  {"lat":32.714463,"lon":-117.011911,"city":"Spring Valley","state":"CA","address":"8667 Jamacha Road","name":""},
  {"lat":42.35606,"lon":-83.275025,"city":"Dearborn Heights","state":"MI","address":"8675 N. Telegraph","name":""},
  {"lat":43.039075,"lon":-83.321976,"city":"Lapeer","state":"MI","address":"880 S. Main Street","name":""},
  {"lat":28.029308,"lon":-82.393781,"city":"Temple Terrace","state":"FL","address":"8800 N 56th Street","name":""},
  {"lat":38.769622,"lon":-76.883114,"city":"Clinton","state":"MD","address":"8815 Woodyard Road","name":""},
  {"lat":34.790776,"lon":-84.996869,"city":"Dalton","state":"GA","address":"883 Shugart Road","name":""},
  {"lat":42.390944,"lon":-83.05428,"city":"Hamtramck","state":"MI","address":"8917 Joseph Campau","name":""},
  {"lat":29.186508,"lon":-81.030898,"city":"Daytona Beach","state":"FL","address":"898 Nova Road","name":""},
  {"lat":34.25697,"lon":-85.164291,"city":"Rome","state":"GA","address":"900 N. Broad Street","name":""},
  {"lat":38.89058,"lon":-76.85031,"city":"Capitol Heights","state":"MD","address":"9005 Central Avenue","name":""},
  {"lat":34.197125,"lon":-84.791483,"city":"Cartersville","state":"GA","address":"901 Joe Frank Harris Pkwy.","name":""},
  {"lat":40.617077,"lon":-74.251455,"city":"Linden","state":"NJ","address":"901 W. Edgar Road","name":""},
  {"lat":28.330717,"lon":-82.665322,"city":"Hudson","state":"FL","address":"9014 State Road 52","name":""},
  {"lat":32.843862,"lon":-83.630349,"city":"Macon","state":"GA","address":"91 Spring Street","name":""},
  {"lat":29.652314,"lon":-82.33405,"city":"Gainesville","state":"FL","address":"912 W. University Avenue","name":""},
  {"lat":35.184821,"lon":-84.874422,"city":"Cleveland","state":"TN","address":"920 25th Street NW","name":""},
  {"lat":42.238063,"lon":-83.327153,"city":"Romulus","state":"MI","address":"9247 Middlebelt Road","name":""},
  {"lat":30.429493,"lon":-81.660682,"city":"Jacksonville","state":"FL","address":"930 Dunn Avenue","name":""},
  {"lat":28.039342,"lon":-81.737238,"city":"Winter Haven","state":"FL","address":"940 Havendale Blvd.","name":""},
  {"lat":39.277344,"lon":-76.836663,"city":"Ellicott City","state":"MD","address":"9447 Baltimore National Pike","name":""},
  {"lat":40.074118,"lon":-82.428239,"city":"Newark","state":"OH","address":"946 North 21st. Street","name":""},
  {"lat":38.729225,"lon":-90.343968,"city":"St. Louis","state":"MO","address":"9651 Natural Bridge Road","name":""},
  {"lat":28.054628,"lon":-81.945689,"city":"Lakeland","state":"FL","address":"991 E. Memorial Blvd.","name":""},
  {"lat":36.297748,"lon":-86.69904,"city":"Goodlettsville","state":"TN","address":"930 Rivergate Parkway","name":""},
  {"lat":40.073793,"lon":-75.033724,"city":"Philadelphia","state":"PA","address":"9173 Roosevelt Boulevard","name":""},
  {"lat":35.85526,"lon":-86.403567,"city":"Murfreesboro","state":"TN","address":"829 N.W. Broad Street","name":""},
  {"lat":42.740734,"lon":-84.616648,"city":"Lansing","state":"MI","address":"4721 W. Saginaw Hwy.","name":""},
  {"lat":43.018977,"lon":-78.822743,"city":"Tonawanda","state":"NY","address":"2374 Niagara Falls Blvd.","name":""},
  {"lat":32.422354,"lon":-84.947977,"city":"Columbus","state":"GA","address":"3474 Victory Drive","name":""},
  {"lat":41.573413,"lon":-87.558222,"city":"Lansing","state":"IL","address":"17701 S. Torrence Ave.","name":""},
  {"lat":28.490826,"lon":-82.598707,"city":"Spring Hill","state":"FL","address":"4232 Commercial Way","name":""},
  {"lat":32.472408,"lon":-84.955414,"city":"Columbus","state":"GA","address":"2453 Wynnton Road","name":""},
  {"lat":30.459822,"lon":-84.225007,"city":"Tallahassee","state":"FL","address":"3111 Mahan Dr.","name":""},
  {"lat":40.724424,"lon":-73.546082,"city":"East Meadow","state":"NY","address":"2430 Hempsted Turnpike","name":""},
  {"lat":39.690995,"lon":-75.581496,"city":"New Castle","state":"DE","address":"1503 N. Dupont Hwy.","name":""},
  {"lat":28.068181,"lon":-82.428182,"city":"Tampa","state":"FL","address":"2701 E. Fletcher Ave., Located inside Walmart","name":""},
  {"lat":29.779261,"lon":-95.80127,"city":"Katy","state":"TX","address":"600 Katy Fort Bend Rd.","name":""},
  {"lat":32.69638,"lon":-117.129245,"city":"San Diego","state":"CA","address":"931 S. 30th Street","name":""},
  {"lat":29.829007,"lon":-94.803543,"city":"Baytown","state":"TX","address":"16160 Interstate 10 E","name":""},
  {"lat":36.893609,"lon":-76.142019,"city":"Virginia Beach","state":"VA","address":"1641 Independence Blvd.","name":""},
  {"lat":35.804416,"lon":-90.677739,"city":"Jonesboro","state":"AR","address":"3224 S. Caraway Rd.","name":""},
  {"lat":42.316163,"lon":-83.106645,"city":"Detroit","state":"MI","address":"6060 West Vernor Hwy","name":""},
  {"lat":25.883903,"lon":-80.347273,"city":"Hialeah Gardens","state":"FL","address":"9190 NW 122nd St.","name":""},
  {"lat":32.272003,"lon":-90.269627,"city":"Jackson","state":"MS","address":"2100 Raymond Rd","name":""},
  {"lat":42.80222,"lon":-83.733148,"city":"Fenton","state":"MI","address":"15155 Silver Pkwy","name":""},
  {"lat":30.028033,"lon":-94.599302,"city":"Devers","state":"TX","address":"210 Hwy 90","name":""},
  {"lat":36.194745,"lon":-86.832354,"city":"Nashville","state":"TN","address":"3232 Clarksville Pike","name":""},
  {"lat":39.748988,"lon":-75.571838,"city":"Wilmington","state":"DE","address":"1901 West 4th St","name":""},
  {"lat":32.805362,"lon":-117.116368,"city":"San Diego","state":"CA","address":"3382 Murphy Canyon Rd., Located inside Walmart","name":""},
  {"lat":35.978039,"lon":-83.60797,"city":"Kodak","state":"TN","address":"3423 Windfield Dunn Pkwy.","name":""},
  {"lat":29.950489,"lon":-95.079222,"city":"Crosby","state":"TX","address":"18703 FM 2100 Rd Suite A, Suite A","name":""},
  {"lat":30.54179,"lon":-91.025216,"city":"Baton Rouge","state":"LA","address":"10200 Sullivan Rd, Located inside Walmart","name":""},
  {"lat":30.168486,"lon":-93.252025,"city":"Lake Charles","state":"LA","address":"2001 Country Club Rd","name":""},
  {"lat":41.233754,"lon":-80.824237,"city":"Warren","state":"OH","address":"519 South Street","name":""},
  {"lat":25.984165,"lon":-80.183398,"city":"Pembroke Park","state":"FL","address":"4000 W. Hallandale Beach Blvd.","name":""},
  {"lat":43.033591,"lon":-83.654992,"city":"Flint","state":"MI","address":"1914 Dort Highway","name":""},
  {"lat":30.247982,"lon":-81.765307,"city":"Jacksonville","state":"FL","address":"7214 103rd St.","name":""},
  {"lat":30.292105,"lon":-91.913218,"city":"Breaux Bridge","state":"LA","address":"1928 Rees St","name":""},
  {"lat":33.913901,"lon":-84.164158,"city":"Norcross","state":"GA","address":"1220 Tech Dr.","name":""},
  {"lat":37.99491,"lon":-85.711058,"city":"Shepherdsville","state":"KY","address":"441 Adam Shepherd Pkwy.","name":""},
  {"lat":35.064761,"lon":-89.940567,"city":"Memphis","state":"TN","address":"3680 Lamar Ave.","name":""},
  {"lat":39.958324,"lon":-82.876954,"city":"Whitehall","state":"OH","address":"837 S. Hamilton Rd.","name":""},
  {"lat":42.348637,"lon":-87.876896,"city":"Waukegan","state":"IL","address":"3035 Belvidere Rd.","name":""},
  {"lat":35.661309,"lon":-88.850761,"city":"Jackson","state":"TN","address":"620 Carriage House Drive","name":""},
  {"lat":42.556469,"lon":-82.870606,"city":"Clinton Township","state":"MI","address":"35105 Harper Ave.","name":""},
  {"lat":31.711974,"lon":-96.177061,"city":"Fairfield","state":"TX","address":"500 I-45 South","name":""},
  {"lat":36.750841,"lon":-76.582761,"city":"Suffolk","state":"VA","address":"1528 North Main St.","name":""},
  {"lat":35.020849,"lon":-89.82974,"city":"Memphis","state":"TN","address":"6990 E. Shelby Dr., Located inside Walmart","name":""},
  {"lat":37.96897,"lon":-84.501821,"city":"Lexington","state":"KY","address":"4171 Tates Creek Centre Dr","name":""},
  {"lat":29.981311,"lon":-94.973908,"city":"Dayton","state":"TX","address":"9645 US Hwy 90","name":""},
  {"lat":39.937431,"lon":-75.075476,"city":"Pennsauken Township","state":"NJ","address":"6720 South Crescent Blvd.","name":""},
  {"lat":38.309172,"lon":-85.843207,"city":"New Albany","state":"IN","address":"2350 State Street","name":""},
  {"lat":29.973961,"lon":-95.419649,"city":"Houston","state":"TX","address":"121 Remington Valley Drive","name":""},
  {"lat":35.273797,"lon":-81.52435,"city":"Shelby","state":"NC","address":"938 Grove Street","name":""},
  {"lat":41.721236,"lon":-87.685856,"city":"Evergreen Park","state":"IL","address":"2500 West 95th Street, Located inside Walmart","name":""},
  {"lat":28.931168,"lon":-81.299181,"city":"Orange City","state":"FL","address":"1625 S. Volusia Ave.","name":""},
  {"lat":42.927375,"lon":-78.813373,"city":"Buffalo","state":"NY","address":"2665 Bailey Ave.","name":""},
  {"lat":42.138138,"lon":-83.226481,"city":"Woodhaven","state":"MI","address":"23392 Allen Rd","name":""},
  {"lat":41.141129,"lon":-80.665075,"city":"Youngstown","state":"OH","address":"3219 Belmont Ave","name":""},
  {"lat":25.809261,"lon":-80.225688,"city":"Miami","state":"FL","address":"1782 NW 36th St.","name":""},
  {"lat":29.996168,"lon":-95.434767,"city":"Houston","state":"TX","address":"15710 Ella Blvd.","name":""},
  {"lat":42.05816,"lon":-88.266507,"city":"Elgin","state":"IL","address":"1137 Dundee Ave","name":""},
  {"lat":34.091885,"lon":-117.960761,"city":"Baldwin Park","state":"CA","address":"4345 Maine Ave.","name":""},
  {"lat":39.322982,"lon":-76.548448,"city":"Baltimore","state":"MD","address":"5300 Moravia Rd.","name":""},
  {"lat":30.268547,"lon":-95.140432,"city":"Splendora","state":"TX","address":"12050 Highway 59","name":""},
  {"lat":34.249467,"lon":-88.717025,"city":"Tupelo","state":"MS","address":"509 South Gloster","name":""},
  {"lat":35.827461,"lon":-90.668394,"city":"Jonesboro","state":"AR","address":"1498 Red Wolf Blvd","name":""},
  {"lat":29.891585,"lon":-95.300545,"city":"Houston","state":"TX","address":"6001 Mount Houston Rd","name":""},
  {"lat":30.180275,"lon":-85.802029,"city":"Panama City","state":"FL","address":"9958 Hutchinson Blvd","name":""},
  {"lat":40.467987,"lon":-79.825423,"city":"Pittsburgh","state":"PA","address":"11749 Frankstown Rd","name":""},
  {"lat":33.780261,"lon":-84.606858,"city":"Lithia Springs","state":"GA","address":"896 Thornton Road","name":""},
  {"lat":36.916568,"lon":-76.23469,"city":"Norfolk","state":"VA","address":"1366 East Little Creek Rd","name":""},
  {"lat":39.26967,"lon":-84.436969,"city":"Cincinnati","state":"OH","address":"2319 E. Sharon Rd.","name":""},
  {"lat":28.237251,"lon":-82.183928,"city":"Zephyrhills","state":"FL","address":"5505 Gall Blvd","name":""},
  {"lat":37.37678,"lon":-89.668012,"city":"Jackson","state":"MO","address":"113 West Jackson Boulevard","name":""},
  {"lat":30.058728,"lon":-95.935348,"city":"Waller","state":"TX","address":"35515 US-290 BUS","name":""},
  {"lat":41.412378,"lon":-81.53677,"city":"Maple Heights","state":"OH","address":"5497 Warrensville Center Road","name":""},
  {"lat":36.883596,"lon":-89.581154,"city":"Sikeston","state":"MO","address":"533 North Main St.","name":""},
  {"lat":42.449431,"lon":-82.969663,"city":"Detroit","state":"MI","address":"14858 E. 8 Mile Rd","name":""},
  {"lat":30.221152,"lon":-93.326045,"city":"Sulphur","state":"LA","address":"226 Cities Service S Hwy","name":""},
  {"lat":40.643694,"lon":-88.804849,"city":"Lexington","state":"IL","address":"1740 PJ Keller Hwy","name":""},
  {"lat":28.652559,"lon":-81.347793,"city":"Fern Park","state":"FL","address":"7551 S. 17-92 Highway","name":""},
  {"lat":32.43491,"lon":-81.758125,"city":"Statesboro","state":"GA","address":"75 Northside Drive East","name":""},
  {"lat":30.450858,"lon":-91.142462,"city":"Baton Rouge","state":"LA","address":"4637 Florida Boulevard","name":""},
  {"lat":29.785553,"lon":-95.881606,"city":"Katy","state":"TX","address":"29625 Highway Boulevard","name":""},
  {"lat":40.796225,"lon":-81.428581,"city":"Canton","state":"OH","address":"4503 W Tuscarawas St","name":""},
  {"lat":31.257423,"lon":-95.986082,"city":"Centerville","state":"TX","address":"950 W. St. Mary's St.","name":""},
  {"lat":39.160331,"lon":-77.161376,"city":"Gaithersburg","state":"MD","address":"8019 Snouffer School Rd","name":""},
  {"lat":30.24767,"lon":-94.741728,"city":"Moss Hill","state":"TX","address":"35 Highway 105","name":""},
  {"lat":38.499373,"lon":-121.433702,"city":"Sacramento","state":"CA","address":"6051 Florin Rd, (Located inside Walmart)","name":""},
  {"lat":34.265869,"lon":-89.020155,"city":"Pontotoc","state":"MS","address":"327 Hwy 15 North","name":""},
  {"lat":30.585458,"lon":-95.944742,"city":"Anderson","state":"TX","address":"8457 State Hwy 90 N.","name":""},
  {"lat":29.883806,"lon":-95.19975,"city":"Houston","state":"TX","address":"11611 East Sam Houston Parkway North","name":""},
  {"lat":34.721318,"lon":-88.950589,"city":"Ripley","state":"MS","address":"825 City Avenue South","name":""},
  {"lat":40.048766,"lon":-76.722846,"city":"Manchester","state":"PA","address":"4315 N. George St.","name":""},
  {"lat":38.08328,"lon":-83.900647,"city":"Mount Sterling","state":"KY","address":"3052 Owingsville Road","name":""},
  {"lat":36.803932,"lon":-89.973317,"city":"Dexter","state":"MO","address":"1006 W Business Hwy 60","name":""},
  {"lat":30.078983,"lon":-95.990728,"city":"Hempstead","state":"TX","address":"418 University Dr","name":""},
  {"lat":42.324886,"lon":-83.349799,"city":"Garden City","state":"MI","address":"31335 Ford Road","name":""},
  {"lat":30.118586,"lon":-94.143056,"city":"Beaumont","state":"TX","address":"4215 E. Lucas Dr","name":""},
  {"lat":29.805519,"lon":-90.816797,"city":"Thibodaux","state":"LA","address":"400 North Canal Blvd","name":""},
  {"lat":39.897322,"lon":-82.881418,"city":"Groveport","state":"OH","address":"3800 South Hamilton Road","name":""},
  {"lat":33.471111,"lon":-84.336932,"city":"Jonesboro","state":"GA","address":"10457 Tara Blvd","name":""},
  {"lat":36.769545,"lon":-90.41619,"city":"Poplar Bluff","state":"MO","address":"1324 N Westwood Blvd","name":""},
  {"lat":37.319421,"lon":-89.524376,"city":"Cape Girardeau","state":"MO","address":"1134 N Sprigg St.","name":""},
  {"lat":38.731485,"lon":-90.388928,"city":"St. Ann","state":"MO","address":"10650 St Charles Rock Rd","name":""},
  {"lat":41.182335,"lon":-80.759022,"city":"Niles","state":"OH","address":"301 Robbins Avenue","name":""},
  {"lat":39.442251,"lon":-76.809247,"city":"Reisterstown","state":"MD","address":"11700 Reistertown Rd","name":""},
  {"lat":35.96857,"lon":-78.903216,"city":"Durham","state":"NC","address":"2520 Fayetteville St","name":""},
  {"lat":30.209252,"lon":-90.950929,"city":"Gonzales","state":"LA","address":"2687 S. Cabela’s Parkway","name":""},
  {"lat":33.423185,"lon":-111.735936,"city":"Mesa","state":"AZ","address":"403 N Greenfield Rd","name":""},
  {"lat":27.261897,"lon":-80.388064,"city":"Port St. Lucie","state":"FL","address":"1298 SW Gatlin Blvd","name":""},
  {"lat":33.757699,"lon":-84.38256,"city":"Atlanta","state":"GA","address":"120 Piedmont Ave NE, Suite B, Suite B","name":""},
  {"lat":34.364167,"lon":-89.557433,"city":"Oxford","state":"MS","address":"1927 Jackson Ave West","name":""},
  {"lat":29.557639,"lon":-81.214166,"city":"Palm Coast","state":"FL","address":"16 Old Kings Rd. N.","name":""},
  {"lat":25.83265,"lon":-80.200734,"city":"Miami","state":"FL","address":"227 NW 62nd St","name":""},
  {"lat":38.710273,"lon":-121.290747,"city":"Citrus Heights","state":"CA","address":"7911 Auburn Blvd.","name":""},
  {"lat":41.648237,"lon":-87.734238,"city":"Crestwood","state":"IL","address":"4700 135th St","name":""},
  {"lat":29.967608,"lon":-95.285226,"city":"Houston","state":"TX","address":"17155 Eastex Freeway Service Rd","name":""},
  {"lat":37.978987,"lon":-78.209649,"city":"Zion Crossroads","state":"VA","address":"65 Market St","name":""},
  {"lat":33.895774,"lon":-88.98799,"city":"Houston","state":"MS","address":"730 E Madison St","name":""},
  {"lat":34.929459,"lon":-88.531199,"city":"Corinth","state":"MS","address":"806 Hwy 72 (Lee Hwy)","name":""},
  {"lat":33.63962,"lon":-112.081838,"city":"Phoenix","state":"AZ","address":"617 West Bell Road","name":""},
  {"lat":33.55276,"lon":-112.101433,"city":"Phoenix","state":"AZ","address":"1935 W Northern Ave","name":""},
  {"lat":38.750123,"lon":-77.45084,"city":"Manassas","state":"VA","address":"9540 Liberia Avenue","name":""},
  {"lat":33.480138,"lon":-112.226903,"city":"Phoenix","state":"AZ","address":"7890 W Thomas Rd","name":""},
  {"lat":32.185313,"lon":-90.260936,"city":"Byram","state":"MS","address":"5804 Terry Rd","name":""},
  {"lat":30.410508,"lon":-91.052754,"city":"Baton Rouge","state":"LA","address":"11650 Coursey Blvd","name":""},
  {"lat":32.526527,"lon":-92.069785,"city":"Monroe","state":"LA","address":"4320 Desiard St","name":""},
  {"lat":31.579149,"lon":-90.459347,"city":"Brookhaven","state":"MS","address":"755 Brookway Blvd","name":""},
  {"lat":40.827202,"lon":-73.101824,"city":"Lake Ronkonkoma","state":"NY","address":"258 Portion Road","name":""},
  {"lat":35.93692,"lon":-83.906903,"city":"Knoxville","state":"TN","address":"4100 Chapman Hwy","name":""},
  {"lat":31.618864,"lon":-84.222876,"city":"Albany","state":"GA","address":"2703 Dawson Rd","name":""},
  {"lat":40.778637,"lon":-73.245772,"city":"Brentwood","state":"NY","address":"1825 Brentwood Rd.","name":""},
  {"lat":34.671824,"lon":-88.563799,"city":"Booneville","state":"MS","address":"901 N 2nd St.","name":""},
  {"lat":30.139105,"lon":-81.772901,"city":"Orange Park","state":"FL","address":"934 Blanding Blvd","name":""},
  {"lat":28.905037,"lon":-81.245372,"city":"Deltona","state":"FL","address":"1537 Saxon Blvd","name":""},
  {"lat":32.484187,"lon":-92.083911,"city":"Monroe","state":"LA","address":"2000 Martin Luther King Jr. Dr.","name":""},
  {"lat":30.491377,"lon":-91.155726,"city":"Baton Rouge","state":"LA","address":"4536 Plank Road","name":""},
  {"lat":40.408932,"lon":-79.898275,"city":"Munhall","state":"PA","address":"906 E. 8th Ave.","name":""},
  {"lat":30.445417,"lon":-90.455973,"city":"Ponchatoula","state":"LA","address":"1229 Veterans Blvd","name":""},
  {"lat":29.641018,"lon":-81.673826,"city":"Palatka","state":"FL","address":"101 Highlawn Ave","name":""},
  {"lat":36.053984,"lon":-90.505803,"city":"Paragould","state":"AR","address":"304 Linwood Drive","name":""},
  {"lat":29.781959,"lon":-95.031435,"city":"Baytown","state":"TX","address":"6199 Decker Dr.","name":""},
  {"lat":40.790825,"lon":-73.202717,"city":"Central Islip","state":"NY","address":"7 W Suffolk Ave","name":""},
  {"lat":31.210795,"lon":-81.481875,"city":"Brunswick","state":"GA","address":"5599 Altama Ave","name":""},
  {"lat":28.410645,"lon":-81.423882,"city":"Orlando","state":"FL","address":"10793 S John Young Pkwy","name":""},
  {"lat":30.214718,"lon":-85.64886,"city":"Lynn Haven","state":"FL","address":"2803 S Hwy 77","name":""},
  {"lat":39.088119,"lon":-76.858856,"city":"Laurel","state":"MD","address":"14411 Baltimore Avenue","name":""},
  {"lat":27.898872,"lon":-82.368991,"city":"Tampa","state":"FL","address":"7711 Madison Ave","name":""},
  {"lat":34.106858,"lon":-117.741127,"city":"Pomona","state":"CA","address":"504 E Foothill Blvd.","name":""},
  {"lat":32.93521,"lon":-80.04601,"city":"Charleston","state":"SC","address":"3690 Ashley Phosphate Rd. N.","name":""},
  {"lat":32.879217,"lon":-111.748306,"city":"Casa Grande","state":"AZ","address":"405 E Florence Blvd","name":""},
  {"lat":28.058557,"lon":-81.791314,"city":"Auburndale","state":"FL","address":"719 Magnolia Ave","name":""},
  {"lat":40.007953,"lon":-75.173686,"city":"Philadelphia","state":"PA","address":"2729 W Hunting Park Ave","name":""},
  {"lat":40.249273,"lon":-74.687981,"city":"Hamilton Township","state":"NJ","address":"3100 Quakerbridge Rd., Suite 31, Suite 31","name":""},
  {"lat":40.093917,"lon":-74.910804,"city":"Croydon","state":"PA","address":"399 Bristol Pike","name":""},
  {"lat":33.608361,"lon":-112.322383,"city":"El Mirage","state":"AZ","address":"12239 W Thunderbird Rd","name":""},
  {"lat":29.818162,"lon":-94.983761,"city":"Baytown","state":"TX","address":"8204 Garth Rd.","name":""},
  {"lat":34.069602,"lon":-80.952676,"city":"Columbia","state":"SC","address":"7373 Two Notch Rd","name":""},
  {"lat":36.217908,"lon":-115.234605,"city":"Las Vegas","state":"NV","address":"6408 W. Cheyenne Ave.","name":""},
  {"lat":33.570048,"lon":-84.54475,"city":"Union City","state":"GA","address":"4788 Jonesboro Rd","name":""},
  {"lat":26.621592,"lon":-81.991542,"city":"Cape Coral","state":"FL","address":"1624 Skyline Blvd","name":""},
  {"lat":35.812503,"lon":-90.715956,"city":"Jonesboro","state":"AR","address":"812 Southwest Dr.","name":""},
  {"lat":27.95154,"lon":-82.516301,"city":"Tampa","state":"FL","address":"4300 W Cypress Street, Ste 600","name":""},
  {"lat":39.640902,"lon":-78.826495,"city":"La Vale","state":"MD","address":"1055 National Highway","name":""},
  {"lat":36.169975,"lon":-85.51249,"city":"Cookeville","state":"TN","address":"446 N. Willow Ave.","name":""},
  {"lat":39.973204,"lon":-75.218136,"city":"Philadelphia","state":"PA","address":"4813-23 Lancaster Ave","name":""},
  {"lat":28.355152,"lon":-81.672589,"city":"Clermont","state":"FL","address":"550 US Hwy 27, Located inside Walmart","name":""},
  {"lat":28.142461,"lon":-81.448035,"city":"Kissimmee","state":"FL","address":"904 Cypress Pkwy, Located inside Walmart","name":""},
  {"lat":28.549618,"lon":-81.532372,"city":"Ocoee","state":"FL","address":"10500 W Colonial Dr, Located inside Walmart","name":""},
  {"lat":34.030692,"lon":-81.101536,"city":"Columbia","state":"SC","address":"901 Bush River Rd","name":""},
  {"lat":34.752704,"lon":-89.453381,"city":"Holly Springs","state":"MS","address":"660 US-7","name":""},
  {"lat":36.196204,"lon":-115.087543,"city":"Las Vegas","state":"NV","address":"3978 East Lake Mead Boulevard","name":""},
  {"lat":30.282461,"lon":-81.814194,"city":"Jacksonville","state":"FL","address":"9555 Normandy Boulevard","name":""},
  {"lat":37.319881,"lon":-120.505644,"city":"Merced","state":"CA","address":"3105 State Highway 59","name":""},
  {"lat":38.003592,"lon":-84.44779,"city":"Lexington","state":"KY","address":"2975 Richmond Road","name":""},
  {"lat":29.929993,"lon":-95.585317,"city":"Houston","state":"TX","address":"10855 Jones Road","name":""},
  {"lat":32.326557,"lon":-86.261148,"city":"Montgomery","state":"AL","address":"2380 East South Boulevard","name":""},
  {"lat":36.052952,"lon":-83.988703,"city":"Knoxville","state":"TN","address":"700 East Emory Road","name":""},
  {"lat":40.863559,"lon":-73.052509,"city":"Selden","state":"NY","address":"1115 Middle Country Road","name":""},
  {"lat":43.016022,"lon":-88.050042,"city":"West Allis","state":"WI","address":"11013 West Greenfield Avenue","name":""}]}