{"key":"cinemark","displayName":"Cinemark","category":"entertainment","useLocationName":false,"locations":[
  {"lat":32.604096,"lon":-96.819198,"city":"Lancaster","state":"TX","address":"3250 W Pleasant Run Rd","name":""},
  {"lat":40.850303,"lon":-81.946848,"city":"Wooster","state":"OH","address":"4108 Burbank Rd","name":""},
  {"lat":29.487356,"lon":-98.587382,"city":"San Antonio","state":"TX","address":"5063 NW Loop 410","name":""},
  {"lat":39.638348,"lon":-86.128614,"city":"Indianapolis","state":"IN","address":"1848 E Stop 13 Rd","name":""},
  {"lat":33.480056,"lon":-84.440831,"city":"Fayetteville","state":"GA","address":"134 Pavilion Parkway","name":""},
  {"lat":39.760811,"lon":-121.846493,"city":"Chico","state":"CA","address":"801 East Ave","name":""},
  {"lat":26.195515,"lon":-98.288762,"city":"Mission","state":"TX","address":"2516 East Expressway 83","name":""},
  {"lat":30.267735,"lon":-81.558812,"city":"Jacksonville","state":"FL","address":"4535 Southside Blvd","name":""},
  {"lat":39.029502,"lon":-94.68647,"city":"Merriam","state":"KS","address":"5500 Antioch","name":""},
  {"lat":29.771712,"lon":-95.22828,"city":"Houston","state":"TX","address":"11450 East Fwy","name":""},
  {"lat":32.509582,"lon":-92.162518,"city":"West Monroe","state":"LA","address":"220 Blanchard St","name":""},
  {"lat":42.33147,"lon":-122.867291,"city":"Medford","state":"OR","address":"651 Medford Center","name":""},
  {"lat":35.53184,"lon":-97.476635,"city":"Oklahoma City","state":"OK","address":"6001 N Martin Luther King Blvd","name":""},
  {"lat":32.425641,"lon":-93.714525,"city":"Shreveport","state":"LA","address":"8400 Millicent Way","name":""},
  {"lat":33.070886,"lon":-96.691062,"city":"Plano","state":"TX","address":"7201 Central Expy","name":""},
  {"lat":41.792477,"lon":-88.322911,"city":"North Aurora","state":"IL","address":"320 S Lincolnway St","name":""},
  {"lat":39.177691,"lon":-76.822142,"city":"Columbia","state":"MD","address":"9161 Commerce Center Dr.","name":""},
  {"lat":41.805047,"lon":-88.173637,"city":"Warrenville","state":"IL","address":"28250 Diehl Rd.","name":""},
  {"lat":29.671534,"lon":-95.751518,"city":"Richmond","state":"TX","address":"7301 W. Grand Parkway S.","name":""},
  {"lat":29.53378,"lon":-95.50831,"city":"Missouri City","state":"TX","address":"10343 Highway 6","name":""},
  {"lat":40.52757,"lon":-111.96484,"city":"Riverton","state":"UT","address":"13257 S Teal Ridge Way","name":""},
  {"lat":31.504312,"lon":-97.152321,"city":"Waco","state":"TX","address":"2400 Creekview Dr","name":""},
  {"lat":38.774344,"lon":-121.270394,"city":"Roseville","state":"CA","address":"1191 Galleria Blvd","name":""},
  {"lat":30.324298,"lon":-81.496703,"city":"Jacksonville","state":"FL","address":"11567 Atlantic Blvd","name":""},
  {"lat":47.71267,"lon":-122.17978,"city":"Kirkland","state":"WA","address":"12600 120th Ave NE","name":""},
  {"lat":29.995209,"lon":-95.751864,"city":"Cypress","state":"TX","address":"29030 Northwest Freeway","name":""},
  {"lat":42.770966,"lon":-71.230399,"city":"Salem","state":"NH","address":"15 Mall Rd","name":""},
  {"lat":40.889992,"lon":-74.260523,"city":"Wayne","state":"NJ","address":"360 Willowbrook Mall","name":""},
  {"lat":43.592378,"lon":-116.368955,"city":"Meridian","state":"ID","address":"2140 E Cinema Dr","name":""},
  {"lat":46.056575,"lon":-118.354627,"city":"Walla Walla","state":"WA","address":"1325 W Poplar St","name":""},
  {"lat":33.215499,"lon":-96.66311,"city":"McKinney","state":"TX","address":"1701 N Hardin Blvd","name":""},
  {"lat":40.647325,"lon":-74.408106,"city":"Watchung","state":"NJ","address":"1670 US Route 22 East","name":""},
  {"lat":33.217044,"lon":-96.824459,"city":"Frisco","state":"TX","address":"6969 US Hwy 380","name":""},
  {"lat":37.650561,"lon":-122.103755,"city":"Hayward","state":"CA","address":"256 Southland Mall Dr","name":""},
  {"lat":28.47357,"lon":-81.469897,"city":"Orlando","state":"FL","address":"6000 Universal Blvd","name":""},
  {"lat":34.135371,"lon":-117.398048,"city":"Rialto","state":"CA","address":"1355 W Renaissance Pkwy","name":""},
  {"lat":30.12941,"lon":-95.2455,"city":"New Caney","state":"TX","address":"21750 Valley Ranch Parkway","name":""},
  {"lat":40.123936,"lon":-111.641552,"city":"Spanish Fork","state":"UT","address":"595 East Commerce Way","name":""},
  {"lat":32.491009,"lon":-99.72633,"city":"Abilene","state":"TX","address":"672 E Overland Trail","name":""},
  {"lat":37.085765,"lon":-76.472081,"city":"Newport News","state":"VA","address":"11810 Fountain Way","name":""},
  {"lat":30.098343,"lon":-81.521011,"city":"St. Johns","state":"FL","address":"435 Durbin Pavilion Dr","name":""},
  {"lat":47.615263,"lon":-122.201612,"city":"Bellevue","state":"WA","address":"500 Bellevue Way NE","name":""},
  {"lat":42.100816,"lon":-88.298475,"city":"West Dundee","state":"IL","address":"2000 Spring Hill Mall","name":""},
  {"lat":32.187109,"lon":-110.951901,"city":"Tucson","state":"AZ","address":"1300 E Tucson Marketplace Blvd","name":""},
  {"lat":35.872121,"lon":-78.71848,"city":"Raleigh","state":"NC","address":"4840 Grove Barton Rd","name":""},
  {"lat":35.140249,"lon":-80.743555,"city":"Charlotte","state":"NC","address":"9630 Monroe Rd","name":""},
  {"lat":35.511577,"lon":-82.52483,"city":"Asheville","state":"NC","address":"1640 Hendersonville Rd","name":""},
  {"lat":38.593069,"lon":-121.419937,"city":"Sacramento","state":"CA","address":"1590 Ethan Way","name":""},
  {"lat":30.194248,"lon":-93.176822,"city":"Lake Charles","state":"LA","address":"3416 Derek Dr","name":""},
  {"lat":33.922422,"lon":-118.131895,"city":"Downey","state":"CA","address":"8840 Apollo Way","name":""},
  {"lat":41.660299,"lon":-93.491356,"city":"Altoona","state":"IA","address":"2227 Adventureland Dr NW","name":""},
  {"lat":34.719585,"lon":-86.673594,"city":"Huntsville","state":"AL","address":"370 The Bridge St","name":""},
  {"lat":41.359035,"lon":-72.873607,"city":"North Haven","state":"CT","address":"550 Universal Dr","name":""},
  {"lat":42.200604,"lon":-83.256902,"city":"Taylor","state":"MI","address":"23000 Eureka Rd","name":""},
  {"lat":33.708945,"lon":-116.293626,"city":"La Quinta","state":"CA","address":"46800 Washington St","name":""},
  {"lat":40.544277,"lon":-105.074225,"city":"Fort Collins","state":"CO","address":"335 E Foothills Parkway","name":""},
  {"lat":39.730761,"lon":-82.625672,"city":"Lancaster","state":"OH","address":"1611 River Valley Circle S","name":""},
  {"lat":32.998472,"lon":-97.217504,"city":"Roanoke","state":"TX","address":"850 E Hwy 114","name":""},
  {"lat":41.151608,"lon":-81.50858,"city":"Cuyahoga Falls","state":"OH","address":"2925 State Rd","name":""},
  {"lat":40.715363,"lon":-112.019402,"city":"West Valley City","state":"UT","address":"5412 High Market Dr","name":""},
  {"lat":48.233506,"lon":-114.326788,"city":"Kalispell","state":"MT","address":"185 Hutton Ranch Rd","name":""},
  {"lat":47.613989,"lon":-122.200263,"city":"Bellevue","state":"WA","address":"700 Bellevue Way NE","name":""},
  {"lat":32.739115,"lon":-97.437583,"city":"Fort Worth","state":"TX","address":"2300 Green Oaks Rd","name":""},
  {"lat":32.829883,"lon":-97.202533,"city":"Hurst","state":"TX","address":"1101 Melbourne Rd","name":""},
  {"lat":38.859022,"lon":-77.356716,"city":"Fairfax","state":"VA","address":"11900 Palace Way","name":""},
  {"lat":38.829533,"lon":-77.436608,"city":"Centreville","state":"VA","address":"6201 Multiplex Dr","name":""},
  {"lat":39.953993,"lon":-75.20302,"city":"Philadelphia","state":"PA","address":"4012 Walnut St","name":""},
  {"lat":41.527166,"lon":-83.640525,"city":"Perrysburg","state":"OH","address":"2005 Hollenbeck Dr","name":""},
  {"lat":41.696264,"lon":-83.641137,"city":"Toledo","state":"OH","address":"5001 Monroe St","name":""},
  {"lat":41.544935,"lon":-83.705156,"city":"Maumee","state":"OH","address":"2300 Village Dr W","name":""},
  {"lat":39.163563,"lon":-84.270222,"city":"Milford","state":"OH","address":"500 Rivers Edge Dr","name":""},
  {"lat":39.868343,"lon":-84.14322,"city":"Huber Heights","state":"OH","address":"7737 Waynetowne Blvd","name":""},
  {"lat":39.643378,"lon":-84.227924,"city":"West Carrollton","state":"OH","address":"195 Mall Woods Dr","name":""},
  {"lat":39.69348,"lon":-84.104671,"city":"Beavercreek","state":"OH","address":"4489 Glengarry Dr","name":""},
  {"lat":40.146601,"lon":-82.986152,"city":"Columbus","state":"OH","address":"1071 Gemini Place","name":""},
  {"lat":39.173676,"lon":-84.64129,"city":"Cincinnati","state":"OH","address":"5870 Harrison Ave","name":""},
  {"lat":40.41961,"lon":-74.169731,"city":"Hazlet","state":"NJ","address":"2821 Highway 35","name":""},
  {"lat":42.227451,"lon":-83.681075,"city":"Ypsilanti","state":"MI","address":"4100 Carpenter Rd","name":""},
  {"lat":43.004184,"lon":-83.751247,"city":"Flint","state":"MI","address":"1591 South Graham Rd","name":""},
  {"lat":42.128092,"lon":-72.626925,"city":"West Springfield","state":"MA","address":"864 Riverdale Rd","name":""},
  {"lat":38.108222,"lon":-85.671585,"city":"Louisville","state":"KY","address":"9700 Preston Crossing Blvd","name":""},
  {"lat":38.993766,"lon":-84.647303,"city":"Florence","state":"KY","address":"7860 Mall Rd","name":""},
  {"lat":41.572957,"lon":-90.518407,"city":"Davenport","state":"IA","address":"3601 East 53rd St","name":""},
  {"lat":41.236051,"lon":-73.03579,"city":"Milford","state":"CT","address":"1201 Boston Post Rd","name":""},
  {"lat":41.801035,"lon":-72.547724,"city":"Manchester","state":"CT","address":"99 Redstone Rd","name":""},
  {"lat":33.978047,"lon":-118.391944,"city":"Los Angeles","state":"CA","address":"6081 Center Dr","name":""},
  {"lat":34.011582,"lon":-118.337431,"city":"Los Angeles","state":"CA","address":"4020 Marlton Ave","name":""},
  {"lat":34.708475,"lon":-92.405577,"city":"Little Rock","state":"AR","address":"18 Colonel Glenn Plaza Dr","name":""},
  {"lat":40.570504,"lon":-80.019675,"city":"Pittsburgh","state":"PA","address":"851 Providence Blvd","name":""},
  {"lat":31.809111,"lon":-106.246934,"city":"El Paso","state":"TX","address":"12704 East Montana","name":""},
  {"lat":26.264209,"lon":-98.190565,"city":"Edinburg","state":"TX","address":"2001 W Trenton","name":""},
  {"lat":30.080402,"lon":-95.519943,"city":"Spring","state":"TX","address":"21440 Kuykendahl Rd","name":""},
  {"lat":28.091024,"lon":-81.978279,"city":"Lakeland","state":"FL","address":"3800 US Highway 98 N","name":""},
  {"lat":39.160816,"lon":-84.424731,"city":"Cincinnati","state":"OH","address":"3025 Disney St","name":""},
  {"lat":39.682726,"lon":-75.653239,"city":"Newark","state":"DE","address":"1200 Christiana Mall","name":""},
  {"lat":31.085485,"lon":-97.397824,"city":"Temple","state":"TX","address":"4501 South General Bruce Dr","name":""},
  {"lat":26.20399,"lon":-98.203204,"city":"Pharr","state":"TX","address":"600 N Jackson Rd","name":""},
  {"lat":34.790792,"lon":-96.665752,"city":"Ada","state":"OK","address":"1090 North Hills Center","name":""},
  {"lat":39.401958,"lon":-76.600517,"city":"Towson","state":"MD","address":"111 East Joppa Rd","name":""},
  {"lat":38.24905,"lon":-85.62507,"city":"Louisville","state":"KY","address":"5000 Shelbyville Rd","name":""},
  {"lat":32.909358,"lon":-97.314447,"city":"Fort Worth","state":"TX","address":"9228 Sage Meadow Trail","name":""},
  {"lat":40.428264,"lon":-79.795735,"city":"Monroeville","state":"PA","address":"600 Monroeville Mall","name":""},
  {"lat":32.283496,"lon":-80.911034,"city":"Bluffton","state":"SC","address":"106 Buckwalter Pkwy","name":""},
  {"lat":40.98789,"lon":-75.22433,"city":"Stroudsburg","state":"PA","address":"344 Stroud Mall Rd","name":""},
  {"lat":37.506344,"lon":-121.98257,"city":"Fremont","state":"CA","address":"43917 Pacific Commons Blvd","name":""},
  {"lat":40.982117,"lon":-111.90632,"city":"Farmington","state":"UT","address":"900 W Clark Ln","name":""},
  {"lat":30.470832,"lon":-97.595844,"city":"Pflugerville","state":"TX","address":"18820 Hilltop Commercial Dr","name":""},
  {"lat":41.419447,"lon":-82.671862,"city":"Sandusky","state":"OH","address":"4314 Milan Rd","name":""},
  {"lat":40.532089,"lon":-111.889383,"city":"Draper","state":"UT","address":"12129 South State St","name":""},
  {"lat":33.150315,"lon":-96.83756,"city":"Frisco","state":"TX","address":"5655 Frisco Square Blvd","name":""},
  {"lat":35.112336,"lon":-92.429867,"city":"Conway","state":"AR","address":"201 Skyline Dr","name":""},
  {"lat":36.829047,"lon":-76.411908,"city":"Chesapeake","state":"VA","address":"2413 Chesapeake Square Ring Rd","name":""},
  {"lat":39.162255,"lon":-76.725453,"city":"Hanover","state":"MD","address":"7000 Arundel Mills Circle","name":""},
  {"lat":26.032251,"lon":-80.356064,"city":"Davie","state":"FL","address":"15601 Sheridan St","name":""},
  {"lat":26.537513,"lon":-80.090815,"city":"Boynton Beach","state":"FL","address":"1151 N Congress Ave","name":""},
  {"lat":26.376463,"lon":-80.113217,"city":"Boca Raton","state":"FL","address":"3200 Airport Rd","name":""},
  {"lat":38.420817,"lon":-82.262117,"city":"Barboursville","state":"WV","address":"500 Mall Rd","name":""},
  {"lat":39.13087,"lon":-121.636376,"city":"Yuba City","state":"CA","address":"1410 Whyler Rd","name":""},
  {"lat":41.578182,"lon":-88.16421,"city":"Joliet","state":"IL","address":"3340 Mall Loop Dr","name":""},
  {"lat":32.791259,"lon":-115.535429,"city":"El Centro","state":"CA","address":"3651 S Dogwood Rd","name":""},
  {"lat":34.470827,"lon":-117.250264,"city":"Apple Valley","state":"CA","address":"18935 Bear Valley Rd","name":""},
  {"lat":40.278519,"lon":-111.676637,"city":"Orem","state":"UT","address":"1010 South 800 East","name":""},
  {"lat":37.737434,"lon":-84.328247,"city":"Richmond","state":"KY","address":"2103 Lantern Ridge Dr","name":""},
  {"lat":40.145996,"lon":-84.21686,"city":"Piqua","state":"OH","address":"1020 Garbry Rd","name":""},
  {"lat":32.425217,"lon":-110.936615,"city":"Oro Valley","state":"AZ","address":"12155 N Oracle Rd","name":""},
  {"lat":36.064714,"lon":-95.772503,"city":"Broken Arrow","state":"OK","address":"1801 E Hillside Dr","name":""},
  {"lat":29.37722,"lon":-98.460996,"city":"San Antonio","state":"TX","address":"4224 S New Braunfels Ave","name":""},
  {"lat":40.439292,"lon":-80.147243,"city":"Pittsburgh","state":"PA","address":"2100 Settlers Ridge Center Dr","name":""},
  {"lat":31.071567,"lon":-97.670215,"city":"Harker Heights","state":"TX","address":"201 E Central Texas Expy","name":""},
  {"lat":30.526171,"lon":-97.813445,"city":"Cedar Park","state":"TX","address":"1335 E Whitestone Blvd","name":""},
  {"lat":41.473464,"lon":-87.01588,"city":"Valparaiso","state":"IN","address":"700 Porter's Vale Blvd","name":""},
  {"lat":31.313304,"lon":-94.716421,"city":"Lufkin","state":"TX","address":"109 Miles Way","name":""},
  {"lat":33.844235,"lon":-118.260297,"city":"Carson","state":"CA","address":"20700 S Avalon Blvd","name":""},
  {"lat":36.664599,"lon":-121.809492,"city":"Marina","state":"CA","address":"100 10th St","name":""},
  {"lat":33.977567,"lon":-118.417452,"city":"Playa Vista","state":"CA","address":"12746 W Jefferson Blvd","name":""},
  {"lat":47.297521,"lon":-122.503083,"city":"Tacoma","state":"WA","address":"5057 Main St","name":""},
  {"lat":38.797706,"lon":-121.292189,"city":"Rocklin","state":"CA","address":"6692 Lonetree Blvd","name":""},
  {"lat":43.5378,"lon":-96.654639,"city":"Sioux Falls","state":"SD","address":"1101 S Highline Place","name":""},
  {"lat":34.24104,"lon":-119.174194,"city":"Oxnard","state":"CA","address":"2766 Seaglass Way","name":""},
  {"lat":37.67354,"lon":-122.081395,"city":"Hayward","state":"CA","address":"1069 B St","name":""},
  {"lat":38.283275,"lon":-122.27868,"city":"Napa","state":"CA","address":"195 Gasser Dr","name":""},
  {"lat":45.436607,"lon":-122.576092,"city":"Clackamas","state":"OR","address":"12000 SE 82nd Ave","name":""},
  {"lat":47.040628,"lon":-122.930761,"city":"Olympia","state":"WA","address":"625 Black Lake Blvd SW","name":""},
  {"lat":39.402651,"lon":-119.747747,"city":"Reno","state":"NV","address":"13965 S Virginia St","name":""},
  {"lat":37.637907,"lon":-122.417798,"city":"San Bruno","state":"CA","address":"1188 El Camino Real","name":""},
  {"lat":47.312963,"lon":-122.30393,"city":"Federal Way","state":"WA","address":"2001 S Commons","name":""},
  {"lat":40.016802,"lon":-105.256123,"city":"Boulder","state":"CO","address":"1700 29th St","name":""},
  {"lat":40.611818,"lon":-111.854634,"city":"Midvale","state":"UT","address":"7670 S Union Park Ave","name":""},
  {"lat":36.012294,"lon":-115.172559,"city":"Las Vegas","state":"NV","address":"9777 Las Vegas Blvd South","name":""},
  {"lat":37.486145,"lon":-122.228949,"city":"Redwood City","state":"CA","address":"825 Middlefield Rd","name":""},
  {"lat":36.250586,"lon":-115.23776,"city":"Las Vegas","state":"NV","address":"4949 N Rancho Dr","name":""},
  {"lat":45.496821,"lon":-122.81254,"city":"Beaverton","state":"OR","address":"3200 SW Hocken Ave","name":""},
  {"lat":33.731549,"lon":-117.994441,"city":"Huntington Beach","state":"CA","address":"7777 Edinger Ave","name":""},
  {"lat":42.157466,"lon":-88.054793,"city":"Deer Park","state":"IL","address":"21600 W Field Parkway","name":""},
  {"lat":41.568902,"lon":-93.809016,"city":"West Des Moines","state":"IA","address":"101 Jordan Creek Parkway","name":""},
  {"lat":33.741329,"lon":-116.412092,"city":"Rancho Mirage","state":"CA","address":"71800 Hwy 111","name":""},
  {"lat":39.708433,"lon":-105.07677,"city":"Lakewood","state":"CO","address":"440 S Teller St","name":""},
  {"lat":37.250621,"lon":-121.863312,"city":"San Jose","state":"CA","address":"925 Blossom Hill Rd","name":""},
  {"lat":38.679894,"lon":-121.334093,"city":"Sacramento","state":"CA","address":"6233 Garfield Ave","name":""},
  {"lat":37.319123,"lon":-121.948645,"city":"San Jose","state":"CA","address":"3088 Olsen Dr","name":""},
  {"lat":38.094731,"lon":-122.557468,"city":"Novato","state":"CA","address":"44 Rowland Way","name":""},
  {"lat":37.896268,"lon":-122.06154,"city":"Walnut Creek","state":"CA","address":"1201 Locust St","name":""},
  {"lat":32.221374,"lon":-110.866918,"city":"Tucson","state":"AZ","address":"5870 E Broadway Blvd","name":""},
  {"lat":37.944206,"lon":-122.061774,"city":"Pleasant Hill","state":"CA","address":"125 Crescent Dr","name":""},
  {"lat":36.716739,"lon":-121.655761,"city":"Salinas","state":"CA","address":"350 Northridge Shopping Ctr","name":""},
  {"lat":38.581651,"lon":-121.501725,"city":"Sacramento","state":"CA","address":"1015 4th St","name":""},
  {"lat":37.98178,"lon":-122.322305,"city":"Richmond","state":"CA","address":"3200 Klose Way","name":""},
  {"lat":38.134588,"lon":-122.217924,"city":"Vallejo","state":"CA","address":"109 Plaza Dr","name":""},
  {"lat":37.70349,"lon":-122.470596,"city":"Daly City","state":"CA","address":"1901 Junipero Serra Blvd","name":""},
  {"lat":36.112671,"lon":-115.063879,"city":"Las Vegas","state":"NV","address":"5111 Boulder Hwy","name":""},
  {"lat":43.525087,"lon":-96.778076,"city":"Sioux Falls","state":"SD","address":"2400 South Carolyn Ave","name":""},
  {"lat":37.418842,"lon":-121.899395,"city":"Milpitas","state":"CA","address":"1010 Great Mall Dr","name":""},
  {"lat":36.167725,"lon":-115.293548,"city":"Las Vegas","state":"NV","address":"9090 Alta Dr","name":""},
  {"lat":37.56636,"lon":-122.322831,"city":"San Mateo","state":"CA","address":"320 East 2nd Ave","name":""},
  {"lat":36.584634,"lon":-121.90069,"city":"Monterey","state":"CA","address":"1700 Del Monte Center","name":""},
  {"lat":32.221829,"lon":-110.915723,"city":"Tucson","state":"AZ","address":"3601 E Broadway Blvd","name":""},
  {"lat":27.697721,"lon":-97.350975,"city":"Corpus Christi","state":"TX","address":"6685 South Padre Island","name":""},
  {"lat":61.188202,"lon":-149.879106,"city":"Anchorage","state":"AK","address":"301 East 36th Ave","name":""},
  {"lat":45.493135,"lon":-122.578654,"city":"Portland","state":"OR","address":"4040 SE 82nd Ave","name":""},
  {"lat":40.699973,"lon":-111.887476,"city":"Salt Lake City","state":"UT","address":"125 East 3300 South","name":""},
  {"lat":31.895814,"lon":-102.326498,"city":"Odessa","state":"TX","address":"4221 Preston Smith Rd","name":""},
  {"lat":32.404462,"lon":-99.768473,"city":"Abilene","state":"TX","address":"3818 John Knox Dr","name":""},
  {"lat":39.710895,"lon":-104.821337,"city":"Aurora","state":"CO","address":"14300 East Alameda Ave","name":""},
  {"lat":37.702572,"lon":-122.124991,"city":"San Leandro","state":"CA","address":"15555 East 14th St","name":""},
  {"lat":39.505599,"lon":-119.801428,"city":"Reno","state":"NV","address":"2040 Century Way","name":""},
  {"lat":36.101057,"lon":-115.203217,"city":"Las Vegas","state":"NV","address":"4500 West Tropicana Blvd","name":""},
  {"lat":37.600117,"lon":-122.065764,"city":"Union City","state":"CA","address":"32100 Union Landing","name":""},
  {"lat":34.28096,"lon":-119.292263,"city":"Ventura","state":"CA","address":"555 E Main St","name":""},
  {"lat":33.80683,"lon":-117.870432,"city":"Orange","state":"CA","address":"1701 W Katella Ave","name":""},
  {"lat":35.138486,"lon":-106.601246,"city":"Albuquerque","state":"NM","address":"4901 Pan American Fwy NE","name":""},
  {"lat":38.418594,"lon":-121.406232,"city":"Elk Grove","state":"CA","address":"9349 Big Horn Blvd","name":""},
  {"lat":38.642202,"lon":-121.188925,"city":"Folsom","state":"CA","address":"261 Iron Point Rd","name":""},
  {"lat":36.024691,"lon":-114.965692,"city":"Henderson","state":"NV","address":"851 S Boulder Hwy","name":""},
  {"lat":34.186755,"lon":-118.412815,"city":"North Hollywood","state":"CA","address":"12827 Victory Blvd","name":""},
  {"lat":37.415657,"lon":-122.078171,"city":"Mountain View","state":"CA","address":"1500 N Shoreline Blvd","name":""},
  {"lat":27.548048,"lon":-99.503044,"city":"Laredo","state":"TX","address":"5300 San Dario Ave","name":""},
  {"lat":30.158495,"lon":-97.79053,"city":"Austin","state":"TX","address":"9900 S IH-35 Service Rd SB","name":""},
  {"lat":41.310728,"lon":-81.8221,"city":"Strongsville","state":"OH","address":"17450 Southpark Center","name":""},
  {"lat":29.778684,"lon":-95.539951,"city":"Houston","state":"TX","address":"310 Memorial City Mall","name":""},
  {"lat":30.565685,"lon":-97.692006,"city":"Round Rock","state":"TX","address":"4401 N IH-35","name":""},
  {"lat":30.309169,"lon":-97.940457,"city":"Bee Cave","state":"TX","address":"12812 Hill Country Blvd","name":""},
  {"lat":39.94862,"lon":-82.009399,"city":"Zanesville","state":"OH","address":"3575 Maple Ave","name":""},
  {"lat":29.546675,"lon":-95.759368,"city":"Rosenberg","state":"TX","address":"3420 Vista Dr","name":""},
  {"lat":37.981601,"lon":-84.527913,"city":"Lexington","state":"KY","address":"3800 Mall Rd","name":""},
  {"lat":29.969365,"lon":-95.691367,"city":"Cypress","state":"TX","address":"25720 Northwest Frwy","name":""},
  {"lat":30.379584,"lon":-91.095358,"city":"Baton Rouge","state":"LA","address":"10000 Perkins Rowe","name":""},
  {"lat":33.006109,"lon":-96.971821,"city":"Lewisville","state":"TX","address":"2401 S Stemmons Freeway","name":""},
  {"lat":33.145171,"lon":-96.676126,"city":"Allen","state":"TX","address":"921 SH 121","name":""},
  {"lat":31.780881,"lon":-106.372006,"city":"El Paso","state":"TX","address":"8401C Gateway Blvd W","name":""},
  {"lat":33.433267,"lon":-111.871039,"city":"Mesa","state":"AZ","address":"1051 N Dobson Rd","name":""},
  {"lat":39.30783,"lon":-80.274999,"city":"Bridgeport","state":"WV","address":"2105 Meadowbrook Rd","name":""},
  {"lat":34.601849,"lon":-118.15478,"city":"Palmdale","state":"CA","address":"1475 W Ave P","name":""},
  {"lat":29.549504,"lon":-95.386617,"city":"Pearland","state":"TX","address":"3311 Silverlake Village Dr","name":""},
  {"lat":32.597377,"lon":-97.148736,"city":"Mansfield","state":"TX","address":"2041 Hwy 287","name":""},
  {"lat":33.17612,"lon":-97.098863,"city":"Denton","state":"TX","address":"2825 Wind River Ln","name":""},
  {"lat":30.164414,"lon":-95.461268,"city":"The Woodlands","state":"TX","address":"9595 Six Pines Dr. 8200","name":""},
  {"lat":28.702068,"lon":-100.483223,"city":"Eagle Pass","state":"TX","address":"455 South Bibb St","name":""},
  {"lat":33.886449,"lon":-98.524017,"city":"Wichita Falls","state":"TX","address":"2915 Glenwood Blvd","name":""},
  {"lat":32.890066,"lon":-96.479773,"city":"Rockwall","state":"TX","address":"2125 Summer Lee","name":""},
  {"lat":46.595644,"lon":-112.037727,"city":"Helena","state":"MT","address":"750 Great Northern Blvd","name":""},
  {"lat":33.453312,"lon":-94.096819,"city":"Texarkana","state":"TX","address":"4230 St Michael Dr","name":""},
  {"lat":32.592039,"lon":-96.950247,"city":"Cedar Hill","state":"TX","address":"280 Uptown Blvd","name":""},
  {"lat":30.198201,"lon":-93.226869,"city":"Lake Charles","state":"LA","address":"548 W Prien Lake Rd","name":""},
  {"lat":33.76457,"lon":-118.192963,"city":"Long Beach","state":"CA","address":"99 South Pine Ave","name":""},
  {"lat":40.388514,"lon":-104.711894,"city":"Greeley","state":"CO","address":"2160 Greeley Mall","name":""},
  {"lat":33.700962,"lon":-78.927418,"city":"Myrtle Beach","state":"SC","address":"2100 Coastal Grand Circle","name":""},
  {"lat":40.682173,"lon":-80.308319,"city":"Monaca","state":"PA","address":"99 Wagner Rd","name":""},
  {"lat":40.378623,"lon":-111.818569,"city":"American Fork","state":"UT","address":"715 West 180 North","name":""},
  {"lat":40.76801,"lon":-82.524119,"city":"Ontario","state":"OH","address":"2355 Walker Lake Rd","name":""},
  {"lat":34.470476,"lon":-117.349748,"city":"Victorville","state":"CA","address":"14470 Bear Valley Rd","name":""},
  {"lat":33.674692,"lon":-96.610273,"city":"Sherman","state":"TX","address":"3310 Town Center St","name":""},
  {"lat":35.70095,"lon":-79.788436,"city":"Asheboro","state":"NC","address":"400 Randolph Mall","name":""},
  {"lat":32.207328,"lon":-95.837227,"city":"Athens","state":"TX","address":"218 Wood St","name":""},
  {"lat":37.074258,"lon":-88.694935,"city":"Paducah","state":"KY","address":"5159 Hinkleville Rd","name":""},
  {"lat":42.357777,"lon":-72.550438,"city":"Hadley","state":"MA","address":"367 Russell St","name":""},
  {"lat":25.95141,"lon":-97.504772,"city":"Brownsville","state":"TX","address":"2370 Old Hwy 77","name":""},
  {"lat":28.865944,"lon":-96.997157,"city":"Victoria","state":"TX","address":"7806 Navarro","name":""},
  {"lat":40.521547,"lon":-105.039339,"city":"Fort Collins","state":"CO","address":"4721 South Timberline Rd","name":""},
  {"lat":38.880916,"lon":-104.716739,"city":"Colorado Springs","state":"CO","address":"3305 Cinema Point","name":""},
  {"lat":29.525179,"lon":-95.12698,"city":"Webster","state":"TX","address":"20915 Gulf Freeway","name":""},
  {"lat":31.531081,"lon":-110.258315,"city":"Sierra Vista","state":"AZ","address":"2175 El Mercado Loop","name":""},
  {"lat":40.618254,"lon":-111.9821,"city":"West Jordan","state":"UT","address":"7301 S Jordan Landing","name":""},
  {"lat":40.217674,"lon":-111.660715,"city":"Provo","state":"UT","address":"1200 Town Center Blvd","name":""},
  {"lat":28.47033,"lon":-81.450505,"city":"Orlando","state":"FL","address":"5150 International Dr","name":""},
  {"lat":41.400348,"lon":-81.624501,"city":"Valley View","state":"OH","address":"6001 Canal Rd","name":""},
  {"lat":34.703941,"lon":-118.177672,"city":"Lancaster","state":"CA","address":"2600 W Ave I","name":""},
  {"lat":41.361126,"lon":-75.677866,"city":"Moosic","state":"PA","address":"40 Glenmaura National Blvd","name":""},
  {"lat":31.438884,"lon":-100.491696,"city":"San Angelo","state":"TX","address":"4425 Sherwood Way","name":""},
  {"lat":41.766448,"lon":-88.067823,"city":"Woodridge","state":"IL","address":"6500 Route 53","name":""},
  {"lat":30.436136,"lon":-89.091396,"city":"Gulfport","state":"MS","address":"15171 Crossroads Pkwy","name":""},
  {"lat":32.267637,"lon":-90.145625,"city":"Pearl","state":"MS","address":"411 Riverwind Dr","name":""},
  {"lat":29.80136,"lon":-95.775049,"city":"Katy","state":"TX","address":"1030 W Grand Pkwy N","name":""},
  {"lat":36.05864,"lon":-95.856389,"city":"Tulsa","state":"OK","address":"10802 E 71st St","name":""},
  {"lat":42.010162,"lon":-93.611528,"city":"Ames","state":"IA","address":"1317 Buckeye Ave","name":""},
  {"lat":38.311801,"lon":-104.614325,"city":"Pueblo","state":"CO","address":"4140 N Freeway","name":""},
  {"lat":38.790682,"lon":-104.798885,"city":"Colorado Springs","state":"CO","address":"1545 E Cheyenne Mountain Blvd","name":""},
  {"lat":35.115117,"lon":-101.910702,"city":"Amarillo","state":"TX","address":"9100 Canyon Dr","name":""},
  {"lat":36.012108,"lon":-84.255578,"city":"Oak Ridge","state":"TN","address":"755 Main St W","name":""},
  {"lat":38.300016,"lon":-85.557555,"city":"Louisville","state":"KY","address":"4400 Towne Center Dr","name":""},
  {"lat":42.569568,"lon":-87.89301,"city":"Kenosha","state":"WI","address":"7101 70th Court","name":""},
  {"lat":35.652238,"lon":-80.458081,"city":"Salisbury","state":"NC","address":"305 Faith Rd","name":""},
  {"lat":30.448448,"lon":-97.66183,"city":"Pflugerville","state":"TX","address":"15436 FM 1825","name":""},
  {"lat":31.834346,"lon":-106.563778,"city":"El Paso","state":"TX","address":"7440 Remcon Circle","name":""},
  {"lat":41.196128,"lon":-111.979519,"city":"Ogden","state":"UT","address":"3651 Wall Ave","name":""},
  {"lat":41.173612,"lon":-87.851223,"city":"Bourbonnais","state":"IL","address":"1600 N State Route 50","name":""},
  {"lat":34.54269,"lon":-92.636339,"city":"Benton","state":"AR","address":"17314 I-30","name":""},
  {"lat":31.72732,"lon":-106.307535,"city":"El Paso","state":"TX","address":"11855 Gateway Blvd W","name":""},
  {"lat":44.073797,"lon":-123.042502,"city":"Springfield","state":"OR","address":"2900 Gateway","name":""},
  {"lat":33.519744,"lon":-101.871622,"city":"Lubbock","state":"TX","address":"2535 82nd St","name":""},
  {"lat":41.021031,"lon":-80.662703,"city":"Boardman","state":"OH","address":"7401 Market St","name":""},
  {"lat":33.04924,"lon":-96.827987,"city":"Plano","state":"TX","address":"3800 Dallas Parkway","name":""},
  {"lat":40.872486,"lon":-81.438646,"city":"North Canton","state":"OH","address":"4720 Mega St NW","name":""},
  {"lat":29.44783,"lon":-100.908904,"city":"Del Rio","state":"TX","address":"2205 Veterans Blvd","name":""},
  {"lat":30.042429,"lon":-94.152051,"city":"Beaumont","state":"TX","address":"3855 Interstate 10 South","name":""},
  {"lat":41.908243,"lon":-87.846169,"city":"Melrose Park","state":"IL","address":"1001 West North Ave","name":""},
  {"lat":29.844232,"lon":-95.496395,"city":"Houston","state":"TX","address":"12920 Northwest Fwy","name":""},
  {"lat":37.759955,"lon":-121.462254,"city":"Tracy","state":"CA","address":"3300 N Naglee Rd","name":""},
  {"lat":30.161578,"lon":-95.458929,"city":"The Woodlands","state":"TX","address":"1600 Lake Robbins Dr","name":""},
  {"lat":26.172215,"lon":-98.010805,"city":"Weslaco","state":"TX","address":"2113 West Expressway 83","name":""},
  {"lat":33.682359,"lon":-95.54202,"city":"Paris","state":"TX","address":"1225 North East Loop 286","name":""},
  {"lat":40.588303,"lon":-122.347294,"city":"Redding","state":"CA","address":"980 Old Alturas Rd","name":""},
  {"lat":32.909946,"lon":-96.872411,"city":"Dallas","state":"TX","address":"11819 Webb Chapel Rd","name":""},
  {"lat":32.919737,"lon":-97.085248,"city":"Grapevine","state":"TX","address":"911 State Hwy 114 W","name":""},
  {"lat":43.147123,"lon":-77.710516,"city":"Rochester","state":"NY","address":"2291 Buffalo Rd","name":""},
  {"lat":40.053139,"lon":-82.866348,"city":"Gahanna","state":"OH","address":"323 Stoneridge Ln","name":""},
  {"lat":26.188764,"lon":-97.716952,"city":"Harlingen","state":"TX","address":"401 S Expressway 83","name":""},
  {"lat":41.694759,"lon":-86.193651,"city":"Mishawaka","state":"IN","address":"910 W Edison Rd","name":""},
  {"lat":33.024669,"lon":-96.770036,"city":"Plano","state":"TX","address":"1818 Coit Rd","name":""},
  {"lat":29.681505,"lon":-95.154944,"city":"Pasadena","state":"TX","address":"2101 E Beltway 8","name":""},
  {"lat":39.858997,"lon":-75.017278,"city":"Somerdale","state":"NJ","address":"711 Evesham Rd","name":""},
  {"lat":42.057859,"lon":-80.089785,"city":"Erie","state":"PA","address":"1910 Rotunda Dr","name":""},
  {"lat":30.63313,"lon":-96.303458,"city":"College Station","state":"TX","address":"1401 Earl Rudder Fwy S","name":""},
  {"lat":29.401954,"lon":-95.02025,"city":"Texas City","state":"TX","address":"10000 E.F. Lowry Expressway","name":""},
  {"lat":36.328063,"lon":-119.671009,"city":"Hanford","state":"CA","address":"1669 W. Lacey","name":""},
  {"lat":38.486477,"lon":-82.655336,"city":"Ashland","state":"KY","address":"400 Winchester Ave","name":""},
  {"lat":40.871126,"lon":-81.424178,"city":"North Canton","state":"OH","address":"6284 Dressler Rd NW","name":""},
  {"lat":32.955046,"lon":-80.160836,"city":"Summerville","state":"SC","address":"4488 Ladson Rd","name":""},
  {"lat":34.033677,"lon":-117.684217,"city":"Chino","state":"CA","address":"5546 Philadelphia St","name":""},
  {"lat":34.31756,"lon":-88.67842,"city":"Tupelo","state":"MS","address":"1001 Barnes Crossing Rd","name":""},
  {"lat":41.080692,"lon":-111.97938,"city":"Layton","state":"UT","address":"720 W Ring Rd","name":""},
  {"lat":26.18904,"lon":-98.239217,"city":"McAllen","state":"TX","address":"1800 S 16th St","name":""},
  {"lat":32.207817,"lon":-98.229538,"city":"Stephenville","state":"TX","address":"2900 W Washington St","name":""},
  {"lat":32.339072,"lon":-97.411664,"city":"Cleburne","state":"TX","address":"1643 W Henderson St","name":""},
  {"lat":26.23982,"lon":-98.216291,"city":"McAllen","state":"TX","address":"100 W Nolana Ave","name":""},
  {"lat":32.250753,"lon":-101.4358,"city":"Big Spring","state":"TX","address":"1801 East FM 700","name":""},
  {"lat":33.542065,"lon":-101.936448,"city":"Lubbock","state":"TX","address":"5721 58th St","name":""},
  {"lat":32.673916,"lon":-97.012517,"city":"Grand Prairie","state":"TX","address":"220 W Westchester Pkwy","name":""},
  {"lat":40.722449,"lon":-111.858664,"city":"Salt Lake City","state":"UT","address":"2227 S Highland Dr","name":""},
  {"lat":44.170508,"lon":-93.952142,"city":"Mankato","state":"MN","address":"1850 Adams St","name":""},
  {"lat":32.8681,"lon":-96.665445,"city":"Garland","state":"TX","address":"4040 South Shiloh Road","name":""},
  {"lat":39.715829,"lon":-75.630595,"city":"Wilmington","state":"DE","address":"1796 W Newport Pike","name":""}]}