{"key":"coffee_bean","displayName":"Coffee Bean & Tea Leaf","category":"coffee","useLocationName":false,"locations":[
  {"lat":33.895292,"lon":-118.394235,"city":"Manhattan Beach","state":"CA","address":"2616 N Sepulveda Blvd","name":""},
  {"lat":34.138481,"lon":-118.132601,"city":"Pasadena","state":"CA","address":"415 S Lake Ave #108","name":""},
  {"lat":33.986314,"lon":-118.440019,"city":"Marina Del Rey","state":"CA","address":"13420 Maxella #C20","name":""},
  {"lat":34.183018,"lon":-118.311411,"city":"Burbank","state":"CA","address":"340 N San Fernando Blvd","name":""},
  {"lat":33.643165,"lon":-117.920263,"city":"Costa Mesa","state":"CA","address":"1835 Newport Blvd #B122","name":""},
  {"lat":33.819095,"lon":-118.385736,"city":"Redondo Beach","state":"CA","address":"1617 Pacific Coast Highway #103","name":""},
  {"lat":34.109806,"lon":-118.287795,"city":"Los Angeles","state":"CA","address":"2081 Hillhurst Ave","name":""},
  {"lat":34.169232,"lon":-118.536218,"city":"Tarzana","state":"CA","address":"18505 Ventura Blvd","name":""},
  {"lat":33.835051,"lon":-118.352721,"city":"Torrance","state":"CA","address":"21300-B Hawthorne Blvd","name":""},
  {"lat":33.758464,"lon":-117.834646,"city":"Santa Ana","state":"CA","address":"2264 17th St","name":""},
  {"lat":33.781655,"lon":-118.120808,"city":"Long Beach","state":"CA","address":"1212 Bellflower Blvd","name":""},
  {"lat":34.257932,"lon":-119.209816,"city":"Ventura","state":"CA","address":"1780 S Victoria Ave #A","name":""},
  {"lat":34.072552,"lon":-118.359828,"city":"Los Angeles","state":"CA","address":"6333 W 3rd St #E-11","name":""},
  {"lat":34.019685,"lon":-118.422111,"city":"Los Angeles","state":"CA","address":"3470 S Sepulveda Blvd","name":""},
  {"lat":34.016475,"lon":-118.49758,"city":"Santa Monica","state":"CA","address":"1312 Third St Promenade","name":""},
  {"lat":33.669073,"lon":-117.786453,"city":"Irvine","state":"CA","address":"5653 Alton Pkwy #200","name":""},
  {"lat":34.168646,"lon":-118.603277,"city":"Woodland Hills","state":"CA","address":"21851 Ventura Blvd","name":""},
  {"lat":34.221787,"lon":-119.157438,"city":"Oxnard","state":"CA","address":"2180 N Rose Ave","name":""},
  {"lat":34.101302,"lon":-118.341184,"city":"Hollywood","state":"CA","address":"6922 Hollywood Blvd #103","name":""},
  {"lat":34.210038,"lon":-118.845581,"city":"Thousand Oaks","state":"CA","address":"1772-A E Avenida De Los Arboles","name":""},
  {"lat":34.225185,"lon":-119.038556,"city":"Camarillo","state":"CA","address":"824 Arneil Rd","name":""},
  {"lat":34.205286,"lon":-118.228364,"city":"Montrose","state":"CA","address":"3701 Ocean View","name":""},
  {"lat":34.152412,"lon":-118.351443,"city":"Toluca Lake","state":"CA","address":"10121 Riverside Dr","name":""},
  {"lat":33.937376,"lon":-118.128365,"city":"Downey","state":"CA","address":"8550 Firestone Blvd","name":""},
  {"lat":34.44084,"lon":-119.824487,"city":"Goleta","state":"CA","address":"5745 Calle Real","name":""},
  {"lat":33.744192,"lon":-118.102965,"city":"Seal Beach","state":"CA","address":"347 Main St #A","name":""},
  {"lat":34.156532,"lon":-118.642615,"city":"Calabasas","state":"CA","address":"23635 Calabasas Rd","name":""},
  {"lat":34.258135,"lon":-118.540469,"city":"Northridge","state":"CA","address":"18705 Devonshire St","name":""},
  {"lat":34.133561,"lon":-118.150141,"city":"South Pasadena","state":"CA","address":"700 Fair Oaks #A","name":""},
  {"lat":34.105816,"lon":-117.576341,"city":"Rancho Cucamonga","state":"CA","address":"8140 Haven Ave #100","name":""},
  {"lat":33.306728,"lon":-111.88902,"city":"Chandler","state":"AZ","address":"2560 W Chandler Blvd #1","name":""},
  {"lat":34.142931,"lon":-118.405421,"city":"Studio City","state":"CA","address":"12501 W Ventura Blvd","name":""},
  {"lat":34.287885,"lon":-118.715818,"city":"Simi Valley","state":"CA","address":"2944-G Tapo Canyon Rd","name":""},
  {"lat":34.04295,"lon":-118.37677,"city":"Los Angeles","state":"CA","address":"1845 S La Cienega Blvd","name":""},
  {"lat":34.09522,"lon":-117.719499,"city":"Claremont","state":"CA","address":"101 N Indian Hill #105","name":""},
  {"lat":33.832291,"lon":-118.185286,"city":"Long Beach","state":"CA","address":"4105 S Atlantic Ave #A","name":""},
  {"lat":33.858388,"lon":-117.921536,"city":"Fullerton","state":"CA","address":"205 Orangefair Ave #11A","name":""},
  {"lat":34.092666,"lon":-117.584662,"city":"Rancho Cucamonga","state":"CA","address":"12556 S Main St #1760","name":""},
  {"lat":34.055444,"lon":-118.396737,"city":"Los Angeles","state":"CA","address":"9541 W Pico Blvd","name":""},
  {"lat":34.161184,"lon":-118.510037,"city":"Encino","state":"CA","address":"17301-1 Ventura Blvd","name":""},
  {"lat":34.070132,"lon":-118.350807,"city":"Los Angeles","state":"CA","address":"5979 W Third St","name":""},
  {"lat":34.003162,"lon":-117.727624,"city":"Chino Hills","state":"CA","address":"3626 Grand Ave #I","name":""},
  {"lat":34.034982,"lon":-118.162072,"city":"Los Angeles","state":"CA","address":"209 S Mednik Ave","name":""},
  {"lat":33.48093,"lon":-117.100889,"city":"Temecula","state":"CA","address":"31938 Temecula Pkwy #D","name":""},
  {"lat":34.143748,"lon":-118.255381,"city":"Glendale","state":"CA","address":"763 Americana Way","name":""},
  {"lat":33.791772,"lon":-118.138772,"city":"Long Beach","state":"CA","address":"1996 Ximeno Ave #101","name":""},
  {"lat":34.032885,"lon":-118.45299,"city":"Los Angeles","state":"CA","address":"11913 W Olympic Blvd","name":""},
  {"lat":33.720016,"lon":-116.384306,"city":"Palm Desert","state":"CA","address":"73400 El Paseo Dr #9","name":""},
  {"lat":34.153078,"lon":-118.826462,"city":"Westlake Village","state":"CA","address":"968 S Westlake Blvd #6","name":""},
  {"lat":34.441919,"lon":-118.578641,"city":"Valencia","state":"CA","address":"28291 Newhall Ranch Rd","name":""},
  {"lat":33.972924,"lon":-118.422713,"city":"Playa Vista","state":"CA","address":"13020 Pacific Promenade #9","name":""},
  {"lat":34.157066,"lon":-118.483843,"city":"Encino","state":"CA","address":"16101 Ventura Blvd #180","name":""},
  {"lat":34.060525,"lon":-117.182291,"city":"Redlands","state":"CA","address":"528 Orange St","name":""},
  {"lat":34.091175,"lon":-118.38319,"city":"West Hollywood","state":"CA","address":"8789 Sunset Blvd","name":""},
  {"lat":32.984161,"lon":-117.077454,"city":"San Diego","state":"CA","address":"12070 Caramel Mountain Rd #296","name":""},
  {"lat":33.929464,"lon":-118.396483,"city":"El Segundo","state":"CA","address":"909 S Sepulveda Blvd Suite 135","name":""},
  {"lat":32.831063,"lon":-117.128431,"city":"San Diego","state":"CA","address":"9343 Clairemont Mesa Blvd","name":""},
  {"lat":34.261854,"lon":-119.232784,"city":"Ventura","state":"CA","address":"4360 E Main St #3","name":""},
  {"lat":34.13841,"lon":-117.450991,"city":"Fontana","state":"CA","address":"16215 Sierra Lakes Pkwy","name":""},
  {"lat":34.187074,"lon":-118.643364,"city":"West Hills","state":"CA","address":"6401 Platt Ave","name":""},
  {"lat":34.1347,"lon":-118.051588,"city":"Arcadia","state":"CA","address":"400 S Baldwin Ave #9025","name":""},
  {"lat":33.637809,"lon":-112.218234,"city":"Peoria","state":"AZ","address":"7407 W Bell Rd #2","name":""},
  {"lat":34.150137,"lon":-118.245137,"city":"Glendale","state":"CA","address":"300A N Glendale Ave","name":""},
  {"lat":34.189399,"lon":-119.222801,"city":"Oxnard","state":"CA","address":"3966 Tradewind Dr #101","name":""},
  {"lat":33.773786,"lon":-117.866998,"city":"Santa Ana","state":"CA","address":"2783 N Main St","name":""},
  {"lat":34.602462,"lon":-118.147309,"city":"Palmdale","state":"CA","address":"39605 10th St W #D","name":""},
  {"lat":34.140305,"lon":-117.990043,"city":"Monrovia","state":"CA","address":"702 E Huntington Dr","name":""},
  {"lat":34.151828,"lon":-118.366498,"city":"Toluca Lake","state":"CA","address":"4444 Lankershim Blvd #114","name":""},
  {"lat":33.982739,"lon":-117.374442,"city":"Riverside","state":"CA","address":"3712 Mission Inn Ave #N-4","name":""},
  {"lat":34.059003,"lon":-118.418866,"city":"Century City","state":"CA","address":"10250 Santa Monica Blvd Space #9022","name":""},
  {"lat":33.910707,"lon":-117.869497,"city":"Brea","state":"CA","address":"2500 E Imperial Hwy #182","name":""},
  {"lat":32.95186,"lon":-117.065671,"city":"Poway","state":"CA","address":"12314 Poway Rd","name":""},
  {"lat":33.865188,"lon":-118.326806,"city":"Torrance","state":"CA","address":"18201 Crenshaw Blvd","name":""},
  {"lat":33.80299,"lon":-117.916557,"city":"Anaheim","state":"CA","address":"1801 S Harbor Blvd #101","name":""},
  {"lat":32.854342,"lon":-117.20353,"city":"San Diego","state":"CA","address":"3939 Governor Drive","name":""},
  {"lat":33.845991,"lon":-118.036829,"city":"La Palma","state":"CA","address":"5510 La Palma Ave","name":""},
  {"lat":33.995183,"lon":-118.142656,"city":"Commerce","state":"CA","address":"6320 E Washington Blvd","name":""},
  {"lat":33.953936,"lon":-117.38962,"city":"Riverside","state":"CA","address":"3545 Central Ave","name":""},
  {"lat":33.953773,"lon":-118.113586,"city":"Downey","state":"CA","address":"9516 Lakewood Blvd","name":""},
  {"lat":33.675457,"lon":-117.988174,"city":"Huntington Beach","state":"CA","address":"19800 Beach Blvd","name":""},
  {"lat":34.137032,"lon":-117.575169,"city":"Rancho Cucamonga","state":"CA","address":"6417 Haven Ave Suite 150","name":""},
  {"lat":32.5431,"lon":-117.037139,"city":"San Diego","state":"CA","address":"4463 Camino De La Plaza Suite 111","name":""},
  {"lat":34.023902,"lon":-118.398685,"city":"Los Angeles","state":"CA","address":"9829 Venice Blvd","name":""},
  {"lat":33.608074,"lon":-117.722871,"city":"Laguna Woods","state":"CA","address":"24380 Moulton Parkway","name":""},
  {"lat":33.814236,"lon":-118.29963,"city":"Torrance","state":"CA","address":"1307 Sepulveda Blvd","name":""},
  {"lat":34.13376,"lon":-117.370084,"city":"Rialto","state":"CA","address":"1877 N Riverside Ave","name":""},
  {"lat":34.159688,"lon":-118.254741,"city":"Glendale","state":"CA","address":"101 E Glenoaks Blvd","name":""},
  {"lat":34.150008,"lon":-118.070967,"city":"Pasadena","state":"CA","address":"3770 E Foothill Blvd","name":""},
  {"lat":34.127761,"lon":-117.872961,"city":"Glendora","state":"CA","address":"649 S Grand Avenue","name":""},
  {"lat":33.873033,"lon":-118.36448,"city":"Redondo Beach","state":"CA","address":"2521 Artesia Blvd","name":""},
  {"lat":33.924612,"lon":-117.895011,"city":"Brea","state":"CA","address":"160 E Lambert Road","name":""},
  {"lat":34.069488,"lon":-117.972057,"city":"Baldwin Park","state":"CA","address":"13916 Garvey Ave Suite 101","name":""},
  {"lat":34.020939,"lon":-117.810501,"city":"Diamond Bar","state":"CA","address":"235 S Diamond Bar Blvd Suite A","name":""},
  {"lat":34.423401,"lon":-118.584862,"city":"Valencia","state":"CA","address":"27630 The Old Road","name":""},
  {"lat":33.810775,"lon":-118.117706,"city":"Long Beach","state":"CA","address":"5865 E Spring St","name":""},
  {"lat":33.811494,"lon":-118.350799,"city":"Torrance","state":"CA","address":"23600 Hawthorne Blvd","name":""},
  {"lat":33.887886,"lon":-117.842211,"city":"Placentia","state":"CA","address":"1188 E Yorba Linda Blvd","name":""},
  {"lat":33.686683,"lon":-117.168138,"city":"Menifee","state":"CA","address":"29857 Antelope Road Suite 100","name":""},
  {"lat":33.975408,"lon":-117.331575,"city":"Riverside","state":"CA","address":"900 University Boulevard","name":""},
  {"lat":33.932519,"lon":-117.278352,"city":"Moreno Valley","state":"CA","address":"12950 Day Street Suite 101","name":""},
  {"lat":33.636405,"lon":-117.681493,"city":"Lake Forest","state":"CA","address":"22441 El Toro Road","name":""},
  {"lat":33.305024,"lon":-111.974869,"city":"Phoenix","state":"AZ","address":"5025 E Chandler Blvd","name":""},
  {"lat":33.63507,"lon":-111.925959,"city":"Scottsdale","state":"AZ","address":"16420 N Scottsdale Road","name":""},
  {"lat":36.857274,"lon":-119.784139,"city":"Fresno","state":"CA","address":"8462 North Friant Rd #103","name":""},
  {"lat":33.861368,"lon":-118.280584,"city":"Gardena","state":"CA","address":"18600 S Figueroa St","name":""},
  {"lat":33.769935,"lon":-118.198882,"city":"Long Beach","state":"CA","address":"275 Magnolia Ave","name":""},
  {"lat":35.277287,"lon":-116.057053,"city":"Baker","state":"CA","address":"72922 Baker Blvd","name":""},
  {"lat":34.073849,"lon":-118.380528,"city":"Los Angeles","state":"CA","address":"8631 West 3rd St Suite 311E","name":""},
  {"lat":34.062449,"lon":-118.340988,"city":"Los Angeles","state":"CA","address":"5115 Wilshire Blvd Unit G","name":""},
  {"lat":34.06233,"lon":-118.298574,"city":"Los Angeles","state":"CA","address":"3435 Wilshire Blvd Suite 141","name":""},
  {"lat":34.065722,"lon":-118.308386,"city":"Los Angeles","state":"CA","address":"450 S. Western Ave 1st Floor #102","name":""},
  {"lat":34.061098,"lon":-118.302268,"city":"Los Angeles","state":"CA","address":"3550 Wilshire Blvd #105","name":""},
  {"lat":34.045441,"lon":-118.238286,"city":"Los Angeles","state":"CA","address":"333 S Alameda St #108","name":""},
  {"lat":34.097988,"lon":-118.29011,"city":"Los Angeles","state":"CA","address":"4650 Sunset Blvd Main Entrance Check-in","name":""},
  {"lat":34.098089,"lon":-118.289715,"city":"Los Angeles","state":"CA","address":"4650 Sunset Blvd, 1st Floor HBO Café","name":""},
  {"lat":33.944973,"lon":-118.401244,"city":"Los Angeles","state":"CA","address":"1 World Way, Terminal 8","name":""},
  {"lat":33.944973,"lon":-118.401244,"city":"Los Angeles","state":"CA","address":"1 World Way, Terminal 7","name":""},
  {"lat":35.136666,"lon":-120.626259,"city":"Pismo Beach","state":"CA","address":"354 Five Cities Dr","name":""},
  {"lat":33.676857,"lon":-117.863656,"city":"Santa Ana","state":"CA","address":"18601 Airport Way, Terminal C Gate 16","name":""},
  {"lat":33.680655,"lon":-117.860905,"city":"Santa Ana","state":"CA","address":"18601 Airport Way, Terminal A Gate 5","name":""},
  {"lat":33.679432,"lon":-117.86152,"city":"Santa Ana","state":"CA","address":"18601 Airport Way, Terminal B Baggage Claim","name":""},
  {"lat":33.278845,"lon":-115.965637,"city":"Thermal","state":"CA","address":"2084 South Marina Dr","name":""},
  {"lat":45.40679,"lon":-122.676503,"city":"Lake Oswego","state":"OR","address":"1175 McVey Ave","name":""},
  {"lat":42.179363,"lon":-73.214119,"city":"Test","state":"AL","address":"test","name":""},
  {"lat":35.313334,"lon":-119.128545,"city":"Bakersfield","state":"CA","address":"4615 Buena Vista Rd.","name":""},
  {"lat":33.570892,"lon":-111.88757,"city":"Scottsdale","state":"AZ","address":"9380 N 90th","name":""},
  {"lat":33.509009,"lon":-112.035644,"city":"Phoenix","state":"AZ","address":"2131 E Camelback Rd Suite 100","name":""},
  {"lat":34.029905,"lon":-118.4802,"city":"Santa Monica","state":"CA","address":"2021 Santa Monic Blvd #103E","name":""},
  {"lat":34.073927,"lon":-117.370874,"city":"Rialto","state":"CA","address":"1508 S. Riverside Ave Suite 107","name":""},
  {"lat":34.049866,"lon":-118.255641,"city":"Los Angeles","state":"CA","address":"550 South Hope Street suite 150","name":""},
  {"lat":21.307854,"lon":-157.810379,"city":"Honolulu","state":"HI","address":"2754 Woodlawn Drive Unit 7-106","name":""},
  {"lat":21.648396,"lon":-158.061444,"city":"Haleiwa","state":"HI","address":"59-720 Kameharneha Hwy","name":""},
  {"lat":21.392855,"lon":-157.743994,"city":"Kailua","state":"HI","address":"108 Hekili Street","name":""},
  {"lat":21.291233,"lon":-157.844327,"city":"Honolulu","state":"HI","address":"1450 Ala Moana Blvd.","name":""},
  {"lat":32.454246,"lon":-93.829195,"city":"Shreveport","state":"LA","address":"5103 Hollywood Ave, #103E","name":""},
  {"lat":32.454246,"lon":-93.829195,"city":"Shreveport","state":"LA","address":"5103 Hollywood Ave","name":""},
  {"lat":32.454246,"lon":-93.829195,"city":"Shreveport","state":"LA","address":"5103 Hollywood Ave","name":""},
  {"lat":21.333905,"lon":-158.023496,"city":"Ewa Beach","state":"HI","address":"91-1401 Fort Weaver Road","name":""},
  {"lat":36.106757,"lon":-115.138405,"city":"Las Vegas","state":"NV","address":"4505 S. Maryland Pkwy.","name":""},
  {"lat":21.3945,"lon":-157.968199,"city":"Pearl City","state":"HI","address":"1089 Waimano Home Road","name":""},
  {"lat":21.269878,"lon":-157.811174,"city":"Honolulu","state":"HI","address":"3206 Monsarrat Avenue","name":""},
  {"lat":33.942154,"lon":-118.403603,"city":"Los Angeles","state":"CA","address":"1 World Way, Tom Bradley International Terminal - Arrivals","name":""},
  {"lat":21.347845,"lon":-158.08124,"city":"Kapolei","state":"HI","address":"92-585 Makakilo Drive","name":""},
  {"lat":33.946363,"lon":-118.401084,"city":"Los Angeles","state":"CA","address":"100 West World Way, Terminal 1","name":""},
  {"lat":21.288063,"lon":-157.814056,"city":"Honolulu","state":"HI","address":"2939 Harding Avenue","name":""},
  {"lat":40.789281,"lon":-111.947891,"city":"Salt Lake City","state":"UT","address":"Salt Lake City International Airport, 3920 W 900 North, Space CBN-2-012","name":""},
  {"lat":21.329844,"lon":-158.078598,"city":"Kapolei","state":"HI","address":"4850 Kapolei Parkway, Bldg A","name":""},
  {"lat":33.942414,"lon":-118.405091,"city":"Los Angeles","state":"CA","address":"1 World Way, Terminal 5","name":""},
  {"lat":33.942414,"lon":-118.405091,"city":"Los Angeles","state":"CA","address":"1 World Way, Terminal 5 Baggage Claim/pre-securtiy","name":""},
  {"lat":20.872813,"lon":-156.502633,"city":"Wailuku","state":"HI","address":"344 Kehalani Village Dr","name":""},
  {"lat":33.642152,"lon":-84.451119,"city":"Atlanta","state":"GA","address":"6000 N. Terminal Parkway, Concourse D","name":""},
  {"lat":19.622462,"lon":-155.03965,"city":"Keaau","state":"HI","address":"16-586 Old Volcando Rd, Suite P206","name":""},
  {"lat":33.642152,"lon":-84.451119,"city":"Atlanta","state":"GA","address":"6000 N. Terminal Parkway, Concourse T","name":""},
  {"lat":33.919456,"lon":-118.129002,"city":"Downey","state":"CA","address":"9333 Imperial Hwy","name":""},
  {"lat":21.290339,"lon":-157.843693,"city":"Honolulu","state":"HI","address":"1450 Ala Moana Blvd., #8000","name":""},
  {"lat":33.942994,"lon":-118.397416,"city":"Los Angeles","state":"CA","address":"1 World Way, Terminal 8","name":""},
  {"lat":33.942154,"lon":-118.403603,"city":"Los Angeles","state":"CA","address":"1 World Way, Terminal 7","name":""},
  {"lat":21.293457,"lon":-157.850738,"city":"Honolulu","state":"HI","address":"1170 Auahi St","name":""},
  {"lat":33.942154,"lon":-118.403603,"city":"Los Angeles","state":"CA","address":"1 World Way, Tom Bradley International Terminal","name":""},
  {"lat":21.33314,"lon":-158.051729,"city":"Kapolei","state":"HI","address":"91-5431 Kapolei Parkway, Unit 417","name":""},
  {"lat":21.279068,"lon":-157.787063,"city":"Honolulu","state":"HI","address":"4210 Waialae Avenue","name":""},
  {"lat":33.63919,"lon":-84.439124,"city":"Atlanta","state":"GA","address":"8700 Spine Road","name":""},
  {"lat":39.844467,"lon":-104.673037,"city":"Denver","state":"CO","address":"9100 Pena Blvd, Concourse C","name":""},
  {"lat":20.876839,"lon":-156.679513,"city":"Lahaina","state":"HI","address":"878 Front Street Suite 6B","name":""},
  {"lat":34.008496,"lon":-118.49779,"city":"Santa Monica","state":"CA","address":"Santa Monica Pier 380 Santa Monica Pier","name":""},
  {"lat":36.086124,"lon":-115.136963,"city":"Las Vegas","state":"NV","address":"5757 Wayne Newton Blvd., Terminal 1, C-gates, near gate 4","name":""},
  {"lat":36.195621,"lon":-115.250766,"city":"Las Vegas","state":"NV","address":"7291 W. Lake Mead Dr. #110","name":""},
  {"lat":36.114062,"lon":-115.192899,"city":"Las Vegas","state":"NV","address":"4321 W. Flamingo Rd.","name":""},
  {"lat":36.086124,"lon":-115.136963,"city":"Las Vegas","state":"NV","address":"5757 Wayne Newton Blvd., Concourse C, Gate 25","name":""},
  {"lat":36.121364,"lon":-115.169254,"city":"Las Vegas","state":"NV","address":"3377 Las Vegas Blvd, Ste 2164A","name":""},
  {"lat":36.086124,"lon":-115.136963,"city":"Las Vegas","state":"NV","address":"5757 Wayne Newton Blvd., Terminal 3","name":""},
  {"lat":36.021797,"lon":-115.086146,"city":"Henderson","state":"NV","address":"2220 Village Walk Drive #140","name":""},
  {"lat":33.945977,"lon":-118.392713,"city":"Los Angeles","state":"CA","address":"6151 West Century Blvd.","name":""},
  {"lat":36.109195,"lon":-115.168883,"city":"Las Vegas","state":"NV","address":"3663 Las Vegas Blvd. Suite 45","name":""},
  {"lat":34.023518,"lon":-118.286148,"city":"Los Angeles","state":"CA","address":"900 W. 34th St Suite 130A","name":""},
  {"lat":36.161119,"lon":-115.33172,"city":"Las Vegas","state":"NV","address":"10834 W. Charleston Blvd.","name":""},
  {"lat":36.124255,"lon":-115.325382,"city":"Las Vegas","state":"NV","address":"3645 S. Town Center Drive","name":""},
  {"lat":36.07711,"lon":-115.243164,"city":"Las Vegas","state":"NV","address":"6115 S Rainbow Blvd #101","name":""},
  {"lat":36.068142,"lon":-115.177737,"city":"Las Vegas","state":"NV","address":"6599 Las Vegas Blvd. South, Bldg. P, Suite 8149","name":""},
  {"lat":36.143799,"lon":-115.294895,"city":"Las Vegas","state":"NV","address":"9091 W. Sahara Avenue","name":""},
  {"lat":36.122079,"lon":-115.169621,"city":"Las Vegas","state":"NV","address":"3355 S Las Vegas Blvd","name":""},
  {"lat":36.114174,"lon":-115.308608,"city":"Las Vegas","state":"NV","address":"4165 Grand Canyon Drive, Suite 106","name":""}]}