{"key":"comfort_suites","displayName":"Comfort Suites","category":"hotels","useLocationName":false,"locations":[
  {"lat":41.684266,"lon":-91.603192,"city":"Coralville","state":"IA","address":"2431 James Street","name":""},
  {"lat":39.333097,"lon":-80.236931,"city":"Bridgeport","state":"WV","address":"285 White Oaks Boulevard","name":""},
  {"lat":41.012904,"lon":-76.484272,"city":"Bloomsburg","state":"PA","address":"120 Plaza Drive","name":""},
  {"lat":41.363799,"lon":-85.076918,"city":"Auburn","state":"IN","address":"1137 W. 15TH Street","name":""},
  {"lat":32.268195,"lon":-86.358599,"city":"Montgomery","state":"AL","address":"110 Folmar Parkway","name":""},
  {"lat":32.364771,"lon":-86.208456,"city":"Montgomery","state":"AL","address":"5918 Monticello Dr.","name":""},
  {"lat":32.659955,"lon":-83.741964,"city":"Byron","state":"GA","address":"103 Dunbar Rd","name":""},
  {"lat":32.616396,"lon":-83.693536,"city":"Warner Robins","state":"GA","address":"3101 Watson Blvd","name":""},
  {"lat":34.063812,"lon":-117.612488,"city":"Ontario","state":"CA","address":"1811 East Holt Blvd.","name":""},
  {"lat":34.032329,"lon":-117.950857,"city":"La Puente","state":"CA","address":"753 Glendora Avenue","name":""},
  {"lat":36.306423,"lon":-86.703597,"city":"Goodlettsville","state":"TN","address":"621 Rivergate Parkway","name":""},
  {"lat":36.151796,"lon":-86.679068,"city":"Nashville","state":"TN","address":"2521 Elm Hill Pike","name":""},
  {"lat":36.152939,"lon":-86.627847,"city":"Nashville","state":"TN","address":"3431 Percy Priest Dr.","name":""},
  {"lat":36.173874,"lon":-86.512219,"city":"Mount Juliet","state":"TN","address":"600 Red Ink Drive","name":""},
  {"lat":35.972238,"lon":-86.575918,"city":"Smyrna","state":"TN","address":"3001 Highwood Blvd","name":""},
  {"lat":35.851828,"lon":-86.430155,"city":"Murfreesboro","state":"TN","address":"226 North Thompson Lane","name":""},
  {"lat":36.180819,"lon":-86.300983,"city":"Lebanon","state":"TN","address":"904 Murfreesboro Road","name":""},
  {"lat":46.549241,"lon":-87.441886,"city":"Marquette","state":"MI","address":"2463 US 41 W.","name":""},
  {"lat":38.656368,"lon":-75.595002,"city":"Seaford","state":"DE","address":"23420 Sussex Highway","name":""},
  {"lat":35.662146,"lon":-88.857314,"city":"Jackson","state":"TN","address":"61 Casey Jones Lane","name":""},
  {"lat":39.433699,"lon":-87.410369,"city":"Terre Haute","state":"IN","address":"501 E. Margaret Ave.","name":""},
  {"lat":27.945706,"lon":-82.338606,"city":"Tampa","state":"FL","address":"9932 E. Adamo Dr.","name":""},
  {"lat":28.025894,"lon":-82.534629,"city":"Tampa","state":"FL","address":"5421 West Waters Avenue","name":""},
  {"lat":35.707882,"lon":-83.515392,"city":"Gatlinburg","state":"TN","address":"321 Reagan Drive","name":""},
  {"lat":36.000499,"lon":-83.774288,"city":"Knoxville","state":"TN","address":"7230 Region Lane","name":""},
  {"lat":35.811954,"lon":-83.982196,"city":"Alcoa","state":"TN","address":"140 Cusick Rd.","name":""},
  {"lat":36.013257,"lon":-83.97248,"city":"Knoxville","state":"TN","address":"5466 Central Ave Pike","name":""},
  {"lat":35.97997,"lon":-83.613173,"city":"Kodak","state":"TN","address":"161 West Dumplin Valley Rd","name":""},
  {"lat":37.289833,"lon":-80.095076,"city":"Salem","state":"VA","address":"100 Wildwood Road","name":""},
  {"lat":37.262919,"lon":-80.035218,"city":"Salem","state":"VA","address":"2898 Keagy Rd.","name":""},
  {"lat":33.410528,"lon":-111.969373,"city":"Tempe","state":"AZ","address":"1625 S. 52nd St.","name":""},
  {"lat":33.541889,"lon":-111.882318,"city":"Scottsdale","state":"AZ","address":"9215 E Hummingbird Lane","name":""},
  {"lat":33.509896,"lon":-112.27098,"city":"Glendale","state":"AZ","address":"9824 W Camelback Rd","name":""},
  {"lat":33.637176,"lon":-112.236394,"city":"Peoria","state":"AZ","address":"8473 West Paradise Ln.","name":""},
  {"lat":40.131408,"lon":-88.219808,"city":"Urbana","state":"IL","address":"2001 North Lincoln Avenue","name":""},
  {"lat":33.123796,"lon":-83.263308,"city":"Milledgeville","state":"GA","address":"2621 North Columbia Street","name":""},
  {"lat":34.032472,"lon":-84.572939,"city":"Kennesaw","state":"GA","address":"3366 Busbee Drive NW","name":""},
  {"lat":34.089731,"lon":-84.531215,"city":"Woodstock","state":"GA","address":"340 Parkway 575","name":""},
  {"lat":34.039505,"lon":-84.323031,"city":"Alpharetta","state":"GA","address":"1005 Kingswood Place","name":""},
  {"lat":30.522954,"lon":-86.495824,"city":"Niceville","state":"FL","address":"148 John Sims Parkway West","name":""},
  {"lat":29.036175,"lon":-95.452017,"city":"Lake Jackson","state":"TX","address":"296 Abner Jackson Pkwy","name":""},
  {"lat":40.164724,"lon":-104.976237,"city":"Firestone","state":"CO","address":"11292 Business Park Circle","name":""},
  {"lat":39.91508,"lon":-104.992712,"city":"Westminster","state":"CO","address":"12085 Delaware St.","name":""},
  {"lat":39.911151,"lon":-105.093497,"city":"Broomfield","state":"CO","address":"8679 Destination Way","name":""},
  {"lat":39.804257,"lon":-104.770526,"city":"Denver","state":"CO","address":"5940 Tower Road","name":""},
  {"lat":39.74125,"lon":-104.81829,"city":"Aurora","state":"CO","address":"14571 E. Colfax Avenue","name":""},
  {"lat":39.726863,"lon":-105.024826,"city":"Denver","state":"CO","address":"620 Federal Boulevard","name":""},
  {"lat":40.405968,"lon":-104.979578,"city":"Johnstown","state":"CO","address":"4851 Thompson Prkwy.","name":""},
  {"lat":41.226843,"lon":-112.009858,"city":"Ogden","state":"UT","address":"2250 S. 1200 W.","name":""},
  {"lat":40.773046,"lon":-111.951064,"city":"Salt Lake City","state":"UT","address":"171 N. 2100 W.","name":""},
  {"lat":42.927959,"lon":-87.929827,"city":"Oak Creek","state":"WI","address":"6362 S. 13th Street","name":""},
  {"lat":42.338488,"lon":-88.006281,"city":"Grayslake","state":"IL","address":"1775 East Belvidere Road","name":""},
  {"lat":27.554653,"lon":-99.491821,"city":"Laredo","state":"TX","address":"6551 Metro Court","name":""},
  {"lat":43.11661,"lon":-88.05923,"city":"Milwaukee","state":"WI","address":"11777 W Silver Spring Drive","name":""},
  {"lat":42.591619,"lon":-88.419732,"city":"Lake Geneva","state":"WI","address":"300 East Main Street","name":""},
  {"lat":34.075672,"lon":-81.151942,"city":"Columbia","state":"SC","address":"750 Saturn Pkwy","name":""},
  {"lat":34.079845,"lon":-80.943557,"city":"Columbia","state":"SC","address":"1540 Daulton Drive","name":""},
  {"lat":41.033859,"lon":-85.255349,"city":"Fort Wayne","state":"IN","address":"5775 Coventry Lane","name":""},
  {"lat":41.177799,"lon":-85.101856,"city":"Fort Wayne","state":"IN","address":"3302 E. Dupont Rd.","name":""},
  {"lat":39.636431,"lon":-84.226989,"city":"Miamisburg","state":"OH","address":"42 Prestige Plaza Dr.","name":""},
  {"lat":39.784995,"lon":-84.118063,"city":"Dayton","state":"OH","address":"5220 Huberville Avenue","name":""},
  {"lat":39.356282,"lon":-84.26112,"city":"Mason","state":"OH","address":"5457 Kings Center Drive","name":""},
  {"lat":40.057332,"lon":-84.234277,"city":"Troy","state":"OH","address":"1800 Towne Park Drive","name":""},
  {"lat":40.458691,"lon":-80.192295,"city":"Coraopolis","state":"PA","address":"750 Aten Rd.","name":""},
  {"lat":40.672621,"lon":-80.306972,"city":"Monaca","state":"PA","address":"1523 Old Brodhead Rd","name":""},
  {"lat":40.435641,"lon":-79.756444,"city":"Monroeville","state":"PA","address":"2731 Mosside Blvd.","name":""},
  {"lat":34.74617,"lon":-86.680701,"city":"Huntsville","state":"AL","address":"6224 Torok Circle","name":""},
  {"lat":34.913258,"lon":-95.744775,"city":"McAlester","state":"OK","address":"650 S. George Nigh Expy","name":""},
  {"lat":43.04663,"lon":-85.660001,"city":"Comstock Park","state":"MI","address":"350 Dodge Street","name":""},
  {"lat":42.883193,"lon":-85.781793,"city":"Grandville","state":"MI","address":"4520 Kenowa Ave SW","name":""},
  {"lat":42.825538,"lon":-85.668838,"city":"Grand Rapids","state":"MI","address":"7644 Caterpillar Court","name":""},
  {"lat":28.329162,"lon":-81.513872,"city":"Kissimmee","state":"FL","address":"2775 Florida Plaza Blvd","name":""},
  {"lat":28.573554,"lon":-81.373077,"city":"Orlando","state":"FL","address":"2416 N. Orange Ave.","name":""},
  {"lat":28.481157,"lon":-81.453995,"city":"Orlando","state":"FL","address":"5617 Major Blvd.","name":""},
  {"lat":28.450861,"lon":-81.354653,"city":"Orlando","state":"FL","address":"1936 McCoy Road","name":""},
  {"lat":40.262765,"lon":-76.74588,"city":"Hummelstown","state":"PA","address":"320 Milroy Road","name":""},
  {"lat":40.2574,"lon":-76.91782,"city":"Camp Hill","state":"PA","address":"100 Bar South Drive","name":""},
  {"lat":40.106565,"lon":-76.4265,"city":"Manheim","state":"PA","address":"543 Champ Blvd","name":""},
  {"lat":40.200603,"lon":-77.189317,"city":"Carlisle","state":"PA","address":"10 S. Hanover Street","name":""},
  {"lat":41.133775,"lon":-78.754944,"city":"Dubois","state":"PA","address":"10 Lakeside Avenue","name":""},
  {"lat":30.791078,"lon":-81.652756,"city":"Kingsland","state":"GA","address":"1322 Hospitality Avenue","name":""},
  {"lat":30.482014,"lon":-81.649424,"city":"Jacksonville","state":"FL","address":"1180 Airport Road","name":""},
  {"lat":31.135054,"lon":-81.572059,"city":"Brunswick","state":"GA","address":"25 Ashton Drive","name":""},
  {"lat":41.526535,"lon":-73.91901,"city":"Fishkill","state":"NY","address":"835 Route 52","name":""},
  {"lat":41.32654,"lon":-74.11379,"city":"Central Valley","state":"NY","address":"100 Estrada Road","name":""},
  {"lat":30.17924,"lon":-82.69273,"city":"Lake City","state":"FL","address":"3690 W US HWY 90","name":""},
  {"lat":39.649725,"lon":-105.079352,"city":"Lakewood","state":"CO","address":"7260 W. Jefferson","name":""},
  {"lat":39.565218,"lon":-104.90701,"city":"Highlands Ranch","state":"CO","address":"7060 E. County Line Rd.","name":""},
  {"lat":39.582978,"lon":-104.875027,"city":"Englewood","state":"CO","address":"7374 South Clinton Street","name":""},
  {"lat":39.699614,"lon":-105.333221,"city":"Evergreen","state":"CO","address":"29300 US Highway 40","name":""},
  {"lat":39.409196,"lon":-104.86728,"city":"Castle Rock","state":"CO","address":"4755 Castleton Way","name":""},
  {"lat":39.141957,"lon":-94.815389,"city":"Kansas City","state":"KS","address":"3000 N. 103rd Terrace","name":""},
  {"lat":38.896858,"lon":-94.526096,"city":"Grandview","state":"MO","address":"12522 S US 71 Hwy","name":""},
  {"lat":32.343446,"lon":-90.064388,"city":"Flowood","state":"MS","address":"121 Hospitality Drive","name":""},
  {"lat":29.542838,"lon":-95.133001,"city":"Webster","state":"TX","address":"16931 N. Texas Ave","name":""},
  {"lat":29.697825,"lon":-95.123446,"city":"Deer Park","state":"TX","address":"1501 Center St.","name":""},
  {"lat":29.654089,"lon":-95.027993,"city":"La Porte","state":"TX","address":"902 South 8th Street","name":""},
  {"lat":29.733984,"lon":-95.571867,"city":"Houston","state":"TX","address":"2830 Wilcrest Dr.","name":""},
  {"lat":29.77956,"lon":-95.12295,"city":"Channelview","state":"TX","address":"15813 2nd Street","name":""},
  {"lat":29.693798,"lon":-95.556066,"city":"Houston","state":"TX","address":"7707 West Sam Houston Pkwy S","name":""},
  {"lat":29.731611,"lon":-95.491302,"city":"Houston","state":"TX","address":"6221 Richmond Ave.","name":""},
  {"lat":29.253098,"lon":-94.853362,"city":"Galveston","state":"TX","address":"3606 89th Street","name":""},
  {"lat":29.689641,"lon":-95.417079,"city":"Houston","state":"TX","address":"1055 McNee Road","name":""},
  {"lat":29.59101,"lon":-95.02667,"city":"Seabrook","state":"TX","address":"5755 Bayport Blvd","name":""},
  {"lat":39.173894,"lon":-76.785659,"city":"Elkridge","state":"MD","address":"7146 Old Waterloo Rd.","name":""},
  {"lat":38.635536,"lon":-77.299697,"city":"Woodbridge","state":"VA","address":"14525 Gideon Drive","name":""},
  {"lat":34.707185,"lon":-82.244197,"city":"Simpsonville","state":"SC","address":"3971 Grandview Drive","name":""},
  {"lat":34.856539,"lon":-82.25762,"city":"Greenville","state":"SC","address":"1371 Garlington Road","name":""},
  {"lat":34.77601,"lon":-82.467125,"city":"Piedmont","state":"SC","address":"10 Kalyns Way","name":""},
  {"lat":34.575629,"lon":-82.710248,"city":"Anderson","state":"SC","address":"118 Interstate Blvd.","name":""},
  {"lat":34.944278,"lon":-81.99371,"city":"Spartanburg","state":"SC","address":"458 West Blackstock Road","name":""},
  {"lat":34.509903,"lon":-81.858282,"city":"Clinton","state":"SC","address":"12865 Hwy 56 North","name":""},
  {"lat":34.938037,"lon":-80.96634,"city":"Rock Hill","state":"SC","address":"1323 Old Springdale Road","name":""},
  {"lat":35.090553,"lon":-80.876964,"city":"Pineville","state":"NC","address":"10415 Centrum Parkway","name":""},
  {"lat":35.292175,"lon":-80.752775,"city":"Charlotte","state":"NC","address":"7735 University City Blvd","name":""},
  {"lat":35.26979,"lon":-81.144979,"city":"Gastonia","state":"NC","address":"1874 Remount Rd.","name":""},
  {"lat":31.573454,"lon":-94.673691,"city":"Nacogdoches","state":"TX","address":"3429 South Street","name":""},
  {"lat":34.961367,"lon":-89.846966,"city":"Olive Branch","state":"MS","address":"6921 Parkwood Drive","name":""},
  {"lat":34.964062,"lon":-89.991765,"city":"Southaven","state":"MS","address":"7075 Moore Drive","name":""},
  {"lat":35.162073,"lon":-90.173809,"city":"West Memphis","state":"AR","address":"850 Stephen Boulevard","name":""},
  {"lat":27.271052,"lon":-82.464636,"city":"Sarasota","state":"FL","address":"5690 Honore Avenue","name":""},
  {"lat":30.212662,"lon":-93.325011,"city":"Sulphur","state":"LA","address":"2505 Highway 108, South","name":""},
  {"lat":30.251322,"lon":-93.180336,"city":"Lake Charles","state":"LA","address":"1016 N Martin Luther King Hwy","name":""},
  {"lat":30.068716,"lon":-95.429998,"city":"Spring","state":"TX","address":"323 East Louetta Road","name":""},
  {"lat":29.997994,"lon":-95.579501,"city":"Houston","state":"TX","address":"21222 Tomball Pkwy.","name":""},
  {"lat":30.0822,"lon":-95.629375,"city":"Tomball","state":"TX","address":"13636 Michel Road","name":""},
  {"lat":30.187902,"lon":-95.453468,"city":"Shenandoah","state":"TX","address":"18456 I-45 S","name":""},
  {"lat":31.993479,"lon":-102.154907,"city":"Midland","state":"TX","address":"5606 Westridge Blvd","name":""},
  {"lat":31.900107,"lon":-102.337298,"city":"Odessa","state":"TX","address":"4801 East 50th Street","name":""},
  {"lat":32.493779,"lon":-92.081861,"city":"Monroe","state":"LA","address":"1401 Martin Luther King Jr.","name":""},
  {"lat":32.514053,"lon":-92.191766,"city":"West Monroe","state":"LA","address":"149 Well Road","name":""},
  {"lat":47.465496,"lon":-122.245439,"city":"Tukwila","state":"WA","address":"7200 Fun Center Way","name":""},
  {"lat":38.6769,"lon":-84.596029,"city":"Dry Ridge","state":"KY","address":"200 Sgt. Daniel Wallace Way","name":""},
  {"lat":39.008618,"lon":-84.653249,"city":"Florence","state":"KY","address":"5905 Merchants Street","name":""},
  {"lat":33.9587,"lon":-80.396072,"city":"Sumter","state":"SC","address":"2500 Broad Street","name":""},
  {"lat":33.012341,"lon":-97.23499,"city":"Roanoke","state":"TX","address":"801 Byron Nelson Blvd","name":""},
  {"lat":32.837679,"lon":-97.292246,"city":"Fort Worth","state":"TX","address":"3751 Tanacross Dr.","name":""},
  {"lat":33.000956,"lon":-96.967551,"city":"Lewisville","state":"TX","address":"755 E. Vista Ridge Mall Drive","name":""},
  {"lat":32.862862,"lon":-96.891162,"city":"Dallas","state":"TX","address":"2287 W. Northwest Highway","name":""},
  {"lat":32.916303,"lon":-97.012072,"city":"Irving","state":"TX","address":"4700 W. John Carpenter Fwy.","name":""},
  {"lat":32.956271,"lon":-97.036705,"city":"Grapevine","state":"TX","address":"1805 Enchanted Way","name":""},
  {"lat":32.802146,"lon":-97.426201,"city":"Fort Worth","state":"TX","address":"5825 Quebec Street","name":""},
  {"lat":32.788922,"lon":-97.057335,"city":"Grand Prairie","state":"TX","address":"702 Paddock Way Drive","name":""},
  {"lat":33.069894,"lon":-96.885333,"city":"The Colony","state":"TX","address":"4796 Memorial Drive","name":""},
  {"lat":32.758551,"lon":-97.109864,"city":"Arlington","state":"TX","address":"411 W. Road to Six Flags","name":""},
  {"lat":33.157731,"lon":-96.839583,"city":"Frisco","state":"TX","address":"9700 Dallas Parkway","name":""},
  {"lat":32.927937,"lon":-96.7623,"city":"Dallas","state":"TX","address":"13165 North Central Expressway","name":""},
  {"lat":32.686279,"lon":-97.453208,"city":"Benbrook","state":"TX","address":"8004 Winbrook Drive","name":""},
  {"lat":32.767588,"lon":-96.894924,"city":"Dallas","state":"TX","address":"4275 DFW Turnpike IH-30","name":""},
  {"lat":27.991702,"lon":-82.794805,"city":"Clearwater","state":"FL","address":"1941 Edgewater Drive","name":""},
  {"lat":43.085223,"lon":-89.523693,"city":"Madison","state":"WI","address":"1253 John Q. Hammons Dr.","name":""},
  {"lat":43.10551,"lon":-89.19784,"city":"Cottage Grove","state":"WI","address":"1607 Landmark Drive","name":""},
  {"lat":43.484295,"lon":-89.49751,"city":"Portage","state":"WI","address":"North 5780 Kinney Rd","name":""},
  {"lat":39.439846,"lon":-74.519981,"city":"Absecon","state":"NJ","address":"342 East White Horse Pike","name":""},
  {"lat":45.443082,"lon":-122.738523,"city":"Portland","state":"OR","address":"11340 SW 60th Ave.","name":""},
  {"lat":45.567136,"lon":-122.538845,"city":"Portland","state":"OR","address":"12010 N.E. Airport Way","name":""},
  {"lat":45.657497,"lon":-122.579158,"city":"Vancouver","state":"WA","address":"4714 N.E. 94th Ave.","name":""},
  {"lat":45.407475,"lon":-122.573349,"city":"Clackamas","state":"OR","address":"15929 SE McKinley Ave","name":""},
  {"lat":29.784527,"lon":-95.805848,"city":"Katy","state":"TX","address":"25115 Katy Freeway","name":""},
  {"lat":29.915099,"lon":-95.618318,"city":"Houston","state":"TX","address":"13355 FM 1960 West","name":""},
  {"lat":29.832203,"lon":-95.566282,"city":"Houston","state":"TX","address":"11440 Clay Road, Building A","name":""},
  {"lat":41.67021,"lon":-71.505527,"city":"West Warwick","state":"RI","address":"10 Keyes Ways","name":""},
  {"lat":35.458666,"lon":-86.048003,"city":"Manchester","state":"TN","address":"152 Hospitality Boulevard","name":""},
  {"lat":33.003926,"lon":-96.684086,"city":"Plano","state":"TX","address":"2301 E President George Bush Hwy","name":""},
  {"lat":33.02833,"lon":-96.70665,"city":"Plano","state":"TX","address":"640 E Park Blvd","name":""},
  {"lat":33.212836,"lon":-96.635703,"city":"McKinney","state":"TX","address":"1590 N Central Expressway","name":""},
  {"lat":32.619187,"lon":-96.825461,"city":"Desoto","state":"TX","address":"1211 E. Wintergreen Rd.","name":""},
  {"lat":44.958141,"lon":-92.71875,"city":"Hudson","state":"WI","address":"2620 Center Drive","name":""},
  {"lat":38.596141,"lon":-121.505759,"city":"Sacramento","state":"CA","address":"226 Jibboom St.","name":""},
  {"lat":38.675215,"lon":-121.726344,"city":"Woodland","state":"CA","address":"2080 Freeway Drive","name":""},
  {"lat":36.828285,"lon":-119.700376,"city":"Clovis","state":"CA","address":"143 Clovis Ave","name":""},
  {"lat":36.837811,"lon":-119.787712,"city":"Fresno","state":"CA","address":"102 E. Herndon Ave.","name":""},
  {"lat":33.455917,"lon":-112.393956,"city":"Goodyear","state":"AZ","address":"15575 W. Roosevelt St","name":""},
  {"lat":41.5819,"lon":-87.562578,"city":"Lansing","state":"IL","address":"2235 West 173rd St","name":""},
  {"lat":41.468192,"lon":-87.322437,"city":"Merrillville","state":"IN","address":"1344 East 83rd Avenue","name":""},
  {"lat":35.050636,"lon":-106.63348,"city":"Albuquerque","state":"NM","address":"1401 Woodward Road SE","name":""},
  {"lat":35.15998,"lon":-106.583922,"city":"Albuquerque","state":"NM","address":"5251 San Antonio Drive NE","name":""},
  {"lat":35.445434,"lon":-80.86716,"city":"Huntersville","state":"NC","address":"16905 Caldwell Creek Drive","name":""},
  {"lat":35.352226,"lon":-80.842692,"city":"Charlotte","state":"NC","address":"7315 Smith Corners Blvd","name":""},
  {"lat":35.660091,"lon":-80.457694,"city":"Salisbury","state":"NC","address":"1040 E. Innes St.","name":""},
  {"lat":35.414238,"lon":-80.855403,"city":"Huntersville","state":"NC","address":"14510 Boulder Park Drive","name":""},
  {"lat":30.415482,"lon":-90.041027,"city":"Mandeville","state":"LA","address":"68073 Highway 59","name":""},
  {"lat":30.048532,"lon":-89.962683,"city":"New Orleans","state":"LA","address":"7051 Bullard Avenue","name":""},
  {"lat":36.962622,"lon":-81.073151,"city":"Wytheville","state":"VA","address":"695 Peppers Ferry Road","name":""},
  {"lat":30.216495,"lon":-97.693162,"city":"Austin","state":"TX","address":"7501 E. Ben White Blvd.","name":""},
  {"lat":30.204792,"lon":-97.757317,"city":"Austin","state":"TX","address":"5001 S IH 35","name":""},
  {"lat":30.089999,"lon":-97.814848,"city":"Buda","state":"TX","address":"15295 S IH-35","name":""},
  {"lat":30.444075,"lon":-97.666489,"city":"Pflugerville","state":"TX","address":"15112 FM 1825","name":""},
  {"lat":30.456082,"lon":-97.791045,"city":"Austin","state":"TX","address":"13681 N. US Highway 183","name":""},
  {"lat":30.10604,"lon":-97.335682,"city":"Bastrop","state":"TX","address":"505 Agnes Street","name":""},
  {"lat":30.009691,"lon":-97.864212,"city":"Kyle","state":"TX","address":"5213 Physicians Way","name":""},
  {"lat":30.528378,"lon":-97.800318,"city":"Cedar Park","state":"TX","address":"900 Arrow Point Drive","name":""},
  {"lat":30.336098,"lon":-81.762823,"city":"Jacksonville","state":"FL","address":"7019 Commonwealth Avenue","name":""},
  {"lat":32.542446,"lon":-94.732456,"city":"Longview","state":"TX","address":"3307 N 4th St","name":""},
  {"lat":32.495452,"lon":-94.357935,"city":"Marshall","state":"TX","address":"5204 S. East End Blvd.","name":""},
  {"lat":32.434026,"lon":-80.713873,"city":"Beaufort","state":"SC","address":"131 Big John Rd.","name":""},
  {"lat":32.1938,"lon":-81.195263,"city":"Port Wentworth","state":"GA","address":"115 Traveler's Way","name":""},
  {"lat":32.008693,"lon":-81.277244,"city":"Savannah","state":"GA","address":"596 Al Henderson Blvd","name":""},
  {"lat":40.735471,"lon":-89.622346,"city":"Peoria","state":"IL","address":"1812 W. War Memorial Dr.","name":""},
  {"lat":38.896382,"lon":-77.427189,"city":"Chantilly","state":"VA","address":"13980 Metrotech Dr.","name":""},
  {"lat":38.796309,"lon":-77.513742,"city":"Manassas","state":"VA","address":"7350 Williamson Boulevard","name":""},
  {"lat":35.191366,"lon":-89.79686,"city":"Cordova","state":"TN","address":"2427 N. Germantown Pkwy.","name":""},
  {"lat":33.427278,"lon":-84.184573,"city":"McDonough","state":"GA","address":"64 Highway 81 W. at Exit 218","name":""},
  {"lat":33.352664,"lon":-84.126674,"city":"Locust Grove","state":"GA","address":"4699 Bill Gardner Pkwy","name":""},
  {"lat":33.551776,"lon":-84.274794,"city":"Stockbridge","state":"GA","address":"3540 Cameron Parkway","name":""},
  {"lat":33.616708,"lon":-84.40514,"city":"Atlanta","state":"GA","address":"5087 Clark Howell Hwy","name":""},
  {"lat":33.579228,"lon":-84.343139,"city":"Morrow","state":"GA","address":"1444 Southlake Plaza Drive","name":""},
  {"lat":26.057809,"lon":-80.143665,"city":"Dania","state":"FL","address":"302 N Federal Hwy","name":""},
  {"lat":26.194102,"lon":-80.261312,"city":"Tamarac","state":"FL","address":"8301-A W. Commercial Blvd","name":""},
  {"lat":26.048845,"lon":-80.164155,"city":"Dania Beach","state":"FL","address":"191 South West 19th Court","name":""},
  {"lat":33.952451,"lon":-78.051281,"city":"Southport","state":"NC","address":"4963 Southport Supply Rd.","name":""},
  {"lat":44.542253,"lon":-88.071256,"city":"Green Bay","state":"WI","address":"1951 Bond St.","name":""},
  {"lat":44.27222,"lon":-88.463841,"city":"Appleton","state":"WI","address":"3809 W. Wisconsin Ave.","name":""},
  {"lat":42.323873,"lon":-83.448376,"city":"Canton","state":"MI","address":"5730 North Haggerty Road","name":""},
  {"lat":42.496025,"lon":-83.538301,"city":"Wixom","state":"MI","address":"28049 Wixom Rd.","name":""},
  {"lat":42.471763,"lon":-83.241656,"city":"Southfield","state":"MI","address":"24977 Northwestern Hwy","name":""},
  {"lat":42.213352,"lon":-83.227109,"city":"Southgate","state":"MI","address":"18950 Northline Rd","name":""},
  {"lat":35.738985,"lon":-78.786357,"city":"Cary","state":"NC","address":"350 Ashville Avenue","name":""},
  {"lat":35.798068,"lon":-78.569107,"city":"Raleigh","state":"NC","address":"1309 Corporation Pkwy.","name":""},
  {"lat":39.12483,"lon":-84.50256,"city":"Cincinnati","state":"OH","address":"2347 Reading Road","name":""},
  {"lat":42.665189,"lon":-83.246109,"city":"Auburn Hills","state":"MI","address":"1565 North Opdyke Road","name":""},
  {"lat":28.445323,"lon":-99.243637,"city":"Cotulla","state":"TX","address":"617 Las Palmas","name":""},
  {"lat":31.396853,"lon":-103.50171,"city":"Pecos","state":"TX","address":"110 Raul Florez Blvd.","name":""},
  {"lat":38.155522,"lon":-85.712417,"city":"Louisville","state":"KY","address":"6535 Paramount Park Dr.","name":""},
  {"lat":33.891828,"lon":-94.790995,"city":"Idabel","state":"OK","address":"400 SE Lincoln Road","name":""},
  {"lat":36.336289,"lon":-94.189195,"city":"Bentonville","state":"AR","address":"2011 S.E. Walton Blvd","name":""},
  {"lat":27.639007,"lon":-80.513662,"city":"Vero Beach","state":"FL","address":"9050 Americana Way","name":""},
  {"lat":27.412338,"lon":-80.391318,"city":"Fort Pierce","state":"FL","address":"6505 Metal Drive","name":""},
  {"lat":27.999088,"lon":-80.6331,"city":"Palm Bay","state":"FL","address":"1175 Malabar Road, NE","name":""},
  {"lat":36.696451,"lon":-82.007459,"city":"Abingdon","state":"VA","address":"1093 Ole Berry Drive","name":""},
  {"lat":39.81833,"lon":-77.227118,"city":"Gettysburg","state":"PA","address":"945 Baltimore Pike","name":""},
  {"lat":39.612647,"lon":-77.690504,"city":"Hagerstown","state":"MD","address":"1801 Dual Hwy","name":""},
  {"lat":40.563001,"lon":-81.794868,"city":"Berlin","state":"OH","address":"4810 TR 366","name":""},
  {"lat":29.806409,"lon":-94.983255,"city":"Baytown","state":"TX","address":"7209 Garth Rd","name":""},
  {"lat":29.939159,"lon":-95.271911,"city":"Humble","state":"TX","address":"7502 North Sam Houston Pkwy E.","name":""},
  {"lat":30.036772,"lon":-95.256239,"city":"Humble","state":"TX","address":"22223 Hwy 59 N.","name":""},
  {"lat":29.943176,"lon":-95.331872,"city":"Houston","state":"TX","address":"15555 John F. Kennedy Blvd.","name":""},
  {"lat":29.928004,"lon":-95.546007,"city":"Houston","state":"TX","address":"8155 N. Sam Houston Parkway W","name":""},
  {"lat":29.938327,"lon":-95.365286,"city":"Houston","state":"TX","address":"1350 N. Sam Houston Parkway Ea","name":""},
  {"lat":37.243877,"lon":-77.389498,"city":"Colonial Heights","state":"VA","address":"931 South Avenue","name":""},
  {"lat":37.649128,"lon":-77.579854,"city":"Glen Allen","state":"VA","address":"4051 Innslake Drive","name":""},
  {"lat":37.674794,"lon":-77.449995,"city":"Glen Allen","state":"VA","address":"10601 Telegraph Road","name":""},
  {"lat":38.231848,"lon":-77.501514,"city":"Fredericksburg","state":"VA","address":"4615 Southpoint Parkway","name":""},
  {"lat":38.34319,"lon":-77.49773,"city":"Fredericksburg","state":"VA","address":"541 Warrenton Road","name":""},
  {"lat":37.13191,"lon":-76.51283,"city":"Newport News","state":"VA","address":"12570 Jefferson Ave","name":""},
  {"lat":36.861357,"lon":-76.4472,"city":"Suffolk","state":"VA","address":"5409 Plummer Blvd","name":""},
  {"lat":36.781019,"lon":-76.238126,"city":"Chesapeake","state":"VA","address":"1550 Crossways Blvd.","name":""},
  {"lat":37.284754,"lon":-76.714992,"city":"Williamsburg","state":"VA","address":"237 Commons Way","name":""},
  {"lat":36.851982,"lon":-75.975983,"city":"Virginia Beach","state":"VA","address":"2321 Atlantic Avenue","name":""},
  {"lat":33.566413,"lon":-101.917322,"city":"Lubbock","state":"TX","address":"4927 Marsha Sharp Freeway","name":""},
  {"lat":43.478883,"lon":-83.959799,"city":"Saginaw","state":"MI","address":"5180 Cardinal Square Boulevard","name":""},
  {"lat":33.172631,"lon":-87.525174,"city":"Tuscaloosa","state":"AL","address":"3916 McFarland Blvd. East","name":""},
  {"lat":41.167118,"lon":-104.83814,"city":"Cheyenne","state":"WY","address":"5401 Walker Road","name":""},
  {"lat":33.962942,"lon":-84.037254,"city":"Lawrenceville","state":"GA","address":"2225 Riverside Parkway","name":""},
  {"lat":34.259235,"lon":-83.46534,"city":"Commerce","state":"GA","address":"30490 Highway 441","name":""},
  {"lat":34.179439,"lon":-84.133371,"city":"Cumming","state":"GA","address":"905 Buford Road","name":""},
  {"lat":26.18977,"lon":-98.230197,"city":"McAllen","state":"TX","address":"800 W. Expressway 83","name":""},
  {"lat":33.527854,"lon":-90.218726,"city":"Greenwood","state":"MS","address":"2008 Highway 82 West","name":""},
  {"lat":25.808686,"lon":-80.275324,"city":"Miami Springs","state":"FL","address":"657 Minola Drive","name":""},
  {"lat":25.732909,"lon":-80.382517,"city":"Miami","state":"FL","address":"3901 SW 117 Avenue","name":""},
  {"lat":47.101807,"lon":-119.249601,"city":"Moses Lake","state":"WA","address":"1700 E. Kittleson Road","name":""},
  {"lat":35.381043,"lon":-119.04739,"city":"Bakersfield","state":"CA","address":"3115 Camino Del Rio Court","name":""},
  {"lat":31.795081,"lon":-106.401626,"city":"El Paso","state":"TX","address":"1940 Airway Blvd.","name":""},
  {"lat":31.84166,"lon":-106.568733,"city":"El Paso","state":"TX","address":"5034 N. Desert Blvd","name":""},
  {"lat":32.423716,"lon":-96.84845,"city":"Waxahachie","state":"TX","address":"131 RVG Plaza","name":""},
  {"lat":34.379052,"lon":-118.570158,"city":"Stevenson Ranch","state":"CA","address":"25380 The Old Road","name":""},
  {"lat":30.191675,"lon":-85.814412,"city":"Panama City Beach","state":"FL","address":"225 Richard Jackson Blvd","name":""},
  {"lat":30.152,"lon":-85.590767,"city":"Panama City","state":"FL","address":"264 North Tyndall Parkway","name":""},
  {"lat":41.9558,"lon":-87.860602,"city":"Schiller Park","state":"IL","address":"4200 N. River Road","name":""},
  {"lat":41.8605,"lon":-87.968861,"city":"Oakbrook Terrace","state":"IL","address":"17W445 Roosevelt Rd.","name":""},
  {"lat":41.90471,"lon":-88.030781,"city":"Lombard","state":"IL","address":"530 W. North Ave","name":""},
  {"lat":46.619651,"lon":-120.558105,"city":"Yakima","state":"WA","address":"3702 Fruitvale Blvd","name":""},
  {"lat":47.465801,"lon":-120.332834,"city":"Wenatchee","state":"WA","address":"195 East Penny Road","name":""},
  {"lat":46.177521,"lon":-119.187821,"city":"Kennewick","state":"WA","address":"3703 Plaza Way","name":""},
  {"lat":48.452045,"lon":-122.32956,"city":"Burlington","state":"WA","address":"500 E. George Hopper Road","name":""},
  {"lat":44.01449,"lon":-88.580877,"city":"Oshkosh","state":"WI","address":"400 South Koeller Street","name":""},
  {"lat":43.087765,"lon":-88.779292,"city":"Johnson Creek","state":"WI","address":"725 Paradise Lane","name":""},
  {"lat":42.629708,"lon":-88.628554,"city":"Delavan","state":"WI","address":"313 Bauer Parkway","name":""},
  {"lat":44.537742,"lon":-89.575673,"city":"Stevens Point","state":"WI","address":"300 Division St. N.","name":""},
  {"lat":39.911463,"lon":-79.748436,"city":"Uniontown","state":"PA","address":"675 West Main Street","name":""},
  {"lat":38.418658,"lon":-82.50391,"city":"South Point","state":"OH","address":"2940 County Road 144","name":""},
  {"lat":39.405922,"lon":-81.412194,"city":"Marietta","state":"OH","address":"202 Cherry Tree Lane","name":""},
  {"lat":39.187099,"lon":-81.526096,"city":"Mineral Wells","state":"WV","address":"167 Elizabeth Pike","name":""},
  {"lat":37.656517,"lon":-82.794014,"city":"Prestonsburg","state":"KY","address":"51 Hal Rogers Drive","name":""},
  {"lat":44.098156,"lon":-103.152524,"city":"Rapid City","state":"SD","address":"1333 North Elk Vale Road","name":""},
  {"lat":44.350471,"lon":-89.131232,"city":"Waupaca","state":"WI","address":"199 Foxfire Drive","name":""},
  {"lat":37.111176,"lon":-113.562745,"city":"St. George","state":"UT","address":"175 North 1000 East","name":""},
  {"lat":38.579343,"lon":-109.550271,"city":"Moab","state":"UT","address":"400 North Main Street","name":""},
  {"lat":37.048283,"lon":-112.531513,"city":"Kanab","state":"UT","address":"150 West Center Street","name":""},
  {"lat":36.501891,"lon":-82.558783,"city":"Kingsport","state":"TN","address":"3005 Bay Meadow Place","name":""},
  {"lat":36.360086,"lon":-82.396752,"city":"Johnson City","state":"TN","address":"3118 Browns Mill Road","name":""},
  {"lat":37.935618,"lon":-75.373199,"city":"Chincoteague","state":"VA","address":"4195 Main St","name":""},
  {"lat":33.097595,"lon":-96.102657,"city":"Greenville","state":"TX","address":"2005 Center Point Lane","name":""},
  {"lat":32.435045,"lon":-97.765008,"city":"Granbury","state":"TX","address":"903 Harbor Lakes Drive","name":""},
  {"lat":32.28907,"lon":-95.300182,"city":"Tyler","state":"TX","address":"303 East Rieck Road","name":""},
  {"lat":32.474306,"lon":-95.393333,"city":"Lindale","state":"TX","address":"200 W. Centennial Blvd","name":""},
  {"lat":32.390745,"lon":-94.863064,"city":"Kilgore","state":"TX","address":"1210 Hwy 259 N","name":""},
  {"lat":32.331168,"lon":-96.61257,"city":"Ennis","state":"TX","address":"400 South I-45","name":""},
  {"lat":33.474782,"lon":-94.034215,"city":"Texarkana","state":"AR","address":"5420 Crossroad Parkway","name":""},
  {"lat":33.461024,"lon":-94.081721,"city":"Texarkana","state":"TX","address":"215 Richill Drive","name":""},
  {"lat":30.038521,"lon":-94.163065,"city":"Beaumont","state":"TX","address":"5955 Walden Road","name":""},
  {"lat":31.523049,"lon":-97.132864,"city":"Waco","state":"TX","address":"2700 La Salle","name":""},
  {"lat":31.585262,"lon":-97.110515,"city":"Waco","state":"TX","address":"810 I-35 North","name":""},
  {"lat":37.72588,"lon":-87.116261,"city":"Owensboro","state":"KY","address":"230 Salem Drive","name":""},
  {"lat":30.641743,"lon":-97.686267,"city":"Georgetown","state":"TX","address":"11 Waters Edge Circle","name":""},
  {"lat":33.642491,"lon":-97.157657,"city":"Gainesville","state":"TX","address":"1715 N. Interstate 35","name":""},
  {"lat":29.869347,"lon":-97.938066,"city":"San Marcos","state":"TX","address":"104 IH 35 N","name":""},
  {"lat":29.707466,"lon":-98.090725,"city":"New Braunfels","state":"TX","address":"1489 IH-35 N.","name":""},
  {"lat":30.894073,"lon":-102.914353,"city":"Fort Stockton","state":"TX","address":"3101 W.Dickinson Blvd","name":""},
  {"lat":31.116914,"lon":-97.872528,"city":"Copperas Cove","state":"TX","address":"1816 Martin Luther King Jr.","name":""},
  {"lat":30.636243,"lon":-96.324119,"city":"College Station","state":"TX","address":"907 University Drive E.","name":""},
  {"lat":27.689434,"lon":-97.329801,"city":"Corpus Christi","state":"TX","address":"1814 Ennis Joslin Rd","name":""},
  {"lat":27.757336,"lon":-97.460654,"city":"Corpus Christi","state":"TX","address":"538 South Padre Island Drive","name":""},
  {"lat":31.12857,"lon":-93.26696,"city":"Leesville","state":"LA","address":"11498 Lake Charles Highway","name":""},
  {"lat":31.728081,"lon":-93.15258,"city":"Natchitoches","state":"LA","address":"151 Hayes Avenue","name":""},
  {"lat":29.605736,"lon":-98.465811,"city":"San Antonio","state":"TX","address":"1754 N. Loop 1604 East","name":""},
  {"lat":29.548615,"lon":-98.587728,"city":"San Antonio","state":"TX","address":"5130 Vantage Way","name":""},
  {"lat":29.570243,"lon":-98.47989,"city":"San Antonio","state":"TX","address":"14202 San Pedro Avenue","name":""},
  {"lat":29.457906,"lon":-98.623333,"city":"San Antonio","state":"TX","address":"8021 Alamo Downs Parkway","name":""},
  {"lat":29.49091,"lon":-98.400745,"city":"San Antonio","state":"TX","address":"4630 Hitt Drive","name":""},
  {"lat":29.426538,"lon":-98.480643,"city":"San Antonio","state":"TX","address":"505 Live Oak Street","name":""},
  {"lat":30.610179,"lon":-96.311867,"city":"College Station","state":"TX","address":"2313 Texas Avenue South","name":""},
  {"lat":28.98873,"lon":-95.929873,"city":"Bay City","state":"TX","address":"5100 7th Street","name":""},
  {"lat":32.475496,"lon":-99.695049,"city":"Abilene","state":"TX","address":"1902 East Overland Trail","name":""},
  {"lat":32.411541,"lon":-99.772264,"city":"Abilene","state":"TX","address":"3225 South Danville Drive","name":""},
  {"lat":30.145761,"lon":-96.396515,"city":"Brenham","state":"TX","address":"2350 S. Day Street","name":""},
  {"lat":26.091554,"lon":-97.164789,"city":"South Padre Island","state":"TX","address":"912 Padre Boulevard","name":""},
  {"lat":31.442018,"lon":-100.499701,"city":"San Angelo","state":"TX","address":"4450 W Houston Harte Xpreswy","name":""},
  {"lat":34.185027,"lon":-101.748979,"city":"Plainview","state":"TX","address":"3615 Grandview Drive","name":""},
  {"lat":31.734843,"lon":-95.637001,"city":"Palestine","state":"TX","address":"301 Willow Creek Parkway","name":""},
  {"lat":40.025969,"lon":-76.207111,"city":"Lancaster","state":"PA","address":"2343 Lincoln Highway East","name":""},
  {"lat":40.945797,"lon":-76.882586,"city":"Lewisburg","state":"PA","address":"4775 West Branch Highway","name":""},
  {"lat":40.611324,"lon":-75.381523,"city":"Bethlehem","state":"PA","address":"120 W. Third St.","name":""},
  {"lat":41.370454,"lon":-75.682459,"city":"Scranton","state":"PA","address":"44 Montage Mountain Rd.","name":""},
  {"lat":40.803447,"lon":-77.879752,"city":"State College","state":"PA","address":"132 Village Dr.","name":""},
  {"lat":40.430045,"lon":-74.517527,"city":"North Brunswick","state":"NJ","address":"2880 US Route 1 North","name":""},
  {"lat":40.461035,"lon":-74.401618,"city":"East Brunswick","state":"NJ","address":"555 Old Bridge Turnpike","name":""},
  {"lat":41.158981,"lon":-80.6624,"city":"Youngstown","state":"OH","address":"201 Perni Lane","name":""},
  {"lat":33.036548,"lon":-80.152189,"city":"Summerville","state":"SC","address":"1005 Jockey Ct.","name":""},
  {"lat":32.790459,"lon":-80.033134,"city":"Charleston","state":"SC","address":"2080 Savannah Highway","name":""},
  {"lat":32.830263,"lon":-79.824839,"city":"Mount Pleasant","state":"SC","address":"1130 Hungryneck Blvd.","name":""},
  {"lat":34.670769,"lon":-79.00313,"city":"Lumberton","state":"NC","address":"215 Wintergreen Drive","name":""},
  {"lat":34.233149,"lon":-79.804768,"city":"Florence","state":"SC","address":"2120 West Lucas Street","name":""},
  {"lat":33.524402,"lon":-82.034378,"city":"Augusta","state":"GA","address":"2911 Riverwest Drive","name":""},
  {"lat":33.786877,"lon":-78.993907,"city":"Conway","state":"SC","address":"2480 E Highway 501","name":""},
  {"lat":33.708395,"lon":-78.910799,"city":"Myrtle Beach","state":"SC","address":"710 Frontage Road East","name":""},
  {"lat":35.644096,"lon":-86.898146,"city":"Columbia","state":"TN","address":"1551 Bear Creek Pike","name":""},
  {"lat":36.596146,"lon":-87.289368,"city":"Clarksville","state":"TN","address":"115 Fairbrook Place","name":""},
  {"lat":35.900313,"lon":-84.175272,"city":"Knoxville","state":"TN","address":"811 North Campbell Station Road","name":""},
  {"lat":43.516328,"lon":-96.778377,"city":"Sioux Falls","state":"SD","address":"3208 S. Carolyn Ave.","name":""},
  {"lat":44.316167,"lon":-96.762969,"city":"Brookings","state":"SD","address":"929 25th Avenue","name":""},
  {"lat":39.998826,"lon":-82.986279,"city":"Columbus","state":"OH","address":"1690 Clara St","name":""},
  {"lat":40.001647,"lon":-82.931337,"city":"Columbus","state":"OH","address":"1521 North Cassady Avenue","name":""},
  {"lat":39.979889,"lon":-83.152891,"city":"Columbus","state":"OH","address":"5547 Keim Circle","name":""},
  {"lat":39.98269,"lon":-82.829127,"city":"Columbus","state":"OH","address":"70 Chris Perry Lane","name":""},
  {"lat":39.930018,"lon":-82.83298,"city":"Columbus","state":"OH","address":"5944 Scarborough Blvd.","name":""},
  {"lat":39.877105,"lon":-83.055752,"city":"Grove City","state":"OH","address":"4200 Gantz Road","name":""},
  {"lat":40.239603,"lon":-83.349195,"city":"Marysville","state":"OH","address":"1081 Lydia Drive","name":""},
  {"lat":35.961341,"lon":-84.983934,"city":"Crossville","state":"TN","address":"2581 E. First Street","name":""},
  {"lat":36.139435,"lon":-85.503705,"city":"Cookeville","state":"TN","address":"1035 Interstate Drive","name":""},
  {"lat":36.940931,"lon":-86.424725,"city":"Bowling Green","state":"KY","address":"1211 Kenilwood Way","name":""},
  {"lat":36.823843,"lon":-87.475745,"city":"Hopkinsville","state":"KY","address":"210 Harvey Way","name":""},
  {"lat":35.459507,"lon":-97.595697,"city":"Oklahoma City","state":"OK","address":"4220 West I-40 Service Road","name":""},
  {"lat":35.454965,"lon":-97.600939,"city":"Oklahoma City","state":"OK","address":"1100 S. Meridian","name":""},
  {"lat":35.470982,"lon":-97.726336,"city":"Yukon","state":"OK","address":"11424 NW 4th Street","name":""},
  {"lat":34.607066,"lon":-98.378418,"city":"Lawton","state":"OK","address":"201 SE Interstate Drive","name":""},
  {"lat":36.114509,"lon":-95.888213,"city":"Tulsa","state":"OK","address":"8039 E. 33rd Street South","name":""},
  {"lat":41.550838,"lon":-83.59887,"city":"Perrysburg","state":"OH","address":"27450 Helen Drive","name":""},
  {"lat":39.893838,"lon":-83.81491,"city":"Springfield","state":"OH","address":"121 Raydo Circle","name":""},
  {"lat":41.30623,"lon":-81.437209,"city":"Twinsburg","state":"OH","address":"2716 Creekside Drive","name":""},
  {"lat":41.235376,"lon":-81.808844,"city":"Brunswick","state":"OH","address":"1464 Town Center Boulevard","name":""},
  {"lat":40.970408,"lon":-81.357886,"city":"Hartville","state":"OH","address":"953 Edison Street, NW","name":""},
  {"lat":40.774569,"lon":-81.927617,"city":"Wooster","state":"OH","address":"965 Dover Road","name":""},
  {"lat":41.086219,"lon":-83.656822,"city":"Findlay","state":"OH","address":"3700 Speedway Drive","name":""},
  {"lat":39.836556,"lon":-84.82474,"city":"Richmond","state":"IN","address":"421 Commerce Road","name":""},
  {"lat":44.243854,"lon":-121.195178,"city":"Redmond","state":"OR","address":"2243 SW Yew Ave.","name":""},
  {"lat":44.032818,"lon":-123.044101,"city":"Eugene","state":"OR","address":"3060 E 25th Ave","name":""},
  {"lat":44.082549,"lon":-123.039294,"city":"Springfield","state":"OR","address":"969 Kruse Way","name":""},
  {"lat":44.922819,"lon":-122.992655,"city":"Salem","state":"OR","address":"630 Hawthorne SE","name":""},
  {"lat":44.584434,"lon":-123.259113,"city":"Corvallis","state":"OR","address":"1730 NW 9th Street","name":""},
  {"lat":44.64383,"lon":-123.056828,"city":"Albany","state":"OR","address":"100 Opal Court NE","name":""},
  {"lat":41.880691,"lon":-80.172515,"city":"Edinboro","state":"PA","address":"1007 Market Place Drive","name":""},
  {"lat":40.562555,"lon":-78.332977,"city":"Altoona","state":"PA","address":"140 Stroehman Drive","name":""},
  {"lat":40.592812,"lon":-74.274494,"city":"Avenel","state":"NJ","address":"1275 Route 1 and 9 South","name":""},
  {"lat":40.754914,"lon":-74.16681,"city":"Newark","state":"NJ","address":"1348 McCarter Hwy","name":""},
  {"lat":43.072486,"lon":-77.626848,"city":"Rochester","state":"NY","address":"2085 Hylan Dr.","name":""},
  {"lat":30.415876,"lon":-89.093668,"city":"Gulfport","state":"MS","address":"9121 US Hwy 49","name":""},
  {"lat":34.312128,"lon":-89.916718,"city":"Batesville","state":"MS","address":"441 Covenant Drive","name":""},
  {"lat":30.450197,"lon":-88.842963,"city":"Biloxi","state":"MS","address":"14001 Big Ridge Road","name":""},
  {"lat":37.94178,"lon":-91.79992,"city":"Rolla","state":"MO","address":"1650 Old Wire Outer Rd.","name":""},
  {"lat":38.966237,"lon":-92.354262,"city":"Columbia","state":"MO","address":"1010 W Business Loop 70","name":""},
  {"lat":38.768841,"lon":-90.491846,"city":"St. Charles","state":"MO","address":"1400 S. Fifth Street","name":""},
  {"lat":38.55267,"lon":-90.40554,"city":"St. Louis","state":"MO","address":"3654 S. Lindbergh Blvd.","name":""},
  {"lat":39.240668,"lon":-94.461273,"city":"Kansas City","state":"MO","address":"8200 N. Church Rd.","name":""},
  {"lat":39.037328,"lon":-94.347462,"city":"Independence","state":"MO","address":"19751 E. Valley View Parkway","name":""},
  {"lat":38.601241,"lon":-89.993979,"city":"Fairview Heights","state":"IL","address":"137 Ludwig Drive","name":""},
  {"lat":38.581419,"lon":-92.281325,"city":"Jefferson City","state":"MO","address":"4804 Country Club Drive","name":""},
  {"lat":37.354942,"lon":-89.609719,"city":"Jackson","state":"MO","address":"2904 Old Orchard Road","name":""},
  {"lat":30.449221,"lon":-91.242142,"city":"Port Allen","state":"LA","address":"2880 N Westport Drive","name":""},
  {"lat":30.457699,"lon":-90.961423,"city":"Denham Springs","state":"LA","address":"249 Rushing Road W","name":""},
  {"lat":30.396857,"lon":-91.084814,"city":"Baton Rouge","state":"LA","address":"5600 Bluebonnet Blvd","name":""},
  {"lat":32.547727,"lon":-93.630227,"city":"Bossier City","state":"LA","address":"7950 East Texas Street","name":""},
  {"lat":32.44962,"lon":-93.861632,"city":"Shreveport","state":"LA","address":"6715 Financial Circle","name":""},
  {"lat":38.222897,"lon":-84.541344,"city":"Georgetown","state":"KY","address":"121 Darby Dr.","name":""},
  {"lat":38.013533,"lon":-84.556373,"city":"Lexington","state":"KY","address":"3060 Fieldstone Way","name":""},
  {"lat":37.735396,"lon":-84.326192,"city":"Richmond","state":"KY","address":"2007 Colby Taylor Dr.","name":""},
  {"lat":30.206756,"lon":-90.950869,"city":"Gonzales","state":"LA","address":"2821 Cabela's Parkway","name":""},
  {"lat":29.879108,"lon":-90.049688,"city":"Harvey","state":"LA","address":"1611 Elton Court Road","name":""},
  {"lat":30.193116,"lon":-92.017133,"city":"Lafayette","state":"LA","address":"114 Rue Fernand","name":""},
  {"lat":31.344923,"lon":-92.517718,"city":"Alexandria","state":"LA","address":"6015 Old Boyce Rd","name":""},
  {"lat":32.342548,"lon":-90.837009,"city":"Vicksburg","state":"MS","address":"100 Berryman Road","name":""},
  {"lat":46.844317,"lon":-96.859487,"city":"Fargo","state":"ND","address":"4417 23rd Avenue South","name":""},
  {"lat":48.208832,"lon":-101.299927,"city":"Minot","state":"ND","address":"601 22nd Avenue SW","name":""},
  {"lat":35.761165,"lon":-78.007998,"city":"Wilson","state":"NC","address":"6415 Southern Village Drive","name":""},
  {"lat":35.657348,"lon":-78.476102,"city":"Clayton","state":"NC","address":"761 Enterprise Dr.","name":""},
  {"lat":36.06198,"lon":-79.610714,"city":"Whitsett","state":"NC","address":"1102 Sedalia Crossing Lane","name":""},
  {"lat":36.073647,"lon":-79.961563,"city":"Greensboro","state":"NC","address":"504 Hickory Ridge Drive","name":""},
  {"lat":36.062999,"lon":-80.300172,"city":"Winston-Salem","state":"NC","address":"200 Capitol Lodging Ct.","name":""},
  {"lat":35.527279,"lon":-82.605597,"city":"Asheville","state":"NC","address":"890 Brevard Rd.","name":""},
  {"lat":36.203479,"lon":-81.67338,"city":"Boone","state":"NC","address":"1184 Highway 105","name":""},
  {"lat":35.466243,"lon":-79.151552,"city":"Sanford","state":"NC","address":"1891 Bragg Street","name":""},
  {"lat":35.081461,"lon":-77.029207,"city":"New Bern","state":"NC","address":"1006 Old Cherry Point","name":""},
  {"lat":34.780135,"lon":-77.387456,"city":"Jacksonville","state":"NC","address":"130 Workshop Ln.","name":""},
  {"lat":42.404639,"lon":-86.242498,"city":"South Haven","state":"MI","address":"1755 Phoenix Street","name":""},
  {"lat":42.079924,"lon":-86.414269,"city":"Benton Harbor","state":"MI","address":"1825 Meadowbrook","name":""},
  {"lat":42.030918,"lon":-86.517994,"city":"Stevensville","state":"MI","address":"2633 W. Marquette Woods Road","name":""},
  {"lat":41.724605,"lon":-86.250766,"city":"South Bend","state":"IN","address":"52939 SR 933","name":""},
  {"lat":41.735049,"lon":-85.979354,"city":"Elkhart","state":"IN","address":"404 Northpointe Blvd.","name":""},
  {"lat":41.644988,"lon":-86.00124,"city":"Elkhart","state":"IN","address":"27838 County Road 24","name":""},
  {"lat":41.608955,"lon":-86.254095,"city":"South Bend","state":"IN","address":"60971 US 31 South","name":""},
  {"lat":45.219312,"lon":-93.429636,"city":"Ramsey","state":"MN","address":"6440 US 10 West","name":""},
  {"lat":43.640563,"lon":-95.59262,"city":"Worthington","state":"MN","address":"1447 Prairie Drive","name":""},
  {"lat":39.197,"lon":-75.553079,"city":"Dover","state":"DE","address":"1654 N. Dupont Hwy.","name":""},
  {"lat":40.855722,"lon":-96.681139,"city":"Lincoln","state":"NE","address":"4231 Industrial Ave.","name":""},
  {"lat":40.81674,"lon":-96.642301,"city":"Lincoln","state":"NE","address":"331 North Cotner","name":""},
  {"lat":41.245377,"lon":-95.901233,"city":"Council Bluffs","state":"IA","address":"1801 S. 35th Street","name":""},
  {"lat":41.288661,"lon":-96.076935,"city":"Omaha","state":"NE","address":"10503 Bedford Avenue","name":""},
  {"lat":41.178467,"lon":-96.100788,"city":"La Vista","state":"NE","address":"8121 Eastport Parkway","name":""},
  {"lat":41.234482,"lon":-96.216459,"city":"Omaha","state":"NE","address":"2500 S. 192nd Avenue","name":""},
  {"lat":40.917247,"lon":-100.16962,"city":"Gothenburg","state":"NE","address":"315 Platte River Drive","name":""},
  {"lat":40.88542,"lon":-98.340054,"city":"Grand Island","state":"NE","address":"228 Lake Street","name":""},
  {"lat":45.714896,"lon":-111.068909,"city":"Bozeman","state":"MT","address":"2515 Catamount Street","name":""},
  {"lat":46.61807,"lon":-112.005766,"city":"Helena","state":"MT","address":"3180 N. Washington Street","name":""},
  {"lat":45.754163,"lon":-108.538461,"city":"Billings","state":"MT","address":"4908 Southgate Drive","name":""},
  {"lat":34.30347,"lon":-88.701769,"city":"Tupelo","state":"MS","address":"1064 Carter Cove","name":""},
  {"lat":31.327227,"lon":-89.353714,"city":"Hattiesburg","state":"MS","address":"122 Plaza Dr.","name":""},
  {"lat":30.585652,"lon":-88.172156,"city":"Mobile","state":"AL","address":"5660 Tillman's Corner Pkwy","name":""},
  {"lat":32.444582,"lon":-104.261116,"city":"Carlsbad","state":"NM","address":"2600 West Pierce St","name":""},
  {"lat":35.530858,"lon":-108.664324,"city":"Gallup","state":"NM","address":"3940 East Highway 66","name":""},
  {"lat":36.72202,"lon":-108.18544,"city":"Farmington","state":"NM","address":"1951 Cortland Drive","name":""},
  {"lat":34.44349,"lon":-103.196057,"city":"Clovis","state":"NM","address":"4521 N Prince St.","name":""},
  {"lat":32.320406,"lon":-106.748493,"city":"Las Cruces","state":"NM","address":"236 N Telshor Blvd.","name":""},
  {"lat":32.287263,"lon":-106.740612,"city":"Las Cruces","state":"NM","address":"2101 S. Triviz Drive","name":""},
  {"lat":32.75166,"lon":-103.170343,"city":"Hobbs","state":"NM","address":"2708 West Scenic Drive","name":""},
  {"lat":33.441854,"lon":-104.523502,"city":"Roswell","state":"NM","address":"3610 North Main Street","name":""},
  {"lat":39.611722,"lon":-119.267418,"city":"Fernley","state":"NV","address":"800 Mesa Drive","name":""},
  {"lat":45.745981,"lon":-87.097963,"city":"Escanaba","state":"MI","address":"3600 Ludington Street","name":""},
  {"lat":38.336597,"lon":-75.109979,"city":"Ocean City","state":"MD","address":"12718 Ocean Gateway","name":""},
  {"lat":33.39904,"lon":-84.75125,"city":"Newnan","state":"GA","address":"45 Bledsoe Road","name":""},
  {"lat":33.027056,"lon":-83.910799,"city":"Forsyth","state":"GA","address":"343 Harold G Clarke Parkway","name":""},
  {"lat":32.515666,"lon":-84.951787,"city":"Columbus","state":"GA","address":"5236 Armour Rd.","name":""},
  {"lat":32.877674,"lon":-83.764608,"city":"Macon","state":"GA","address":"120 Plantation Inn Drive","name":""},
  {"lat":30.843534,"lon":-83.328882,"city":"Valdosta","state":"GA","address":"1332 N. St. Augustine Rd.","name":""},
  {"lat":31.868937,"lon":-85.15643,"city":"Eufaula","state":"AL","address":"12 Paul Lee Pkwy","name":""},
  {"lat":37.649554,"lon":-84.805892,"city":"Danville","state":"KY","address":"864 Ben-Ali Drive","name":""},
  {"lat":38.216123,"lon":-85.540326,"city":"Louisville","state":"KY","address":"1850 Resource Way","name":""},
  {"lat":37.707908,"lon":-85.833309,"city":"Elizabethtown","state":"KY","address":"215 Commerce Drive","name":""}]}