{"key":"cookout","displayName":"Cook Out","category":"restaurant","useLocationName":false,"locations":[
  {"lat":38.425868,"lon":-82.412507,"city":"Huntington","state":"WV","address":"416 25th St","name":""},
  {"lat":38.175017,"lon":-83.435884,"city":"Morehead","state":"KY","address":"275 Stone St.","name":""},
  {"lat":36.632752,"lon":-82.126569,"city":"Bristol","state":"VA","address":"3128 Lee Hwy","name":""},
  {"lat":36.204266,"lon":-81.666859,"city":"Boone","state":"NC","address":"1179 Blowing Rock Road","name":""},
  {"lat":36.561828,"lon":-82.210147,"city":"Bristol","state":"TN","address":"1316 Volunteer Parkway","name":""},
  {"lat":36.149905,"lon":-81.202411,"city":"Wilkesboro","state":"NC","address":"1919 US Hwy 421","name":""},
  {"lat":36.268966,"lon":-80.85406,"city":"Elkin","state":"NC","address":"1425 N Bridge St","name":""},
  {"lat":36.351051,"lon":-82.235218,"city":"Elizabethton","state":"TN","address":"509 W Elk Ave","name":""},
  {"lat":38.314852,"lon":-81.570889,"city":"Charleston","state":"WV","address":"5505 MacCorkle Ave SE","name":""},
  {"lat":38.41741,"lon":-81.793162,"city":"Cross Lanes","state":"WV","address":"131 Goff Mountain Rd","name":""},
  {"lat":37.802609,"lon":-81.181404,"city":"Beckley","state":"WV","address":"1345 N Eisenhower Dr","name":""},
  {"lat":37.144386,"lon":-80.583122,"city":"Radford","state":"VA","address":"7400 Lee Hwy","name":""},
  {"lat":37.217002,"lon":-80.400701,"city":"Blacksburg","state":"VA","address":"1311 S Main St","name":""},
  {"lat":37.290191,"lon":-80.077887,"city":"Salem","state":"VA","address":"1251 West Main St.","name":""},
  {"lat":37.779668,"lon":-79.437642,"city":"Lexington","state":"VA","address":"445 E Nelson St","name":""},
  {"lat":37.315231,"lon":-79.958863,"city":"Roanoke","state":"VA","address":"1423 Hershberger Rd NW","name":""},
  {"lat":37.362156,"lon":-79.181967,"city":"Lynchburg","state":"VA","address":"2629 Wards Rd","name":""},
  {"lat":37.440837,"lon":-79.120696,"city":"Madison Heights","state":"VA","address":"4812 S Amherst Hwy","name":""},
  {"lat":37.011851,"lon":-79.870618,"city":"Rocky Mount","state":"VA","address":"12 Powder Creek Ln","name":""},
  {"lat":38.131339,"lon":-79.041338,"city":"Staunton","state":"VA","address":"109 George M Cochran Pkwy","name":""},
  {"lat":38.433818,"lon":-78.844753,"city":"Harrisonburg","state":"VA","address":"1688 E Market St","name":""},
  {"lat":38.072096,"lon":-78.900751,"city":"Waynesboro","state":"VA","address":"1432 W Main St","name":""},
  {"lat":38.054988,"lon":-78.496845,"city":"Charlottesville","state":"VA","address":"1254 Emmet St N","name":""},
  {"lat":39.167389,"lon":-78.164194,"city":"Winchester","state":"VA","address":"1551 S Pleasant Valley Road","name":""},
  {"lat":38.770931,"lon":-77.453233,"city":"Manassas Park","state":"VA","address":"8502 Centerville Rd","name":""},
  {"lat":38.295708,"lon":-77.494945,"city":"Fredericksburg","state":"VA","address":"2024 Plank Rd","name":""},
  {"lat":38.223195,"lon":-77.506731,"city":"Fredericksburg","state":"VA","address":"10108 Jefferson Davis Hwy","name":""},
  {"lat":38.347291,"lon":-75.602345,"city":"Salisbury","state":"MD","address":"1115 S Salisbury Blvd","name":""},
  {"lat":37.392858,"lon":-76.52796,"city":"Gloucester Courthouse","state":"VA","address":"7065 George Washington Memorial Hwy","name":""},
  {"lat":37.043204,"lon":-76.3796,"city":"Hampton","state":"VA","address":"1025 W Mercury Blvd","name":""},
  {"lat":37.124264,"lon":-76.509576,"city":"Newport News","state":"VA","address":"12471 Jefferson Ave","name":""},
  {"lat":35.161885,"lon":-83.39198,"city":"Franklin","state":"NC","address":"963 Georgia Rd","name":""},
  {"lat":35.451402,"lon":-84.622098,"city":"Athens","state":"TN","address":"1227 Congress Pkwy","name":""},
  {"lat":34.300642,"lon":-83.818822,"city":"Gainesville","state":"GA","address":"719 Jesse Jewell Pkwy SW","name":""},
  {"lat":35.776418,"lon":-83.545537,"city":"Pigeon Forge","state":"TN","address":"3984 Parkway","name":""},
  {"lat":36.205042,"lon":-83.324115,"city":"Morristown","state":"TN","address":"2251 W Andrew Johnson Hwy","name":""},
  {"lat":35.954269,"lon":-83.938894,"city":"Knoxville","state":"TN","address":"2135 Cumberland Ave","name":""},
  {"lat":35.468558,"lon":-83.005125,"city":"Waynesville","state":"NC","address":"1870 South Main St","name":""},
  {"lat":35.751615,"lon":-83.999358,"city":"Maryville","state":"TN","address":"1305 W Lamar Alexander Pkwy","name":""},
  {"lat":35.359592,"lon":-83.201466,"city":"Sylva","state":"NC","address":"1391 East Main Street","name":""},
  {"lat":35.932017,"lon":-84.020932,"city":"Knoxville","state":"TN","address":"6920 Kingston Pike","name":""},
  {"lat":36.050465,"lon":-83.996823,"city":"Powell","state":"TN","address":"435 E Emory Rd","name":""},
  {"lat":35.920454,"lon":-84.093281,"city":"Knoxville","state":"TN","address":"321 Cedar Bluff Rd","name":""},
  {"lat":36.186021,"lon":-82.76284,"city":"Greeneville","state":"TN","address":"3545 E Andrew Johnson Hwy","name":""},
  {"lat":35.902523,"lon":-84.152706,"city":"Knoxville","state":"TN","address":"11113 Parkside Dr.","name":""},
  {"lat":35.587253,"lon":-82.594467,"city":"Asheville","state":"NC","address":"1055 Patton Ave","name":""},
  {"lat":35.802923,"lon":-84.260453,"city":"Lenoir City","state":"TN","address":"401 Us Highway 321 N","name":""},
  {"lat":34.824918,"lon":-82.557618,"city":"Easley","state":"SC","address":"5146 Calhoun Memorial Hwy","name":""},
  {"lat":35.245779,"lon":-82.722742,"city":"Brevard","state":"NC","address":"244 Asheville Hwy","name":""},
  {"lat":34.855238,"lon":-82.45706,"city":"Greenville","state":"SC","address":"6175 White Horse Road","name":""},
  {"lat":34.888712,"lon":-82.406007,"city":"Greenville","state":"SC","address":"1513 Poinsett Hwy","name":""},
  {"lat":34.692164,"lon":-82.838997,"city":"Clemson","state":"SC","address":"1055 Tiger Blvd","name":""},
  {"lat":34.841603,"lon":-82.359711,"city":"Greenville","state":"SC","address":"1560 Laurens Rd","name":""},
  {"lat":34.939838,"lon":-82.263367,"city":"Greer","state":"SC","address":"1353 W. Wade Hampton Blvd.","name":""},
  {"lat":34.775978,"lon":-82.318587,"city":"Mauldin","state":"SC","address":"386 West Butler Rd","name":""},
  {"lat":34.819417,"lon":-82.268195,"city":"Greenville","state":"SC","address":"1820 Woodruff Rd","name":""},
  {"lat":34.548821,"lon":-82.672697,"city":"Anderson","state":"SC","address":"3432 Clemson Blvd","name":""},
  {"lat":35.346817,"lon":-82.430924,"city":"Hendersonville","state":"NC","address":"2546 Chimney Rock Rd.","name":""},
  {"lat":35.584888,"lon":-82.527936,"city":"Asheville","state":"NC","address":"251 Tunnel Rd.","name":""},
  {"lat":34.923584,"lon":-81.97918,"city":"Spartanburg","state":"SC","address":"1620 John B White Sr. Blvd.","name":""},
  {"lat":35.015801,"lon":-81.959699,"city":"Boiling Springs","state":"SC","address":"1800 Boiling Springs Rd","name":""},
  {"lat":34.970926,"lon":-81.887726,"city":"Spartanburg","state":"SC","address":"1996 E Main St","name":""},
  {"lat":35.705681,"lon":-82.033961,"city":"Marion","state":"NC","address":"96 US 70","name":""},
  {"lat":35.722454,"lon":-81.693919,"city":"Morganton","state":"NC","address":"1000 Burkemont Rd","name":""},
  {"lat":35.922322,"lon":-81.52494,"city":"Lenoir","state":"NC","address":"510 Blowing Rock Blvd","name":""},
  {"lat":36.30319,"lon":-82.373903,"city":"Johnson City","state":"TN","address":"1206 W State of Franklin Rd","name":""},
  {"lat":36.298858,"lon":-82.468309,"city":"Jonesborough","state":"TN","address":"150 N Lincoln Ave","name":""},
  {"lat":35.338883,"lon":-81.903307,"city":"Forest City","state":"NC","address":"130 Grace Way","name":""},
  {"lat":35.754702,"lon":-81.336161,"city":"Hickory","state":"NC","address":"1710 N. Center Street","name":""},
  {"lat":35.706916,"lon":-81.304819,"city":"Hickory","state":"NC","address":"1935 US Highway 70 SE","name":""},
  {"lat":35.089354,"lon":-81.662006,"city":"Gaffney","state":"SC","address":"1513 W Floyd Baker Rd","name":""},
  {"lat":35.230202,"lon":-81.331819,"city":"Kings Mountain","state":"NC","address":"711 York Rd","name":""},
  {"lat":35.277072,"lon":-81.536016,"city":"Shelby","state":"NC","address":"308 Earl Road","name":""},
  {"lat":35.23307,"lon":-81.171008,"city":"Gastonia","state":"NC","address":"2113 S. Union Road","name":""},
  {"lat":35.260405,"lon":-81.12998,"city":"Gastonia","state":"NC","address":"2810 East Franklin Blvd.","name":""},
  {"lat":34.970997,"lon":-80.990596,"city":"Rock Hill","state":"SC","address":"2531 Cherry Rd","name":""},
  {"lat":35.12151,"lon":-80.949836,"city":"Charlotte","state":"NC","address":"13317 York Center Dr.","name":""},
  {"lat":35.091578,"lon":-80.869104,"city":"Charlotte","state":"NC","address":"10645 Park Road","name":""},
  {"lat":35.186078,"lon":-80.885855,"city":"Charlotte","state":"NC","address":"4374 South Tryon Street","name":""},
  {"lat":35.477405,"lon":-81.236174,"city":"Lincolnton","state":"NC","address":"1437 E. Main Street","name":""},
  {"lat":35.237036,"lon":-80.881266,"city":"Charlotte","state":"NC","address":"2540 Freedom Drive","name":""},
  {"lat":35.214152,"lon":-80.835358,"city":"Charlotte","state":"NC","address":"715 Charlottetowne Ave","name":""},
  {"lat":35.305918,"lon":-80.855552,"city":"Charlotte","state":"NC","address":"4333 Sunset Road","name":""},
  {"lat":35.444542,"lon":-80.993107,"city":"Denver","state":"NC","address":"7519 HWY 73","name":""},
  {"lat":34.733717,"lon":-80.799736,"city":"Lancaster","state":"SC","address":"1262 Hwy 9 Bypass W","name":""},
  {"lat":35.200739,"lon":-80.779612,"city":"Charlotte","state":"NC","address":"1025 Frank Bailey Dr #1","name":""},
  {"lat":35.140769,"lon":-80.735618,"city":"Charlotte","state":"NC","address":"1815 Sardis Rd.","name":""},
  {"lat":35.27993,"lon":-80.794088,"city":"Charlotte","state":"NC","address":"1301 Sugar Creek Road","name":""},
  {"lat":35.202054,"lon":-80.734894,"city":"Charlotte","state":"NC","address":"6438 Albemarle Road","name":""},
  {"lat":35.234852,"lon":-80.738923,"city":"Charlotte","state":"NC","address":"5715 N. Sharon Amity Road","name":""},
  {"lat":35.413776,"lon":-80.856681,"city":"Huntersville","state":"NC","address":"425 Huntersville Gateway Blvd.","name":""},
  {"lat":35.085903,"lon":-80.661836,"city":"Indian Trail","state":"NC","address":"13703 B Hwy 74","name":""},
  {"lat":35.342345,"lon":-80.766892,"city":"Charlotte","state":"NC","address":"10525 Mallard Creek Rd","name":""},
  {"lat":34.281803,"lon":-81.593821,"city":"Newberry","state":"SC","address":"2800 Main St","name":""},
  {"lat":35.317949,"lon":-80.73821,"city":"Charlotte","state":"NC","address":"9705 North Tryon Street","name":""},
  {"lat":35.4824,"lon":-80.879157,"city":"Cornelius","state":"NC","address":"20220 W Catawba Ave","name":""},
  {"lat":35.812532,"lon":-80.876043,"city":"Statesville","state":"NC","address":"181 Turnersburg Hwy.","name":""},
  {"lat":35.922217,"lon":-80.588383,"city":"Mocksville","state":"NC","address":"1562 Yadkinville Road","name":""},
  {"lat":35.592924,"lon":-80.855082,"city":"Mooresville","state":"NC","address":"355 West Plaza Drive","name":""},
  {"lat":35.583324,"lon":-80.987748,"city":"Sherrills Ford","state":"NC","address":"7930 Bradley Long Dr","name":""},
  {"lat":35.702819,"lon":-81.208984,"city":"Conover","state":"NC","address":"460 E. Conover Blvd","name":""},
  {"lat":35.660433,"lon":-80.462767,"city":"Salisbury","state":"NC","address":"801 East Innes Street","name":""},
  {"lat":36.040432,"lon":-80.387391,"city":"Clemmons","state":"NC","address":"3125 Gammon Lane","name":""},
  {"lat":35.48432,"lon":-80.6111,"city":"Kannapolis","state":"NC","address":"901 S. Cannon Blvd.","name":""},
  {"lat":36.069697,"lon":-80.334536,"city":"Winston-Salem","state":"NC","address":"4505 Kester Mill Road","name":""},
  {"lat":35.77804,"lon":-80.259378,"city":"Lexington","state":"NC","address":"1700 Cotton Grove Rd","name":""},
  {"lat":35.398025,"lon":-80.610852,"city":"Concord","state":"NC","address":"280 South Concord Pkwy","name":""},
  {"lat":35.367564,"lon":-80.711172,"city":"Concord","state":"NC","address":"7771 Gateway Lane NW","name":""},
  {"lat":36.049906,"lon":-80.259497,"city":"Winston-Salem","state":"NC","address":"3103 Peters Creek Pkwy.","name":""},
  {"lat":36.144705,"lon":-80.300026,"city":"Winston-Salem","state":"NC","address":"2897 Reynolda Rd","name":""},
  {"lat":35.320581,"lon":-80.662195,"city":"Harrisburg","state":"NC","address":"5161 Z-Max Blvd","name":""},
  {"lat":36.264739,"lon":-80.362363,"city":"King","state":"NC","address":"636 SOUTH MAIN ST","name":""},
  {"lat":36.137372,"lon":-80.241291,"city":"Winston-Salem","state":"NC","address":"339 Akron Drive","name":""},
  {"lat":36.185005,"lon":-80.274589,"city":"Winston-Salem","state":"NC","address":"245 Summit Point Lane","name":""},
  {"lat":35.858129,"lon":-80.072352,"city":"Thomasville","state":"NC","address":"1123 Randolph Street","name":""},
  {"lat":36.482301,"lon":-80.614823,"city":"Mount Airy","state":"NC","address":"1988 Rockford Street","name":""},
  {"lat":36.163259,"lon":-80.134344,"city":"Walkertown","state":"NC","address":"5190 Walkertown Commons Drive","name":""},
  {"lat":36.108746,"lon":-80.096887,"city":"Kernersville","state":"NC","address":"1010 S. Main Street","name":""},
  {"lat":35.98872,"lon":-80.026189,"city":"High Point","state":"NC","address":"2420 N. Main Street","name":""},
  {"lat":35.920628,"lon":-79.977458,"city":"High Point","state":"NC","address":"2923 S. Main Street","name":""},
  {"lat":34.996662,"lon":-80.544469,"city":"Monroe","state":"NC","address":"1410 W. Roosevelt Blvd.","name":""},
  {"lat":35.343087,"lon":-80.175374,"city":"Albemarle","state":"NC","address":"707 Leonard Ave","name":""},
  {"lat":34.922665,"lon":-79.752399,"city":"Rockingham","state":"NC","address":"1240 E Broad St.","name":""},
  {"lat":34.610597,"lon":-79.675567,"city":"Bennettsville","state":"SC","address":"109 HWY 15-401 Bypass W","name":""},
  {"lat":34.381406,"lon":-80.077043,"city":"Hartsville","state":"SC","address":"626 5th St","name":""},
  {"lat":34.755906,"lon":-79.482258,"city":"Laurinburg","state":"NC","address":"1304 Scotland Crossing Dr.","name":""},
  {"lat":35.158889,"lon":-79.419394,"city":"Southern Pines","state":"NC","address":"11000 US 15/501","name":""},
  {"lat":34.157356,"lon":-79.7679,"city":"Florence","state":"SC","address":"2007 S Irby St","name":""},
  {"lat":34.232428,"lon":-79.804235,"city":"Florence","state":"SC","address":"2112 Lucas St","name":""},
  {"lat":34.186862,"lon":-79.34205,"city":"Mullins","state":"SC","address":"105 Market St.","name":""},
  {"lat":34.433072,"lon":-79.367895,"city":"Dillon","state":"SC","address":"379 Radford Blvd.","name":""},
  {"lat":33.847382,"lon":-79.066269,"city":"Conway","state":"SC","address":"1629 Church St","name":""},
  {"lat":33.786296,"lon":-78.994518,"city":"Conway","state":"SC","address":"2480 US Hwy 501","name":""},
  {"lat":33.701205,"lon":-80.239424,"city":"Manning","state":"SC","address":"2821 Paxville Hwy","name":""},
  {"lat":33.955393,"lon":-80.381758,"city":"Sumter","state":"SC","address":"1180 Broad St","name":""},
  {"lat":33.640803,"lon":-78.990502,"city":"Myrtle Beach","state":"SC","address":"100 Loyola Dr","name":""},
  {"lat":34.683473,"lon":-79.199929,"city":"Pembroke","state":"NC","address":"601 W 3rd St","name":""},
  {"lat":33.760092,"lon":-78.856816,"city":"Myrtle Beach","state":"SC","address":"174 Fresh Dr","name":""},
  {"lat":35.821808,"lon":-79.820088,"city":"Randleman","state":"NC","address":"685 W. Academy st","name":""},
  {"lat":36.029899,"lon":-79.801361,"city":"Greensboro","state":"NC","address":"2601 Randleman Road","name":""},
  {"lat":35.688973,"lon":-79.807308,"city":"Asheboro","state":"NC","address":"544 E. Dixie Drive","name":""},
  {"lat":36.074949,"lon":-79.489176,"city":"Burlington","state":"NC","address":"414 Huffman Mill Road","name":""},
  {"lat":36.088567,"lon":-79.774918,"city":"Greensboro","state":"NC","address":"1041 Summit Avenue","name":""},
  {"lat":36.038629,"lon":-79.855254,"city":"Greensboro","state":"NC","address":"3804 W Gate City Blvd.","name":""},
  {"lat":36.06448,"lon":-79.400842,"city":"Graham","state":"NC","address":"311 S. Main Street","name":""},
  {"lat":36.069163,"lon":-79.86959,"city":"Greensboro","state":"NC","address":"4801 W Market St","name":""},
  {"lat":36.103676,"lon":-79.825123,"city":"Greensboro","state":"NC","address":"2411 Battleground Avenue","name":""},
  {"lat":36.055689,"lon":-79.905148,"city":"Greensboro","state":"NC","address":"5406 Sapp Road","name":""},
  {"lat":36.122277,"lon":-79.845408,"city":"Greensboro","state":"NC","address":"3309 Battleground Ave","name":""},
  {"lat":36.069003,"lon":-79.272519,"city":"Mebane","state":"NC","address":"1255 Mebane Oaks Rd","name":""},
  {"lat":35.932043,"lon":-79.025349,"city":"Chapel Hill","state":"NC","address":"450 S Elliott Rd","name":""},
  {"lat":36.351803,"lon":-79.692151,"city":"Reidsville","state":"NC","address":"1646 Freeway Drive","name":""},
  {"lat":35.966885,"lon":-78.954555,"city":"Durham","state":"NC","address":"3119 Shannon Road","name":""},
  {"lat":35.464947,"lon":-79.155423,"city":"Sanford","state":"NC","address":"1906 S. Horner Blvd.","name":""},
  {"lat":36.023247,"lon":-78.954799,"city":"Durham","state":"NC","address":"3624 Hillsborough Road","name":""},
  {"lat":35.899145,"lon":-78.895939,"city":"Durham","state":"NC","address":"2103 Allendown Drive","name":""},
  {"lat":36.050141,"lon":-78.903794,"city":"Durham","state":"NC","address":"4245 North Roxboro Street","name":""},
  {"lat":35.95089,"lon":-78.838898,"city":"Durham","state":"NC","address":"1540 S. Miami Blvd.","name":""},
  {"lat":36.490426,"lon":-79.74017,"city":"Eden","state":"NC","address":"659 Van Buren Rd.","name":""},
  {"lat":35.76421,"lon":-78.748207,"city":"Cary","state":"NC","address":"1607 Walnut St.","name":""},
  {"lat":35.060037,"lon":-79.013021,"city":"Fayetteville","state":"NC","address":"6903 Cliffdale Road","name":""},
  {"lat":35.019588,"lon":-78.89975,"city":"Fayetteville","state":"NC","address":"2921 Owen Drive","name":""},
  {"lat":35.111985,"lon":-78.88,"city":"Fayetteville","state":"NC","address":"3745 Ramsey St.","name":""},
  {"lat":35.170778,"lon":-78.971113,"city":"Spring Lake","state":"NC","address":"406 Lillington HWY","name":""},
  {"lat":34.979535,"lon":-79.235907,"city":"Raeford","state":"NC","address":"114 Fayetteville Road","name":""},
  {"lat":34.644548,"lon":-79.010876,"city":"Lumberton","state":"NC","address":"2712 N. Roberts Ave","name":""},
  {"lat":35.316462,"lon":-78.627857,"city":"Dunn","state":"NC","address":"1723 W Cumberland St.","name":""},
  {"lat":35.593884,"lon":-78.771039,"city":"Fuquay-Varina","state":"NC","address":"1433 N. Main Street","name":""},
  {"lat":34.337816,"lon":-78.708999,"city":"Whiteville","state":"NC","address":"615 N JK Powell Blvd","name":""},
  {"lat":34.328579,"lon":-78.707709,"city":"Whiteville","state":"NC","address":"615 N JK Powell Blvd","name":""},
  {"lat":34.993398,"lon":-78.13726,"city":"Warsaw","state":"NC","address":"2683 NC HWY 24","name":""},
  {"lat":35.61053,"lon":-78.558437,"city":"Garner","state":"NC","address":"102 Bratton Drive","name":""},
  {"lat":35.797191,"lon":-78.487628,"city":"Knightdale","state":"NC","address":"1151 North Smithfield Rd","name":""},
  {"lat":35.965174,"lon":-78.544577,"city":"Wake Forest","state":"NC","address":"11690 Northpark Dr","name":""},
  {"lat":35.823623,"lon":-78.587262,"city":"Raleigh","state":"NC","address":"3244 Capital Blvd.","name":""},
  {"lat":35.87161,"lon":-78.62227,"city":"Raleigh","state":"NC","address":"6505 Falls Of Neuse Road","name":""},
  {"lat":35.727592,"lon":-78.577888,"city":"Garner","state":"NC","address":"4001 Jones Sausage Rd","name":""},
  {"lat":35.780203,"lon":-78.621883,"city":"Raleigh","state":"NC","address":"1201 New Bern Avenue","name":""},
  {"lat":36.084435,"lon":-78.307509,"city":"Louisburg","state":"NC","address":"21 Golden Leaf Drive","name":""},
  {"lat":36.084656,"lon":-78.307332,"city":"Louisburg","state":"NC","address":"21 Golden Leaf Dr","name":""},
  {"lat":35.653843,"lon":-78.474462,"city":"Clayton","state":"NC","address":"11637 US 70 Business Hwy W","name":""},
  {"lat":35.90172,"lon":-78.654279,"city":"Raleigh","state":"NC","address":"9500 Strickland Rd","name":""},
  {"lat":35.736681,"lon":-78.6508,"city":"Raleigh","state":"NC","address":"3222 S. Wilmington Street","name":""},
  {"lat":35.784796,"lon":-78.693111,"city":"Raleigh","state":"NC","address":"3930 Western Blvd.","name":""},
  {"lat":35.979119,"lon":-77.972739,"city":"Nashville","state":"NC","address":"102 E. EVANS DR","name":""},
  {"lat":35.522245,"lon":-78.293086,"city":"Selma","state":"NC","address":"603 Ricks Road","name":""},
  {"lat":35.738166,"lon":-77.956597,"city":"Wilson","state":"NC","address":"2925 Raleigh Rd Parkway","name":""},
  {"lat":36.143516,"lon":-78.721869,"city":"Creedmoor","state":"NC","address":"2538 Telecom Dr","name":""},
  {"lat":35.97121,"lon":-77.80938,"city":"Rocky Mount","state":"NC","address":"1020 N. Wesleyan Blvd.","name":""},
  {"lat":36.298627,"lon":-78.584446,"city":"Oxford","state":"NC","address":"525 E. Industry Dr.","name":""},
  {"lat":35.373912,"lon":-77.945829,"city":"Goldsboro","state":"NC","address":"432 N. Berkley Blvd.","name":""},
  {"lat":35.882983,"lon":-77.547525,"city":"Tarboro","state":"NC","address":"104 River Oaks Dr","name":""},
  {"lat":33.98399,"lon":-78.367012,"city":"Shallotte","state":"NC","address":"4455 MAIN ST","name":""},
  {"lat":33.950983,"lon":-78.048664,"city":"Southport","state":"NC","address":"4960 Old Long Beach Rd Se","name":""},
  {"lat":34.213062,"lon":-78.021657,"city":"Leland","state":"NC","address":"1147 New Pointe Blvd","name":""},
  {"lat":33.830327,"lon":-78.677522,"city":"North Myrtle Beach","state":"SC","address":"205 US-17","name":""},
  {"lat":34.135348,"lon":-77.894081,"city":"Wilmington","state":"NC","address":"5615 Carolina Beach Road","name":""},
  {"lat":34.222575,"lon":-77.881849,"city":"Wilmington","state":"NC","address":"715 S. College Rd.","name":""},
  {"lat":34.23106,"lon":-77.875985,"city":"Wilmington","state":"NC","address":"429 South College Rd","name":""},
  {"lat":33.700063,"lon":-78.87396,"city":"Myrtle Beach","state":"SC","address":"1800 N Kings Hwy","name":""},
  {"lat":35.261366,"lon":-77.644112,"city":"Kinston","state":"NC","address":"4050 W Vernon Ave.","name":""},
  {"lat":34.751609,"lon":-77.447144,"city":"Jacksonville","state":"NC","address":"407 South Marine Blvd","name":""},
  {"lat":34.770012,"lon":-77.386757,"city":"Jacksonville","state":"NC","address":"421 Western Boulevard","name":""},
  {"lat":35.105875,"lon":-77.080873,"city":"New Bern","state":"NC","address":"2500 Dr ML King Blvd","name":""},
  {"lat":35.549855,"lon":-77.404662,"city":"Winterville","state":"NC","address":"4145 S Memorial Dr","name":""},
  {"lat":34.906116,"lon":-76.933052,"city":"Havelock","state":"NC","address":"534 US Hwy 70 West","name":""},
  {"lat":35.60682,"lon":-77.394898,"city":"Greenville","state":"NC","address":"711 S. Memorial Drive","name":""},
  {"lat":35.599041,"lon":-77.331071,"city":"Greenville","state":"NC","address":"3209 East 10th Street","name":""},
  {"lat":35.833714,"lon":-77.066138,"city":"Williamston","state":"NC","address":"1549 Washington St","name":""},
  {"lat":35.556405,"lon":-77.059646,"city":"Washington","state":"NC","address":"1006 Carolina Ave","name":""},
  {"lat":36.433253,"lon":-77.636767,"city":"Roanoke Rapids","state":"NC","address":"1505 Julian R Allsbrook Hwy.","name":""},
  {"lat":34.726914,"lon":-76.770734,"city":"Morehead City","state":"NC","address":"4127 Arendell St","name":""},
  {"lat":35.994548,"lon":-75.649033,"city":"Kill Devil Hills","state":"NC","address":"1513 S Croatan Hwy","name":""},
  {"lat":36.295865,"lon":-76.233716,"city":"Elizabeth City","state":"NC","address":"912 W Ehringhaus St.","name":""},
  {"lat":36.713881,"lon":-79.909103,"city":"Collinsville","state":"VA","address":"2439 Virginia Ave","name":""},
  {"lat":36.583497,"lon":-79.426897,"city":"Danville","state":"VA","address":"3409 Riverside Dr","name":""},
  {"lat":36.401286,"lon":-78.980335,"city":"Roxboro","state":"NC","address":"110 Walker St.","name":""},
  {"lat":37.282977,"lon":-78.395549,"city":"Farmville","state":"VA","address":"1437 S Main St","name":""},
  {"lat":37.24488,"lon":-77.409954,"city":"Colonial Heights","state":"VA","address":"618 Boulevard","name":""},
  {"lat":37.261624,"lon":-77.325464,"city":"Hopewell","state":"VA","address":"5105 Oaklawn Blvd","name":""},
  {"lat":36.744044,"lon":-76.583859,"city":"Suffolk","state":"VA","address":"1017 N Main St","name":""},
  {"lat":36.811285,"lon":-76.360264,"city":"Portsmouth","state":"VA","address":"4015 Victory Blvd","name":""},
  {"lat":36.764709,"lon":-76.251728,"city":"Chesapeake","state":"VA","address":"1328 Battlefield Blvd N","name":""},
  {"lat":36.865391,"lon":-76.284441,"city":"Norfolk","state":"VA","address":"1818 Monticello Ave","name":""},
  {"lat":36.805592,"lon":-76.190398,"city":"Virginia Beach","state":"VA","address":"5670 Indian River Rd","name":""},
  {"lat":36.859732,"lon":-76.210654,"city":"Norfolk","state":"VA","address":"1105 N Military Hwy","name":""},
  {"lat":36.916194,"lon":-76.252891,"city":"Norfolk","state":"VA","address":"720 E Little Creek Rd","name":""},
  {"lat":36.783731,"lon":-76.000043,"city":"Virginia Beach","state":"VA","address":"1634 General Booth Blvd","name":""},
  {"lat":37.295709,"lon":-76.726261,"city":"Williamsburg","state":"VA","address":"1660 Richmond Rd","name":""},
  {"lat":33.04888,"lon":-85.025544,"city":"LaGrange","state":"GA","address":"126 Commerce Ave","name":""},
  {"lat":33.565438,"lon":-85.075664,"city":"Carrollton","state":"GA","address":"904 S Park St","name":""},
  {"lat":32.624427,"lon":-85.448159,"city":"Auburn","state":"AL","address":"1601 Opelika Rd.","name":""},
  {"lat":32.50862,"lon":-84.943627,"city":"Columbus","state":"GA","address":"3189 Manchester Expy","name":""},
  {"lat":31.25479,"lon":-85.42984,"city":"Dothan","state":"AL","address":"3354 Montgomery Hwy","name":""},
  {"lat":30.466238,"lon":-84.284701,"city":"Tallahassee","state":"FL","address":"1942 N Monroe St","name":""},
  {"lat":33.424022,"lon":-84.185493,"city":"McDonough","state":"GA","address":"1404 GA-20","name":""},
  {"lat":32.899288,"lon":-83.688184,"city":"Macon","state":"GA","address":"155 Tom Hill Sr. Blvd.","name":""},
  {"lat":32.81169,"lon":-83.720627,"city":"Macon","state":"GA","address":"5001 Brookhaven Rd","name":""},
  {"lat":33.584026,"lon":-84.339792,"city":"Morrow","state":"GA","address":"6273 Jonesboro Rd","name":""},
  {"lat":33.566849,"lon":-84.413061,"city":"Riverdale","state":"GA","address":"6897 GA – 85","name":""},
  {"lat":33.70574,"lon":-84.168953,"city":"Lithonia","state":"GA","address":"2790 Panola Rd","name":""},
  {"lat":32.616471,"lon":-83.692762,"city":"Warner Robins","state":"GA","address":"3061 Watson Blvd.","name":""},
  {"lat":33.10574,"lon":-83.250911,"city":"Milledgeville","state":"GA","address":"1893 N Columbia St","name":""},
  {"lat":33.743089,"lon":-84.34958,"city":"Atlanta","state":"GA","address":"403 Moreland Ave SE","name":""},
  {"lat":32.593714,"lon":-83.655558,"city":"Warner Robins","state":"GA","address":"113 Richard B Russell Pkwy","name":""},
  {"lat":33.773776,"lon":-84.369188,"city":"Atlanta","state":"GA","address":"544 Ponce de Leon Ave NE","name":""},
  {"lat":33.869082,"lon":-84.015996,"city":"Snellville","state":"GA","address":"2019 Scenic Hwy","name":""},
  {"lat":33.848783,"lon":-84.204968,"city":"Tucker","state":"GA","address":"4487 Hugh Howell Rd","name":""},
  {"lat":33.785301,"lon":-84.407805,"city":"Atlanta","state":"GA","address":"1112 Northside Dr NW","name":""},
  {"lat":31.585209,"lon":-84.176607,"city":"Albany","state":"GA","address":"609 N Slappey Blvd","name":""},
  {"lat":31.448985,"lon":-83.535961,"city":"Tifton","state":"GA","address":"1401 US 82","name":""},
  {"lat":31.961434,"lon":-83.759947,"city":"Cordele","state":"GA","address":"1405 E 16TH Ave.","name":""},
  {"lat":32.467614,"lon":-83.739117,"city":"Perry","state":"GA","address":"1340 Sam Nunn Blvd","name":""},
  {"lat":30.838444,"lon":-83.31758,"city":"Valdosta","state":"GA","address":"990 N St Augustine Rd.","name":""},
  {"lat":33.480216,"lon":-82.1292,"city":"Augusta","state":"GA","address":"4088 Jimmie Dyess Pkwy","name":""},
  {"lat":33.416059,"lon":-82.022841,"city":"Augusta","state":"GA","address":"3012 Peach Orchard Road","name":""},
  {"lat":33.511181,"lon":-82.039595,"city":"Augusta","state":"GA","address":"2910 Washington Rd","name":""},
  {"lat":33.475965,"lon":-81.997777,"city":"Augusta","state":"GA","address":"1801 Walton Way","name":""},
  {"lat":32.432718,"lon":-81.780342,"city":"Statesboro","state":"GA","address":"550 Fair Rd","name":""},
  {"lat":31.822584,"lon":-81.599528,"city":"Hinesville","state":"GA","address":"705 W Oglethorpe Hwy","name":""},
  {"lat":33.517946,"lon":-81.716024,"city":"Aiken","state":"SC","address":"2086 Whisky Rd.","name":""},
  {"lat":33.490827,"lon":-80.855658,"city":"Orangeburg","state":"SC","address":"725 John C Calhoun Dr","name":""},
  {"lat":31.217343,"lon":-81.518197,"city":"Brunswick","state":"GA","address":"4950 New Jesup Rd","name":""},
  {"lat":31.982949,"lon":-81.151636,"city":"Savannah","state":"GA","address":"11700 Abercorn St","name":""},
  {"lat":32.213117,"lon":-80.726287,"city":"Hilton Head Island","state":"SC","address":"101 Central Ave","name":""},
  {"lat":32.439936,"lon":-80.706238,"city":"Beaufort","state":"SC","address":"2434 Boundary Street","name":""},
  {"lat":32.038326,"lon":-81.066302,"city":"Savannah","state":"GA","address":"3009 Skidaway Rd","name":""},
  {"lat":32.136595,"lon":-81.254587,"city":"Pooler","state":"GA","address":"480 Pooler Pkwy","name":""},
  {"lat":32.926069,"lon":-80.685643,"city":"Walterboro","state":"SC","address":"1395 Bells Hwy","name":""},
  {"lat":34.009636,"lon":-85.989102,"city":"Gadsden","state":"AL","address":"303 E Meighan Blvd","name":""},
  {"lat":33.8115,"lon":-85.7608,"city":"Jacksonville","state":"AL","address":"402 S. Pelham","name":""},
  {"lat":34.261469,"lon":-85.180502,"city":"Rome","state":"GA","address":"808 Martha Berry Blvd NE","name":""},
  {"lat":34.952837,"lon":-85.246235,"city":"Fort Oglethorpe","state":"GA","address":"920 Battlefield Pkwy","name":""},
  {"lat":35.017179,"lon":-85.205056,"city":"Chattanooga","state":"TN","address":"5001 Brainerd Rd","name":""},
  {"lat":35.135998,"lon":-85.246395,"city":"Chattanooga","state":"TN","address":"5390 TN-153","name":""},
  {"lat":34.794242,"lon":-84.962704,"city":"Dalton","state":"GA","address":"1257 Glenwood Ave","name":""},
  {"lat":35.183025,"lon":-84.874295,"city":"Cleveland","state":"TN","address":"822 25th St","name":""},
  {"lat":34.47452,"lon":-84.924881,"city":"Calhoun","state":"GA","address":"610 East Hwy 53","name":""},
  {"lat":34.034806,"lon":-84.57067,"city":"Kennesaw","state":"GA","address":"745 Chastain Rd NW","name":""},
  {"lat":33.951363,"lon":-84.521428,"city":"Marietta","state":"GA","address":"9 Cobb Pkwy","name":""},
  {"lat":33.861082,"lon":-84.598513,"city":"Marietta","state":"GA","address":"3800 Austell Rd SW","name":""},
  {"lat":34.061423,"lon":-84.289618,"city":"Alpharetta","state":"GA","address":"11475 Haynes Bridge Rd","name":""},
  {"lat":33.95132,"lon":-83.401271,"city":"Athens","state":"GA","address":"1917 W Broad St","name":""},
  {"lat":33.919852,"lon":-83.442446,"city":"Athens","state":"GA","address":"1020 Jordan Dr","name":""},
  {"lat":33.991909,"lon":-83.725963,"city":"Winder","state":"GA","address":"46 W May Street","name":""},
  {"lat":34.217788,"lon":-82.164485,"city":"Greenwood","state":"SC","address":"1821 Hwy 72","name":""},
  {"lat":33.915665,"lon":-81.525385,"city":"Batesburg-Leesville","state":"SC","address":"179 E. Church St","name":""},
  {"lat":33.45451,"lon":-88.813509,"city":"Starkville","state":"MS","address":"102 MS-12","name":""},
  {"lat":33.516088,"lon":-88.432519,"city":"Columbus","state":"MS","address":"503 N 18th Ave","name":""},
  {"lat":31.32527,"lon":-89.343521,"city":"Hattiesburg","state":"MS","address":"3601 Hardy St","name":""},
  {"lat":32.357791,"lon":-88.683854,"city":"Meridian","state":"MS","address":"1219 S Frontage Rd","name":""},
  {"lat":30.685416,"lon":-88.172243,"city":"Mobile","state":"AL","address":"116 S. University Blvd.","name":""},
  {"lat":33.198699,"lon":-87.535035,"city":"Tuscaloosa","state":"AL","address":"100 15th St E","name":""},
  {"lat":32.460909,"lon":-86.392743,"city":"Prattville","state":"AL","address":"2557 Cobbs Ford Rd","name":""},
  {"lat":30.531649,"lon":-87.225053,"city":"Pensacola","state":"FL","address":"1735 E Nine Mile Rd","name":""},
  {"lat":33.444221,"lon":-86.827728,"city":"Birmingham","state":"AL","address":"281 Lakeshore Pkwy","name":""},
  {"lat":33.512456,"lon":-86.796708,"city":"Birmingham","state":"AL","address":"301 24th St","name":""},
  {"lat":31.783069,"lon":-85.959187,"city":"Troy","state":"AL","address":"1107 US Highway 231","name":""},
  {"lat":32.363701,"lon":-86.27097,"city":"Montgomery","state":"AL","address":"2610 Zelda Rd","name":""},
  {"lat":34.795797,"lon":-87.673774,"city":"Florence","state":"AL","address":"570 S Court St","name":""},
  {"lat":34.763669,"lon":-86.594639,"city":"Huntsville","state":"AL","address":"2220 Sparkman Dr. NW","name":""},
  {"lat":33.027661,"lon":-80.168893,"city":"Summerville","state":"SC","address":"703 N Main St","name":""},
  {"lat":32.975628,"lon":-80.062084,"city":"North Charleston","state":"SC","address":"8970 University Blvd","name":""},
  {"lat":32.916968,"lon":-80.112514,"city":"North Charleston","state":"SC","address":"8475 Dorchester Rd.","name":""},
  {"lat":32.790155,"lon":-80.02966,"city":"Charleston","state":"SC","address":"2036 Savannah Hwy","name":""},
  {"lat":32.823879,"lon":-79.838832,"city":"Mount Pleasant","state":"SC","address":"1711 N HWY 17","name":""},
  {"lat":34.113279,"lon":-80.891252,"city":"Columbia","state":"SC","address":"10030 Two Notch Rd","name":""},
  {"lat":34.137174,"lon":-80.961418,"city":"Columbia","state":"SC","address":"1331 Roberts Branch Pkwy","name":""},
  {"lat":34.023287,"lon":-80.955209,"city":"Columbia","state":"SC","address":"5311 Forest Dr","name":""},
  {"lat":33.96535,"lon":-80.942884,"city":"Columbia","state":"SC","address":"7440 Garners Ferry Rd","name":""},
  {"lat":34.004515,"lon":-81.018678,"city":"Columbia","state":"SC","address":"1101 Harden St","name":""},
  {"lat":34.030373,"lon":-81.096601,"city":"Columbia","state":"SC","address":"600 Bush River Rd","name":""},
  {"lat":33.975499,"lon":-81.07553,"city":"West Columbia","state":"SC","address":"1413 Charleston Hwy","name":""},
  {"lat":34.226037,"lon":-80.679812,"city":"Lugoff","state":"SC","address":"920 US-1","name":""},
  {"lat":33.985624,"lon":-81.246459,"city":"Lexington","state":"SC","address":"515 W Main St","name":""},
  {"lat":36.349027,"lon":-88.877952,"city":"Martin","state":"TN","address":"131 University Plaza","name":""},
  {"lat":36.612765,"lon":-88.315197,"city":"Murray","state":"KY","address":"205 N 12th St","name":""},
  {"lat":36.540384,"lon":-87.365529,"city":"Clarksville","state":"TN","address":"804 N 2nd St","name":""},
  {"lat":36.591625,"lon":-87.291589,"city":"Clarksville","state":"TN","address":"2892 Wilma Rudolph Blvd","name":""},
  {"lat":36.964286,"lon":-86.472449,"city":"Bowling Green","state":"KY","address":"730 Campbell Ln","name":""},
  {"lat":36.30373,"lon":-86.691648,"city":"Madison","state":"TN","address":"2102 Gallatin Pike N","name":""},
  {"lat":36.203339,"lon":-86.738112,"city":"Nashville","state":"TN","address":"2910 Gallatin Pike","name":""},
  {"lat":36.188898,"lon":-86.293338,"city":"Lebanon","state":"TN","address":"107 Legends Drive","name":""},
  {"lat":36.152469,"lon":-86.796443,"city":"Nashville","state":"TN","address":"1807 West End Ave","name":""},
  {"lat":36.149579,"lon":-86.861715,"city":"Nashville","state":"TN","address":"5802 Charlotte Pike","name":""},
  {"lat":35.031801,"lon":-90.024597,"city":"Memphis","state":"TN","address":"4286 Elvis Presley Blvd","name":""},
  {"lat":35.136103,"lon":-90.012476,"city":"Memphis","state":"TN","address":"1463 Union Ave.","name":""},
  {"lat":35.11081,"lon":-89.946396,"city":"Memphis","state":"TN","address":"757 South Highland Street","name":""},
  {"lat":35.048793,"lon":-89.805017,"city":"Memphis","state":"TN","address":"7755 Winchester Rd","name":""},
  {"lat":34.968354,"lon":-89.794582,"city":"Olive Branch","state":"MS","address":"7406 Hacks Cross Rd","name":""},
  {"lat":35.205113,"lon":-89.797508,"city":"Memphis","state":"TN","address":"7970 US Hwy 64","name":""},
  {"lat":35.360422,"lon":-89.893008,"city":"Millington","state":"TN","address":"8569 HWY 51","name":""},
  {"lat":35.67086,"lon":-88.85319,"city":"Jackson","state":"TN","address":"4 Stonebridge Blvd","name":""},
  {"lat":36.075961,"lon":-87.37619,"city":"Dickson","state":"TN","address":"109 Mathis Dr","name":""},
  {"lat":35.981469,"lon":-86.555816,"city":"Smyrna","state":"TN","address":"491 Sam Ridley Pkwy W","name":""},
  {"lat":35.86486,"lon":-86.389058,"city":"Murfreesboro","state":"TN","address":"1682 Memorial Blvd","name":""},
  {"lat":35.831479,"lon":-86.35127,"city":"Murfreesboro","state":"TN","address":"2919 S Rutherford Blvd","name":""},
  {"lat":36.140792,"lon":-85.501274,"city":"Cookeville","state":"TN","address":"869 S Jefferson Ave","name":""},
  {"lat":35.876954,"lon":-84.511569,"city":"Kingston","state":"TN","address":"616 N Kentucky St.","name":""},
  {"lat":37.092129,"lon":-85.303665,"city":"Columbia","state":"KY","address":"1001 Jamestown St","name":""},
  {"lat":37.057846,"lon":-84.623565,"city":"Somerset","state":"KY","address":"2561 S Hwy 27","name":""},
  {"lat":37.345122,"lon":-85.339202,"city":"Campbellsville","state":"KY","address":"615 East Broadway St","name":""},
  {"lat":36.722234,"lon":-84.170076,"city":"Williamsburg","state":"KY","address":"510 KY-92","name":""},
  {"lat":36.549126,"lon":-82.519933,"city":"Kingsport","state":"TN","address":"1600 E Stone Dr","name":""},
  {"lat":38.217203,"lon":-84.86053,"city":"Frankfort","state":"KY","address":"1234 US Highway 127 S","name":""},
  {"lat":38.040443,"lon":-84.513665,"city":"Lexington","state":"KY","address":"855 S Broadway","name":""},
  {"lat":37.735818,"lon":-84.320286,"city":"Richmond","state":"KY","address":"120 Eastern Bypass","name":""},
  {"lat":38.009267,"lon":-84.214499,"city":"Winchester","state":"KY","address":"100 HOSPITAL DR","name":""},
  {"lat":38.075948,"lon":-83.949742,"city":"Mount Sterling","state":"KY","address":"706 Northview Dr","name":""},
  {"lat":32.304015,"lon":-90.174037,"city":"Jackson","state":"MS","address":"986 High St.","name":""},
  {"lat":34.363304,"lon":-89.56018,"city":"Oxford","state":"MS","address":"2195 Jackson Ave W","name":""},
  {"lat":37.653915,"lon":-77.610536,"city":"Glen Allen","state":"VA","address":"4245 Pouncey Tract Rd","name":""},
  {"lat":37.601655,"lon":-77.562444,"city":"Richmond","state":"VA","address":"1501 Eastridge Rd","name":""},
  {"lat":37.49763,"lon":-77.54898,"city":"Richmond","state":"VA","address":"8240 Midlothian Tpke","name":""},
  {"lat":37.580558,"lon":-77.491456,"city":"Richmond","state":"VA","address":"4802 W Broad St","name":""},
  {"lat":37.611708,"lon":-77.344353,"city":"Mechanicsville","state":"VA","address":"7114 Mechanicsville Turnpike","name":""},
  {"lat":37.5298,"lon":-77.359573,"city":"Richmond","state":"VA","address":"4300 S Laburnum Ave","name":""},
  {"lat":37.758763,"lon":-77.467686,"city":"Ashland","state":"VA","address":"800 England St","name":""}
]}