{"key":"costco","displayName":"Costco","category":"grocery","useLocationName":false,"locations":[
  {"lat":18.399741,"lon":-65.997439,"city":"San Juan","state":"PR","address":"1185 AVE 65 INFANTERIA","name":""},
  {"lat":18.247385,"lon":-66.023693,"city":"Caguas Bairoa Ward","state":"PR","address":"200 AVE RAFAEL CORDERO, PR#30","name":""},
  {"lat":18.356872,"lon":-66.053664,"city":"San Juan","state":"PR","address":"CARR 176 KM 0.5","name":""},
  {"lat":18.384136,"lon":-66.138298,"city":"Bayamon","state":"PR","address":"125 CALLE A","name":""},
  {"lat":18.404191,"lon":-66.194886,"city":"Bayamon","state":"PR","address":"PR-2, KM 15.5","name":""},
  {"lat":43.608808,"lon":-70.35828,"city":"Scarborough","state":"ME","address":"455 SCARBOROUGH DOWNS ROAD","name":""},
  {"lat":42.136833,"lon":-71.066098,"city":"Avon","state":"MA","address":"120 STOCKWELL DR","name":""},
  {"lat":42.556608,"lon":-70.977404,"city":"Danvers","state":"MA","address":"11 NEWBURY ST","name":""},
  {"lat":42.396719,"lon":-71.072366,"city":"Everett","state":"MA","address":"2 MYSTIC VIEW RD","name":""},
  {"lat":42.231693,"lon":-71.17349,"city":"Dedham","state":"MA","address":"200 LEGACY BLVD","name":""},
  {"lat":42.10092,"lon":-71.22488,"city":"Sharon","state":"MA","address":"160 OLD POST ROAD","name":""},
  {"lat":42.394705,"lon":-71.265193,"city":"Waltham","state":"MA","address":"71 2ND AVE","name":""},
  {"lat":42.702215,"lon":-71.442849,"city":"Nashua","state":"NH","address":"311 DANIEL WEBSTER HWY","name":""},
  {"lat":41.360151,"lon":-72.214386,"city":"East Lyme","state":"CT","address":"284 FLANDERS RD","name":""},
  {"lat":40.926597,"lon":-72.70667,"city":"Riverhead","state":"NY","address":"1768 OLD COUNTRY RD","name":""},
  {"lat":41.818095,"lon":-72.556345,"city":"South Windsor","state":"CT","address":"1220 TAMARACK AVE","name":""},
  {"lat":41.993398,"lon":-72.575584,"city":"Enfield","state":"CT","address":"75 FRESHWATER BLVD","name":""},
  {"lat":42.132114,"lon":-72.620593,"city":"West Springfield","state":"MA","address":"119 DAGGETT DR","name":""},
  {"lat":41.709716,"lon":-72.762987,"city":"New Britain","state":"CT","address":"405 HARTFORD RD","name":""},
  {"lat":40.772807,"lon":-73.050287,"city":"Holbrook","state":"NY","address":"125 BEACON DR","name":""},
  {"lat":41.250879,"lon":-73.024689,"city":"Milford","state":"CT","address":"1718 BOSTON POST RD","name":""},
  {"lat":40.859705,"lon":-73.12992,"city":"Nesconset","state":"NY","address":"3000 MIDDLE COUNTRY RD","name":""},
  {"lat":41.539767,"lon":-72.968302,"city":"Waterbury","state":"CT","address":"3600 E MAIN ST","name":""},
  {"lat":40.806714,"lon":-73.286395,"city":"Commack","state":"NY","address":"10 GARET PL","name":""},
  {"lat":40.758167,"lon":-73.42079,"city":"Melville","state":"NY","address":"625 BROADHOLLOW RD","name":""},
  {"lat":41.091707,"lon":-73.451543,"city":"Norwalk","state":"CT","address":"779 CONNECTICUT AVENUE","name":""},
  {"lat":41.442328,"lon":-73.406082,"city":"Brookfield","state":"CT","address":"200 FEDERAL RD","name":""},
  {"lat":40.744323,"lon":-73.598197,"city":"Westbury","state":"NY","address":"1250 OLD COUNTRY RD","name":""},
  {"lat":40.619034,"lon":-73.651745,"city":"Oceanside","state":"NY","address":"3705 HAMPTON RD","name":""},
  {"lat":40.630533,"lon":-73.739432,"city":"Lawrence","state":"NY","address":"605 ROCKAWAY TPKE","name":""},
  {"lat":40.999514,"lon":-73.66119,"city":"Port Chester","state":"NY","address":"1 WESTCHESTER AVE","name":""},
  {"lat":40.896342,"lon":-73.79452,"city":"New Rochelle","state":"NY","address":"1 INDUSTRIAL LN","name":""},
  {"lat":40.733132,"lon":-73.863295,"city":"Rego Park","state":"NY","address":"6135 JUNCTION BLVD","name":""},
  {"lat":40.97445,"lon":-73.861835,"city":"Yonkers","state":"NY","address":"20 STEW LEONARD DR","name":""},
  {"lat":40.233411,"lon":-74.045512,"city":"Ocean","state":"NJ","address":"2361 STATE ROUTE 66","name":""},
  {"lat":40.7957,"lon":-73.930677,"city":"New York City","state":"NY","address":"517 E 117TH ST","name":""},
  {"lat":40.767608,"lon":-73.938863,"city":"Long Island City","state":"NY","address":"3250 VERNON BLVD","name":""},
  {"lat":40.655312,"lon":-74.009075,"city":"Brooklyn","state":"NY","address":"976 3RD AVE","name":""},
  {"lat":40.05502,"lon":-74.157242,"city":"Brick","state":"NJ","address":"465 ROUTE 70","name":""},
  {"lat":39.70741,"lon":-74.287566,"city":"Stafford Township","state":"NJ","address":"245 STAFFORD PARK BLVD","name":""},
  {"lat":40.87639,"lon":-74.038871,"city":"Hackensack","state":"NJ","address":"80 S RIVER ST","name":""},
  {"lat":40.673817,"lon":-74.104187,"city":"Bayonne","state":"NJ","address":"21 GOLDSBOROUGH DR","name":""},
  {"lat":40.41915,"lon":-74.170643,"city":"Hazlet","state":"NJ","address":"2835 ROUTE 35 N","name":""},
  {"lat":40.860959,"lon":-74.063542,"city":"Teterboro","state":"NJ","address":"2 TETERBORO LANDING DR","name":""},
  {"lat":41.107391,"lon":-74.0255,"city":"Nanuet","state":"NY","address":"50 OVERLOOK BLVD","name":""},
  {"lat":40.572806,"lon":-74.169036,"city":"Staten Island","state":"NY","address":"2975 RICHMOND AVE","name":""},
  {"lat":40.831502,"lon":-74.13695,"city":"Clifton","state":"NJ","address":"20 BRIDEWELL PL","name":""},
  {"lat":44.504123,"lon":-73.175074,"city":"Colchester","state":"VT","address":"218 LOWER MOUNTAIN VIEW DR","name":""},
  {"lat":40.361522,"lon":-74.303167,"city":"Morganville","state":"NJ","address":"18 ROUTE 9 NORTH","name":""},
  {"lat":40.6936,"lon":-74.287827,"city":"Union","state":"NJ","address":"1055 HUDSON ST","name":""},
  {"lat":40.89075,"lon":-74.255467,"city":"Wayne","state":"NJ","address":"149 STATE ROUTE 23","name":""},
  {"lat":40.530407,"lon":-74.376094,"city":"Edison","state":"NJ","address":"205 VINEYARD RD","name":""},
  {"lat":40.812198,"lon":-74.380115,"city":"East Hanover","state":"NJ","address":"156 SR-10 WEST","name":""},
  {"lat":40.612072,"lon":-74.458739,"city":"North Plainfield","state":"NJ","address":"1290 US HIGHWAY 22E","name":""},
  {"lat":40.437079,"lon":-74.506639,"city":"North Brunswick","state":"NJ","address":"100 GRAND AVENUE","name":""},
  {"lat":40.56349,"lon":-74.558095,"city":"Bridgewater","state":"NJ","address":"325 PROMENADE BLVD","name":""},
  {"lat":40.282323,"lon":-74.674751,"city":"Lawrence Township","state":"NJ","address":"4100 QUAKERBRIDGE RD","name":""},
  {"lat":40.906848,"lon":-74.569048,"city":"Wharton","state":"NJ","address":"315 STATE ROUTE 15 N","name":""},
  {"lat":39.971773,"lon":-74.908043,"city":"Mount Laurel","state":"NJ","address":"100 CENTERTON RD","name":""},
  {"lat":40.522377,"lon":-74.85188,"city":"Flemington","state":"NJ","address":"2A WALTER E FORAN BLVD N","name":""},
  {"lat":39.927069,"lon":-75.039769,"city":"Cherry Hill","state":"NJ","address":"650 GARDEN PARK BLVD","name":""},
  {"lat":40.197499,"lon":-75.080059,"city":"Warminster","state":"PA","address":"100 VETERANS WAY","name":""},
  {"lat":40.23744,"lon":-75.234419,"city":"North Wales","state":"PA","address":"740 UPPER STATE RD","name":""},
  {"lat":40.090934,"lon":-75.386353,"city":"King of Prussia","state":"PA","address":"201 ALLENDALE RD","name":""},
  {"lat":39.889577,"lon":-75.532104,"city":"Glen Mills","state":"PA","address":"700 EVERGREEN DR","name":""},
  {"lat":36.851912,"lon":-76.199503,"city":"Norfolk","state":"VA","address":"850 GLENROCK RD","name":""},
  {"lat":39.677201,"lon":-75.647649,"city":"Newark","state":"DE","address":"900 CENTER BLVD","name":""},
  {"lat":40.238498,"lon":-75.575569,"city":"Pottstown","state":"PA","address":"14 W LIGHTCAP RD","name":""},
  {"lat":40.566132,"lon":-75.55818,"city":"Allentown","state":"PA","address":"791 N KROCKS RD","name":""},
  {"lat":37.106299,"lon":-76.496623,"city":"Newport News","state":"VA","address":"12121 JEFFERSON AVE","name":""},
  {"lat":40.052787,"lon":-76.256727,"city":"Lancaster","state":"PA","address":"1875 HEMPSTEAD RD","name":""},
  {"lat":39.358125,"lon":-76.44533,"city":"Baltimore","state":"MD","address":"9919 PULASKI HWY","name":""},
  {"lat":39.196223,"lon":-76.600203,"city":"Glen Burnie","state":"MD","address":"575 E ORDNANCE RD","name":""},
  {"lat":39.155935,"lon":-76.730669,"city":"Hanover","state":"MD","address":"7077 ARUNDEL MILLS CIR","name":""},
  {"lat":38.670482,"lon":-76.873148,"city":"Brandywine","state":"MD","address":"16006 CRAIN HWY","name":""},
  {"lat":39.18655,"lon":-76.793761,"city":"Elkridge","state":"MD","address":"6675 MARIE CURIE DR","name":""},
  {"lat":38.923382,"lon":-76.850695,"city":"Glenarden","state":"MD","address":"2400 FIVE LEES LN","name":""},
  {"lat":39.406333,"lon":-76.789152,"city":"Owings Mills","state":"MD","address":"10270 MILL RUN CIRCLE","name":""},
  {"lat":39.032473,"lon":-76.90858,"city":"Beltsville","state":"MD","address":"10925 BALTIMORE AVE","name":""},
  {"lat":38.921033,"lon":-76.950662,"city":"Washington","state":"DC","address":"2441 MARKET ST NE","name":""},
  {"lat":38.860889,"lon":-77.057193,"city":"Arlington","state":"VA","address":"1200 S FERN ST","name":""},
  {"lat":38.742329,"lon":-77.087841,"city":"Alexandria","state":"VA","address":"7940 RICHMOND HWY","name":""},
  {"lat":40.30688,"lon":-76.7981,"city":"Harrisburg","state":"PA","address":"5125 JONESTOWN RD STE 221","name":""},
  {"lat":39.035686,"lon":-77.055739,"city":"Wheaton","state":"MD","address":"11160 VEIRS MILL RD, SUITE DPT4","name":""},
  {"lat":34.248298,"lon":-77.873003,"city":"Wilmington","state":"NC","address":"5351 GINGERWOOD DR","name":""},
  {"lat":43.057025,"lon":-76.268158,"city":"Camillus","state":"NY","address":"120 TOWNSHIP BLVD","name":""},
  {"lat":38.739839,"lon":-77.197393,"city":"Springfield","state":"VA","address":"7373 BOSTON BLVD","name":""},
  {"lat":38.642493,"lon":-77.292499,"city":"Woodbridge","state":"VA","address":"2700 POTOMAC MILLS CIRCLE, SUITE 200","name":""},
  {"lat":39.155926,"lon":-77.214031,"city":"Gaithersburg","state":"MD","address":"880 RUSSELL AVE","name":""},
  {"lat":40.237305,"lon":-77.056951,"city":"Mechanicsburg","state":"PA","address":"6719 CARLISLE PIKE","name":""},
  {"lat":37.642163,"lon":-77.561167,"city":"Glen Allen","state":"VA","address":"9650 W BROAD ST","name":""},
  {"lat":37.513702,"lon":-77.604946,"city":"North Chesterfield","state":"VA","address":"1401 MALL DR","name":""},
  {"lat":38.849405,"lon":-77.371854,"city":"Fairfax","state":"VA","address":"4725 W OX RD","name":""},
  {"lat":38.290319,"lon":-77.515803,"city":"Fredericksburg","state":"VA","address":"3102 PLANK RD # 600","name":""},
  {"lat":39.023759,"lon":-77.401652,"city":"Sterling","state":"VA","address":"21398 PRICE CASCADES PLZ","name":""},
  {"lat":38.89568,"lon":-77.442741,"city":"Chantilly","state":"VA","address":"14390 CHANTILLY CROSSING LN","name":""},
  {"lat":38.783927,"lon":-77.516693,"city":"Manassas","state":"VA","address":"10701 SUDLEY MANOR DR","name":""},
  {"lat":39.401363,"lon":-77.408245,"city":"Frederick","state":"MD","address":"10 MONOCACY BLVD","name":""},
  {"lat":39.115317,"lon":-77.533187,"city":"Leesburg","state":"VA","address":"1300 EDWARDS FERRY RD NE","name":""},
  {"lat":35.817875,"lon":-78.622423,"city":"Raleigh","state":"NC","address":"2838 WAKE FOREST RD","name":""},
  {"lat":33.705783,"lon":-78.915937,"city":"Myrtle Beach","state":"SC","address":"1021 OAK FOREST LN","name":""},
  {"lat":35.66825,"lon":-78.699146,"city":"Raleigh","state":"NC","address":"7800 FAYETTEVILLE RD.","name":""},
  {"lat":39.157501,"lon":-78.156309,"city":"Winchester","state":"VA","address":"251 FRONT ROYAL PIKE","name":""},
  {"lat":35.746507,"lon":-78.827681,"city":"Apex","state":"NC","address":"1021 PINE PLAZA DR","name":""},
  {"lat":38.068416,"lon":-78.489915,"city":"Charlottesville","state":"VA","address":"3171 DISTRICT AVE","name":""},
  {"lat":43.113686,"lon":-77.613311,"city":"Rochester","state":"NY","address":"335 WESTFALL ROAD","name":""},
  {"lat":36.029133,"lon":-78.914571,"city":"Durham","state":"NC","address":"1510 N POINTE DR","name":""},
  {"lat":26.588575,"lon":-80.071196,"city":"Lantana","state":"FL","address":"1873 LANTANA RD","name":""},
  {"lat":26.412417,"lon":-80.100792,"city":"Boca Raton","state":"FL","address":"17800 CONGRESS AVE","name":""},
  {"lat":25.912369,"lon":-80.154079,"city":"North Miami","state":"FL","address":"14800 SOLE MIA WAY","name":""},
  {"lat":26.806982,"lon":-80.087545,"city":"Palm Beach Gardens","state":"FL","address":"3250 NORTHLAKE BLVD","name":""},
  {"lat":26.27346,"lon":-80.149393,"city":"Pompano Beach","state":"FL","address":"1800 W SAMPLE RD","name":""},
  {"lat":26.096643,"lon":-80.247863,"city":"Davie","state":"FL","address":"1890 S UNIVERSITY DR","name":""},
  {"lat":26.682964,"lon":-80.220866,"city":"Royal Palm Beach","state":"FL","address":"11001 SOUTHERN BLVD","name":""},
  {"lat":25.923399,"lon":-80.29882,"city":"Miami Lakes","state":"FL","address":"16580 NW 59TH AVE","name":""},
  {"lat":38.427847,"lon":-78.85675,"city":"Harrisonburg","state":"VA","address":"1830 RESERVOIR ST","name":""},
  {"lat":25.775021,"lon":-80.322448,"city":"Miami","state":"FL","address":"7795 WEST FLAGLER STREET, STE 01","name":""},
  {"lat":26.288613,"lon":-80.279971,"city":"Coral Springs","state":"FL","address":"4621 CORAL RIDGE DR.","name":""},
  {"lat":27.16509,"lon":-80.24438,"city":"Stuart","state":"FL","address":"3173 S KANNER HWY STUART","name":""},
  {"lat":26.0098,"lon":-80.3601,"city":"Pembroke Pines","state":"FL","address":"15915 PINES BLVD","name":""},
  {"lat":25.65399,"lon":-80.412624,"city":"Miami","state":"FL","address":"13450 SW 120TH ST","name":""},
  {"lat":32.881573,"lon":-79.769669,"city":"Mount Pleasant","state":"SC","address":"3525 PARK AVENUE BLVD","name":""},
  {"lat":32.795437,"lon":-80.035645,"city":"Charleston","state":"SC","address":"3050 ASHLEY TOWN CENTER DR","name":""},
  {"lat":28.18942,"lon":-80.719726,"city":"Melbourne","state":"FL","address":"4305 PINEDA CAUSEWAY","name":""},
  {"lat":36.057891,"lon":-79.883939,"city":"Greensboro","state":"NC","address":"4201 W WENDOVER AVE","name":""},
  {"lat":36.064702,"lon":-80.318225,"city":"Winston Salem","state":"NC","address":"1085 HANES MALL BLVD","name":""},
  {"lat":29.19118,"lon":-81.07229,"city":"Daytona Beach","state":"FL","address":"150 PIT ROAD","name":""},
  {"lat":40.402956,"lon":-79.920892,"city":"Homestead","state":"PA","address":"501 WATERFRONT DR W","name":""},
  {"lat":28.59879,"lon":-81.300088,"city":"Winter Park","state":"FL","address":"3333 UNIVERSITY BLVD","name":""},
  {"lat":35.130004,"lon":-80.703974,"city":"Matthews","state":"NC","address":"2125 MATTHEWS TOWNSHIP PKWY","name":""},
  {"lat":28.404047,"lon":-81.40614,"city":"Orlando","state":"FL","address":"2101 WATERBRIDGE BLVD","name":""},
  {"lat":28.495581,"lon":-81.425122,"city":"Orlando","state":"FL","address":"4696 GARDENS PARK BLVD","name":""},
  {"lat":28.66101,"lon":-81.417715,"city":"Altamonte Springs","state":"FL","address":"741 ORANGE AVE","name":""},
  {"lat":34.970222,"lon":-80.852125,"city":"Indian Land","state":"SC","address":"8800 CHARLOTTE HIGHWAY","name":""},
  {"lat":40.691202,"lon":-80.107998,"city":"Cranberry Township","state":"PA","address":"1050 CRANBERRY SQUARE DR","name":""},
  {"lat":40.459164,"lon":-80.16569,"city":"Pittsburgh","state":"PA","address":"202 COSTCO DR","name":""},
  {"lat":35.161614,"lon":-80.884664,"city":"Charlotte","state":"NC","address":"500 TYVOLA RD","name":""},
  {"lat":35.582406,"lon":-80.854544,"city":"Mooresville","state":"NC","address":"392 TALBERT RD","name":""},
  {"lat":29.98205,"lon":-81.46277,"city":"St. Augustine","state":"FL","address":"215 WORLD COMMERCE PARKWAY","name":""},
  {"lat":32.080643,"lon":-81.277393,"city":"Pooler","state":"GA","address":"200 MOSAIC CIRCLE","name":""},
  {"lat":26.22017,"lon":-81.775308,"city":"Naples","state":"FL","address":"6275 NAPLES BLVD","name":""},
  {"lat":26.489599,"lon":-81.786139,"city":"Fort Myers","state":"FL","address":"10088 GULF CENTER DR","name":""},
  {"lat":34.070832,"lon":-81.139716,"city":"Columbia","state":"SC","address":"507 PINEY GROVE RD","name":""},
  {"lat":28.547545,"lon":-81.666729,"city":"Clermont","state":"FL","address":"4600 COLLINA TERRACE","name":""},
  {"lat":30.251994,"lon":-81.534117,"city":"Jacksonville","state":"FL","address":"4901 GATE PKWY","name":""},
  {"lat":26.544892,"lon":-81.874222,"city":"Fort Myers","state":"FL","address":"7171 CYPRESS LAKE DR","name":""},
  {"lat":30.201709,"lon":-81.756635,"city":"Jacksonville","state":"FL","address":"8000 PARRAMORE RD","name":""},
  {"lat":28.92989,"lon":-82.021511,"city":"The Villages","state":"FL","address":"675 TATONKA TERRACE","name":""},
  {"lat":27.0398,"lon":-82.30727,"city":"North Port","state":"FL","address":"11700 MEZZO DRIVE, 11700 MEZZO DRIVE","name":""},
  {"lat":27.921382,"lon":-82.33062,"city":"Brandon","state":"FL","address":"10921 CAUSEWAY BLVD","name":""},
  {"lat":28.189389,"lon":-82.393809,"city":"Lutz","state":"FL","address":"2225 GRAND CYPRESS DR","name":""},
  {"lat":27.494624,"lon":-82.470144,"city":"Bradenton","state":"FL","address":"805 LIGHTHOUSE DRIVE","name":""},
  {"lat":27.234739,"lon":-82.490787,"city":"Sarasota","state":"FL","address":"8201 S TAMIAMI TRL UNIT 501","name":""},
  {"lat":33.52479,"lon":-82.020271,"city":"Augusta","state":"GA","address":"825 CABELA DR","name":""},
  {"lat":34.940117,"lon":-81.997444,"city":"Spartanburg","state":"SC","address":"211 W BLACKSTOCK RD","name":""},
  {"lat":28.041924,"lon":-82.580365,"city":"Tampa","state":"FL","address":"8712 W LINEBAUGH AVE","name":""},
  {"lat":40.88576,"lon":-81.43958,"city":"North Canton","state":"OH","address":"4953 HUCKLEBERRY ST NW","name":""},
  {"lat":27.956564,"lon":-82.728235,"city":"Clearwater","state":"FL","address":"2655 GULF TO BAY BLVD","name":""},
  {"lat":41.524467,"lon":-81.447006,"city":"Cleveland","state":"OH","address":"1409 GOLDEN GATE BLVD","name":""},
  {"lat":41.26469,"lon":-81.506629,"city":"Boston Heights","state":"OH","address":"6720 BASS PRO DR","name":""},
  {"lat":34.836095,"lon":-82.311264,"city":"Greenville","state":"SC","address":"1021 WOODRUFF RD","name":""},
  {"lat":41.316905,"lon":-81.816052,"city":"Strongsville","state":"OH","address":"16690 ROYALTON RD","name":""},
  {"lat":41.460453,"lon":-82.011071,"city":"Avon","state":"OH","address":"35804 DETROIT ROAD","name":""},
  {"lat":33.920338,"lon":-83.456505,"city":"Athens","state":"GA","address":"5550 PARKWAY BLVD","name":""},
  {"lat":40.05389,"lon":-82.905418,"city":"Columbus","state":"OH","address":"3888 STELZER RD","name":""},
  {"lat":40.15031,"lon":-82.976988,"city":"Columbus","state":"OH","address":"1500 GEMINI PL","name":""},
  {"lat":40.109677,"lon":-83.189049,"city":"Plain City","state":"OH","address":"7300 STATE ROUTE 161 E","name":""},
  {"lat":42.496386,"lon":-82.934988,"city":"Roseville","state":"MI","address":"27118 GRATIOT AVE","name":""},
  {"lat":42.629753,"lon":-82.979197,"city":"Shelby Township","state":"MI","address":"45460 MARKET ST","name":""},
  {"lat":42.516028,"lon":-83.116909,"city":"Madison Heights","state":"MI","address":"30550 STEPHENSON HWY","name":""},
  {"lat":42.447735,"lon":-83.20456,"city":"Southfield","state":"MI","address":"21110 NORTHWESTERN HWY","name":""},
  {"lat":30.460912,"lon":-84.212896,"city":"Tallahassee","state":"FL","address":"4067 LAGNIAPPE WAY","name":""},
  {"lat":34.062487,"lon":-83.995861,"city":"Buford","state":"GA","address":"1550 MALL OF GEORGIA BLVD","name":""},
  {"lat":42.606714,"lon":-83.29337,"city":"Bloomfield","state":"MI","address":"2343 S TELEGRAPH RD","name":""},
  {"lat":42.706297,"lon":-83.296283,"city":"Auburn Hills","state":"MI","address":"400 BROWN RD","name":""},
  {"lat":42.382016,"lon":-83.331872,"city":"Livonia","state":"MI","address":"13700 MIDDLEBELT RD","name":""},
  {"lat":34.213232,"lon":-84.116241,"city":"Cumming","state":"GA","address":"1211 BALD RIDGE MARINA RD","name":""},
  {"lat":33.947542,"lon":-84.143351,"city":"Duluth","state":"GA","address":"3980 VENTURE DR","name":""},
  {"lat":42.433108,"lon":-83.43024,"city":"Livonia","state":"MI","address":"20000 HAGGERTY RD","name":""},
  {"lat":42.533834,"lon":-83.444749,"city":"Commerce Township","state":"MI","address":"3000 COMMERCE XING","name":""},
  {"lat":33.481273,"lon":-84.218946,"city":"McDonough","state":"GA","address":"2245 JODECO ROAD","name":""},
  {"lat":41.534849,"lon":-83.633477,"city":"Perrysburg","state":"OH","address":"26400 DIXIE HWY","name":""},
  {"lat":41.676216,"lon":-83.625203,"city":"Toledo","state":"OH","address":"3405 W CENTRAL AVE","name":""},
  {"lat":35.896116,"lon":-84.140246,"city":"Knoxville","state":"TN","address":"10745 KINGSTON PIKE","name":""},
  {"lat":34.090701,"lon":-84.278491,"city":"Alpharetta","state":"GA","address":"2855 JORDAN CT","name":""},
  {"lat":33.572112,"lon":-84.333658,"city":"Morrow","state":"GA","address":"1700 MOUNT ZION RD","name":""},
  {"lat":33.872718,"lon":-84.336135,"city":"Atlanta","state":"GA","address":"500 BROOKHAVEN AVE NE","name":""},
  {"lat":33.928619,"lon":-84.354418,"city":"Atlanta","state":"GA","address":"6350 PEACHTREE DUNWOODY RD","name":""},
  {"lat":42.230567,"lon":-83.74449,"city":"Ann Arbor","state":"MI","address":"771 AIRPORT BLVD","name":""},
  {"lat":42.503791,"lon":-83.761594,"city":"Brighton","state":"MI","address":"6700 WHITMORE LAKE RD","name":""},
  {"lat":42.94269,"lon":-83.71961,"city":"Flint","state":"MI","address":"6200 LAFONTAINE WAY","name":""},
  {"lat":33.88101,"lon":-84.470763,"city":"Atlanta","state":"GA","address":"2900 CUMBERLAND MALL SE","name":""},
  {"lat":34.119874,"lon":-84.515702,"city":"Woodstock","state":"GA","address":"113 LINCOLN ST","name":""},
  {"lat":39.662497,"lon":-84.106705,"city":"Centerville","state":"OH","address":"5300 CORNERSTONE NORTH BLVD","name":""},
  {"lat":34.00503,"lon":-84.569949,"city":"Kennesaw","state":"GA","address":"645 BARRETT PARKWAY NW","name":""},
  {"lat":33.400461,"lon":-84.621576,"city":"Sharpsburg","state":"GA","address":"40 FISCHER CROSSINGS DR","name":""},
  {"lat":39.295836,"lon":-84.303065,"city":"Cincinnati","state":"OH","address":"9691 WATERSTONE BLVD","name":""},
  {"lat":38.024818,"lon":-84.409859,"city":"Lexington","state":"KY","address":"1500 FITZGERALD CT","name":""},
  {"lat":39.369927,"lon":-84.358485,"city":"Liberty Township","state":"OH","address":"7135 VETERANS BOULEVARD","name":""},
  {"lat":33.921287,"lon":-84.76388,"city":"Dallas","state":"GA","address":"1715 CHARLES HARDY PKWY","name":""},
  {"lat":43.603078,"lon":-84.169547,"city":"Midland","state":"MI","address":"4816 BAY CITY RD","name":""},
  {"lat":38.988506,"lon":-84.645383,"city":"Florence","state":"KY","address":"800 HEIGHTS BLVD","name":""},
  {"lat":42.751687,"lon":-84.443885,"city":"East Lansing","state":"MI","address":"2540 E SAGINAW HIGHWAY","name":""},
  {"lat":34.968361,"lon":-85.194322,"city":"Ringgold","state":"GA","address":"100 COBB PKWY","name":""},
  {"lat":41.126064,"lon":-85.157904,"city":"Fort Wayne","state":"IN","address":"5110 VALUE DR","name":""},
  {"lat":38.316272,"lon":-85.573497,"city":"Louisville","state":"KY","address":"5020 NORTON HEALTHCARE BLVD","name":""},
  {"lat":38.203717,"lon":-85.668567,"city":"Louisville","state":"KY","address":"3408 BARDSTOWN RD","name":""},
  {"lat":42.910916,"lon":-85.542699,"city":"Grand Rapids","state":"MI","address":"5100 28TH ST SE","name":""},
  {"lat":32.3637,"lon":-86.150907,"city":"Montgomery","state":"AL","address":"8251 EASTCHASE PKWY","name":""},
  {"lat":42.272012,"lon":-85.650975,"city":"Kalamazoo","state":"MI","address":"5100 CENTURY AVE","name":""},
  {"lat":44.734272,"lon":-85.571637,"city":"Traverse City","state":"MI","address":"125 E SOUTH AIRPORT RD","name":""},
  {"lat":42.875958,"lon":-85.763378,"city":"Wyoming","state":"MI","address":"4901 WILSON AVE SW","name":""},
  {"lat":40.003846,"lon":-86.002856,"city":"Noblesville","state":"IN","address":"14775 NORTH POINTE BLVD","name":""},
  {"lat":39.91394,"lon":-86.06217,"city":"Indianapolis","state":"IN","address":"6110 E 86TH ST","name":""},
  {"lat":39.637902,"lon":-86.088866,"city":"Indianapolis","state":"IN","address":"4628 E COUNTY LINE RD","name":""},
  {"lat":35.826255,"lon":-86.417399,"city":"Murfreesboro","state":"TN","address":"1524 BEASIE RD","name":""},
  {"lat":39.917134,"lon":-86.227065,"city":"Indianapolis","state":"IN","address":"9010 MICHIGAN RD","name":""},
  {"lat":41.719129,"lon":-86.171881,"city":"Granger","state":"IN","address":"625 E UNIVERSITY DR","name":""},
  {"lat":36.182363,"lon":-86.463139,"city":"Mt. Juliet","state":"TN","address":"100 LEGACY POINTE BLVD.","name":""},
  {"lat":39.766091,"lon":-86.365122,"city":"Avon","state":"IN","address":"8816 DR. CHARLES NELSON DRIVE","name":""},
  {"lat":34.743718,"lon":-86.602645,"city":"Huntsville","state":"AL","address":"1205 N. MEMORIAL PKWY","name":""},
  {"lat":43.141256,"lon":-86.201824,"city":"Fruitport","state":"MI","address":"6110 S HARVEY STREET","name":""},
  {"lat":36.32874,"lon":-86.623289,"city":"Hendersonville","state":"TN","address":"1101 FOREST RETREAT RD","name":""},
  {"lat":34.752852,"lon":-86.753804,"city":"Madison","state":"AL","address":"8094 HIGHWAY 72 WEST","name":""},
  {"lat":33.378752,"lon":-86.812307,"city":"Hoover","state":"AL","address":"3650 GALLERIA CIR","name":""},
  {"lat":35.963328,"lon":-86.816425,"city":"Brentwood","state":"TN","address":"98 SEABOARD LN","name":""},
  {"lat":35.963821,"lon":-86.816865,"city":"Brentwood","state":"TN","address":"98 SEABOARD LN","name":""},
  {"lat":36.139685,"lon":-86.885094,"city":"Nashville","state":"TN","address":"6670 CHARLOTTE PIKE","name":""},
  {"lat":41.475473,"lon":-87.32188,"city":"Merrillville","state":"IN","address":"1310 E 79TH AVE","name":""},
  {"lat":37.987503,"lon":-87.462149,"city":"Evansville","state":"IN","address":"1201 CROSS POINTE PL","name":""},
  {"lat":41.862518,"lon":-87.667563,"city":"Chicago","state":"IL","address":"1430 S ASHLAND AVE","name":""},
  {"lat":41.929737,"lon":-87.676974,"city":"Chicago","state":"IL","address":"2746 N CLYBOURN AVE","name":""},
  {"lat":41.758785,"lon":-87.744591,"city":"Chicago","state":"IL","address":"7300 S CICERO AVE","name":""},
  {"lat":42.014728,"lon":-87.780195,"city":"Niles","state":"IL","address":"7311 N MELVINA AVE","name":""},
  {"lat":41.844068,"lon":-87.805739,"city":"North Riverside","state":"IL","address":"2500 SOUTH HARLEM AVE","name":""},
  {"lat":30.648765,"lon":-88.118668,"city":"Mobile","state":"AL","address":"1450 TINGLE CIRCLE WEST","name":""},
  {"lat":42.108799,"lon":-87.821815,"city":"Glenview","state":"IL","address":"2900 PATRIOT BLVD","name":""},
  {"lat":41.909719,"lon":-87.83614,"city":"Melrose Park","state":"IL","address":"8400 W NORTH AVE","name":""},
  {"lat":41.599959,"lon":-87.861252,"city":"Orland Park","state":"IL","address":"9915 W 159TH ST","name":""},
  {"lat":42.237453,"lon":-87.903497,"city":"Mettawa","state":"IL","address":"25901 RIVERWOODS RD","name":""},
  {"lat":42.08314,"lon":-87.933347,"city":"Mount Prospect","state":"IL","address":"999 N ELMHURST RD","name":""},
  {"lat":42.564499,"lon":-87.919602,"city":"Pleasant Prairie","state":"WI","address":"7707 94TH AVE","name":""},
  {"lat":41.845459,"lon":-87.965449,"city":"Oak Brook","state":"IL","address":"1901 W 22ND ST","name":""},
  {"lat":43.324404,"lon":-87.922375,"city":"Grafton","state":"WI","address":"950 PORT WASHINGTON RD","name":""},
  {"lat":41.727963,"lon":-88.031714,"city":"Bolingbrook","state":"IL","address":"830 E BOUGHTON RD","name":""},
  {"lat":42.054831,"lon":-88.04249,"city":"Schaumburg","state":"IL","address":"1375 N MEACHAM RD","name":""},
  {"lat":44.458183,"lon":-87.98583,"city":"Bellevue","state":"WI","address":"2355 COSTCO WAY","name":""},
  {"lat":42.187181,"lon":-88.093139,"city":"Lake Zurich","state":"IL","address":"680 S RAND RD","name":""},
  {"lat":41.798228,"lon":-88.12429,"city":"Naperville","state":"IL","address":"1255 EAST OGDEN AVE","name":""},
  {"lat":41.940637,"lon":-88.133769,"city":"Bloomingdale","state":"IL","address":"505 W ARMY TRAIL RD","name":""},
  {"lat":42.945088,"lon":-88.105872,"city":"New Berlin","state":"WI","address":"15300 WEST GRANGE AVE","name":""},
  {"lat":43.18505,"lon":-88.111847,"city":"Menomonee Falls","state":"WI","address":"W162N9235 PERSHING AVE","name":""},
  {"lat":41.587304,"lon":-88.168577,"city":"Plainfield","state":"IL","address":"16261 S. BOULEVARD PLACE","name":""},
  {"lat":40.140533,"lon":-88.244923,"city":"Champaign","state":"IL","address":"2002 N. NEIL ST","name":""},
  {"lat":41.745867,"lon":-88.203921,"city":"Naperville","state":"IL","address":"1320 S ROUTE 59","name":""},
  {"lat":43.089362,"lon":-88.230619,"city":"Pewaukee","state":"WI","address":"443 PEWAUKEE RD","name":""},
  {"lat":41.908801,"lon":-88.342352,"city":"St. Charles","state":"IL","address":"221 S RANDALL RD","name":""},
  {"lat":42.179156,"lon":-88.338526,"city":"Lake In The Hills","state":"IL","address":"250 N RANDALL RD","name":""},
  {"lat":41.659509,"lon":-88.429896,"city":"Yorkville","state":"IL","address":"825 EAST VETERANS PARKWAY","name":""},
  {"lat":44.270614,"lon":-88.487826,"city":"Grand Chute","state":"WI","address":"5401 W. INTEGRITY WAY","name":""},
  {"lat":42.321158,"lon":-88.961305,"city":"Loves Park","state":"IL","address":"5000 STADIUM DRIVE","name":""},
  {"lat":43.167336,"lon":-89.273524,"city":"Sun Prairie","state":"WI","address":"2850 HOEPKER RD","name":""},
  {"lat":42.970973,"lon":-89.509164,"city":"Verona","state":"WI","address":"1000 BATKER COURT","name":""},
  {"lat":43.100197,"lon":-89.522301,"city":"Middleton","state":"WI","address":"2150 DEMING WAY","name":""},
  {"lat":40.668643,"lon":-89.585386,"city":"East Peoria","state":"IL","address":"301 W WASHINGTON ST","name":""},
  {"lat":35.191787,"lon":-89.795199,"city":"Cordova","state":"TN","address":"2431 N GERMANTOWN PKWY","name":""},
  {"lat":35.046242,"lon":-89.797083,"city":"Memphis","state":"TN","address":"3775 HACKS CROSS RD","name":""},
  {"lat":29.968346,"lon":-90.110385,"city":"New Orleans","state":"LA","address":"3900 DUBLIN ST","name":""},
  {"lat":30.447405,"lon":-90.131451,"city":"Covington","state":"LA","address":"4001 PINNACLE PKWY","name":""},
  {"lat":32.422957,"lon":-90.147037,"city":"Ridgeland","state":"MS","address":"700 HIGHLAND COLONY PKWY","name":""},
  {"lat":38.704879,"lon":-90.334843,"city":"St. Louis","state":"MO","address":"8421 ST JOHN INDUSTRIAL LANE","name":""},
  {"lat":38.508474,"lon":-90.338963,"city":"St. Louis","state":"MO","address":"4200 RUSTY RD","name":""},
  {"lat":38.675727,"lon":-90.359796,"city":"St. Louis","state":"MO","address":"8685 OLIVE BLVD","name":""},
  {"lat":38.598325,"lon":-90.506867,"city":"Manchester","state":"MO","address":"301 HIGHLANDS BLVD DRIVE","name":""},
  {"lat":41.576594,"lon":-90.533655,"city":"Davenport","state":"IA","address":"2790 E 53RD ST","name":""},
  {"lat":38.796763,"lon":-90.60735,"city":"St. Peters","state":"MO","address":"200 COSTCO WAY","name":""},
  {"lat":30.419406,"lon":-91.074071,"city":"Baton Rouge","state":"LA","address":"10000 DAWNADELE AVE BLDG A","name":""},
  {"lat":44.8306,"lon":-91.4513,"city":"Eau Claire","state":"WI","address":"1420 BLACK AVENUE","name":""},
  {"lat":41.699002,"lon":-91.616124,"city":"Coralville","state":"IA","address":"2900 HEARTLAND DR","name":""},
  {"lat":46.823339,"lon":-92.173184,"city":"Duluth","state":"MN","address":"4611 W ARROWHEAD RD.","name":""},
  {"lat":30.156355,"lon":-92.043199,"city":"Lafayette","state":"LA","address":"201 MEADOW FARM RD","name":""},
  {"lat":44.046731,"lon":-92.517682,"city":"Rochester","state":"MN","address":"2020 COMMERCE DR NW","name":""},
  {"lat":34.757333,"lon":-92.453665,"city":"Little Rock","state":"AR","address":"16901 CHENAL PARKWAY","name":""},
  {"lat":44.939092,"lon":-92.962651,"city":"Woodbury","state":"MN","address":"7070 TAMARACK ROAD","name":""},
  {"lat":45.028996,"lon":-93.039917,"city":"Maplewood","state":"MN","address":"1431 BEAM AVE","name":""},
  {"lat":44.859689,"lon":-93.141092,"city":"Eagan","state":"MN","address":"995 BLUE GENTIAN RD","name":""},
  {"lat":45.000396,"lon":-93.216261,"city":"Minneapolis","state":"MN","address":"3311 BROADWAY ST NE","name":""},
  {"lat":44.749676,"lon":-93.294612,"city":"Burnsville","state":"MN","address":"14050 BURNHAVEN DR","name":""},
  {"lat":45.19922,"lon":-93.348477,"city":"Minneapolis","state":"MN","address":"12547 RIVERDALE BLVD NW","name":""},
  {"lat":44.966535,"lon":-93.353704,"city":"St. Louis Park","state":"MN","address":"5801 W 16TH ST","name":""},
  {"lat":45.092551,"lon":-93.424514,"city":"Maple Grove","state":"MN","address":"11330 FOUNTAINS DR","name":""},
  {"lat":44.860502,"lon":-93.435946,"city":"Eden Prairie","state":"MN","address":"12011 TECHNOLOGY DR","name":""},
  {"lat":44.84054,"lon":-93.601977,"city":"Chaska","state":"MN","address":"2 OAKRIDGE DRIVE","name":""},
  {"lat":37.207,"lon":-93.223652,"city":"Springfield","state":"MO","address":"279 N. EASTGATE AVENUE","name":""},
  {"lat":41.762259,"lon":-93.567122,"city":"Ankeny","state":"IA","address":"4000 NE SPECTRUM DRIVE","name":""},
  {"lat":41.562794,"lon":-93.804932,"city":"West Des Moines","state":"IA","address":"7205 MILLS CIVIC PKWY","name":""},
  {"lat":46.349298,"lon":-94.24714,"city":"Baxter","state":"MN","address":"13650 ELDER DR","name":""},
  {"lat":45.548674,"lon":-94.200038,"city":"St. Cloud","state":"MN","address":"3636 2ND ST S","name":""},
  {"lat":39.036395,"lon":-94.356848,"city":"Independence","state":"MO","address":"19040 E VALLEY VIEW PKWY","name":""},
  {"lat":39.067311,"lon":-94.581229,"city":"Kansas City","state":"MO","address":"241 E LINWOOD BLVD","name":""},
  {"lat":39.254551,"lon":-94.59929,"city":"Kansas City","state":"MO","address":"1600 NW 88TH ST","name":""},
  {"lat":38.906849,"lon":-94.67122,"city":"Overland Park","state":"KS","address":"12221 BLUE VALLEY PKWY","name":""},
  {"lat":38.958407,"lon":-94.733157,"city":"Lenexa","state":"KS","address":"9350 MARSHALL DR","name":""},
  {"lat":29.533378,"lon":-95.139099,"city":"Webster","state":"TX","address":"1310 JASMINE AVE","name":""},
  {"lat":30.021412,"lon":-95.26666,"city":"Humble","state":"TX","address":"21802 TOWNSEN BLVD W.","name":""},
  {"lat":41.26495,"lon":-96.10555,"city":"Omaha","state":"NE","address":"12300 W DODGE RD","name":""},
  {"lat":41.177635,"lon":-96.109248,"city":"La Vista","state":"NE","address":"12515 PORTSIDE PARKWAY","name":""},
  {"lat":41.29016,"lon":-96.1923,"city":"Omaha","state":"NE","address":"17701 EVANS ST","name":""},
  {"lat":29.543805,"lon":-95.390404,"city":"Pearland","state":"TX","address":"3500 BUSINESS CENTER DRIVE","name":""},
  {"lat":46.844962,"lon":-96.886721,"city":"West Fargo","state":"ND","address":"750 23RD AVE EAST","name":""},
  {"lat":30.20861,"lon":-95.453168,"city":"Conroe","state":"TX","address":"8185 HIGHWAY 242","name":""},
  {"lat":36.222645,"lon":-95.848387,"city":"Tulsa","state":"OK","address":"4816 N 118TH AVE E","name":""},
  {"lat":29.73483,"lon":-95.439271,"city":"Houston","state":"TX","address":"3836 RICHMOND AVE","name":""},
  {"lat":36.01437,"lon":-95.888691,"city":"Tulsa","state":"OK","address":"10220 S MEMORIAL DR","name":""},
  {"lat":29.787428,"lon":-95.529446,"city":"Houston","state":"TX","address":"1150 BUNKER HILL RD","name":""},
  {"lat":29.954905,"lon":-95.547115,"city":"Houston","state":"TX","address":"12405 N GESSNER RD","name":""},
  {"lat":29.63782,"lon":-95.576883,"city":"Stafford","state":"TX","address":"12717 NETWORK DR","name":""},
  {"lat":30.06933,"lon":-95.62069,"city":"Tomball","state":"TX","address":"27000 TOMBALL PKWY","name":""},
  {"lat":43.512713,"lon":-96.739997,"city":"Sioux Falls","state":"SD","address":"3700 S GRANGE AVE","name":""},
  {"lat":29.585506,"lon":-95.644412,"city":"Sugar Land","state":"TX","address":"17520 SOUTHWEST FWY","name":""},
  {"lat":29.978814,"lon":-95.712279,"city":"Cypress","state":"TX","address":"26960 NW FREEWAY","name":""},
  {"lat":29.648959,"lon":-95.706263,"city":"Richmond","state":"TX","address":"11125 W GRAND PKWY S","name":""},
  {"lat":29.782973,"lon":-95.780813,"city":"Katy","state":"TX","address":"23645 KATY FREEWAY","name":""},
  {"lat":40.739231,"lon":-96.696718,"city":"Lincoln","state":"NE","address":"1620 PINE LAKE ROAD","name":""},
  {"lat":30.566956,"lon":-96.262877,"city":"College Station","state":"TX","address":"4321 STATE HWY 6 SOUTH","name":""},
  {"lat":32.907949,"lon":-96.445879,"city":"Rockwall","state":"TX","address":"1225 STATE HIGHWAY 276","name":""},
  {"lat":33.21895,"lon":-96.659649,"city":"McKinney","state":"TX","address":"3650 W UNIVERSITY DR","name":""},
  {"lat":33.139631,"lon":-96.688491,"city":"Allen","state":"TX","address":"1067 SH 121","name":""},
  {"lat":33.044369,"lon":-96.699715,"city":"Plano","state":"TX","address":"3800 N CENTRAL EXPY","name":""},
  {"lat":32.868883,"lon":-96.763834,"city":"Dallas","state":"TX","address":"8282 PARK LN","name":""},
  {"lat":32.918993,"lon":-96.767843,"city":"Dallas","state":"TX","address":"8055 CHURCHILL WAY","name":""},
  {"lat":37.680131,"lon":-97.223916,"city":"Wichita","state":"KS","address":"9700 E KELLOGG","name":""},
  {"lat":33.172046,"lon":-96.837716,"city":"Frisco","state":"TX","address":"11220 DALLAS PKWY","name":""},
  {"lat":33.023629,"lon":-96.831618,"city":"Plano","state":"TX","address":"1701 DALLAS PKWY","name":""},
  {"lat":33.22156,"lon":-96.89563,"city":"Prosper","state":"TX","address":"5620 W UNIVERSITY DRIVE","name":""},
  {"lat":32.620828,"lon":-96.909942,"city":"Duncanville","state":"TX","address":"250 W HIGHWAY 67","name":""},
  {"lat":32.997587,"lon":-96.964134,"city":"Lewisville","state":"TX","address":"851 STATE HIGHWAY 121 BYP","name":""},
  {"lat":32.941933,"lon":-97.111428,"city":"Southlake","state":"TX","address":"2601 E STATE HIGHWAY 114","name":""},
  {"lat":32.683639,"lon":-97.112838,"city":"Arlington","state":"TX","address":"600 W ARBROOK BLVD","name":""},
  {"lat":35.313864,"lon":-97.496097,"city":"Moore","state":"OK","address":"2651 S. TELEPHONE RD","name":""},
  {"lat":35.604724,"lon":-97.529503,"city":"Oklahoma City","state":"OK","address":"13200 N WESTERN AVE","name":""},
  {"lat":32.900568,"lon":-97.320626,"city":"Fort Worth","state":"TX","address":"8900 TEHAMA RIDGE PKWY","name":""},
  {"lat":32.67746,"lon":-97.408905,"city":"Fort Worth","state":"TX","address":"5300 OVERTON RIDGE BLVD","name":""},
  {"lat":32.74979,"lon":-97.732,"city":"Weatherford","state":"TX","address":"310 CENTER POINT ROAD","name":""},
  {"lat":30.469216,"lon":-97.591303,"city":"Pflugerville","state":"TX","address":"1901 KELLY LN","name":""},
  {"lat":30.677111,"lon":-97.664209,"city":"Georgetown","state":"TX","address":"2201A N IH 35","name":""},
  {"lat":30.396389,"lon":-97.744455,"city":"Austin","state":"TX","address":"10401 RESEARCH BLVD","name":""},
  {"lat":30.527221,"lon":-97.818993,"city":"Cedar Park","state":"TX","address":"4601 183A TOLL RD","name":""},
  {"lat":30.219028,"lon":-97.842233,"city":"Austin","state":"TX","address":"4301 W WILLIAM CANNON DR BLDG A STE 100","name":""},
  {"lat":30.031341,"lon":-97.851196,"city":"Kyle","state":"TX","address":"19086 IH 35","name":""},
  {"lat":29.576292,"lon":-98.31874,"city":"Selma","state":"TX","address":"15330 IH-35 NORTH","name":""},
  {"lat":46.864999,"lon":-100.770185,"city":"Bismarck","state":"ND","address":"1325 57TH AVE NE","name":""},
  {"lat":26.193218,"lon":-98.202467,"city":"Pharr","state":"TX","address":"1501 W KELLY AVE","name":""},
  {"lat":29.611548,"lon":-98.47468,"city":"San Antonio","state":"TX","address":"1201 N LOOP 1604 E","name":""},
  {"lat":29.575844,"lon":-98.597206,"city":"San Antonio","state":"TX","address":"5611 UTSA BLVD","name":""},
  {"lat":29.431495,"lon":-98.714628,"city":"San Antonio","state":"TX","address":"191 W LOOP 1604 S","name":""},
  {"lat":33.564069,"lon":-101.947065,"city":"Lubbock","state":"TX","address":"6020 34TH ST","name":""},
  {"lat":31.99485,"lon":-102.177568,"city":"Midland","state":"TX","address":"1901 KIRKLAND DRIVE","name":""},
  {"lat":39.780894,"lon":-104.796319,"city":"Denver","state":"CO","address":"4741 N AIRPORT WAY","name":""},
  {"lat":40.520958,"lon":-104.989653,"city":"Timnath","state":"CO","address":"4705 WEITZEL ST","name":""},
  {"lat":39.555891,"lon":-104.775207,"city":"Parker","state":"CO","address":"18414 COTTONWOOD DR","name":""},
  {"lat":39.690251,"lon":-104.868246,"city":"Aurora","state":"CO","address":"1471 S HAVANA ST","name":""},
  {"lat":38.892275,"lon":-104.717408,"city":"Colorado Springs","state":"CO","address":"5885 BARNES RD","name":""},
  {"lat":38.892804,"lon":-104.71854,"city":"Colorado Springs","state":"CO","address":"5885 BARNES RD","name":""},
  {"lat":39.558078,"lon":-104.877153,"city":"Littleton","state":"CO","address":"8686 PARK MEADOWS CENTER DR","name":""},
  {"lat":39.991232,"lon":-104.982733,"city":"Thornton","state":"CO","address":"16375 N. WASHINGTON ST","name":""},
  {"lat":40.152122,"lon":-105.085332,"city":"Longmont","state":"CO","address":"205 EAST KEN PRATT BLVD","name":""},
  {"lat":38.904534,"lon":-104.8214,"city":"Colorado Springs","state":"CO","address":"5050 N NEVADA AVE","name":""},
  {"lat":39.708844,"lon":-105.013864,"city":"Denver","state":"CO","address":"400 S ZUNI ST","name":""},
  {"lat":39.644111,"lon":-105.006814,"city":"Sheridan","state":"CO","address":"4000 RIVER POINT PKWY","name":""},
  {"lat":39.862071,"lon":-105.065943,"city":"Westminster","state":"CO","address":"6400 W 92ND AVE","name":""},
  {"lat":39.789485,"lon":-105.082999,"city":"Arvada","state":"CO","address":"5195 WADSWORTH BLVD","name":""},
  {"lat":39.637328,"lon":-105.086214,"city":"Littleton","state":"CO","address":"7900 W QUINCY AVE","name":""},
  {"lat":39.959301,"lon":-105.173823,"city":"Superior","state":"CO","address":"600 MARSHALL RD","name":""},
  {"lat":45.73448,"lon":-108.61421,"city":"Billings","state":"MT","address":"3880 ZOO DRIVE","name":""},
  {"lat":39.637903,"lon":-106.90748,"city":"Gypsum","state":"CO","address":"170 COOLEY MESA RD","name":""},
  {"lat":35.067959,"lon":-106.530507,"city":"Albuquerque","state":"NM","address":"500 EUBANK BLVD SE","name":""},
  {"lat":35.136868,"lon":-106.613969,"city":"Albuquerque","state":"NM","address":"1420 N RENAISSANCE BLVD NE","name":""},
  {"lat":35.195491,"lon":-106.661056,"city":"Albuquerque","state":"NM","address":"9955 COORS BYPASS NW","name":""},
  {"lat":31.78251,"lon":-106.409567,"city":"El Paso","state":"TX","address":"6101 GATEWAY BLVD W SUITE #1","name":""},
  {"lat":45.713175,"lon":-111.070285,"city":"Bozeman","state":"MT","address":"2505 CATRON ST","name":""},
  {"lat":46.615754,"lon":-112.002981,"city":"Helena","state":"MT","address":"2195 E CUSTER AVE","name":""},
  {"lat":43.513483,"lon":-111.985477,"city":"Idaho Falls","state":"ID","address":"2495 E. LINCOLN ROAD","name":""},
  {"lat":48.250845,"lon":-114.324363,"city":"Kalispell","state":"MT","address":"345 CASCADE LOOP","name":""},
  {"lat":41.752342,"lon":-111.856802,"city":"Logan","state":"UT","address":"1160 N 1000 W","name":""},
  {"lat":46.895176,"lon":-114.037882,"city":"Missoula","state":"MT","address":"3220 N RESERVE ST","name":""},
  {"lat":42.905165,"lon":-112.454869,"city":"Pocatello","state":"ID","address":"305 W QUINN RD","name":""},
  {"lat":41.196322,"lon":-111.978069,"city":"Ogden","state":"UT","address":"3656 WALL AVE","name":""},
  {"lat":40.280449,"lon":-111.679966,"city":"Orem","state":"UT","address":"648 E 800 S","name":""},
  {"lat":40.889956,"lon":-111.89454,"city":"West Bountiful","state":"UT","address":"573 W 100 N","name":""},
  {"lat":40.123896,"lon":-111.649073,"city":"Spanish Fork","state":"UT","address":"273 E 1000 N","name":""},
  {"lat":40.730857,"lon":-111.901541,"city":"Salt Lake City","state":"UT","address":"1818 S 300 W","name":""},
  {"lat":40.657799,"lon":-111.889963,"city":"Murray","state":"UT","address":"5201 S INTERMOUNTAIN DR","name":""},
  {"lat":40.389186,"lon":-111.822624,"city":"Lehi","state":"UT","address":"198 N 1200 E","name":""},
  {"lat":40.549967,"lon":-111.894633,"city":"Sandy","state":"UT","address":"11100 S AUTO MALL DR","name":""},
  {"lat":40.690469,"lon":-111.954206,"city":"Salt Lake City","state":"UT","address":"3747 S 2700 W","name":""},
  {"lat":40.56006,"lon":-111.975308,"city":"South Jordan","state":"UT","address":"3571 W 10400 S","name":""},
  {"lat":40.382286,"lon":-111.918153,"city":"Saratoga Springs","state":"UT","address":"1083 N REDWOOD RD.","name":""},
  {"lat":40.513153,"lon":-112.001912,"city":"Riverton","state":"UT","address":"13126 S. EAGLES FLIGHT RD","name":""},
  {"lat":32.251765,"lon":-110.859186,"city":"Tucson","state":"AZ","address":"6255 EAST GRANT ROAD","name":""},
  {"lat":32.180795,"lon":-110.947105,"city":"Tucson","state":"AZ","address":"1650 E TUCSON MARKETPLACE BLVD","name":""},
  {"lat":47.708622,"lon":-116.783273,"city":"Coeur D' Alene","state":"ID","address":"355 E NEIDER AVE","name":""},
  {"lat":32.326437,"lon":-111.049373,"city":"Tucson","state":"AZ","address":"3901 W COSTCO DR","name":""},
  {"lat":42.592804,"lon":-114.46355,"city":"Twin Falls","state":"ID","address":"731 POLE LINE RD","name":""},
  {"lat":33.38945,"lon":-111.668888,"city":"Mesa","state":"AZ","address":"1444 S SOSSAMAN RD","name":""},
  {"lat":33.265236,"lon":-111.636705,"city":"Queen Creek","state":"AZ","address":"20260 S ELLSWORTH RD","name":""},
  {"lat":47.766489,"lon":-117.382589,"city":"Spokane","state":"WA","address":"12020 N NEWPORT HWY","name":""},
  {"lat":47.658114,"lon":-117.332715,"city":"Spokane","state":"WA","address":"5601 E SPRAGUE AVE","name":""},
  {"lat":33.296018,"lon":-111.745905,"city":"Gilbert","state":"AZ","address":"2887 S MARKET ST","name":""},
  {"lat":33.623193,"lon":-111.901402,"city":"Scottsdale","state":"AZ","address":"15255 N HAYDEN RD","name":""},
  {"lat":33.376592,"lon":-111.840661,"city":"Gilbert","state":"AZ","address":"1415 N ARIZONA AVE","name":""},
  {"lat":33.293375,"lon":-111.899635,"city":"Chandler","state":"AZ","address":"595 S GALLERIA WAY","name":""},
  {"lat":33.603752,"lon":-111.986182,"city":"Phoenix","state":"AZ","address":"4570 E CACTUS RD","name":""},
  {"lat":33.670828,"lon":-112.027977,"city":"Phoenix","state":"AZ","address":"2450 E BEARDSLEY RD","name":""},
  {"lat":33.473914,"lon":-111.984846,"city":"Phoenix","state":"AZ","address":"4502 E OAK ST","name":""},
  {"lat":33.347353,"lon":-111.961497,"city":"Tempe","state":"AZ","address":"1445 W ELLIOT RD","name":""},
  {"lat":33.659934,"lon":-112.115898,"city":"Phoenix","state":"AZ","address":"19001 N 27TH AVE","name":""},
  {"lat":46.422616,"lon":-117.042487,"city":"Clarkston","state":"WA","address":"301 5TH ST","name":""},
  {"lat":34.547891,"lon":-112.396982,"city":"Prescott","state":"AZ","address":"3911 E STATE ROUTE 69","name":""},
  {"lat":33.491791,"lon":-112.12838,"city":"Phoenix","state":"AZ","address":"3801 N 33RD AVE","name":""},
  {"lat":33.642822,"lon":-112.232658,"city":"Glendale","state":"AZ","address":"17550 N 79TH AVE","name":""},
  {"lat":33.467218,"lon":-112.27402,"city":"Avondale","state":"AZ","address":"10000 W MCDOWELL RD","name":""},
  {"lat":33.608145,"lon":-112.411843,"city":"Surprise","state":"AZ","address":"16385 W. WADDELL RD.","name":""},
  {"lat":37.122303,"lon":-113.52249,"city":"St. George","state":"UT","address":"835 N 3050 E","name":""},
  {"lat":33.460342,"lon":-112.501102,"city":"Buckeye","state":"AZ","address":"1111 N. VERRADO WAY","name":""},
  {"lat":43.585504,"lon":-116.27569,"city":"Boise","state":"ID","address":"2051 S COLE RD","name":""},
  {"lat":43.661082,"lon":-116.436034,"city":"Meridian","state":"ID","address":"3403 W. CHINDEN BLVD","name":""},
  {"lat":43.614763,"lon":-116.590232,"city":"Nampa","state":"ID","address":"16700 N MARKET PLACE BLVD","name":""},
  {"lat":46.226009,"lon":-119.23519,"city":"Kennewick","state":"WA","address":"8505 W. GAGE BLVD","name":""},
  {"lat":46.259937,"lon":-119.317588,"city":"Richland","state":"WA","address":"3125 QUEENSGATE DRIVE","name":""},
  {"lat":47.401429,"lon":-120.280653,"city":"East Wenatchee","state":"WA","address":"375 HIGHLINE DR","name":""},
  {"lat":36.069169,"lon":-115.03736,"city":"Henderson","state":"NV","address":"791 MARKS ST","name":""},
  {"lat":36.171645,"lon":-115.162064,"city":"Las Vegas","state":"NV","address":"222 S MARTIN L KING BLVD","name":""},
  {"lat":36.2783,"lon":-115.2093,"city":"Las Vegas","state":"NV","address":"6555 N. DECATUR BLVD","name":""},
  {"lat":35.987584,"lon":-115.138056,"city":"Henderson","state":"NV","address":"3411 SAINT ROSE PKWY","name":""},
  {"lat":36.06233,"lon":-115.26065,"city":"Las Vegas","state":"NV","address":"6880 S BUFFALO DR","name":""},
  {"lat":36.162601,"lon":-115.333193,"city":"Las Vegas","state":"NV","address":"801 S PAVILION CENTER DR","name":""},
  {"lat":46.562624,"lon":-120.499709,"city":"Union Gap","state":"WA","address":"2310 LONGFIBRE RD","name":""},
  {"lat":48.791594,"lon":-122.514436,"city":"Bellingham","state":"WA","address":"4125 ARCTIC AVE","name":""},
  {"lat":48.453561,"lon":-122.337923,"city":"Burlington","state":"WA","address":"1725 S BURLINGTON BLVD","name":""},
  {"lat":48.14782,"lon":-122.191072,"city":"Marysville","state":"WA","address":"16616 TWIN LAKES AVE","name":""},
  {"lat":47.975332,"lon":-122.105232,"city":"Lake Stevens","state":"WA","address":"9210 24TH STREET SE","name":""},
  {"lat":47.90398,"lon":-122.209614,"city":"Everett","state":"WA","address":"10200 19TH AVE SE","name":""},
  {"lat":47.780009,"lon":-122.147915,"city":"Woodinville","state":"WA","address":"24008 SNOHOMISH WOODINVILLE RD","name":""},
  {"lat":47.673442,"lon":-122.090739,"city":"Redmond","state":"WA","address":"7725 188TH AVE NE","name":""},
  {"lat":47.550838,"lon":-122.052024,"city":"Issaquah","state":"WA","address":"1801 10TH AVE NW","name":""},
  {"lat":47.833977,"lon":-122.272976,"city":"Lynnwood","state":"WA","address":"18109 33RD AVE W","name":""},
  {"lat":47.681152,"lon":-122.181375,"city":"Kirkland","state":"WA","address":"8629 120TH AVE NE","name":""},
  {"lat":47.825656,"lon":-122.310473,"city":"Lynnwood","state":"WA","address":"19105 HIGHWAY 99","name":""},
  {"lat":64.852624,"lon":-147.70767,"city":"Fairbanks","state":"AK","address":"48 COLLEGE RD","name":""},
  {"lat":47.77547,"lon":-122.344311,"city":"Shoreline","state":"WA","address":"1175 N 205TH ST","name":""},
  {"lat":47.354975,"lon":-122.120699,"city":"Covington","state":"WA","address":"27520 COVINGTON WAY SE","name":""},
  {"lat":47.44575,"lon":-122.248184,"city":"Tukwila","state":"WA","address":"400 COSTCO DR STE 150","name":""},
  {"lat":47.564827,"lon":-122.330764,"city":"Seattle","state":"WA","address":"4401 4TH AVE S","name":""},
  {"lat":47.166544,"lon":-122.15856,"city":"Bonney Lake","state":"WA","address":"9801 204TH AVE E","name":""},
  {"lat":47.286894,"lon":-122.310437,"city":"Federal Way","state":"WA","address":"35100 ENCHANTED PKWY S","name":""},
  {"lat":32.811764,"lon":-115.572803,"city":"El Centro","state":"CA","address":"2030 N IMPERIAL AVE","name":""},
  {"lat":47.156145,"lon":-122.308526,"city":"Puyallup","state":"WA","address":"1201 39TH AVE SW","name":""},
  {"lat":47.238293,"lon":-122.374017,"city":"Fife","state":"WA","address":"3900 20TH ST E","name":""},
  {"lat":47.65669,"lon":-122.680467,"city":"Silverdale","state":"WA","address":"10000 MICKELBERRY RD NW","name":""},
  {"lat":47.224847,"lon":-122.467565,"city":"Tacoma","state":"WA","address":"2219 S 37TH ST","name":""},
  {"lat":47.3579,"lon":-122.604032,"city":"Gig Harbor","state":"WA","address":"10990 HARBOR HILL DR NW","name":""},
  {"lat":48.077055,"lon":-123.126123,"city":"Sequim","state":"WA","address":"955 W WASHINGTON ST","name":""},
  {"lat":58.358986,"lon":-134.483015,"city":"Juneau","state":"AK","address":"5225 COMMERCIAL BLVD","name":""},
  {"lat":33.704606,"lon":-116.273105,"city":"La Quinta","state":"CA","address":"79795 HIGHWAY 111","name":""},
  {"lat":47.059357,"lon":-122.761147,"city":"Lacey","state":"WA","address":"1470 MARVIN RD NE","name":""},
  {"lat":33.804082,"lon":-116.389802,"city":"Palm Desert","state":"CA","address":"72800 DINAH SHORE DR","name":""},
  {"lat":46.996753,"lon":-122.916459,"city":"Tumwater","state":"WA","address":"5500 LITTLEROCK RD SW","name":""},
  {"lat":44.107157,"lon":-121.305988,"city":"Bend","state":"OR","address":"62207 NW COSTCO DRIVE","name":""},
  {"lat":45.621991,"lon":-122.47296,"city":"Camas","state":"WA","address":"19610 SE 1ST ST","name":""},
  {"lat":45.820238,"lon":-122.693178,"city":"Ridgefield","state":"WA","address":"519 N. 56TH PL.","name":""},
  {"lat":45.684888,"lon":-122.604593,"city":"Vancouver","state":"WA","address":"6720 NE 84TH ST","name":""},
  {"lat":45.559195,"lon":-122.52419,"city":"Portland","state":"OR","address":"4849 NE 138TH AVE","name":""},
  {"lat":45.428377,"lon":-122.574476,"city":"Clackamas","state":"OR","address":"13130 SE 84TH AVE","name":""},
  {"lat":34.515495,"lon":-117.317669,"city":"Victorville","state":"CA","address":"14555 VALLEY CENTER DR","name":""},
  {"lat":34.109461,"lon":-117.191768,"city":"Highland","state":"CA","address":"28000 GREENSPOT RD","name":""},
  {"lat":34.068209,"lon":-117.263039,"city":"San Bernardino","state":"CA","address":"1099 E HOSPITALITY LN","name":""},
  {"lat":45.435037,"lon":-122.757682,"city":"Tigard","state":"OR","address":"7850 SW DARTMOUTH ST","name":""},
  {"lat":45.50887,"lon":-122.842234,"city":"Aloha","state":"OR","address":"15901 SW JENKINS RD","name":""},
  {"lat":33.935429,"lon":-117.276375,"city":"Moreno Valley","state":"CA","address":"12700 DAY ST","name":""},
  {"lat":33.599873,"lon":-117.17061,"city":"Murrieta","state":"CA","address":"35875 WARM SPRINGS PARKWAY","name":""},
  {"lat":45.333088,"lon":-122.764327,"city":"Wilsonville","state":"OR","address":"25900 SW HEATHER PL","name":""},
  {"lat":33.521008,"lon":-117.15489,"city":"Temecula","state":"CA","address":"26610 YNEZ RD","name":""},
  {"lat":45.5355,"lon":-122.9347,"city":"Hillsboro","state":"OR","address":"1255 NE 48TH AVE","name":""},
  {"lat":32.841042,"lon":-116.987546,"city":"Santee","state":"CA","address":"101 TOWN CENTER PKWY","name":""},
  {"lat":34.137799,"lon":-117.442548,"city":"Fontana","state":"CA","address":"16505 SIERRA LAKES PKWY","name":""},
  {"lat":32.936523,"lon":-117.033328,"city":"Poway","state":"CA","address":"12155 TECH CENTER DR","name":""},
  {"lat":33.135399,"lon":-117.12545,"city":"San Marcos","state":"CA","address":"725 CENTER DRIVE","name":""},
  {"lat":32.987228,"lon":-117.077562,"city":"San Diego","state":"CA","address":"12350 CARMEL MOUNTAIN RD","name":""},
  {"lat":32.774103,"lon":-117.024263,"city":"La Mesa","state":"CA","address":"8125 FLETCHER PKWY","name":""},
  {"lat":33.696446,"lon":-117.338736,"city":"Lake Elsinore","state":"CA","address":"29315 CENTRAL AVE","name":""},
  {"lat":39.579114,"lon":-119.739073,"city":"Sparks","state":"NV","address":"4810 GALLERIA PKWY","name":""},
  {"lat":33.137453,"lon":-117.184106,"city":"San Marcos","state":"CA","address":"150 S. BENT AVE","name":""},
  {"lat":32.637506,"lon":-117.022575,"city":"Chula Vista","state":"CA","address":"895 E H ST","name":""},
  {"lat":34.06172,"lon":-117.529492,"city":"Ontario","state":"CA","address":"5640 EAST AIRPORT DR","name":""},
  {"lat":34.078416,"lon":-117.547303,"city":"Rancho Cucamonga","state":"CA","address":"11800 4TH ST","name":""},
  {"lat":39.503413,"lon":-119.784491,"city":"Reno","state":"NV","address":"2200 HARVARD WAY","name":""},
  {"lat":32.781928,"lon":-117.128733,"city":"San Diego","state":"CA","address":"2345 FENTON PKWY","name":""},
  {"lat":34.063931,"lon":-117.572905,"city":"Ontario","state":"CA","address":"3680 E GUASTI RD","name":""},
  {"lat":32.712913,"lon":-117.115856,"city":"San Diego","state":"CA","address":"650 GATEWAY CENTER DR","name":""},
  {"lat":32.608103,"lon":-117.082982,"city":"Chula Vista","state":"CA","address":"1130 BROADWAY","name":""},
  {"lat":33.188123,"lon":-117.277056,"city":"Vista","state":"CA","address":"1755 HACIENDA DR","name":""},
  {"lat":32.816272,"lon":-117.152884,"city":"San Diego","state":"CA","address":"7803 OTHELLO AVE","name":""},
  {"lat":33.996685,"lon":-117.556072,"city":"Eastvale","state":"CA","address":"5030 HAMNER AVE","name":""},
  {"lat":33.886449,"lon":-117.524188,"city":"Corona","state":"CA","address":"480 N MCKINLEY ST","name":""},
  {"lat":33.120413,"lon":-117.316164,"city":"Carlsbad","state":"CA","address":"951 PALOMAR AIRPORT RD","name":""},
  {"lat":32.8219,"lon":-117.224818,"city":"San Diego","state":"CA","address":"4605 MORENA BLVD","name":""},
  {"lat":34.083045,"lon":-117.690223,"city":"Montclair","state":"CA","address":"9404 CENTRAL AVE","name":""},
  {"lat":39.116808,"lon":-119.77708,"city":"Carson City","state":"NV","address":"700 OLD CLEAR CREEK RD","name":""},
  {"lat":34.014545,"lon":-117.74202,"city":"Chino Hills","state":"CA","address":"13111 PEYTON DR","name":""},
  {"lat":44.88395,"lon":-123.007302,"city":"Salem","state":"OR","address":"4885 27TH AVE. SE","name":""},
  {"lat":34.112379,"lon":-117.826642,"city":"San Dimas","state":"CA","address":"520 N LONE HILL AVE","name":""},
  {"lat":33.875495,"lon":-117.743954,"city":"Yorba Linda","state":"CA","address":"22633 SAVI RANCH PKWY","name":""},
  {"lat":46.146541,"lon":-123.914299,"city":"Warrenton","state":"OR","address":"1804 SE ENSIGN LN","name":""},
  {"lat":33.55548,"lon":-117.676608,"city":"Laguna Niguel","state":"CA","address":"27972 CABOT RD","name":""},
  {"lat":33.470086,"lon":-117.677503,"city":"San Juan Capistrano","state":"CA","address":"33961 DOHENY PARK RD","name":""},
  {"lat":33.567359,"lon":-117.711478,"city":"Laguna Niguel","state":"CA","address":"27220 HEATHER RIDGE RD","name":""},
  {"lat":33.660396,"lon":-117.744926,"city":"Irvine","state":"CA","address":"115 TECHNOLOGY DR","name":""},
  {"lat":34.132084,"lon":-117.92609,"city":"Azusa","state":"CA","address":"1220 W FOOTHILL BLVD","name":""},
  {"lat":33.728414,"lon":-117.796415,"city":"Tustin","state":"CA","address":"2655 EL CAMINO REAL","name":""},
  {"lat":34.661398,"lon":-118.151003,"city":"Lancaster","state":"CA","address":"1141 W AVENUE L","name":""},
  {"lat":44.638456,"lon":-123.066236,"city":"Albany","state":"OR","address":"3130 KILLDEER AVE SE","name":""},
  {"lat":33.994151,"lon":-117.921929,"city":"City of Industry","state":"CA","address":"17550 CASTLETON ST","name":""},
  {"lat":33.69943,"lon":-117.823418,"city":"Tustin","state":"CA","address":"2700 PARK AVE","name":""},
  {"lat":33.862139,"lon":-117.92246,"city":"Fullerton","state":"CA","address":"900 S HARBOR BLVD","name":""},
  {"lat":33.9327,"lon":-117.969789,"city":"La Habra","state":"CA","address":"101 N BEACH BLVD","name":""},
  {"lat":33.77291,"lon":-117.941186,"city":"Garden Grove","state":"CA","address":"11000 GARDEN GROVE BLVD","name":""},
  {"lat":33.703086,"lon":-117.931865,"city":"Fountain Valley","state":"CA","address":"17900 NEWHOPE ST","name":""},
  {"lat":33.769056,"lon":-117.99285,"city":"Westminster","state":"CA","address":"13225 BEACH BLVD","name":""},
  {"lat":34.0375,"lon":-118.104405,"city":"Monterey Park","state":"CA","address":"2000 MARKET PLACE DR","name":""},
  {"lat":33.733131,"lon":-117.996202,"city":"Huntington Beach","state":"CA","address":"7562 CENTER AVE","name":""},
  {"lat":33.804019,"lon":-118.038764,"city":"Cypress","state":"CA","address":"5401 KATELLA AVE","name":""},
  {"lat":34.0893,"lon":-118.148181,"city":"Alhambra","state":"CA","address":"2207 W COMMONWEALTH AVE","name":""},
  {"lat":33.919659,"lon":-118.102639,"city":"Norwalk","state":"CA","address":"12324 HOXIE AVE","name":""},
  {"lat":33.994738,"lon":-118.140905,"city":"Commerce","state":"CA","address":"6333 TELEGRAPH RD","name":""},
  {"lat":33.849883,"lon":-118.137176,"city":"Lakewood","state":"CA","address":"340 LAKEWOOD CENTER MALL","name":""},
  {"lat":44.089001,"lon":-123.064931,"city":"Eugene","state":"OR","address":"2828 CHAD DR","name":""},
  {"lat":34.128482,"lon":-118.263936,"city":"Los Angeles","state":"CA","address":"2901 LOS FELIZ BLVD","name":""},
  {"lat":33.803441,"lon":-118.164812,"city":"Signal Hill","state":"CA","address":"2200 E WILLOW ST","name":""},
  {"lat":34.18532,"lon":-118.323767,"city":"Burbank","state":"CA","address":"1051 W BURBANK BLVD","name":""},
  {"lat":34.200022,"lon":-118.379932,"city":"North Hollywood","state":"CA","address":"11428 SHERMAN WAY","name":""},
  {"lat":34.404276,"lon":-118.461155,"city":"Santa Clarita","state":"CA","address":"18649 VIA PRINCESSA","name":""},
  {"lat":34.271738,"lon":-118.425851,"city":"Pacoima","state":"CA","address":"13550 PAXTON ST","name":""},
  {"lat":33.94345,"lon":-118.333943,"city":"Inglewood","state":"CA","address":"3560 W CENTURY BLVD","name":""},
  {"lat":33.918637,"lon":-118.34312,"city":"Hawthorne","state":"CA","address":"12530 PRAIRIE AVE","name":""},
  {"lat":34.181815,"lon":-118.463957,"city":"Van Nuys","state":"CA","address":"6100 SEPULVEDA BLVD","name":""},
  {"lat":33.806734,"lon":-118.334297,"city":"Torrance","state":"CA","address":"2640 LOMITA BLVD","name":""},
  {"lat":33.899,"lon":-118.3729,"city":"Hawthorne","state":"CA","address":"14501 HINDRY AVENUE","name":""},
  {"lat":36.292586,"lon":-119.306577,"city":"Visalia","state":"CA","address":"1405 W CAMERON AVE","name":""},
  {"lat":33.992667,"lon":-118.446464,"city":"Marina Del Rey","state":"CA","address":"13463 WASHINGTON BLVD","name":""},
  {"lat":34.230437,"lon":-118.550743,"city":"Northridge","state":"CA","address":"8810 TAMPA AVE","name":""},
  {"lat":35.385024,"lon":-119.048593,"city":"Bakersfield","state":"CA","address":"3800 ROSEDALE HWY","name":""},
  {"lat":34.186287,"lon":-118.602987,"city":"Woodland Hills","state":"CA","address":"21800 VICTORY BLVD","name":""},
  {"lat":35.297347,"lon":-119.057803,"city":"Bakersfield","state":"CA","address":"4900 PANAMA LN","name":""},
  {"lat":36.805718,"lon":-119.703255,"city":"Clovis","state":"CA","address":"2270 CLOVIS AVE","name":""},
  {"lat":36.839175,"lon":-119.788082,"city":"Fresno","state":"CA","address":"7100 N ABBY ST","name":""},
  {"lat":34.283551,"lon":-118.79618,"city":"Simi Valley","state":"CA","address":"2660 PARK CENTER DR","name":""},
  {"lat":36.325971,"lon":-119.606744,"city":"Hanford","state":"CA","address":"2395 E LACEY BLVD","name":""},
  {"lat":34.152453,"lon":-118.797092,"city":"Westlake Village","state":"CA","address":"5700 LINDERO CANYON RD","name":""},
  {"lat":36.809548,"lon":-119.873594,"city":"Fresno","state":"CA","address":"4500 W SHAW AVE","name":""},
  {"lat":43.25993,"lon":-123.350432,"city":"Roseburg","state":"OR","address":"4141 NE STEPHENS ST","name":""},
  {"lat":42.374526,"lon":-122.887037,"city":"Central Point","state":"OR","address":"3075 HAMRICK ROAD","name":""},
  {"lat":34.224924,"lon":-119.148415,"city":"Oxnard","state":"CA","address":"2001 E VENTURA BLVD","name":""},
  {"lat":38.644933,"lon":-121.109691,"city":"Folsom","state":"CA","address":"1800 CAVITT DR","name":""},
  {"lat":37.302952,"lon":-120.496893,"city":"Merced","state":"CA","address":"1445 R ST","name":""},
  {"lat":38.809157,"lon":-121.204669,"city":"Loomis","state":"CA","address":"4101 SIERRA COLLEGE BLVD","name":""},
  {"lat":38.780418,"lon":-121.267314,"city":"Roseville","state":"CA","address":"6750 STANFORD RANCH RD","name":""},
  {"lat":39.721144,"lon":-121.810803,"city":"Chico","state":"CA","address":"2100 DR MLK JR PKWY","name":""},
  {"lat":38.689957,"lon":-121.297964,"city":"Citrus Heights","state":"CA","address":"7000 AUBURN BLVD","name":""},
  {"lat":38.588199,"lon":-121.263567,"city":"Rancho Cordova","state":"CA","address":"11260 WHITE ROCK RD","name":""},
  {"lat":39.125086,"lon":-121.571203,"city":"Linda","state":"CA","address":"1214 N BEALE RD","name":""},
  {"lat":40.540859,"lon":-122.355959,"city":"Redding","state":"CA","address":"4805 BECHELLI LANE","name":""},
  {"lat":38.607938,"lon":-121.385948,"city":"Sacramento","state":"CA","address":"3360 EL CAMINO AVE","name":""},
  {"lat":37.711203,"lon":-120.969312,"city":"Riverbank","state":"CA","address":"2015 CLARIBEL ROAD","name":""},
  {"lat":37.519306,"lon":-120.888153,"city":"Turlock","state":"CA","address":"2955 N TEGNER RD","name":""},
  {"lat":38.597109,"lon":-121.452705,"city":"Sacramento","state":"CA","address":"1600 EXPO PKWY","name":""},
  {"lat":38.468448,"lon":-121.414436,"city":"Sacramento","state":"CA","address":"7981 E STOCKTON BLVD","name":""},
  {"lat":37.702039,"lon":-121.067276,"city":"Modesto","state":"CA","address":"3801 PELANDALE AVE","name":""},
  {"lat":38.63988,"lon":-121.52167,"city":"Sacramento","state":"CA","address":"3881 E COMMERCE WAY","name":""},
  {"lat":38.100049,"lon":-121.263679,"city":"Lodi","state":"CA","address":"2680 REYNOLDS RANCH PKWY","name":""},
  {"lat":38.406416,"lon":-121.413952,"city":"Elk Grove","state":"CA","address":"7400 ELK GROVE BLVD","name":""},
  {"lat":38.018947,"lon":-121.29218,"city":"Stockton","state":"CA","address":"1616 E HAMMER LN","name":""},
  {"lat":37.784714,"lon":-121.259821,"city":"Manteca","state":"CA","address":"2440 DANIELS ST","name":""},
  {"lat":38.671872,"lon":-121.722828,"city":"Woodland","state":"CA","address":"2299 BRONZE STAR DR","name":""},
  {"lat":34.428331,"lon":-119.874367,"city":"Goleta","state":"CA","address":"7095 MARKET PLACE DR","name":""},
  {"lat":37.750756,"lon":-121.474939,"city":"Tracy","state":"CA","address":"3250 W GRANT LINE RD","name":""},
  {"lat":37.957314,"lon":-121.745779,"city":"Brentwood","state":"CA","address":"5151 HEIDORN RANCH RD","name":""},
  {"lat":34.927113,"lon":-120.4194,"city":"Santa Maria","state":"CA","address":"1700 S. BRADLEY RD.","name":""},
  {"lat":38.351308,"lon":-121.980486,"city":"Vacaville","state":"CA","address":"1051 HUME WAY","name":""},
  {"lat":38.008852,"lon":-121.836431,"city":"Antioch","state":"CA","address":"2201 VERNE ROBERTS CIR","name":""},
  {"lat":61.229188,"lon":-149.737765,"city":"Anchorage","state":"AK","address":"1074 N MULDOON RD","name":""},
  {"lat":61.20968,"lon":-149.80429,"city":"Anchorage","state":"AK","address":"4125 DEBARR RD","name":""},
  {"lat":35.252038,"lon":-120.690627,"city":"San Luis Obispo","state":"CA","address":"1540 FROOM RANCH WAY","name":""},
  {"lat":37.702655,"lon":-121.811768,"city":"Livermore","state":"CA","address":"2800 INDEPENDENCE DR","name":""},
  {"lat":61.14285,"lon":-149.88028,"city":"Anchorage","state":"AK","address":"8600 KING STREET","name":""},
  {"lat":61.143489,"lon":-149.884697,"city":"Anchorage","state":"AK","address":"330 W DIMOND BLVD","name":""},
  {"lat":37.008076,"lon":-121.555557,"city":"Gilroy","state":"CA","address":"7251 CAMINO ARROYO","name":""},
  {"lat":38.215243,"lon":-122.144803,"city":"Fairfield","state":"CA","address":"5101 BUSINESS CENTER DR","name":""},
  {"lat":37.957728,"lon":-122.033277,"city":"Concord","state":"CA","address":"2400 MONUMENT BLVD","name":""},
  {"lat":37.694723,"lon":-121.917444,"city":"Pleasanton","state":"CA","address":"7200 JOHNSON DRIVE","name":""},
  {"lat":37.782388,"lon":-121.972673,"city":"Danville","state":"CA","address":"3150 FOSTORIA WAY","name":""},
  {"lat":37.317965,"lon":-121.811307,"city":"San Jose","state":"CA","address":"2376 S EVERGREEN LOOP","name":""},
  {"lat":38.133122,"lon":-122.213711,"city":"Vallejo","state":"CA","address":"198 PLAZA DR","name":""},
  {"lat":37.243837,"lon":-121.786112,"city":"San Jose","state":"CA","address":"6898 RALEIGH ROAD","name":""},
  {"lat":38.251931,"lon":-122.278754,"city":"Napa","state":"CA","address":"280 RIVERSOUND WAY","name":""},
  {"lat":37.389958,"lon":-121.88434,"city":"San Jose","state":"CA","address":"1709 AUTOMATION PKWY","name":""},
  {"lat":37.309874,"lon":-121.851399,"city":"San Jose","state":"CA","address":"2201 SENTER RD","name":""},
  {"lat":37.502491,"lon":-121.973092,"city":"Fremont","state":"CA","address":"43621 PACIFIC COMMONS BLVD","name":""},
  {"lat":37.52612,"lon":-121.998905,"city":"Newark","state":"CA","address":"350 NEWPARK MALL","name":""},
  {"lat":37.25312,"lon":-121.879546,"city":"San Jose","state":"CA","address":"5301 ALMADEN EXPY","name":""},
  {"lat":37.356947,"lon":-121.938564,"city":"Santa Clara","state":"CA","address":"1601 COLEMAN AVE","name":""},
  {"lat":37.667593,"lon":-122.103043,"city":"Hayward","state":"CA","address":"22330 HATHAWAY AVE","name":""},
  {"lat":37.615427,"lon":-122.089659,"city":"Hayward","state":"CA","address":"28505 HESPERIAN BLVD","name":""},
  {"lat":36.703786,"lon":-121.668349,"city":"Salinas","state":"CA","address":"1339 N DAVIS RD","name":""},
  {"lat":37.372454,"lon":-121.99503,"city":"Sunnyvale","state":"CA","address":"150 LAWRENCE STATION RD","name":""},
  {"lat":37.720297,"lon":-122.182189,"city":"San Leandro","state":"CA","address":"1900 DAVIS ST","name":""},
  {"lat":37.898423,"lon":-122.320638,"city":"Richmond","state":"CA","address":"4801 CENTRAL AVENUE","name":""},
  {"lat":37.420682,"lon":-122.095086,"city":"Mountain View","state":"CA","address":"1000 N RENGSTORFF AVE","name":""},
  {"lat":37.479264,"lon":-122.216465,"city":"Redwood City","state":"CA","address":"2300 MIDDLEFIELD RD","name":""},
  {"lat":37.561746,"lon":-122.274258,"city":"Foster City","state":"CA","address":"1001 METRO CENTER BLVD","name":""},
  {"lat":38.419828,"lon":-122.712021,"city":"Santa Rosa","state":"CA","address":"1900 SANTA ROSA AVE","name":""},
  {"lat":38.087206,"lon":-122.550797,"city":"Novato","state":"CA","address":"300 VINTAGE WAY","name":""},
  {"lat":36.617497,"lon":-121.844796,"city":"Sand City","state":"CA","address":"801 TIOGA AVE","name":""},
  {"lat":37.770605,"lon":-122.41089,"city":"San Francisco","state":"CA","address":"450 10TH ST","name":""},
  {"lat":36.984549,"lon":-122.033348,"city":"Santa Cruz","state":"CA","address":"220 SYLVANIA AVE","name":""},
  {"lat":38.352772,"lon":-122.716733,"city":"Rohnert Park","state":"CA","address":"5901 REDWOOD DR","name":""},
  {"lat":37.661104,"lon":-122.401096,"city":"South San Francisco","state":"CA","address":"900 DUBUQUE AVE","name":""},
  {"lat":37.642208,"lon":-122.401017,"city":"South San Francisco","state":"CA","address":"451 S AIRPORT BLVD","name":""},
  {"lat":37.665376,"lon":-122.44842,"city":"South San Francisco","state":"CA","address":"1600 EL CAMINO REAL","name":""},
  {"lat":39.127223,"lon":-123.196794,"city":"Ukiah","state":"CA","address":"1275 AIRPORT PARK BLVD","name":""},
  {"lat":40.792441,"lon":-124.182434,"city":"Eureka","state":"CA","address":"1006 W WABASH AVE","name":""},
  {"lat":20.887393,"lon":-156.450166,"city":"Kahului","state":"HI","address":"540 HALEAKALA HWY","name":""},
  {"lat":19.685457,"lon":-156.016878,"city":"Kailua Kona","state":"HI","address":"73-5600 MAIAU ST","name":""},
  {"lat":21.283923,"lon":-157.710001,"city":"Honolulu","state":"HI","address":"333 A KEAHOLE STREET","name":""},
  {"lat":21.318421,"lon":-157.870301,"city":"Honolulu","state":"HI","address":"525 ALAKAWA ST","name":""},
  {"lat":21.392119,"lon":-157.962253,"city":"Pearl City","state":"HI","address":"98-600 KAMEHAMEHA HWY","name":""},
  {"lat":21.427006,"lon":-157.99968,"city":"Waipahu","state":"HI","address":"94-1231 KA UKA BLVD","name":""},
  {"lat":21.327333,"lon":-158.088075,"city":"Kapolei","state":"HI","address":"4589 KAPOLEI PKWY","name":""},
  {"lat":21.966942,"lon":-159.380562,"city":"Lihue","state":"HI","address":"4300 NUHOU ST.","name":""}]}