{"key":"country_inn","displayName":"Country Inn & Suites","category":"hotels","useLocationName":false,"locations":[
  {"lat":41.699309,"lon":-91.609919,"city":"Coralville","state":"IA","address":"2571 Heartland Place","name":""},
  {"lat":41.89164,"lon":-91.67955,"city":"Cedar Rapids","state":"IA","address":"9100 Atlantic Drive SW","name":""},
  {"lat":40.735921,"lon":-76.300826,"city":"Pottsville","state":"PA","address":"100 Keystone Blvd E","name":""},
  {"lat":32.361107,"lon":-86.2167,"city":"Montgomery","state":"AL","address":"5225 Carmichael Road","name":""},
  {"lat":32.615711,"lon":-83.689592,"city":"Warner Robins","state":"GA","address":"220 Margie Drive","name":""},
  {"lat":34.069709,"lon":-117.549416,"city":"Ontario","state":"CA","address":"4674 Ontario Mills Pkwy","name":""},
  {"lat":36.142849,"lon":-86.667002,"city":"Nashville","state":"TN","address":"590 Donelson Pike","name":""},
  {"lat":36.22024,"lon":-86.695452,"city":"Nashville","state":"TN","address":"210 Rudy Circle","name":""},
  {"lat":36.152734,"lon":-86.628574,"city":"Nashville","state":"TN","address":"3423 Percy Priest Drive","name":""},
  {"lat":36.307218,"lon":-86.701162,"city":"Goodlettsville","state":"TN","address":"641 Wade Circle","name":""},
  {"lat":37.744259,"lon":-88.96546,"city":"Marion","state":"IL","address":"1306 Halfway Rd.","name":""},
  {"lat":42.494899,"lon":-90.738629,"city":"Dubuque","state":"IA","address":"1315 Associates Dr","name":""},
  {"lat":42.437235,"lon":-90.450046,"city":"Galena","state":"IL","address":"11334 Oldenburg Lane","name":""},
  {"lat":42.72839,"lon":-90.47636,"city":"Platteville","state":"WI","address":"630 S Water St","name":""},
  {"lat":38.70214,"lon":-75.08169,"city":"Rehoboth Beach","state":"DE","address":"20891 Coastal Hwy","name":""},
  {"lat":38.369273,"lon":-75.541671,"city":"Salisbury","state":"MD","address":"1804 Sweetbay Drive","name":""},
  {"lat":35.666442,"lon":-88.849793,"city":"Jackson","state":"TN","address":"1935 Emporium Drive","name":""},
  {"lat":27.987921,"lon":-82.506685,"city":"Tampa","state":"FL","address":"4750 N Dale Mabry Hwy","name":""},
  {"lat":27.940603,"lon":-82.337529,"city":"Tampa","state":"FL","address":"915 South Falkenburg Road","name":""},
  {"lat":28.024209,"lon":-82.541625,"city":"Tampa","state":"FL","address":"8109 Benjamin Rd","name":""},
  {"lat":43.750854,"lon":-88.46582,"city":"Fond Du Lac","state":"WI","address":"121 Merwin Way","name":""},
  {"lat":35.77484,"lon":-83.53974,"city":"Pigeon Forge","state":"TN","address":"4215 Parkway","name":""},
  {"lat":35.710253,"lon":-83.516276,"city":"Gatlinburg","state":"TN","address":"421 Reagan Lane","name":""},
  {"lat":35.953159,"lon":-83.59096,"city":"Kodak","state":"TN","address":"2863 Winfield Dunn Pkwy","name":""},
  {"lat":37.355053,"lon":-79.956531,"city":"Roanoke","state":"VA","address":"7860 Plantation Road","name":""},
  {"lat":44.78214,"lon":-93.50398,"city":"Shakopee","state":"MN","address":"1204 Ramsey Street","name":""},
  {"lat":44.456117,"lon":-93.163941,"city":"Northfield","state":"MN","address":"300 South Highway 3","name":""},
  {"lat":44.850866,"lon":-93.241548,"city":"Bloomington","state":"MN","address":"2221 Killebrew Drive","name":""},
  {"lat":33.422265,"lon":-111.980244,"city":"Phoenix","state":"AZ","address":"4702 E University Dr","name":""},
  {"lat":33.385288,"lon":-111.68695,"city":"Mesa","state":"AZ","address":"6650 E. Superstition Springs Blvd","name":""},
  {"lat":40.137436,"lon":-88.252636,"city":"Champaign","state":"IL","address":"602 West Marketview Drive","name":""},
  {"lat":33.8997,"lon":-84.474311,"city":"Atlanta","state":"GA","address":"4500 Circle 75 Pkwy","name":""},
  {"lat":33.894096,"lon":-84.76486,"city":"Hiram","state":"GA","address":"70 Enterprise Path","name":""},
  {"lat":33.922349,"lon":-84.213221,"city":"Norcross","state":"GA","address":"5970 Jimmy Carter Boulevard","name":""},
  {"lat":34.254525,"lon":-84.470321,"city":"Canton","state":"GA","address":"705 Transit Ave","name":""},
  {"lat":33.830434,"lon":-84.491503,"city":"Smyrna","state":"GA","address":"2175 Church Road SE","name":""},
  {"lat":33.734229,"lon":-84.39106,"city":"Atlanta","state":"GA","address":"759 Pollard Blvd SW","name":""},
  {"lat":40.39129,"lon":-104.722661,"city":"Greeley","state":"CO","address":"2501 West 29th Street","name":""},
  {"lat":40.697919,"lon":-111.947637,"city":"West Valley City","state":"UT","address":"3422 South Decker Lake Drive","name":""},
  {"lat":42.722385,"lon":-87.950456,"city":"Mount Pleasant","state":"WI","address":"13339 Hospitality Court","name":""},
  {"lat":42.572664,"lon":-87.954878,"city":"Kenosha","state":"WI","address":"7011 122nd Avenue","name":""},
  {"lat":42.93155,"lon":-87.929411,"city":"Milwaukee","state":"WI","address":"6200 South 13th Street","name":""},
  {"lat":43.018567,"lon":-88.106688,"city":"Brookfield","state":"WI","address":"1250 S Moorland Road","name":""},
  {"lat":42.37917,"lon":-87.93665,"city":"Gurnee","state":"IL","address":"5420 Grand Avenue","name":""},
  {"lat":33.952642,"lon":-81.095656,"city":"Cayce","state":"SC","address":"2245 Airport Blvd","name":""},
  {"lat":34.066166,"lon":-81.146469,"city":"Columbia","state":"SC","address":"414 Piney Grove Road","name":""},
  {"lat":33.968882,"lon":-80.952892,"city":"Columbia","state":"SC","address":"220 East Exchange Boulevard","name":""},
  {"lat":44.760122,"lon":-85.581894,"city":"Traverse City","state":"MI","address":"420 Munson Avenue","name":""},
  {"lat":39.627885,"lon":-84.201094,"city":"Dayton","state":"OH","address":"8277 Yankee Street","name":""},
  {"lat":39.77363,"lon":-84.07831,"city":"Beavercreek","state":"OH","address":"3971 Colonel Glenn Hwy","name":""},
  {"lat":34.674499,"lon":-86.759583,"city":"Madison","state":"AL","address":"101 Westchester Drive","name":""},
  {"lat":35.206803,"lon":-97.483493,"city":"Norman","state":"OK","address":"960 Ed Noble Parkway","name":""},
  {"lat":37.70159,"lon":-121.07532,"city":"Salida","state":"CA","address":"4342 Salida Blvd","name":""},
  {"lat":42.970719,"lon":-85.588749,"city":"Grand Rapids","state":"MI","address":"3251 Deposit Drive NE","name":""},
  {"lat":42.913803,"lon":-85.759285,"city":"Grandville","state":"MI","address":"3825 28th Street SW","name":""},
  {"lat":42.914938,"lon":-85.535002,"city":"Grand Rapids","state":"MI","address":"5399 28th Street Court SE","name":""},
  {"lat":42.807695,"lon":-86.083368,"city":"Holland","state":"MI","address":"12260 James Street","name":""},
  {"lat":28.459868,"lon":-81.31351,"city":"Orlando","state":"FL","address":"5440 Forbes Pl","name":""},
  {"lat":40.276998,"lon":-76.819542,"city":"Harrisburg","state":"PA","address":"1025 Peiffers Lane","name":""},
  {"lat":40.205169,"lon":-76.965599,"city":"Mechanicsburg","state":"PA","address":"4943 Gettysburg Road","name":""},
  {"lat":40.352795,"lon":-76.714637,"city":"Harrisburg","state":"PA","address":"8000 Jonestown Road","name":""},
  {"lat":39.929868,"lon":-76.691632,"city":"York","state":"PA","address":"245 St. Charles Way","name":""},
  {"lat":40.185708,"lon":-77.22811,"city":"Carlisle","state":"PA","address":"1529 Commerce Ave","name":""},
  {"lat":41.133775,"lon":-78.754944,"city":"Dubois","state":"PA","address":"10 Lakeside Avenue","name":""},
  {"lat":30.790267,"lon":-81.651043,"city":"Kingsland","state":"GA","address":"135 The Lakes Boulevard","name":""},
  {"lat":38.943131,"lon":-95.207646,"city":"Lawrence","state":"KS","address":"2176 East 23rd Street","name":""},
  {"lat":39.12475,"lon":-94.83399,"city":"Kansas City","state":"KS","address":"1805 North 110th Street","name":""},
  {"lat":32.264237,"lon":-90.134917,"city":"Pearl","state":"MS","address":"3051 White Blvd","name":""},
  {"lat":32.184565,"lon":-90.254841,"city":"Byram","state":"MS","address":"5760 I-55 South Frontage Road","name":""},
  {"lat":38.822031,"lon":-76.916342,"city":"Camp Springs","state":"MD","address":"4950 Mercedes Blvd","name":""},
  {"lat":38.889666,"lon":-76.851869,"city":"Capitol Heights","state":"MD","address":"8850 Hampton Mall Dr. North","name":""},
  {"lat":38.985745,"lon":-76.556544,"city":"Annapolis","state":"MD","address":"2600 Housley Rd","name":""},
  {"lat":34.575869,"lon":-82.710462,"city":"Anderson","state":"SC","address":"116 Interstate Blvd","name":""},
  {"lat":40.578834,"lon":-124.154573,"city":"Fortuna","state":"CA","address":"1583 Riverwalk Drive","name":""},
  {"lat":34.969424,"lon":-80.990013,"city":"Rock Hill","state":"SC","address":"865 Patriot Parkway","name":""},
  {"lat":35.244037,"lon":-80.936519,"city":"Charlotte","state":"NC","address":"2541 Little Rock Road","name":""},
  {"lat":37.362328,"lon":-121.905595,"city":"San Jose","state":"CA","address":"1350 N 4th Street","name":""},
  {"lat":37.511432,"lon":-122.26538,"city":"San Carlos","state":"CA","address":"251 El Camino Real","name":""},
  {"lat":37.705514,"lon":-121.723433,"city":"Livermore","state":"CA","address":"5959 Preston Avenue","name":""},
  {"lat":27.441535,"lon":-82.467315,"city":"Bradenton","state":"FL","address":"5610 Manor Hill Ln","name":""},
  {"lat":27.01841,"lon":-82.0513,"city":"Port Charlotte","state":"FL","address":"24244 Corporate Court","name":""},
  {"lat":44.980504,"lon":-93.461888,"city":"Plymouth","state":"MN","address":"210 Carlson Parkway","name":""},
  {"lat":45.138466,"lon":-93.271964,"city":"Coon Rapids","state":"MN","address":"155 Coon Rapids Blvd. NW","name":""},
  {"lat":45.023328,"lon":-93.166191,"city":"Roseville","state":"MN","address":"2740 Snelling Ave N","name":""},
  {"lat":44.847249,"lon":-93.124469,"city":"Eagan","state":"MN","address":"3035 Holiday Lane","name":""},
  {"lat":45.073786,"lon":-93.313786,"city":"Brooklyn Center","state":"MN","address":"2550 Freeway Boulevard","name":""},
  {"lat":47.43105,"lon":-122.294507,"city":"Seattle","state":"WA","address":"3100 South 192nd Street","name":""},
  {"lat":39.076027,"lon":-84.659008,"city":"Hebron","state":"KY","address":"759 Petersburg Road","name":""},
  {"lat":39.028555,"lon":-84.616265,"city":"Erlanger","state":"KY","address":"630 Donaldson Highway","name":""},
  {"lat":42.645496,"lon":-73.75042,"city":"Albany","state":"NY","address":"300 Broadway","name":""},
  {"lat":33.000743,"lon":-96.967528,"city":"Lewisville","state":"TX","address":"755B E Vista Ridge Mall Dr","name":""},
  {"lat":32.734575,"lon":-97.451579,"city":"Fort Worth","state":"TX","address":"2730 S. Cherry Lane","name":""},
  {"lat":32.784464,"lon":-97.322674,"city":"Fort Worth","state":"TX","address":"2200 Mercado Drive","name":""},
  {"lat":32.834452,"lon":-97.012972,"city":"Irving","state":"TX","address":"2000 Hard Rock Road","name":""},
  {"lat":27.845775,"lon":-82.688874,"city":"Pinellas Park","state":"FL","address":"8050 US Hwy 19 N","name":""},
  {"lat":43.098701,"lon":-89.52089,"city":"Middleton","state":"WI","address":"2212 Deming Way","name":""},
  {"lat":43.009228,"lon":-89.480461,"city":"Madison","state":"WI","address":"6275 Nesbitt Road","name":""},
  {"lat":43.04558,"lon":-89.325204,"city":"Monona","state":"WI","address":"400 River Pl","name":""},
  {"lat":45.59473,"lon":-122.68138,"city":"Portland","state":"OR","address":"9930 North Whitaker Road","name":""},
  {"lat":45.573821,"lon":-122.582832,"city":"Portland","state":"OR","address":"7025 N.E. Alderwood Road","name":""},
  {"lat":29.78188,"lon":-95.80877,"city":"Katy","state":"TX","address":"25218 Market Place Dr","name":""},
  {"lat":29.919044,"lon":-95.610317,"city":"Houston","state":"TX","address":"12915 FM 1960 Road West","name":""},
  {"lat":43.21778,"lon":-88.14197,"city":"Germantown","state":"WI","address":"W 188 North 11020 Maple Road","name":""},
  {"lat":43.17796,"lon":-87.97725,"city":"Brown Deer","state":"WI","address":"5200 W Brown Deer Rd","name":""},
  {"lat":38.134893,"lon":-122.220246,"city":"Vallejo","state":"CA","address":"1000 Admiral Callaghan Lane","name":""},
  {"lat":42.0895,"lon":-71.053633,"city":"Brockton","state":"MA","address":"50 Christy's Drive","name":""},
  {"lat":44.81856,"lon":-92.93895,"city":"Cottage Grove","state":"MN","address":"8350 East Point Douglas Road","name":""},
  {"lat":44.947534,"lon":-92.984557,"city":"Woodbury","state":"MN","address":"6003 Hudson Road","name":""},
  {"lat":45.123531,"lon":-93.185952,"city":"Shoreview","state":"MN","address":"5995 Rice Creek Parkway","name":""},
  {"lat":45.037661,"lon":-92.834101,"city":"Stillwater","state":"MN","address":"2000 Washington Avenue","name":""},
  {"lat":35.217581,"lon":-111.594947,"city":"Flagstaff","state":"AZ","address":"3501 East Lockett Road","name":""},
  {"lat":35.19551,"lon":-111.65458,"city":"Flagstaff","state":"AZ","address":"224 S. Mikes Pike St.","name":""},
  {"lat":36.824181,"lon":-119.783282,"city":"Fresno","state":"CA","address":"6065 N Thesta St","name":""},
  {"lat":41.246114,"lon":-87.853201,"city":"Manteno","state":"IL","address":"380 South Cypress Drive","name":""},
  {"lat":41.55758,"lon":-87.851292,"city":"Tinley Park","state":"IL","address":"18315 South La Grange Rd.","name":""},
  {"lat":41.658019,"lon":-88.122846,"city":"Romeoville","state":"IL","address":"1265 Lakeview Drive","name":""},
  {"lat":41.68113,"lon":-88.07447,"city":"Bolingbrook","state":"IL","address":"225 W. South Frontage Rd","name":""},
  {"lat":41.466543,"lon":-87.322805,"city":"Merrillville","state":"IN","address":"8311 Ohio St","name":""},
  {"lat":47.76828,"lon":-122.185577,"city":"Bothell","state":"WA","address":"19333 North Creek Parkway","name":""},
  {"lat":47.6987,"lon":-116.78216,"city":"Coeur d'Alene","state":"ID","address":"2303 N 4th St","name":""},
  {"lat":35.463427,"lon":-80.584396,"city":"Concord","state":"NC","address":"580 Dickens Place","name":""},
  {"lat":35.299307,"lon":-80.75197,"city":"Charlotte","state":"NC","address":"131 East McCullough Drive","name":""},
  {"lat":35.440823,"lon":-80.866698,"city":"Huntersville","state":"NC","address":"16617 Statesville Road","name":""},
  {"lat":30.438117,"lon":-90.085467,"city":"Covington","state":"LA","address":"130 Holiday Boulevard","name":""},
  {"lat":30.035527,"lon":-89.97374,"city":"New Orleans","state":"LA","address":"5801 Read Blvd.","name":""},
  {"lat":30.000849,"lon":-90.15496,"city":"Metairie","state":"LA","address":"2713 N. Causeway Blvd.","name":""},
  {"lat":36.96278,"lon":-81.07321,"city":"Wytheville","state":"VA","address":"697 Peppers Ferry Road","name":""},
  {"lat":37.364859,"lon":-81.039819,"city":"Princeton","state":"WV","address":"111 Halls Ridge Road","name":""},
  {"lat":30.438358,"lon":-97.669854,"city":"Austin","state":"TX","address":"14620 North IH-35","name":""},
  {"lat":30.52253,"lon":-97.690678,"city":"Round Rock","state":"TX","address":"1560 North I -35","name":""},
  {"lat":30.33669,"lon":-81.76264,"city":"Jacksonville","state":"FL","address":"7035 Commonwealth Ave","name":""},
  {"lat":32.439936,"lon":-80.707206,"city":"Beaufort","state":"SC","address":"2450 Boundary St","name":""},
  {"lat":32.19009,"lon":-81.19224,"city":"Port Wentworth","state":"GA","address":"200 Raley Road","name":""},
  {"lat":32.139755,"lon":-81.231733,"city":"Savannah","state":"GA","address":"21 Yvette Johnson Hagins Dr","name":""},
  {"lat":32.006718,"lon":-81.277977,"city":"Savannah","state":"GA","address":"16 Gateway Boulevard East","name":""},
  {"lat":32.007859,"lon":-81.118476,"city":"Savannah","state":"GA","address":"7576 White Bluff Road","name":""},
  {"lat":31.97998,"lon":-81.14728,"city":"Savannah","state":"GA","address":"11317 Abercorn Street","name":""},
  {"lat":40.775037,"lon":-89.675834,"city":"Peoria","state":"IL","address":"5309 W. Landens Way","name":""},
  {"lat":37.796879,"lon":-81.220776,"city":"Beckley","state":"WV","address":"2120 Harper Rd","name":""},
  {"lat":38.979738,"lon":-77.422917,"city":"Sterling","state":"VA","address":"45620 Falke Plaza","name":""},
  {"lat":42.008469,"lon":-93.578678,"city":"Ames","state":"IA","address":"2605 SE 16th Street","name":""},
  {"lat":41.704226,"lon":-93.572327,"city":"Ankeny","state":"IA","address":"2510 SE Tones Dr","name":""},
  {"lat":33.40963,"lon":-84.165537,"city":"McDonough","state":"GA","address":"115 East Greenwood Road","name":""},
  {"lat":33.28587,"lon":-84.29139,"city":"Griffin","state":"GA","address":"1900 North Expressway","name":""},
  {"lat":33.615558,"lon":-84.449649,"city":"College Park","state":"GA","address":"5100 West Fayetteville Road","name":""},
  {"lat":33.656176,"lon":-84.003459,"city":"Conyers","state":"GA","address":"1312 Old Covington Hwy SE","name":""},
  {"lat":33.660667,"lon":-84.433816,"city":"East Point","state":"GA","address":"1365 Hardin Avenue","name":""},
  {"lat":33.82477,"lon":-84.121199,"city":"Stone Mountain","state":"GA","address":"1852 Rockbridge Road SW","name":""},
  {"lat":34.247833,"lon":-77.882648,"city":"Wilmington","state":"NC","address":"4706 New Centre Drive","name":""},
  {"lat":43.649299,"lon":-79.704877,"city":"Mississauga","state":"ON","address":"7040 Edwards Blvd","name":""},
  {"lat":44.485585,"lon":-87.938345,"city":"Green Bay","state":"WI","address":"850 Kepler Drive","name":""},
  {"lat":44.264492,"lon":-88.468753,"city":"Appleton","state":"WI","address":"355 Fox River Drive","name":""},
  {"lat":44.296053,"lon":-88.314497,"city":"Little Chute","state":"WI","address":"130 Patriot Drive","name":""},
  {"lat":44.469991,"lon":-88.082652,"city":"Green Bay","state":"WI","address":"2945 Allied St","name":""},
  {"lat":42.447607,"lon":-83.434536,"city":"Novi","state":"MI","address":"21625 Haggerty Road","name":""},
  {"lat":41.959788,"lon":-83.676421,"city":"Dundee","state":"MI","address":"665 Tecumseh St","name":""},
  {"lat":42.298052,"lon":-83.276681,"city":"Dearborn","state":"MI","address":"24555 Michigan Avenue","name":""},
  {"lat":35.863959,"lon":-78.815165,"city":"Morrisville","state":"NC","address":"201 Airgate Dr","name":""},
  {"lat":42.504765,"lon":-96.49498,"city":"North Sioux City","state":"SD","address":"151 Tower Road","name":""},
  {"lat":45.279098,"lon":-93.007619,"city":"Forest Lake","state":"MN","address":"1954 Broadway Ave W","name":""},
  {"lat":45.313986,"lon":-93.557144,"city":"Elk River","state":"MN","address":"18894 Dodge Street NW","name":""},
  {"lat":37.985881,"lon":-85.703943,"city":"Shepherdsville","state":"KY","address":"400 Paroquet Springs Drive","name":""},
  {"lat":36.33264,"lon":-94.178254,"city":"Rogers","state":"AR","address":"4304 W Walnut St","name":""},
  {"lat":36.713691,"lon":-81.937276,"city":"Abingdon","state":"VA","address":"940 East Main Street","name":""},
  {"lat":39.937333,"lon":-77.630469,"city":"Chambersburg","state":"PA","address":"399 Beddington Blvd","name":""},
  {"lat":40.85776,"lon":-81.41823,"city":"Canton","state":"OH","address":"5335 Broadmoor Cir NW","name":""},
  {"lat":30.015736,"lon":-95.264238,"city":"Humble","state":"TX","address":"20611 Highway 59 North","name":""},
  {"lat":43.922638,"lon":-90.81918,"city":"Sparta","state":"WI","address":"737 Avon Road","name":""},
  {"lat":37.355768,"lon":-77.409098,"city":"Chester","state":"VA","address":"2406 West Hundred Road","name":""},
  {"lat":37.40058,"lon":-77.42737,"city":"Richmond","state":"VA","address":"2401 Willis Road","name":""},
  {"lat":37.189577,"lon":-77.365506,"city":"Petersburg","state":"VA","address":"130 Wagner Road","name":""},
  {"lat":37.625879,"lon":-77.527795,"city":"Richmond","state":"VA","address":"8010 West Broad Street","name":""},
  {"lat":37.717789,"lon":-77.450442,"city":"Ashland","state":"VA","address":"11600 Lakeridge Parkway","name":""},
  {"lat":38.347487,"lon":-77.057187,"city":"King George","state":"VA","address":"4755 James Madison Parkway","name":""},
  {"lat":38.243775,"lon":-77.499677,"city":"Fredericksburg","state":"VA","address":"10358 Patriot Highway","name":""},
  {"lat":38.34875,"lon":-77.501721,"city":"Fredericksburg","state":"VA","address":"656 Warrenton Road","name":""},
  {"lat":37.099381,"lon":-76.459033,"city":"Newport News","state":"VA","address":"1069 J. Clyde Morris Blvd","name":""},
  {"lat":36.84661,"lon":-75.9745,"city":"Virginia Beach","state":"VA","address":"1801 Atlantic Avenue","name":""},
  {"lat":37.259964,"lon":-76.673636,"city":"Williamsburg","state":"VA","address":"7135 Pocahontas Trail","name":""},
  {"lat":33.541158,"lon":-101.846462,"city":"Lubbock","state":"TX","address":"5806 I-27","name":""},
  {"lat":33.537223,"lon":-101.953721,"city":"Lubbock","state":"TX","address":"6225 62nd Street","name":""},
  {"lat":31.236713,"lon":-81.498644,"city":"Brunswick","state":"GA","address":"211 Gateway Center Blvd","name":""},
  {"lat":43.248951,"lon":-83.783078,"city":"Birch Run","state":"MI","address":"12112 South Beyer Rd","name":""},
  {"lat":33.164336,"lon":-87.52466,"city":"Tuscaloosa","state":"AL","address":"4801 McFarland Boulevard East","name":""},
  {"lat":34.096871,"lon":-83.803283,"city":"Braselton","state":"GA","address":"925 Highway 124","name":""},
  {"lat":33.96919,"lon":-84.02781,"city":"Lawrenceville","state":"GA","address":"989 Duluth Highway","name":""},
  {"lat":34.059293,"lon":-83.996595,"city":"Buford","state":"GA","address":"1395 Mall of Georgia Blvd","name":""},
  {"lat":33.950023,"lon":-83.41202,"city":"Athens","state":"GA","address":"236 Old Epps Bridge Road","name":""},
  {"lat":34.178567,"lon":-84.132428,"city":"Cumming","state":"GA","address":"915 Buford Highway","name":""},
  {"lat":43.852889,"lon":-91.245127,"city":"La Crosse","state":"WI","address":"2110 Rose Street","name":""},
  {"lat":35.33422,"lon":-119.03875,"city":"Bakersfield","state":"CA","address":"2310 Wible Rd","name":""},
  {"lat":41.602784,"lon":-93.78048,"city":"Clive","state":"IA","address":"1350 NW 118th Street","name":""},
  {"lat":41.38413,"lon":-93.554722,"city":"Indianola","state":"IA","address":"501 East Trail Ridge Avenue","name":""},
  {"lat":42.263707,"lon":-85.198925,"city":"Battle Creek","state":"MI","address":"2590 Capital Avenue SW","name":""},
  {"lat":30.187995,"lon":-85.658625,"city":"Panama City","state":"FL","address":"2203 Harrison Avenue","name":""},
  {"lat":41.993436,"lon":-88.029466,"city":"Elk Grove Village","state":"IL","address":"1160 W Devon Ave","name":""},
  {"lat":41.932234,"lon":-87.925031,"city":"Bensenville","state":"IL","address":"777 E. Grand Ave.","name":""},
  {"lat":41.605157,"lon":-87.172315,"city":"Portage","state":"IN","address":"1630 Olmsted Drive","name":""},
  {"lat":43.395502,"lon":-88.189731,"city":"West Bend","state":"WI","address":"2000 Gateway Court","name":""},
  {"lat":44.593233,"lon":-88.07202,"city":"Green Bay","state":"WI","address":"2308 Lineville Rd","name":""},
  {"lat":42.94341,"lon":-88.86272,"city":"Fort Atkinson","state":"WI","address":"1650 Doris Dr","name":""},
  {"lat":44.912722,"lon":-91.400787,"city":"Chippewa Falls","state":"WI","address":"1021 West Park Avenue","name":""},
  {"lat":44.538317,"lon":-89.574773,"city":"Stevens Point","state":"WI","address":"301 Division Street North","name":""},
  {"lat":44.910968,"lon":-89.603944,"city":"Schofield","state":"WI","address":"1520 Metro Drive","name":""},
  {"lat":44.571094,"lon":-92.612063,"city":"Red Wing","state":"MN","address":"4275 Highway 61 West","name":""},
  {"lat":43.075958,"lon":-91.137662,"city":"Prairie Du Chien","state":"WI","address":"1801 Cabelas Ln","name":""},
  {"lat":39.622055,"lon":-77.76908,"city":"Hagerstown","state":"MD","address":"17612 Valley Mall Road","name":""},
  {"lat":39.120262,"lon":-78.194703,"city":"Winchester","state":"VA","address":"141 Kernstown Commons Blvd","name":""},
  {"lat":38.359889,"lon":-81.738665,"city":"Dunbar","state":"WV","address":"1007 Dunbar Ave","name":""},
  {"lat":38.30569,"lon":-81.56557,"city":"Charleston","state":"WV","address":"105 Alex Ln","name":""},
  {"lat":39.386369,"lon":-77.406957,"city":"Frederick","state":"MD","address":"5579 Spectrum Dr","name":""},
  {"lat":44.10783,"lon":-103.20331,"city":"Rapid City","state":"SD","address":"2321 North Lacrosse Street","name":""},
  {"lat":46.818275,"lon":-92.175166,"city":"Duluth","state":"MN","address":"4257 Haines Rd","name":""},
  {"lat":36.905349,"lon":-111.482294,"city":"Page","state":"AZ","address":"880 Haul Road","name":""},
  {"lat":36.298305,"lon":-82.471294,"city":"Jonesborough","state":"TN","address":"376 East Jackson Blvd","name":""},
  {"lat":38.0582,"lon":-78.49391,"city":"Charlottesville","state":"VA","address":"1600 Emmet Street","name":""},
  {"lat":37.849939,"lon":-77.446045,"city":"Doswell","state":"VA","address":"16250 International Street","name":""},
  {"lat":33.449812,"lon":-94.108037,"city":"Texarkana","state":"TX","address":"1918 University Avenue","name":""},
  {"lat":38.40589,"lon":-78.90985,"city":"Harrisonburg","state":"VA","address":"27 Covenant Drive","name":""},
  {"lat":37.799186,"lon":-79.419303,"city":"Lexington","state":"VA","address":"875 North Lee Highway","name":""},
  {"lat":36.70192,"lon":-77.54201,"city":"Emporia","state":"VA","address":"107 Sadler Lane","name":""},
  {"lat":36.433329,"lon":-77.630309,"city":"Roanoke Rapids","state":"NC","address":"101 Hampton Boulevard","name":""},
  {"lat":29.706295,"lon":-98.091143,"city":"New Braunfels","state":"TX","address":"1483 IH-35 N.","name":""},
  {"lat":26.164881,"lon":-97.687927,"city":"Harlingen","state":"TX","address":"3825 S. Expressway 83","name":""},
  {"lat":29.778528,"lon":-98.733401,"city":"Boerne","state":"TX","address":"35000 IH-10 West","name":""},
  {"lat":29.517772,"lon":-98.55501,"city":"San Antonio","state":"TX","address":"8318 W Interstate 10","name":""},
  {"lat":29.406128,"lon":-98.617893,"city":"San Antonio","state":"TX","address":"6502 Enrique M Barrera Parkway","name":""},
  {"lat":30.617398,"lon":-96.296912,"city":"College Station","state":"TX","address":"1010 Southwest Parkway East","name":""},
  {"lat":35.190852,"lon":-101.938507,"city":"Amarillo","state":"TX","address":"2000 Soncy Road","name":""},
  {"lat":35.1943,"lon":-101.81389,"city":"Amarillo","state":"TX","address":"2111 E I-40","name":""},
  {"lat":40.095474,"lon":-76.109103,"city":"New Holland","state":"PA","address":"626 W. Main St.","name":""},
  {"lat":39.989163,"lon":-76.020177,"city":"Gap","state":"PA","address":"812 Route 41","name":""},
  {"lat":40.025969,"lon":-76.207111,"city":"Lancaster","state":"PA","address":"2343 Lincoln Highway East","name":""},
  {"lat":40.983937,"lon":-76.884422,"city":"Lewisburg","state":"PA","address":"134 Walter Drive","name":""},
  {"lat":40.838405,"lon":-75.671659,"city":"Lehighton","state":"PA","address":"1619 Interchange Road","name":""},
  {"lat":40.810749,"lon":-77.832417,"city":"State College","state":"PA","address":"1357 East College Avenue","name":""},
  {"lat":42.406943,"lon":-76.50344,"city":"Ithaca","state":"NY","address":"1100 Danby Road Route 96b","name":""},
  {"lat":42.160345,"lon":-76.866291,"city":"Horseheads","state":"NY","address":"105 East Mall Road","name":""},
  {"lat":35.269272,"lon":-81.485746,"city":"Shelby","state":"NC","address":"2001-A E Dixon Blvd","name":""},
  {"lat":32.936619,"lon":-80.043506,"city":"North Charleston","state":"SC","address":"7429 Stafford Rd","name":""},
  {"lat":34.648602,"lon":-79.014458,"city":"Lumberton","state":"NC","address":"3010 North Roberts Avenue","name":""},
  {"lat":33.488713,"lon":-81.698725,"city":"Aiken","state":"SC","address":"3270 Whiskey Rd","name":""},
  {"lat":33.512582,"lon":-82.037148,"city":"Augusta","state":"GA","address":"103 Sherwood Dr","name":""},
  {"lat":33.722498,"lon":-78.932225,"city":"Myrtle Beach","state":"SC","address":"3516 Waccamaw Boulevard","name":""},
  {"lat":33.575897,"lon":-79.027862,"city":"Murrells Inlet","state":"SC","address":"1303-A Tadlock Drive","name":""},
  {"lat":34.759212,"lon":-85.003464,"city":"Dalton","state":"GA","address":"903 West Bridge Rd","name":""},
  {"lat":35.015565,"lon":-85.384208,"city":"Chattanooga","state":"TN","address":"3725 Modern Industries Parkway","name":""},
  {"lat":36.595306,"lon":-87.285773,"city":"Clarksville","state":"TN","address":"3075 Wilma Rudolph Boulevard","name":""},
  {"lat":35.922451,"lon":-84.090197,"city":"Knoxville","state":"TN","address":"9137 Cross Park Drive","name":""},
  {"lat":43.548749,"lon":-96.724255,"city":"Sioux Falls","state":"SD","address":"200 East 8th Street","name":""},
  {"lat":44.891654,"lon":-97.061211,"city":"Watertown","state":"SD","address":"3400 8th Ave SE","name":""},
  {"lat":44.366628,"lon":-100.352656,"city":"Pierre","state":"SD","address":"110 East Sioux Avenue","name":""},
  {"lat":44.309783,"lon":-96.755697,"city":"Brookings","state":"SD","address":"3000 Lefevre Drive","name":""},
  {"lat":40.000106,"lon":-82.931322,"city":"Columbus","state":"OH","address":"2900 Airport Drive","name":""},
  {"lat":39.93034,"lon":-82.79182,"city":"Pickerington","state":"OH","address":"1899 Winderly Lane","name":""},
  {"lat":39.975688,"lon":-83.15298,"city":"Columbus","state":"OH","address":"1155 Evans Way Court","name":""},
  {"lat":36.13258,"lon":-85.505148,"city":"Cookeville","state":"TN","address":"1151 South Jefferson Ave.","name":""},
  {"lat":36.942131,"lon":-86.419397,"city":"Bowling Green","state":"KY","address":"535 Wall Street","name":""},
  {"lat":35.465313,"lon":-97.49558,"city":"Oklahoma City","state":"OK","address":"931 E Reno Avenue","name":""},
  {"lat":35.440806,"lon":-97.602168,"city":"Oklahoma City","state":"OK","address":"2415 S. Meridian Avenue","name":""},
  {"lat":35.607709,"lon":-97.582595,"city":"Oklahoma City","state":"OK","address":"13501 W Memorial Park Dr","name":""},
  {"lat":35.529515,"lon":-97.571839,"city":"Oklahoma City","state":"OK","address":"3141 Northwest Expy","name":""},
  {"lat":36.168507,"lon":-95.851298,"city":"Tulsa","state":"OK","address":"1034 North Garnett Road","name":""},
  {"lat":36.389028,"lon":-97.939431,"city":"Enid","state":"OK","address":"710 Mill Run Road","name":""},
  {"lat":41.56617,"lon":-83.58265,"city":"Rossford","state":"OH","address":"9790 Clark Drive","name":""},
  {"lat":41.580854,"lon":-83.683141,"city":"Maumee","state":"OH","address":"541 W Dussel Dr","name":""},
  {"lat":39.940295,"lon":-83.838644,"city":"Springfield","state":"OH","address":"1751 West 1st Street","name":""},
  {"lat":41.298291,"lon":-81.513389,"city":"Macedonia","state":"OH","address":"7820 Capital Blvd","name":""},
  {"lat":40.728919,"lon":-84.079371,"city":"Lima","state":"OH","address":"804 South Leonard Avenue","name":""},
  {"lat":41.326836,"lon":-82.619303,"city":"Milan","state":"OH","address":"11600 US 250","name":""},
  {"lat":41.508169,"lon":-82.860454,"city":"Port Clinton","state":"OH","address":"3760 E. State Road","name":""},
  {"lat":40.579393,"lon":-83.073664,"city":"Marion","state":"OH","address":"2091 Marion Mt. Gilead Road","name":""},
  {"lat":41.063485,"lon":-83.668637,"city":"Findlay","state":"OH","address":"903 Interstate Dr","name":""},
  {"lat":44.05386,"lon":-121.26461,"city":"Bend","state":"OR","address":"62065 SE 27th Street","name":""},
  {"lat":44.303053,"lon":-120.825766,"city":"Prineville","state":"OR","address":"1773 Northeast 3rd Street","name":""},
  {"lat":45.200611,"lon":-123.168292,"city":"Mcminnville","state":"OR","address":"2520 SE Stratus Avenue","name":""},
  {"lat":42.048,"lon":-80.0809,"city":"Erie","state":"PA","address":"8050 Peach Street","name":""},
  {"lat":40.45687,"lon":-78.40011,"city":"Altoona","state":"PA","address":"2 Convention Center Dr","name":""},
  {"lat":43.348592,"lon":-73.689212,"city":"Queensbury","state":"NY","address":"1130 State Route 9","name":""},
  {"lat":40.586578,"lon":-74.19061,"city":"Staten Island","state":"NY","address":"300 Wild Ave","name":""},
  {"lat":43.111408,"lon":-77.548598,"city":"Rochester","state":"NY","address":"2835 Monroe Avenue","name":""},
  {"lat":43.094392,"lon":-79.073343,"city":"Niagara Falls","state":"ON","address":"5525 Victoria Avenue","name":""},
  {"lat":42.83281,"lon":-78.79037,"city":"West Seneca","state":"NY","address":"164B Slade Avenue","name":""},
  {"lat":42.736459,"lon":-77.880268,"city":"Mount Morris","state":"NY","address":"130 N Main St","name":""},
  {"lat":30.456481,"lon":-88.842607,"city":"Ocean Springs","state":"MS","address":"13900 Wilfred Seymour Rd.","name":""},
  {"lat":38.959816,"lon":-92.289119,"city":"Columbia","state":"MO","address":"817 North Keene Street","name":""},
  {"lat":38.791971,"lon":-90.563053,"city":"Saint Peters","state":"MO","address":"3877 Veterans Memorial Pkwy","name":""},
  {"lat":38.772259,"lon":-90.485673,"city":"Saint Charles","state":"MO","address":"1190 South Main Street","name":""},
  {"lat":38.60096,"lon":-89.993751,"city":"Fairview Heights","state":"IL","address":"140 Ludwig Drive","name":""},
  {"lat":37.835587,"lon":-94.32286,"city":"Nevada","state":"MO","address":"2520 E. Austin Blvd","name":""},
  {"lat":37.20968,"lon":-93.27718,"city":"Springfield","state":"MO","address":"1117 E St Louis St","name":""},
  {"lat":30.40476,"lon":-91.10126,"city":"Baton Rouge","state":"LA","address":"7959 Essen Park Ave","name":""},
  {"lat":32.45684,"lon":-93.82578,"city":"Shreveport","state":"LA","address":"5020 Hollywood Avenue","name":""},
  {"lat":38.042398,"lon":-84.428739,"city":"Lexington","state":"KY","address":"2297 Executive Drive","name":""},
  {"lat":38.2236,"lon":-84.54146,"city":"Georgetown","state":"KY","address":"131 Darby Drive","name":""},
  {"lat":31.355547,"lon":-92.420869,"city":"Pineville","state":"LA","address":"2727 Monroe Hwy 165","name":""},
  {"lat":47.891454,"lon":-97.085665,"city":"Grand Forks","state":"ND","address":"3101 S 42nd St","name":""},
  {"lat":46.79593,"lon":-100.79294,"city":"Bismarck","state":"ND","address":"135 Ivy Ave","name":""},
  {"lat":46.841317,"lon":-100.771174,"city":"Bismarck","state":"ND","address":"3205 North 14th Street","name":""},
  {"lat":46.86136,"lon":-96.83451,"city":"Fargo","state":"ND","address":"3316 13th Avenue South","name":""},
  {"lat":48.210368,"lon":-101.322015,"city":"Minot","state":"ND","address":"1900 22nd Avenue SW","name":""},
  {"lat":35.507883,"lon":-78.320115,"city":"Smithfield","state":"NC","address":"250 N Equity Drive","name":""},
  {"lat":35.76195,"lon":-78.00757,"city":"Wilson","state":"NC","address":"4910 Hayes Place","name":""},
  {"lat":35.398697,"lon":-77.971591,"city":"Goldsboro","state":"NC","address":"2302 Norwood Avenue","name":""},
  {"lat":36.067796,"lon":-79.501627,"city":"Burlington","state":"NC","address":"3211 Wilson Drive","name":""},
  {"lat":36.04329,"lon":-79.84721,"city":"Greensboro","state":"NC","address":"3314 Isler Street","name":""},
  {"lat":35.531384,"lon":-82.605628,"city":"Asheville","state":"NC","address":"845 Brevard Rd","name":""},
  {"lat":35.56411,"lon":-82.63332,"city":"Asheville","state":"NC","address":"1914 Old Haywood Rd","name":""},
  {"lat":35.587126,"lon":-82.52959,"city":"Asheville","state":"NC","address":"199 Tunnel Road","name":""},
  {"lat":35.590761,"lon":-82.575469,"city":"Asheville","state":"NC","address":"22 Westgate Pkwy","name":""},
  {"lat":35.29972,"lon":-78.60211,"city":"Dunn","state":"NC","address":"900 E Pearsall St","name":""},
  {"lat":35.557162,"lon":-77.406611,"city":"Winterville","state":"NC","address":"3900 S. Memorial Drive","name":""},
  {"lat":36.217635,"lon":-81.661883,"city":"Boone","state":"NC","address":"818 E King Street","name":""},
  {"lat":35.00906,"lon":-78.82655,"city":"Fayetteville","state":"NC","address":"1925 Cedar Creek Road","name":""},
  {"lat":35.97866,"lon":-77.847421,"city":"Rocky Mount","state":"NC","address":"672 English Road","name":""},
  {"lat":42.076607,"lon":-86.418502,"city":"Benton Harbor","state":"MI","address":"2276 Pipestone Road","name":""},
  {"lat":42.40461,"lon":-86.243119,"city":"South Haven","state":"MI","address":"1741 Phoenix Street","name":""},
  {"lat":43.20434,"lon":-86.2025,"city":"Muskegon","state":"MI","address":"1675 E. Sherman Blvd.","name":""},
  {"lat":41.719845,"lon":-86.181241,"city":"Mishawaka","state":"IN","address":"420 W University Drive","name":""},
  {"lat":41.734898,"lon":-85.976611,"city":"Elkhart","state":"IN","address":"3250 Northview Dr","name":""},
  {"lat":41.664668,"lon":-86.892611,"city":"Michigan City","state":"IN","address":"3805 Frontage Road","name":""},
  {"lat":41.466294,"lon":-87.035635,"city":"Valparaiso","state":"IN","address":"2020 LaPorte Avenue","name":""},
  {"lat":42.723248,"lon":-84.644168,"city":"Lansing","state":"MI","address":"6511 Centurion Drive","name":""},
  {"lat":45.245831,"lon":-93.661518,"city":"Albertville","state":"MN","address":"6554 Lamplight Dr","name":""},
  {"lat":45.171089,"lon":-93.861531,"city":"Buffalo","state":"MN","address":"1002 Highway 55 East","name":""},
  {"lat":44.068597,"lon":-92.503971,"city":"Rochester","state":"MN","address":"4323 Highway 52 North","name":""},
  {"lat":43.974139,"lon":-92.460777,"city":"Rochester","state":"MN","address":"77 Woodlake Drive Southeast","name":""},
  {"lat":43.654436,"lon":-93.338106,"city":"Albert Lea","state":"MN","address":"2214 E Main St","name":""},
  {"lat":46.292989,"lon":-96.11871,"city":"Fergus Falls","state":"MN","address":"925 Western Ave","name":""},
  {"lat":44.177424,"lon":-93.947718,"city":"Mankato","state":"MN","address":"1900 Premier Drive","name":""},
  {"lat":45.54854,"lon":-94.20877,"city":"St. Cloud","state":"MN","address":"235 Park Avenue South","name":""},
  {"lat":45.566969,"lon":-94.141873,"city":"St. Cloud","state":"MN","address":"120 Seventh Avenue Southeast","name":""},
  {"lat":45.97709,"lon":-94.33785,"city":"Little Falls","state":"MN","address":"209 16th Street Northeast","name":""},
  {"lat":46.369971,"lon":-94.243276,"city":"Baxter","state":"MN","address":"15058 Dellwood Dr","name":""},
  {"lat":47.207138,"lon":-93.529317,"city":"Grand Rapids","state":"MN","address":"2601 US 169","name":""},
  {"lat":46.798985,"lon":-95.80829,"city":"Detroit Lakes","state":"MN","address":"1330 Highway 10","name":""},
  {"lat":44.083472,"lon":-93.244638,"city":"Owatonna","state":"MN","address":"130 Allan Ave","name":""},
  {"lat":45.096102,"lon":-95.040144,"city":"Willmar","state":"MN","address":"201 28th Ave SE","name":""},
  {"lat":47.463489,"lon":-94.85615,"city":"Bemidji","state":"MN","address":"927 Lake Shore Dr NE","name":""},
  {"lat":40.865393,"lon":-96.683046,"city":"Lincoln","state":"NE","address":"5353 N. 27th Street","name":""},
  {"lat":41.236456,"lon":-95.889241,"city":"Council Bluffs","state":"IA","address":"17 Arena Way","name":""},
  {"lat":41.278326,"lon":-95.914678,"city":"Carter Lake","state":"IA","address":"2210 Abbot Dr","name":""},
  {"lat":41.110325,"lon":-102.951323,"city":"Sidney","state":"NE","address":"664 Chase Boulevard","name":""},
  {"lat":40.673538,"lon":-99.083544,"city":"Kearney","state":"NE","address":"105 Talmadge Street","name":""},
  {"lat":45.715728,"lon":-111.068171,"city":"Bozeman","state":"MT","address":"5997 East Valley Center Road","name":""},
  {"lat":45.803384,"lon":-108.477559,"city":"Billings","state":"MT","address":"231 Main St","name":""},
  {"lat":43.690774,"lon":-85.515246,"city":"Big Rapids","state":"MI","address":"15344 Waldron Way","name":""},
  {"lat":47.107279,"lon":-88.585467,"city":"Houghton","state":"MI","address":"919 Razorback Drive","name":""},
  {"lat":39.197932,"lon":-76.682734,"city":"Linthicum Heights","state":"MD","address":"1717 West Nursery Road","name":""},
  {"lat":39.340176,"lon":-76.481319,"city":"Baltimore","state":"MD","address":"8825 Yellow Brick Road","name":""},
  {"lat":39.481709,"lon":-76.251733,"city":"Bel Air","state":"MD","address":"1435 Handlir Drive","name":""},
  {"lat":38.429137,"lon":-75.055533,"city":"Ocean City","state":"MD","address":"12303 Coastal Highway","name":""},
  {"lat":33.394656,"lon":-84.741751,"city":"Newnan","state":"GA","address":"1125 Newnan Crossing Blvd","name":""},
  {"lat":30.484798,"lon":-84.314647,"city":"Tallahassee","state":"FL","address":"3096 N. Monroe Street","name":""},
  {"lat":34.701278,"lon":-83.724354,"city":"Helen","state":"GA","address":"877 Edelweiss Strasse","name":""},
  {"lat":32.56665,"lon":-84.96487,"city":"Columbus","state":"GA","address":"1720 Fountain Court","name":""},
  {"lat":32.906402,"lon":-83.686049,"city":"Macon","state":"GA","address":"3915 Arkwright Rd.","name":""},
  {"lat":31.853652,"lon":-81.579632,"city":"Hinesville","state":"GA","address":"742 E. General Stewart Way","name":""},
  {"lat":32.80855,"lon":-83.72324,"city":"Macon","state":"GA","address":"4717 Chambers Rd","name":""},
  {"lat":30.842889,"lon":-83.327419,"city":"Valdosta","state":"GA","address":"1308 N St. Augustine Road","name":""},
  {"lat":31.45135,"lon":-83.528562,"city":"Tifton","state":"GA","address":"310 S Virginia Ave","name":""},
  {"lat":38.222837,"lon":-85.541699,"city":"Louisville","state":"KY","address":"1241 Kentucky Mills Drive","name":""},
  {"lat":37.71456,"lon":-85.83302,"city":"Elizabethtown","state":"KY","address":"107 Buffalo Creek Drive","name":""}
]}