{"key":"cracker_barrel","displayName":"Cracker Barrel","category":"restaurant","useLocationName":false,"locations":[
  {"lat":41.66109,"lon":-71.546451,"city":"Coventry","state":"RI","address":"825 Centre of New England Blvd","name":""},
  {"lat":39.666639,"lon":-86.09401,"city":"Indianapolis","state":"IN","address":"4350 East Southport Rd.","name":""},
  {"lat":35.946485,"lon":-83.206551,"city":"Newport","state":"TN","address":"1021 Cosby Hwy.","name":""},
  {"lat":30.439585,"lon":-88.53043,"city":"Moss Point","state":"MS","address":"6805 Hwy 63 N.","name":""},
  {"lat":35.858453,"lon":-78.823133,"city":"Morrisville","state":"NC","address":"955 Airport Blvd.","name":""},
  {"lat":37.361701,"lon":-81.053083,"city":"Princeton","state":"WV","address":"294 Meadowfield Ln.","name":""},
  {"lat":37.113072,"lon":-76.501879,"city":"Newport News","state":"VA","address":"12357 Hornsby Ln.","name":""},
  {"lat":41.579429,"lon":-83.681629,"city":"Maumee","state":"OH","address":"1395 Ford St.","name":""},
  {"lat":40.622758,"lon":-89.460222,"city":"Morton","state":"IL","address":"150 E Ashland St.","name":""},
  {"lat":38.909173,"lon":-94.773285,"city":"Olathe","state":"KS","address":"12101 S Strangline Rd.","name":""},
  {"lat":37.674703,"lon":-97.426426,"city":"Wichita","state":"KS","address":"619 S. Ridge Rd.","name":""},
  {"lat":40.055799,"lon":-85.651114,"city":"Anderson","state":"IN","address":"2012 East 59th St.","name":""},
  {"lat":35.712862,"lon":-81.316432,"city":"Hickory","state":"NC","address":"1250 11th Street Court SE","name":""},
  {"lat":35.44514,"lon":-82.539843,"city":"Arden","state":"NC","address":"344 Rockwood Rd","name":""},
  {"lat":40.021173,"lon":-76.194584,"city":"Lancaster","state":"PA","address":"35 S. Willowdale Dr Suite 1822","name":""},
  {"lat":40.81654,"lon":-77.900452,"city":"State College","state":"PA","address":"215 Colonnade Blvd","name":""},
  {"lat":32.447519,"lon":-83.752864,"city":"Perry","state":"GA","address":"101 Lect Dr.","name":""},
  {"lat":34.118745,"lon":-83.763442,"city":"Braselton","state":"GA","address":"301 Exchange Way","name":""},
  {"lat":38.2052,"lon":-85.750119,"city":"Louisville","state":"KY","address":"2701 Crittenden Dr","name":""},
  {"lat":41.122759,"lon":-80.772966,"city":"Austintown","state":"OH","address":"5600 Interstate Blvd.","name":""},
  {"lat":28.551971,"lon":-80.85326,"city":"Titusville","state":"FL","address":"4745 Helen Hauser Blvd.","name":""},
  {"lat":40.449906,"lon":-80.173469,"city":"Pittsburgh","state":"PA","address":"200 Davis Blvd.","name":""},
  {"lat":39.209172,"lon":-76.679982,"city":"Linthicum Heights","state":"MD","address":"1520 W. Nursery Rd","name":""},
  {"lat":35.110749,"lon":-92.431912,"city":"Conway","state":"AR","address":"525 Skyline Drive","name":""},
  {"lat":38.127243,"lon":-79.03674,"city":"Staunton","state":"VA","address":"152 Rowe Rd.","name":""},
  {"lat":37.354934,"lon":-79.18373,"city":"Lynchburg","state":"VA","address":"3820 Wards Rd.","name":""},
  {"lat":36.949655,"lon":-81.056793,"city":"Wytheville","state":"VA","address":"160 Lithia Rd.","name":""},
  {"lat":39.671222,"lon":-86.369082,"city":"Plainfield","state":"IN","address":"6256 Cambridge Way","name":""},
  {"lat":27.894589,"lon":-82.688633,"city":"Clearwater","state":"FL","address":"4011 Ulmerton Rd.","name":""},
  {"lat":30.248476,"lon":-81.597089,"city":"Jacksonville","state":"FL","address":"4680 Lenoir Ave.","name":""},
  {"lat":40.6288,"lon":-74.918731,"city":"Clinton","state":"NJ","address":"14 Frontage Rd.","name":""},
  {"lat":34.967224,"lon":-82.000731,"city":"Spartanburg","state":"SC","address":"9021 Fairforest Rd.","name":""},
  {"lat":37.356284,"lon":-77.40712,"city":"Chester","state":"VA","address":"12401 Red Water Creek Rd.","name":""},
  {"lat":41.380858,"lon":-88.836728,"city":"Ottawa","state":"IL","address":"4119 Columbus","name":""},
  {"lat":33.72948,"lon":-84.75975,"city":"Douglasville","state":"GA","address":"7060 Concourse Pkwy.","name":""},
  {"lat":26.194103,"lon":-98.265021,"city":"McAllen","state":"TX","address":"3817 W Expressway 83","name":""},
  {"lat":33.917795,"lon":-83.444096,"city":"Athens","state":"GA","address":"1913 Epps Bridge Pkwy.","name":""},
  {"lat":39.83436,"lon":-84.819656,"city":"Richmond","state":"IN","address":"6050 National Rd. E.","name":""},
  {"lat":33.175963,"lon":-87.474404,"city":"Tuscaloosa","state":"AL","address":"4800 Doris Pate Dr.","name":""},
  {"lat":40.559168,"lon":-75.99674,"city":"Hamburg","state":"PA","address":"21 Industrial Dr.","name":""},
  {"lat":39.159819,"lon":-78.158447,"city":"Winchester","state":"VA","address":"200 Front Royal Pike","name":""},
  {"lat":30.664943,"lon":-96.324726,"city":"Bryan","state":"TX","address":"3110 Briarcrest Dr.","name":""},
  {"lat":34.827751,"lon":-82.302154,"city":"Greenville","state":"SC","address":"1134 Woodruff Rd.","name":""},
  {"lat":35.194075,"lon":-101.811139,"city":"Amarillo","state":"TX","address":"2323 I-40 East","name":""},
  {"lat":39.893678,"lon":-83.81427,"city":"Springfield","state":"OH","address":"105 West Leffel Ln.","name":""},
  {"lat":35.824823,"lon":-84.272116,"city":"Lenoir City","state":"TN","address":"325 Ft Loudoun Medical Cent Dr","name":""},
  {"lat":33.575665,"lon":-79.028396,"city":"Murrells Inlet","state":"SC","address":"1303 Tadlock Dr.","name":""},
  {"lat":39.019312,"lon":-84.437821,"city":"Cold Spring","state":"KY","address":"4210 Alexandria Pike","name":""},
  {"lat":38.683125,"lon":-85.785965,"city":"Scottsburg","state":"IN","address":"1265 Allen St.","name":""},
  {"lat":38.044802,"lon":-84.422108,"city":"Lexington","state":"KY","address":"2220 Elkhorn Rd.","name":""},
  {"lat":38.612294,"lon":-90.047865,"city":"Caseyville","state":"IL","address":"2421 Old Country Inn Dr.","name":""},
  {"lat":40.197933,"lon":-74.637939,"city":"Hamilton Township","state":"NJ","address":"825 Market Place Blvd.","name":""},
  {"lat":43.588469,"lon":-116.274964,"city":"Boise","state":"ID","address":"1733 South Cole Rd.","name":""},
  {"lat":41.312042,"lon":-81.453433,"city":"Twinsburg","state":"OH","address":"2371 East Aurora Rd.","name":""},
  {"lat":38.23238,"lon":-77.499144,"city":"Fredericksburg","state":"VA","address":"5200 Southpoint Pkwy.","name":""},
  {"lat":39.45648,"lon":-77.988767,"city":"Martinsburg","state":"WV","address":"725 Foxcroft Ave.","name":""},
  {"lat":33.019434,"lon":-97.280785,"city":"Fort Worth","state":"TX","address":"15805 North Freeway","name":""},
  {"lat":34.031855,"lon":-81.123485,"city":"Columbia","state":"SC","address":"2208 Bush River Rd.","name":""},
  {"lat":38.322816,"lon":-104.61669,"city":"Pueblo","state":"CO","address":"4735 Elizabeth St. N.","name":""},
  {"lat":39.441369,"lon":-80.168979,"city":"Fairmont","state":"WV","address":"2206 Pleasant Valley Rd.","name":""},
  {"lat":34.444933,"lon":-83.124396,"city":"Lavonia","state":"GA","address":"725 Ross Place","name":""},
  {"lat":36.815918,"lon":-76.067383,"city":"Virginia Beach","state":"VA","address":"757 Lynnhaven Pkwy.","name":""},
  {"lat":33.460448,"lon":-94.081125,"city":"Texarkana","state":"TX","address":"3302 St. Michaels Dr.","name":""},
  {"lat":42.177124,"lon":-72.642188,"city":"Holyoke","state":"MA","address":"227 Whiting Farms Rd.","name":""},
  {"lat":32.729905,"lon":-97.784694,"city":"Weatherford","state":"TX","address":"132 East I-20","name":""},
  {"lat":33.395147,"lon":-84.75971,"city":"Newnan","state":"GA","address":"527 Bullsboro Dr.","name":""},
  {"lat":35.771616,"lon":-83.987694,"city":"Alcoa","state":"TN","address":"771 Louisville Rd.","name":""},
  {"lat":38.095472,"lon":-85.874889,"city":"Louisville","state":"KY","address":"11000 Dixie Hwy.","name":""},
  {"lat":30.084942,"lon":-97.822561,"city":"Buda","state":"TX","address":"550 County Rd. 117","name":""},
  {"lat":39.171269,"lon":-86.570907,"city":"Bloomington","state":"IN","address":"380 N. Jacob Dr.","name":""},
  {"lat":30.665079,"lon":-87.851166,"city":"Spanish Fort","state":"AL","address":"30227 Eastern Shore Ct.","name":""},
  {"lat":42.95093,"lon":-78.695904,"city":"Williamsville","state":"NY","address":"6643 Transit Rd.","name":""},
  {"lat":35.985948,"lon":-83.605178,"city":"Kodak","state":"TN","address":"154 Stadium Dr.","name":""},
  {"lat":36.057246,"lon":-79.896442,"city":"Greensboro","state":"NC","address":"4402 Landview Dr.","name":""},
  {"lat":39.932067,"lon":-82.790408,"city":"Pickerington","state":"OH","address":"1860 Winderly Ln.","name":""},
  {"lat":34.781365,"lon":-86.938076,"city":"Athens","state":"AL","address":"1212 Kelli Drive","name":""},
  {"lat":37.79516,"lon":-97.326931,"city":"Wichita","state":"KS","address":"995 E. 61st N.","name":""},
  {"lat":38.97547,"lon":-76.309169,"city":"Stevensville","state":"MD","address":"115 Blue Jay Ct","name":""},
  {"lat":42.116301,"lon":-72.067185,"city":"Sturbridge","state":"MA","address":"215 Charlton Rd.","name":""},
  {"lat":38.769043,"lon":-90.500314,"city":"St. Charles","state":"MO","address":"901 Veterans Memorial Pkwy.","name":""},
  {"lat":26.683605,"lon":-81.796899,"city":"Fort Myers","state":"FL","address":"4260 Boatways Rd.","name":""},
  {"lat":41.422526,"lon":-81.760671,"city":"Brooklyn","state":"OH","address":"5100 Tiedeman Rd","name":""},
  {"lat":36.082905,"lon":-86.762339,"city":"Nashville","state":"TN","address":"4323 Sidco Dr.","name":""},
  {"lat":36.231502,"lon":-84.160784,"city":"Rocky Top","state":"TN","address":"111 Colonial Ln.","name":""},
  {"lat":38.065461,"lon":-85.697693,"city":"Shepherdsville","state":"KY","address":"275 Brenton Way","name":""},
  {"lat":35.489948,"lon":-94.227932,"city":"Alma","state":"AR","address":"431 Hwy. 71 North","name":""},
  {"lat":40.482955,"lon":-89.025772,"city":"Bloomington","state":"IL","address":"502 Brock Dr.","name":""},
  {"lat":28.231545,"lon":-80.720489,"city":"Melbourne","state":"FL","address":"7225 George T. Edwards Dr.","name":""},
  {"lat":35.879845,"lon":-83.573206,"city":"Sevierville","state":"TN","address":"690 Winfield Dunn Pkwy","name":""},
  {"lat":32.299236,"lon":-80.944705,"city":"Okatie","state":"SC","address":"157 Okatie Center Blvd. N","name":""},
  {"lat":36.700986,"lon":-77.542909,"city":"Emporia","state":"VA","address":"103 Sadler Ln.","name":""},
  {"lat":35.912355,"lon":-86.822933,"city":"Franklin","state":"TN","address":"4210 Franklin Commons Ct.","name":""},
  {"lat":32.53111,"lon":-84.971106,"city":"Columbus","state":"GA","address":"1500 Bradley Park Dr.","name":""},
  {"lat":37.711143,"lon":-85.831106,"city":"Elizabethtown","state":"KY","address":"1047 Executive Dr.","name":""},
  {"lat":32.684144,"lon":-97.420065,"city":"Benbrook","state":"TX","address":"8010 SW Loop 820","name":""},
  {"lat":27.11118,"lon":-80.259728,"city":"Stuart","state":"FL","address":"7461 SW Lost River Rd.","name":""},
  {"lat":36.505205,"lon":-82.432702,"city":"Kingsport","state":"TN","address":"10132 Airport Pkwy.","name":""},
  {"lat":32.3413,"lon":-90.842014,"city":"Vicksburg","state":"MS","address":"4001 S. Frontage Rd.","name":""},
  {"lat":40.410282,"lon":-104.994062,"city":"Loveland","state":"CO","address":"5800 McWhinney Blvd.","name":""},
  {"lat":30.790533,"lon":-81.66169,"city":"Kingsland","state":"GA","address":"1200 Boone Ave.","name":""},
  {"lat":38.313487,"lon":-81.566932,"city":"Charleston","state":"WV","address":"5720 MacCorkle Ave SE","name":""},
  {"lat":36.059762,"lon":-96.004724,"city":"South Tulsa","state":"OK","address":"7128 S Olympia Ave","name":""},
  {"lat":40.185043,"lon":-80.225073,"city":"Washington","state":"PA","address":"1008 Trinity Circle","name":""},
  {"lat":30.213291,"lon":-93.326694,"city":"Sulphur","state":"LA","address":"1100 Pintail Rd.","name":""},
  {"lat":38.299092,"lon":-76.509124,"city":"California","state":"MD","address":"45315 Abell House Ln","name":""},
  {"lat":32.267042,"lon":-90.137615,"city":"Pearl","state":"MS","address":"410 Riverwind Dr.","name":""},
  {"lat":40.028441,"lon":-74.815031,"city":"Mount Holly","state":"NJ","address":"110 Hancock Ln.","name":""},
  {"lat":33.636854,"lon":-112.241242,"city":"Peoria","state":"AZ","address":"16845 N. 84th Ave.","name":""},
  {"lat":31.836905,"lon":-106.568075,"city":"El Paso","state":"TX","address":"7540 Remcon Circle","name":""},
  {"lat":30.331903,"lon":-81.551515,"city":"Jacksonville","state":"FL","address":"438 Commerce Ctr. Dr.","name":""},
  {"lat":37.956348,"lon":-84.540623,"city":"Nicholasville","state":"KY","address":"4089 Lexington Rd.","name":""},
  {"lat":30.190749,"lon":-81.701891,"city":"Orange Park","state":"FL","address":"4272 Eldridge Loop","name":""},
  {"lat":37.605978,"lon":-77.356404,"city":"Mechanicsville","state":"VA","address":"7367 Bell Creek Rd. South","name":""},
  {"lat":36.23965,"lon":-115.11077,"city":"N. Las Vegas","state":"NV","address":"2815 E. Craig Rd.","name":""},
  {"lat":37.044586,"lon":-94.480861,"city":"Joplin","state":"MO","address":"4010 Richard Joseph Rd.","name":""},
  {"lat":36.879828,"lon":-87.735537,"city":"Cadiz","state":"KY","address":"74 Hospitality Ln.","name":""},
  {"lat":42.680727,"lon":-84.433596,"city":"Okemos","state":"MI","address":"2285 Woodlake Dr.","name":""},
  {"lat":30.724233,"lon":-86.571104,"city":"Crestview","state":"FL","address":"201 Cracker Barrel Rd.","name":""},
  {"lat":35.764294,"lon":-78.006026,"city":"Wilson","state":"NC","address":"5006 Hayes Place West","name":""},
  {"lat":32.878271,"lon":-80.718756,"city":"Walterboro","state":"SC","address":"59 Cane Branch Rd.","name":""},
  {"lat":36.779243,"lon":-76.232206,"city":"Chesapeake","state":"VA","address":"1440 Greenbrier Pkwy.","name":""},
  {"lat":38.871777,"lon":-78.530324,"city":"Woodstock","state":"VA","address":"451 West Reservoir Rd","name":""},
  {"lat":39.870274,"lon":-75.320537,"city":"Ridley Park","state":"PA","address":"125 S. Stewart Ave.","name":""},
  {"lat":25.449413,"lon":-80.476061,"city":"Florida City","state":"FL","address":"155 N. Krome Ave.","name":""},
  {"lat":41.494003,"lon":-88.167786,"city":"Joliet","state":"IL","address":"1511 Riverboat Center","name":""},
  {"lat":32.675996,"lon":-97.150283,"city":"Arlington","state":"TX","address":"4300 South Bowen Rd.","name":""},
  {"lat":40.076851,"lon":-86.90594,"city":"Crawfordsville","state":"IN","address":"1005 Candle View Ln.","name":""},
  {"lat":39.943645,"lon":-81.999922,"city":"Zanesville","state":"OH","address":"225 Scenic Crest Dr.","name":""},
  {"lat":32.370377,"lon":-88.670715,"city":"Meridian","state":"MS","address":"118 Hwy 11 & 80","name":""},
  {"lat":31.855316,"lon":-86.636428,"city":"Greenville","state":"AL","address":"181 Interstate Dr.","name":""},
  {"lat":36.024572,"lon":-78.955348,"city":"Durham","state":"NC","address":"3703 Hillsborough Rd.","name":""},
  {"lat":40.021118,"lon":-75.670537,"city":"Downingtown","state":"PA","address":"1215 E. Lancaster Ave.","name":""},
  {"lat":42.886447,"lon":-85.781321,"city":"Grandville","state":"MI","address":"4340 Kenowa Ave.","name":""},
  {"lat":35.095426,"lon":-80.938658,"city":"Fort Mill","state":"SC","address":"295 Carowinds Blvd.","name":""},
  {"lat":40.902333,"lon":-74.633181,"city":"Mount Arlington","state":"NJ","address":"172 Howard Blvd.","name":""},
  {"lat":33.434663,"lon":-111.867758,"city":"Mesa","state":"AZ","address":"1007 N. Dobson Rd.","name":""},
  {"lat":38.404433,"lon":-78.906767,"city":"Harrisonburg","state":"VA","address":"121 Pleasant Valley Rd.","name":""},
  {"lat":38.409333,"lon":-81.795927,"city":"Cross Lanes","state":"WV","address":"11 Goff Xing","name":""},
  {"lat":32.487276,"lon":-82.937892,"city":"Dublin","state":"GA","address":"104 Travel Center Blvd.","name":""},
  {"lat":42.377235,"lon":-87.944126,"city":"Gurnee","state":"IL","address":"5706 Northridge Dr.","name":""},
  {"lat":33.511091,"lon":-81.712278,"city":"Aiken","state":"SC","address":"2352 Whiskey Rd.","name":""},
  {"lat":28.521054,"lon":-82.235876,"city":"Brooksville","state":"FL","address":"30405 Cracker Crossing","name":""},
  {"lat":29.255332,"lon":-81.116806,"city":"Ormond Beach","state":"FL","address":"125 Interchange Blvd.","name":""},
  {"lat":33.118619,"lon":-96.670391,"city":"Allen","state":"TX","address":"1323 Central Expressway N.","name":""},
  {"lat":38.825693,"lon":-94.518979,"city":"Belton","state":"MO","address":"6751 E. 163rd St.","name":""},
  {"lat":38.951241,"lon":-104.803005,"city":"Colorado Springs","state":"CO","address":"8355 Razorback Dr.","name":""},
  {"lat":34.964537,"lon":-90.001433,"city":"Horn Lake","state":"MS","address":"706 Desoto Cove","name":""},
  {"lat":32.466596,"lon":-95.387534,"city":"Tyler","state":"TX","address":"13821 US Hwy 69 N","name":""},
  {"lat":43.072857,"lon":-77.625931,"city":"Rochester","state":"NY","address":"2075 Hylan Dr.","name":""},
  {"lat":36.21813,"lon":-86.696738,"city":"Nashville","state":"TN","address":"2406 Music Valley Dr.","name":""},
  {"lat":35.918523,"lon":-84.092751,"city":"Knoxville","state":"TN","address":"9214 Park West Blvd.","name":""},
  {"lat":33.578949,"lon":-84.342661,"city":"Morrow","state":"GA","address":"1458 Southlake Plaza Dr.","name":""},
  {"lat":38.210513,"lon":-91.171111,"city":"Sullivan","state":"MO","address":"701 W. Springfield Rd","name":""},
  {"lat":26.515928,"lon":-80.078025,"city":"Boynton Beach","state":"FL","address":"1475 Southwest 8th St.","name":""},
  {"lat":34.187949,"lon":-93.072412,"city":"Arkadelphia","state":"AR","address":"173 Valley St.","name":""},
  {"lat":42.037038,"lon":-71.34834,"city":"Wrentham","state":"MA","address":"1048 South Street Suite 40","name":""},
  {"lat":41.086587,"lon":-111.986561,"city":"Layton","state":"UT","address":"1792 N. Heritage Park Blvd.","name":""},
  {"lat":30.521939,"lon":-87.316406,"city":"Pensacola","state":"FL","address":"8050 Lavelle Way","name":""},
  {"lat":39.934034,"lon":-76.685249,"city":"York","state":"PA","address":"236 Pauline Dr.","name":""},
  {"lat":30.189078,"lon":-85.652373,"city":"Panama City","state":"FL","address":"520 East 23rd St.","name":""},
  {"lat":38.220724,"lon":-84.539829,"city":"Georgetown","state":"KY","address":"1454 Cherry Blossom Way","name":""},
  {"lat":37.730425,"lon":-88.961509,"city":"Marion","state":"IL","address":"2602 West Main St.","name":""},
  {"lat":34.438928,"lon":-85.749467,"city":"Fort Payne","state":"AL","address":"201 Cracker Barrel Row SW","name":""},
  {"lat":31.245607,"lon":-85.429457,"city":"Dothan","state":"AL","address":"3431 Ross Clark Circle","name":""},
  {"lat":33.037652,"lon":-80.15327,"city":"Summerville","state":"SC","address":"1370 N Main St.","name":""},
  {"lat":34.931679,"lon":-88.545357,"city":"Corinth","state":"MS","address":"U.S. 45 & U.S. 72","name":""},
  {"lat":36.136527,"lon":-85.504128,"city":"Cookeville","state":"TN","address":"1295 S Walnut Ave.","name":""},
  {"lat":35.572016,"lon":-77.40042,"city":"Greenville","state":"NC","address":"710 SW Greenville Blvd.","name":""},
  {"lat":33.640691,"lon":-86.615398,"city":"Trussville","state":"AL","address":"4710 Norrell Dr.","name":""},
  {"lat":44.70039,"lon":-93.28831,"city":"Lakeville","state":"MN","address":"17189 Kenyon Ave.","name":""},
  {"lat":30.280994,"lon":-89.750541,"city":"Slidell","state":"LA","address":"790 E I 10 Service Rd.","name":""},
  {"lat":34.20628,"lon":-84.763789,"city":"Cartersville","state":"GA","address":"5631 Hwy 20 NE","name":""},
  {"lat":30.178153,"lon":-82.686271,"city":"Lake City","state":"FL","address":"240 Southwest Commerce Dr.","name":""},
  {"lat":29.519343,"lon":-98.484412,"city":"San Antonio","state":"TX","address":"98 NE Hwy.410","name":""},
  {"lat":32.879013,"lon":-111.688943,"city":"Casa Grande","state":"AZ","address":"2281 E Florence Blvd.","name":""},
  {"lat":38.256332,"lon":-90.400959,"city":"Herculaneum","state":"MO","address":"1193 Scenic Dr.","name":""},
  {"lat":32.813196,"lon":-83.721117,"city":"Macon","state":"GA","address":"5000 Eisenhower Pkwy.","name":""},
  {"lat":30.480473,"lon":-84.306577,"city":"Tallahassee","state":"FL","address":"2920 Hospitality Rd.","name":""},
  {"lat":34.576487,"lon":-112.364279,"city":"Prescott Valley","state":"AZ","address":"5707 E State Route 69","name":""},
  {"lat":39.376667,"lon":-77.40699,"city":"Frederick","state":"MD","address":"7408 Shockley Dr.","name":""},
  {"lat":33.680464,"lon":-97.157226,"city":"Gainesville","state":"TX","address":"4327 N I-35","name":""},
  {"lat":29.80862,"lon":-94.97946,"city":"Baytown","state":"TX","address":"5173 Interstate 10 E","name":""},
  {"lat":39.910758,"lon":-88.952571,"city":"Decatur","state":"IL","address":"5120 Hickory Point Frontage Rd.","name":""},
  {"lat":37.248918,"lon":-93.25907,"city":"Springfield","state":"MO","address":"2858 North Glenstone","name":""},
  {"lat":27.718592,"lon":-97.39433,"city":"Corpus Christi","state":"TX","address":"4229 South Padre Island Dr.","name":""},
  {"lat":37.797958,"lon":-81.219782,"city":"Beckley","state":"WV","address":"2112 Harper Rd.","name":""},
  {"lat":34.207992,"lon":-86.875584,"city":"Cullman","state":"AL","address":"6020 AL Highway 157","name":""},
  {"lat":35.462806,"lon":-80.587152,"city":"Concord","state":"NC","address":"1175 Copperfield Blvd.- NE","name":""},
  {"lat":36.067369,"lon":-79.296642,"city":"Mebane","state":"NC","address":"135 Spring Forrest Dr.","name":""},
  {"lat":36.656448,"lon":-76.23214,"city":"Chesapeake","state":"VA","address":"217 Hillcrest Pkwy","name":""},
  {"lat":32.112919,"lon":-81.235998,"city":"Pooler","state":"GA","address":"1000 Hwy. 80 E.","name":""},
  {"lat":26.190195,"lon":-97.720412,"city":"Harlingen","state":"TX","address":"110 Bass Pro Dr.","name":""},
  {"lat":29.545015,"lon":-95.747879,"city":"Rosenberg","state":"TX","address":"23801 SW Fwy.","name":""},
  {"lat":47.701343,"lon":-116.806583,"city":"Coeur d'Alene","state":"ID","address":"1675 W Lee Ct","name":""},
  {"lat":40.133449,"lon":-88.199509,"city":"Urbana","state":"IL","address":"2101 North Kenyon Rd.","name":""},
  {"lat":35.975,"lon":-77.844545,"city":"Rocky Mount","state":"NC","address":"238 Enterprise Dr.","name":""},
  {"lat":27.418864,"lon":-80.390308,"city":"Fort Pierce","state":"FL","address":"2550 Peters Rd.","name":""},
  {"lat":39.015675,"lon":-84.634382,"city":"Florence","state":"KY","address":"7399 Turfway Rd.","name":""},
  {"lat":39.529111,"lon":-119.828255,"city":"Reno","state":"NV","address":"935 West 5th Street","name":""},
  {"lat":39.928484,"lon":-86.026944,"city":"Fishers","state":"IN","address":"9700 N By Northeast Blvd.","name":""},
  {"lat":33.513644,"lon":-88.426871,"city":"Columbus","state":"MS","address":"592 18th Ave. N.","name":""},
  {"lat":35.808793,"lon":-80.871931,"city":"Statesville","state":"NC","address":"1043 Glenway Dr.","name":""},
  {"lat":28.331831,"lon":-81.499203,"city":"Kissimmee","state":"FL","address":"5400 W. Irlo Bronson Memorial","name":""},
  {"lat":35.509564,"lon":-78.31228,"city":"Smithfield","state":"NC","address":"1109 Outlet Center Dr.","name":""},
  {"lat":41.16511,"lon":-96.13586,"city":"Omaha","state":"NE","address":"9409 S 142nd St.","name":""},
  {"lat":28.342437,"lon":-81.600723,"city":"Kissimmee","state":"FL","address":"7878 W. Irlo Bronson Memorial","name":""},
  {"lat":36.71483,"lon":-78.118224,"city":"South Hill","state":"VA","address":"1400 Country Ln.","name":""},
  {"lat":33.555452,"lon":-80.823116,"city":"Orangeburg","state":"SC","address":"699 Citadel Rd","name":""},
  {"lat":41.236475,"lon":-75.857917,"city":"Wilkes Barre","state":"PA","address":"2320 Wilkes Barre Township Mar","name":""},
  {"lat":40.583499,"lon":-75.626855,"city":"Fogelsville","state":"PA","address":"7720 Main St. Suite 19","name":""},
  {"lat":36.070872,"lon":-89.398057,"city":"Dyersburg","state":"TN","address":"3055 Lake Rd.","name":""},
  {"lat":33.231192,"lon":-97.173132,"city":"Denton","state":"TX","address":"4008 N I-35","name":""},
  {"lat":27.017935,"lon":-82.049312,"city":"Port Charlotte","state":"FL","address":"800 Kings Hwy.","name":""},
  {"lat":28.238887,"lon":-82.354126,"city":"Wesley Chapel","state":"FL","address":"5636 Oakley Blvd.","name":""},
  {"lat":37.284125,"lon":-76.716787,"city":"Williamsburg","state":"VA","address":"200 Bypass Rd.","name":""},
  {"lat":28.814189,"lon":-81.335515,"city":"Sanford","state":"FL","address":"200 Hickman Dr.","name":""},
  {"lat":33.910389,"lon":-84.208817,"city":"Norcross","state":"GA","address":"6175 McDonough Dr.","name":""},
  {"lat":35.670767,"lon":-88.83459,"city":"Jackson","state":"TN","address":"188 Vann Dr.","name":""},
  {"lat":41.425841,"lon":-82.080929,"city":"Sheffield","state":"OH","address":"5205 Detroit Rd.","name":""},
  {"lat":37.32605,"lon":-87.47158,"city":"Madisonville","state":"KY","address":"1780 E. Center St.","name":""},
  {"lat":34.300371,"lon":-86.275635,"city":"Guntersville","state":"AL","address":"11635 US Hwy. 431","name":""},
  {"lat":36.818354,"lon":-76.438006,"city":"Chesapeake","state":"VA","address":"4700 PORTSMOUTH BLVD.","name":""},
  {"lat":35.138065,"lon":-80.717618,"city":"Matthews","state":"NC","address":"9330 E Independence Blvd.","name":""},
  {"lat":38.063196,"lon":-78.940271,"city":"Waynesboro","state":"VA","address":"101 Apple Tree Lane","name":""},
  {"lat":26.025382,"lon":-80.348377,"city":"Pembroke Pines","state":"FL","address":"1960 NW 150th Ave.","name":""},
  {"lat":38.962081,"lon":-78.18984,"city":"Front Royal","state":"VA","address":"15 Riverton Commons Plaza","name":""},
  {"lat":45.74723,"lon":-108.559094,"city":"Billings","state":"MT","address":"5620 South Frontage Rd.","name":""},
  {"lat":40.43569,"lon":-86.126436,"city":"Kokomo","state":"IN","address":"404 Kentucky Dr.","name":""},
  {"lat":33.793653,"lon":-87.242746,"city":"Jasper","state":"AL","address":"240 Carl Cannon Blvd.","name":""},
  {"lat":39.492097,"lon":-84.329119,"city":"Middletown","state":"OH","address":"3280 Towne Blvd.","name":""},
  {"lat":35.844945,"lon":-86.431146,"city":"Murfreesboro","state":"TN","address":"138 Chaffin Place","name":""},
  {"lat":33.382391,"lon":-111.719882,"city":"Gilbert","state":"AZ","address":"1799 N. Higley Rd.","name":""},
  {"lat":37.714173,"lon":-87.125065,"city":"Owensboro","state":"KY","address":"5311 Frederica St.","name":""},
  {"lat":35.562072,"lon":-82.636305,"city":"Asheville","state":"NC","address":"5 Crowell Rd.","name":""},
  {"lat":28.547394,"lon":-81.727041,"city":"Clermont","state":"FL","address":"1520 E. Hwy 50","name":""},
  {"lat":34.256668,"lon":-83.462313,"city":"Commerce","state":"GA","address":"138 Eisenhower Dr.","name":""},
  {"lat":28.466399,"lon":-81.308952,"city":"Orlando","state":"FL","address":"6699 S. Semoran Blvd","name":""},
  {"lat":28.243601,"lon":-81.655261,"city":"Davenport","state":"FL","address":"111 Dunson Ln.","name":""},
  {"lat":38.401891,"lon":-85.376414,"city":"Lagrange","state":"KY","address":"1414 East Crystal Dr.","name":""},
  {"lat":37.077312,"lon":-88.686739,"city":"Paducah","state":"KY","address":"5035 Hinkleville Rd.","name":""},
  {"lat":41.131725,"lon":-85.010051,"city":"Fort Wayne","state":"IN","address":"10427 E. Maysville Rd.","name":""},
  {"lat":35.595621,"lon":-97.434164,"city":"Edmond","state":"OK","address":"4901 N.E. 122nd S.","name":""},
  {"lat":35.365984,"lon":-80.712822,"city":"Concord","state":"NC","address":"7809 Lyles Ln.","name":""},
  {"lat":33.880696,"lon":-84.010835,"city":"Snellville","state":"GA","address":"1740 Scenic Hwy.","name":""},
  {"lat":32.488815,"lon":-86.411177,"city":"Prattville","state":"AL","address":"796 Business Park Dr.","name":""},
  {"lat":33.61274,"lon":-85.787251,"city":"Oxford","state":"AL","address":"220 Leon Smith Pkwy.","name":""},
  {"lat":39.71518,"lon":-89.641125,"city":"Springfield","state":"IL","address":"5975 S 6th Street Rd.","name":""},
  {"lat":32.617918,"lon":-96.824391,"city":"Desoto","state":"TX","address":"1421 N. Beckley Ave.","name":""},
  {"lat":39.294503,"lon":-84.312866,"city":"Cincinnati","state":"OH","address":"4902 Fields Ertel Rd.","name":""},
  {"lat":38.719275,"lon":-75.117595,"city":"Rehoboth Beach","state":"DE","address":"19550 Coastal Hwy.","name":""},
  {"lat":30.308588,"lon":-81.844763,"city":"Jacksonville","state":"FL","address":"502 Chaffee Point Rd.","name":""},
  {"lat":39.139397,"lon":-88.558872,"city":"Effingham","state":"IL","address":"1101 Ave. of Mid-America","name":""},
  {"lat":41.133355,"lon":-81.648952,"city":"Copley","state":"OH","address":"76 Rothrock Loop","name":""},
  {"lat":33.64783,"lon":-86.830939,"city":"Gardendale","state":"AL","address":"901 Fieldstown Rd.","name":""},
  {"lat":35.972506,"lon":-86.574101,"city":"Smyrna","state":"TN","address":"2697 Highwood Blvd.","name":""},
  {"lat":39.272912,"lon":-94.672567,"city":"Kansas City","state":"MO","address":"7920 NW Tiffany Springs Pkwy.","name":""},
  {"lat":37.299711,"lon":-89.577098,"city":"Cape Girardeau","state":"MO","address":"3261 Williams St.","name":""},
  {"lat":31.57778,"lon":-90.473018,"city":"Brookhaven","state":"MS","address":"1207 Hampton Dr.","name":""},
  {"lat":36.129078,"lon":-86.901397,"city":"Nashville","state":"TN","address":"6941 Charlotte Pike","name":""},
  {"lat":38.686559,"lon":-84.603018,"city":"Dry Ridge","state":"KY","address":"1131 Fashion Ridge Rd.","name":""},
  {"lat":35.382962,"lon":-96.92519,"city":"Shawnee","state":"OK","address":"27 W. Interstate Pkwy.","name":""},
  {"lat":37.770542,"lon":-84.313812,"city":"Richmond","state":"KY","address":"1797 Lexington Rd.","name":""},
  {"lat":35.084262,"lon":-85.070506,"city":"Ooltewah","state":"TN","address":"8852 Old Lee Hwy","name":""},
  {"lat":34.758129,"lon":-85.000888,"city":"Dalton","state":"GA","address":"938 Market St.","name":""},
  {"lat":39.773948,"lon":-94.794689,"city":"St. Joseph","state":"MO","address":"915 N. Woodbine Rd.","name":""},
  {"lat":31.073724,"lon":-97.660408,"city":"Harker Heights","state":"TX","address":"201 Central TX Expy.","name":""},
  {"lat":39.600857,"lon":-77.730767,"city":"Hagerstown","state":"MD","address":"18214 Col. Henry K. Douglas Dr.","name":""},
  {"lat":42.551982,"lon":-83.79467,"city":"Brighton","state":"MI","address":"7925 Conference Center Dr.","name":""},
  {"lat":36.432226,"lon":-77.63097,"city":"Roanoke Rapids","state":"NC","address":"1918 Julian Allsbrook Hwy.","name":""},
  {"lat":35.642159,"lon":-86.900497,"city":"Columbia","state":"TN","address":"1534 Bear Creek Pike","name":""},
  {"lat":31.456387,"lon":-97.174099,"city":"Hewitt","state":"TX","address":"221 Enterprise Blvd.","name":""},
  {"lat":36.032407,"lon":-80.386101,"city":"Clemmons","state":"NC","address":"6420 Sessions Court","name":""},
  {"lat":36.65032,"lon":-93.288329,"city":"Branson","state":"MO","address":"3765 West Hwy.76","name":""},
  {"lat":34.316636,"lon":-88.697314,"city":"Saltillo","state":"MS","address":"1270 Cross Creek Dr.","name":""},
  {"lat":30.842036,"lon":-83.323365,"city":"Valdosta","state":"GA","address":"1195 St. Augustine Rd.","name":""},
  {"lat":38.415106,"lon":-82.256378,"city":"Barboursville","state":"WV","address":"3 Cracker Barrel Dr.","name":""},
  {"lat":34.44844,"lon":-86.899048,"city":"Hartselle","state":"AL","address":"1909 Uncle Herschel Way S.E.","name":""},
  {"lat":33.774572,"lon":-84.60584,"city":"Lithia Springs","state":"GA","address":"970 W. Pointe Ct.","name":""},
  {"lat":37.414038,"lon":-77.642565,"city":"Midlothian","state":"VA","address":"4720 Craig Rath Blvd.","name":""},
  {"lat":35.082377,"lon":-81.708504,"city":"Gaffney","state":"SC","address":"8 Factory Shops Blvd.","name":""},
  {"lat":36.716133,"lon":-81.934982,"city":"Abingdon","state":"VA","address":"909 Empire Dr.","name":""},
  {"lat":31.448941,"lon":-83.528925,"city":"Tifton","state":"GA","address":"708 US Hwy. 319 S.","name":""},
  {"lat":40.879248,"lon":-96.681233,"city":"Lincoln","state":"NE","address":"6700 North 27th St.","name":""},
  {"lat":34.671013,"lon":-86.753901,"city":"Madison","state":"AL","address":"120 Cleghorn Blvd.","name":""},
  {"lat":42.873706,"lon":-71.339293,"city":"Londonderry","state":"NH","address":"16 Nashua Rd","name":""},
  {"lat":36.037943,"lon":-115.181829,"city":"Las Vegas","state":"NV","address":"8350 Dean Martin Dr.","name":""},
  {"lat":38.574187,"lon":-89.926884,"city":"Shiloh","state":"IL","address":"3160 Green Mount Crossing Dr.","name":""},
  {"lat":35.117941,"lon":-106.702366,"city":"Albuquerque","state":"NM","address":"5700 Redlands Rd. NW","name":""},
  {"lat":36.377997,"lon":-86.470911,"city":"Gallatin","state":"TN","address":"1005 Village Green Crossing","name":""},
  {"lat":32.289805,"lon":-106.788131,"city":"Las Cruces","state":"NM","address":"1490 Hickory Dr.","name":""},
  {"lat":34.032714,"lon":-84.575074,"city":"Kennesaw","state":"GA","address":"3389 Busbee Dr. NW","name":""},
  {"lat":36.021745,"lon":-87.336937,"city":"Dickson","state":"TN","address":"115 Gumbranch Rd.","name":""},
  {"lat":36.66645,"lon":-86.557659,"city":"Franklin","state":"KY","address":"155 Steele Rd.","name":""},
  {"lat":42.572046,"lon":-87.954386,"city":"Kenosha","state":"WI","address":"7015 122nd Ave.","name":""},
  {"lat":33.537863,"lon":-84.577653,"city":"Fairburn","state":"GA","address":"7995 Senoia Rd.","name":""},
  {"lat":38.804602,"lon":-77.519752,"city":"Manassas","state":"VA","address":"10801 Battleview Pkwy.","name":""},
  {"lat":40.15164,"lon":-84.225201,"city":"Piqua","state":"OH","address":"980 E. Ash St.","name":""},
  {"lat":38.189096,"lon":-85.210855,"city":"Shelbyville","state":"KY","address":"1565 Mt. Eden Rd.","name":""},
  {"lat":40.100631,"lon":-75.295344,"city":"Plymouth Meeting","state":"PA","address":"2095 Gallagher Rd.","name":""},
  {"lat":44.718864,"lon":-85.648786,"city":"Traverse City","state":"MI","address":"3620 North Country Dr.","name":""},
  {"lat":41.554252,"lon":-87.794662,"city":"Tinley Park","state":"IL","address":"18531 North Creek Dr.","name":""},
  {"lat":31.959026,"lon":-83.753237,"city":"Cordele","state":"GA","address":"1905 Central Ave.","name":""},
  {"lat":33.483322,"lon":-80.473541,"city":"Santee","state":"SC","address":"250 Britain St.","name":""},
  {"lat":36.614289,"lon":-83.701796,"city":"Middlesboro","state":"KY","address":"1049 N.12th St.","name":""},
  {"lat":39.241393,"lon":-94.459781,"city":"Kansas City","state":"MO","address":"8225 North Church Rd.","name":""},
  {"lat":33.036214,"lon":-97.001424,"city":"Lewisville","state":"TX","address":"889 South Stemmons","name":""},
  {"lat":43.064276,"lon":-83.763982,"city":"Flint","state":"MI","address":"4140 Pier North Blvd.","name":""},
  {"lat":40.881732,"lon":-81.433135,"city":"North Canton","state":"OH","address":"6940 Sunset Strip Ave. N.W.","name":""},
  {"lat":31.836905,"lon":-106.568075,"city":"El Paso","state":"TX","address":"13381 Gateway West","name":""},
  {"lat":42.521698,"lon":-82.90788,"city":"Roseville","state":"MI","address":"30750 Little Mack Rd.","name":""},
  {"lat":37.567876,"lon":-84.310126,"city":"Berea","state":"KY","address":"101 McKinney Dr.","name":""},
  {"lat":30.436851,"lon":-89.093722,"city":"Gulfport","state":"MS","address":"15255 Crossroads Pkwy.","name":""},
  {"lat":41.231327,"lon":-95.84918,"city":"Council Bluffs","state":"IA","address":"530 30th Ave.","name":""},
  {"lat":40.693061,"lon":-82.510567,"city":"Mansfield","state":"OH","address":"100 Stander Ave.","name":""},
  {"lat":40.160175,"lon":-111.650282,"city":"Springville","state":"UT","address":"460 South 2000 West","name":""},
  {"lat":33.040904,"lon":-84.972733,"city":"LaGrange","state":"GA","address":"105 Hoffman Dr.","name":""},
  {"lat":38.078976,"lon":-83.950983,"city":"Mount Sterling","state":"KY","address":"110 Stone Trace Dr.","name":""},
  {"lat":41.059161,"lon":-83.670165,"city":"Findlay","state":"OH","address":"1031 Interstate Ct.","name":""},
  {"lat":34.185792,"lon":-84.139434,"city":"Cumming","state":"GA","address":"675 Buford Hwy.","name":""},
  {"lat":33.948564,"lon":-98.52563,"city":"Wichita Falls","state":"TX","address":"2400 Sierra Dr","name":""},
  {"lat":29.545098,"lon":-98.581416,"city":"San Antonio","state":"TX","address":"11030 I H 10 W.","name":""},
  {"lat":34.710978,"lon":-82.248101,"city":"Simpsonville","state":"SC","address":"3954 Grandview Dr.","name":""},
  {"lat":34.911646,"lon":-85.129014,"city":"Ringgold","state":"GA","address":"50 Biscuit Way","name":""},
  {"lat":43.349875,"lon":-83.866628,"city":"Bridgeport","state":"MI","address":"6450 Dixie Hwy.","name":""},
  {"lat":29.980484,"lon":-95.423657,"city":"Houston","state":"TX","address":"14765 N. Freeway","name":""},
  {"lat":33.796611,"lon":-78.743568,"city":"North Myrtle Beach","state":"SC","address":"4835 Hwy 17 S.","name":""},
  {"lat":35.999226,"lon":-85.044536,"city":"Crossville","state":"TN","address":"23 Executive Dr.","name":""},
  {"lat":27.638483,"lon":-80.519404,"city":"Vero Beach","state":"FL","address":"9380 19th Ln.","name":""},
  {"lat":36.068953,"lon":-79.495434,"city":"Burlington","state":"NC","address":"850 Huffman Mill Rd.","name":""},
  {"lat":42.131334,"lon":-75.904958,"city":"Binghamton","state":"NY","address":"876 Front St.","name":""},
  {"lat":40.000516,"lon":-81.576137,"city":"Cambridge","state":"OH","address":"2329 Southgate Pkwy.","name":""},
  {"lat":35.225622,"lon":-114.035328,"city":"Kingman","state":"AZ","address":"3520 Stockton Hill Rd.","name":""},
  {"lat":41.80214,"lon":-88.208758,"city":"Naperville","state":"IL","address":"1855 West Diehl Rd.","name":""},
  {"lat":34.134433,"lon":-117.391667,"city":"Rialto","state":"CA","address":"1080 W. Renaissance Pkwy.","name":""},
  {"lat":33.556843,"lon":-83.476399,"city":"Madison","state":"GA","address":"2003 Eatonton Rd","name":""},
  {"lat":34.704721,"lon":-86.589158,"city":"Huntsville","state":"AL","address":"2001 Drake Ave. SW","name":""},
  {"lat":39.801574,"lon":-86.012222,"city":"Indianapolis","state":"IN","address":"2340 Post Dr.","name":""},
  {"lat":39.483661,"lon":-88.332054,"city":"Mattoon","state":"IL","address":"1101 Charleston Ave. E.","name":""},
  {"lat":38.716472,"lon":-90.701996,"city":"O'Fallon","state":"MO","address":"120 Progress Point Ct","name":""},
  {"lat":31.193969,"lon":-82.318778,"city":"Waycross","state":"GA","address":"2501 Memorial Dr.","name":""},
  {"lat":34.140495,"lon":-83.952168,"city":"Buford","state":"GA","address":"4758 Lanier Islands Pkwy.","name":""},
  {"lat":33.144134,"lon":-86.750044,"city":"Calera","state":"AL","address":"199 Supercenter Dr.","name":""},
  {"lat":28.665885,"lon":-81.389387,"city":"Altamonte Springs","state":"FL","address":"285 Douglas Ave.","name":""},
  {"lat":30.24916,"lon":-92.037384,"city":"Lafayette","state":"LA","address":"116 Alcide Dominique Dr.","name":""},
  {"lat":40.194929,"lon":-76.976952,"city":"Mechanicsburg","state":"PA","address":"395 Cumberland Pkwy","name":""},
  {"lat":30.067249,"lon":-95.246506,"city":"Kingwood","state":"TX","address":"24400 Eastex Freeway","name":""},
  {"lat":36.978229,"lon":-84.112753,"city":"Corbin","state":"KY","address":"84 Adams Rd.","name":""},
  {"lat":30.479134,"lon":-81.642231,"city":"Jacksonville","state":"FL","address":"13250 City Station Dr.","name":""},
  {"lat":36.291158,"lon":-95.835095,"city":"Owasso","state":"OK","address":"9475 N. Owasso Expressway","name":""},
  {"lat":33.306061,"lon":-111.974932,"city":"Chandler","state":"AZ","address":"5022 E. Chandler Blvd.","name":""},
  {"lat":35.303312,"lon":-93.133467,"city":"Russellville","state":"AR","address":"211 East Harrell Dr.","name":""},
  {"lat":40.266158,"lon":-82.935618,"city":"Sunbury","state":"OH","address":"60 Fourwinds Dr.","name":""},
  {"lat":42.642227,"lon":-71.235402,"city":"Tewksbury","state":"MA","address":"1795 Andover St.","name":""},
  {"lat":33.687478,"lon":-85.154013,"city":"Bremen","state":"GA","address":"106 Price Creek Rd","name":""},
  {"lat":36.139909,"lon":-83.277108,"city":"Morristown","state":"TN","address":"133 Cracker Rd.","name":""},
  {"lat":33.545217,"lon":-101.957593,"city":"Lubbock","state":"TX","address":"5018 Milwaukee Ave","name":""},
  {"lat":38.963122,"lon":-92.288357,"city":"Columbia","state":"MO","address":"3304 Clark Ln.","name":""},
  {"lat":43.612664,"lon":-116.59483,"city":"Nampa","state":"ID","address":"16853 N. Marketplace Blvd.","name":""},
  {"lat":35.296619,"lon":-78.598286,"city":"Dunn","state":"NC","address":"1102 E. Cumberland Rd","name":""},
  {"lat":34.621465,"lon":-92.499748,"city":"Bryant","state":"AR","address":"218 W Commerce St.","name":""},
  {"lat":42.861716,"lon":-73.769717,"city":"Clifton Park","state":"NY","address":"4 Tower Way","name":""},
  {"lat":38.190618,"lon":-83.476816,"city":"Morehead","state":"KY","address":"1698 Flemingsburg Rd","name":""},
  {"lat":32.359897,"lon":-111.092657,"city":"Tucson","state":"AZ","address":"8400 N Cracker Barrel Rd","name":""},
  {"lat":36.46674,"lon":-86.679913,"city":"White House","state":"TN","address":"370 Hester Dr.","name":""},
  {"lat":30.213486,"lon":-90.951533,"city":"Gonzales","state":"LA","address":"2313 South Tanger Blvd.","name":""},
  {"lat":37.138909,"lon":-80.353641,"city":"Christiansburg","state":"VA","address":"30 Hampton Blvd.","name":""},
  {"lat":34.938798,"lon":-80.970054,"city":"Rock Hill","state":"SC","address":"2140 Manna Ct.","name":""},
  {"lat":34.08811,"lon":-84.264464,"city":"Alpharetta","state":"GA","address":"5580 Windward Pkwy.","name":""},
  {"lat":35.009572,"lon":-78.821673,"city":"Fayetteville","state":"NC","address":"1625 Jim Johnson Rd","name":""},
  {"lat":35.369061,"lon":-119.041038,"city":"Bakersfield","state":"CA","address":"3310 California Ave","name":""},
  {"lat":37.005243,"lon":-88.325259,"city":"Calvert City","state":"KY","address":"314 Kennedy Ave.","name":""},
  {"lat":33.607502,"lon":-86.276601,"city":"Pell City","state":"AL","address":"260 Vaughan Ln.","name":""},
  {"lat":35.269183,"lon":-81.147399,"city":"Gastonia","state":"NC","address":"1821 Remount Rd.","name":""},
  {"lat":35.782778,"lon":-80.258703,"city":"Lexington","state":"NC","address":"12 Plaza Pkwy.","name":""},
  {"lat":27.461594,"lon":-82.583851,"city":"Bradenton","state":"FL","address":"2203 Cortez Rd. W.","name":""},
  {"lat":39.637526,"lon":-78.830345,"city":"LaVale","state":"MD","address":"13 Campground Rd.","name":""},
  {"lat":39.022753,"lon":-96.815577,"city":"Junction City","state":"KS","address":"115 N East St","name":""},
  {"lat":41.571765,"lon":-87.462912,"city":"Hammond","state":"IN","address":"7750 Corinne Dr.","name":""},
  {"lat":33.921863,"lon":-84.491532,"city":"Marietta","state":"GA","address":"2150 Delk Rd.","name":""},
  {"lat":32.770199,"lon":-97.063874,"city":"Arlington","state":"TX","address":"1251 North Watson Rd.","name":""},
  {"lat":30.50276,"lon":-90.502207,"city":"Hammond","state":"LA","address":"201 Westin Oaks Dr.","name":""},
  {"lat":39.851262,"lon":-84.192838,"city":"Dayton","state":"OH","address":"7171 Miller Ln.","name":""},
  {"lat":36.482986,"lon":-80.614392,"city":"Mount Airy","state":"NC","address":"1948 Rockford St.","name":""},
  {"lat":36.239917,"lon":-80.815373,"city":"Jonesville","state":"NC","address":"1717 Nc Highway 67","name":""},
  {"lat":42.267742,"lon":-84.45439,"city":"Jackson","state":"MI","address":"2494 Airport Rd.","name":""},
  {"lat":26.546235,"lon":-81.790903,"city":"Fort Myers","state":"FL","address":"10090 Daniels Parkway","name":""},
  {"lat":35.89726,"lon":-84.174609,"city":"Knoxville","state":"TN","address":"716 N Campbell Station Rd.","name":""},
  {"lat":36.374526,"lon":-82.425971,"city":"Johnson City","state":"TN","address":"2692 Boones Creek Rd.","name":""},
  {"lat":34.559215,"lon":-86.991615,"city":"Decatur","state":"AL","address":"407 Beltline Rd. SW","name":""},
  {"lat":35.458123,"lon":-97.59592,"city":"Oklahoma City","state":"OK","address":"700 Cornell Pkwy.","name":""},
  {"lat":28.081178,"lon":-82.42504,"city":"Tampa","state":"FL","address":"3125 Cove Bend Dr.","name":""},
  {"lat":29.553714,"lon":-81.213424,"city":"Palm Coast","state":"FL","address":"4 Kingswood Dr.","name":""},
  {"lat":32.8353,"lon":-96.633869,"city":"Mesquite","state":"TX","address":"5304 North Galloway Ave.","name":""},
  {"lat":38.581484,"lon":-77.324097,"city":"Dumfries","state":"VA","address":"17115 Dumfries Rd.","name":""},
  {"lat":32.899863,"lon":-96.458425,"city":"Rockwall","state":"TX","address":"845 East Interstate 30","name":""},
  {"lat":35.036153,"lon":-89.796962,"city":"Memphis","state":"TN","address":"8000 Lowrance Rd.","name":""},
  {"lat":36.169597,"lon":-86.514537,"city":"Mount Juliet","state":"TN","address":"350 S. Mt. Juliet Rd.","name":""},
  {"lat":42.03263,"lon":-86.516589,"city":"Stevensville","state":"MI","address":"2525 West Marquette Woods Rd.","name":""},
  {"lat":29.743852,"lon":-98.061148,"city":"San Marcos","state":"TX","address":"4321 IH 35 S","name":""},
  {"lat":36.602401,"lon":-87.281191,"city":"Clarksville","state":"TN","address":"200 Cracker Barrel Dr","name":""},
  {"lat":40.699063,"lon":-111.950293,"city":"West Valley","state":"UT","address":"2283 West City Center Court","name":""},
  {"lat":30.680926,"lon":-83.225463,"city":"Lake Park","state":"GA","address":"4914 Timber Dr.","name":""},
  {"lat":32.478466,"lon":-99.699103,"city":"Abilene","state":"TX","address":"1602 Hwy 351","name":""},
  {"lat":34.311187,"lon":-89.922513,"city":"Batesville","state":"MS","address":"225 Lakewood Dr.","name":""},
  {"lat":34.785233,"lon":-77.399278,"city":"Jacksonville","state":"NC","address":"1260 Western Blvd.","name":""},
  {"lat":32.618872,"lon":-83.669874,"city":"Warner Robins","state":"GA","address":"2700 Watson Blvd.","name":""},
  {"lat":37.798609,"lon":-85.432381,"city":"Bardstown","state":"KY","address":"10 Old Filiatreau Ln.","name":""},
  {"lat":41.601016,"lon":-93.780259,"city":"Clive","state":"IA","address":"11701 University Ave.","name":""},
  {"lat":32.366686,"lon":-86.140554,"city":"Montgomery","state":"AL","address":"9191 Boyd-Cooper Pkwy.","name":""},
  {"lat":43.987587,"lon":-75.943194,"city":"Watertown","state":"NY","address":"1289 Coffeen St.","name":""},
  {"lat":32.933472,"lon":-80.048471,"city":"North Charleston","state":"SC","address":"7351 Mazyck Rd.","name":""},
  {"lat":35.607772,"lon":-78.561593,"city":"Garner","state":"NC","address":"5199 NC Highway 42 W.","name":""},
  {"lat":35.814881,"lon":-83.576872,"city":"Pigeon Forge","state":"TN","address":"2285 Parkway","name":""},
  {"lat":42.991996,"lon":-82.454712,"city":"Port Huron","state":"MI","address":"2303 Water St.","name":""},
  {"lat":36.201046,"lon":-81.660439,"city":"Boone","state":"NC","address":"1601 Blowing Rock Rd.","name":""},
  {"lat":33.705474,"lon":-78.921885,"city":"Myrtle Beach","state":"SC","address":"1208 N. Retail Court","name":""},
  {"lat":42.274617,"lon":-88.96106,"city":"Rockford","state":"IL","address":"730 North Lyford Rd.","name":""},
  {"lat":41.593153,"lon":-90.568414,"city":"Davenport","state":"IA","address":"300 Jason Way Ct.","name":""},
  {"lat":30.38839,"lon":-86.424979,"city":"Destin","state":"FL","address":"34930 Emerald Coast Pkwy","name":""},
  {"lat":40.726905,"lon":-84.07393,"city":"Lima","state":"OH","address":"1930 Roschman Dr.","name":""},
  {"lat":39.482213,"lon":-76.251306,"city":"Bel Air","state":"MD","address":"1440 Handlir Dr.","name":""},
  {"lat":41.366086,"lon":-85.083932,"city":"Auburn","state":"IN","address":"1410 Shook Dr.","name":""},
  {"lat":38.959877,"lon":-85.846104,"city":"Seymour","state":"IN","address":"211 N Sandy Creek Dr.","name":""},
  {"lat":28.237057,"lon":-82.728578,"city":"New Port Richey","state":"FL","address":"5341 US Highway 19","name":""},
  {"lat":35.814403,"lon":-86.394286,"city":"Murfreesboro","state":"TN","address":"2115 South Church","name":""},
  {"lat":38.222113,"lon":-85.539561,"city":"Jeffersontown","state":"KY","address":"1401 Kentucky Mills Dr.","name":""},
  {"lat":29.182874,"lon":-81.077622,"city":"Daytona Beach","state":"FL","address":"2325 W. International Speedway","name":""},
  {"lat":38.394682,"lon":-85.759735,"city":"Sellersburg","state":"IN","address":"350 Triangle Rd.","name":""},
  {"lat":36.177349,"lon":-94.186778,"city":"Springdale","state":"AR","address":"1022 South 48th St.","name":""},
  {"lat":28.097889,"lon":-81.952923,"city":"Lakeland","state":"FL","address":"4343 Lakeland Park Dr.","name":""},
  {"lat":43.195074,"lon":-88.127396,"city":"Germantown","state":"WI","address":"W176n9778 Rivercrest Dr.","name":""},
  {"lat":29.979079,"lon":-95.716983,"city":"Cypress","state":"TX","address":"US 290 & Mueschke Rd.","name":""},
  {"lat":33.655191,"lon":-84.006579,"city":"Conyers","state":"GA","address":"1182 Dogwood Dr SE","name":""},
  {"lat":31.218067,"lon":-81.523222,"city":"Brunswick","state":"GA","address":"I-95 & U.S. 341","name":""},
  {"lat":39.913069,"lon":-104.991551,"city":"Northglenn","state":"CO","address":"350 W. 120th Ave.","name":""},
  {"lat":35.083268,"lon":-78.9545,"city":"Fayetteville","state":"NC","address":"1470 Skibo Rd.","name":""},
  {"lat":38.144384,"lon":-85.58364,"city":"Louisville","state":"KY","address":"10150 Brookridge Village Blvd.","name":""},
  {"lat":36.322214,"lon":-78.451482,"city":"Henderson","state":"NC","address":"1002 Ruin Creek Rd.","name":""},
  {"lat":33.441447,"lon":-112.556963,"city":"Buckeye","state":"AZ","address":"606 S. Watson Rd.","name":""},
  {"lat":40.15908,"lon":-89.413726,"city":"Lincoln","state":"IL","address":"1013 Heitmann Dr.","name":""},
  {"lat":41.52957,"lon":-73.892206,"city":"Fishkill","state":"NY","address":"4 Merritt Blvd.","name":""},
  {"lat":39.876117,"lon":-83.052456,"city":"Grove City","state":"OH","address":"4210 Marlane Dr.","name":""},
  {"lat":39.947351,"lon":-86.351854,"city":"Whitestown","state":"IN","address":"6398 Crane Dr.","name":""},
  {"lat":40.069863,"lon":-80.8626,"city":"St. Clairsville","state":"OH","address":"67781 Mall Rd.","name":""},
  {"lat":35.16114,"lon":-79.41949,"city":"Southern Pines","state":"NC","address":"10975 US Hwy. 15-501","name":""},
  {"lat":38.79952,"lon":-121.208536,"city":"Rocklin","state":"CA","address":"4630 Sierra College Blvd.","name":""},
  {"lat":28.520735,"lon":-81.587788,"city":"Winter Garden","state":"FL","address":"3316 Daniels Rd.","name":""},
  {"lat":35.159107,"lon":-106.5858,"city":"Albuquerque","state":"NM","address":"5200 San Antonio Dr.","name":""},
  {"lat":38.541947,"lon":-90.465791,"city":"Fenton","state":"MO","address":"1050 South Hwy. Dr.","name":""},
  {"lat":28.826325,"lon":-81.800508,"city":"Leesburg","state":"FL","address":"9450 Hwy 441","name":""},
  {"lat":37.639347,"lon":-77.570492,"city":"Richmond","state":"VA","address":"3620 Mayland Court","name":""},
  {"lat":34.461975,"lon":-117.353895,"city":"Victorville","state":"CA","address":"11612 Amargosa Rd.","name":""},
  {"lat":37.392364,"lon":-79.90086,"city":"Troutville","state":"VA","address":"3153 Lee Hwy.","name":""},
  {"lat":39.043695,"lon":-94.388758,"city":"Independence","state":"MO","address":"4110 S. Lee's Summit","name":""},
  {"lat":39.907822,"lon":-77.648914,"city":"Chambersburg","state":"PA","address":"1162 Wayne Ave","name":""},
  {"lat":33.459622,"lon":-112.357294,"city":"Goodyear","state":"AZ","address":"1209 N Litchfield Rd.","name":""},
  {"lat":40.684378,"lon":-80.086387,"city":"Cranberry Township","state":"PA","address":"1740 Route 228","name":""},
  {"lat":30.80636,"lon":-88.105072,"city":"Saraland","state":"AL","address":"88 Shell St.","name":""},
  {"lat":35.446758,"lon":-79.130731,"city":"Sanford","state":"NC","address":"3212 NC 87 HWY SOUTH","name":""},
  {"lat":35.468224,"lon":-84.650078,"city":"Athens","state":"TN","address":"110 Burkett L. Witt Blvd.","name":""},
  {"lat":29.915162,"lon":-81.41301,"city":"St. Augustine","state":"FL","address":"2441 State Rd. 16","name":""},
  {"lat":30.426212,"lon":-91.07358,"city":"Baton Rouge","state":"LA","address":"10250 Plaza Americana Dr.","name":""},
  {"lat":35.528608,"lon":-108.764041,"city":"Gallup","state":"NM","address":"1480 West Maloney","name":""},
  {"lat":29.583479,"lon":-95.387534,"city":"Pearland","state":"TX","address":"11019 Shadow Creek Pkwy.","name":""},
  {"lat":43.52509,"lon":-96.775959,"city":"Sioux Falls","state":"SD","address":"2409 S.Shirley Ave.","name":""},
  {"lat":39.919461,"lon":-74.947455,"city":"Mount Laurel","state":"NJ","address":"1240 Route 73","name":""},
  {"lat":34.253965,"lon":-84.469725,"city":"Canton","state":"GA","address":"715 Transit Ave.","name":""},
  {"lat":37.974914,"lon":-87.453595,"city":"Evansville","state":"IN","address":"8215 Eagel Lake Dr.","name":""},
  {"lat":39.431888,"lon":-87.410796,"city":"Terre Haute","state":"IN","address":"429 E Margaret Dr.","name":""},
  {"lat":39.775186,"lon":-104.879662,"city":"Denver","state":"CO","address":"9111 E. 40th Ave, Bldg 10","name":""},
  {"lat":30.444288,"lon":-90.128397,"city":"Covington","state":"LA","address":"8001 Pinnacle Pkwy.","name":""},
  {"lat":35.228495,"lon":-97.486773,"city":"Norman","state":"OK","address":"800 North Interstate Dr.","name":""},
  {"lat":32.645401,"lon":-85.352987,"city":"Opelika","state":"AL","address":"1051 Fox Run Ave.","name":""},
  {"lat":41.932156,"lon":-72.606293,"city":"East Windsor","state":"CT","address":"145 Prospect Hill Rd.","name":""},
  {"lat":34.378456,"lon":-84.909209,"city":"Adairsville","state":"GA","address":"941 Hwy. 140","name":""},
  {"lat":41.238606,"lon":-73.019978,"city":"Milford","state":"CT","address":"30 Research Dr.","name":""},
  {"lat":38.608685,"lon":-76.927319,"city":"Waldorf","state":"MD","address":"3742 Crain Hwy.","name":""},
  {"lat":27.821773,"lon":-82.662655,"city":"St. Petersburg","state":"FL","address":"2151 54th Ave. N.","name":""},
  {"lat":32.428592,"lon":-81.757594,"city":"Statesboro","state":"GA","address":"216 Henry Blvd.","name":""},
  {"lat":39.636901,"lon":-75.80432,"city":"Elkton","state":"MD","address":"300 Belle Hill Rd.","name":""},
  {"lat":35.501771,"lon":-86.088278,"city":"Manchester","state":"TN","address":"103 Paradise St.","name":""},
  {"lat":34.499412,"lon":-89.031713,"city":"New Albany","state":"MS","address":"319 Coulter Cove","name":""},
  {"lat":41.108439,"lon":-81.243364,"city":"Rootstown","state":"OH","address":"4367 SR 44","name":""},
  {"lat":42.261396,"lon":-85.202923,"city":"Battle Creek","state":"MI","address":"4765 Beckley Rd.","name":""},
  {"lat":33.480646,"lon":-82.132499,"city":"Grovetown","state":"GA","address":"460 Parkwest Dr.","name":""},
  {"lat":39.654645,"lon":-80.006674,"city":"Morgantown","state":"WV","address":"345 Lewis Dr.","name":""},
  {"lat":38.979954,"lon":-77.43277,"city":"Sterling","state":"VA","address":"23030 Indian Creek Dr.","name":""},
  {"lat":39.819068,"lon":-85.768893,"city":"Greenfield","state":"IN","address":"2265 N State St.","name":""},
  {"lat":37.757898,"lon":-77.460052,"city":"Ashland","state":"VA","address":"106 S Carter Rd.","name":""},
  {"lat":33.336807,"lon":-86.782358,"city":"Pelham","state":"AL","address":"655 Cahaba Valley Rd.","name":""},
  {"lat":32.96713,"lon":-97.035856,"city":"Grapevine","state":"TX","address":"2700 Grapevine Mills Pkwy","name":""},
  {"lat":35.239788,"lon":-80.918138,"city":"Charlotte","state":"NC","address":"3203 Queen City Dr.","name":""},
  {"lat":36.324081,"lon":-86.702781,"city":"Goodlettsville","state":"TN","address":"235 Long Hollow Pike","name":""},
  {"lat":41.131864,"lon":-85.161043,"city":"Fort Wayne","state":"IN","address":"1609 W. Washington Ctr. Rd.","name":""},
  {"lat":34.910315,"lon":-82.102793,"city":"Duncan","state":"SC","address":"1525 E Main St.","name":""},
  {"lat":35.808813,"lon":-90.674266,"city":"Jonesboro","state":"AR","address":"2621 Phillips Dr.","name":""},
  {"lat":34.574763,"lon":-82.708326,"city":"Anderson","state":"SC","address":"126 Interstate Blvd.","name":""},
  {"lat":36.190285,"lon":-86.294364,"city":"Lebanon","state":"TN","address":"635 South Cumberland","name":""},
  {"lat":34.028299,"lon":-84.048269,"city":"Suwanee","state":"GA","address":"75 Celebration Dr.","name":""},
  {"lat":30.037843,"lon":-94.154536,"city":"Beaumont","state":"TX","address":"5390 Walden Rd","name":""},
  {"lat":35.222032,"lon":-89.740717,"city":"Lakeland","state":"TN","address":"9649 East Davies Plantation Rd.","name":""},
  {"lat":36.009204,"lon":-83.968737,"city":"Knoxville","state":"TN","address":"5001 Central Ave. Pike","name":""},
  {"lat":36.630175,"lon":-82.118613,"city":"Bristol","state":"VA","address":"125 Village Cir.","name":""},
  {"lat":33.439034,"lon":-86.728338,"city":"Birmingham","state":"AL","address":"3415 Colonnade Pkwy.","name":""},
  {"lat":41.242742,"lon":-76.833556,"city":"Muncy","state":"PA","address":"260 S Lycoming Mall Rd","name":""},
  {"lat":34.10059,"lon":-80.95897,"city":"Columbia","state":"SC","address":"2300 LeGrand Rd.","name":""},
  {"lat":30.685872,"lon":-88.125705,"city":"Mobile","state":"AL","address":"43 E I65 Service Rd. S","name":""},
  {"lat":35.192361,"lon":-84.883053,"city":"Cleveland","state":"TN","address":"1650 Clingan Ridge Dr. NW","name":""},
  {"lat":42.159577,"lon":-76.85942,"city":"Horseheads","state":"NY","address":"1740 County Route 64","name":""},
  {"lat":37.61542,"lon":-84.775433,"city":"Danville","state":"KY","address":"40 Cassidy Ave.","name":""},
  {"lat":27.255626,"lon":-80.277734,"city":"Jensen Beach","state":"FL","address":"4101 Federal Hwy.","name":""},
  {"lat":38.309079,"lon":-77.512629,"city":"Fredericksburg","state":"VA","address":"1971 Carl D. Silver Pkwy.","name":""},
  {"lat":41.170811,"lon":-87.848913,"city":"Bourbonnais","state":"IL","address":"50 Ken Hayes Dr.","name":""},
  {"lat":29.783588,"lon":-95.692067,"city":"Houston","state":"TX","address":"18151 Katy Freeway","name":""},
  {"lat":34.827712,"lon":-87.628173,"city":"Florence","state":"AL","address":"150 Cox Creek Pkwy. S","name":""},
  {"lat":32.009677,"lon":-102.156616,"city":"Midland","state":"TX","address":"3108 N Loop 250 West","name":""},
  {"lat":32.90385,"lon":-83.689728,"city":"Macon","state":"GA","address":"3950 Riverside Dr.","name":""},
  {"lat":39.659802,"lon":-84.10866,"city":"Centerville","state":"OH","address":"5770 Wilmington Pike","name":""},
  {"lat":39.317569,"lon":-85.968501,"city":"Edinburgh","state":"IN","address":"11701 North US Highway 31","name":""},
  {"lat":42.049123,"lon":-80.085532,"city":"Erie","state":"PA","address":"7810 Interstate Dr.","name":""},
  {"lat":42.740194,"lon":-84.672185,"city":"Lansing","state":"MI","address":"608 Commercial Dr.","name":""},
  {"lat":41.924179,"lon":-83.364372,"city":"Monroe","state":"MI","address":"1101 Ternes Dr.","name":""},
  {"lat":30.535173,"lon":-97.694198,"city":"Round Rock","state":"TX","address":"2350 N IH35","name":""},
  {"lat":42.624782,"lon":-73.699539,"city":"East Greenbush","state":"NY","address":"122 Troy Rd.","name":""},
  {"lat":35.905789,"lon":-84.592341,"city":"Harriman","state":"TN","address":"1839 South Roane St.","name":""},
  {"lat":27.93861,"lon":-82.256761,"city":"Valrico","state":"FL","address":"1880 State Rd. 60 E.","name":""},
  {"lat":27.494241,"lon":-82.47481,"city":"Bradenton","state":"FL","address":"636 67th St. Cir. E.","name":""},
  {"lat":38.171796,"lon":-84.811696,"city":"Frankfort","state":"KY","address":"161 Bizzack Blvd.","name":""},
  {"lat":34.733628,"lon":-92.395499,"city":"Little Rock","state":"AR","address":"2618 S Shackleford Rd.","name":""},
  {"lat":29.43671,"lon":-98.645234,"city":"San Antonio","state":"TX","address":"123 SW Loop 410","name":""},
  {"lat":32.449692,"lon":-94.707264,"city":"Longview","state":"TX","address":"822 S. Access Rd.","name":""},
  {"lat":29.486337,"lon":-98.401204,"city":"San Antonio","state":"TX","address":"6330 N Interstate 35","name":""},
  {"lat":29.500837,"lon":-95.114016,"city":"League City","state":"TX","address":"231 Gulf Freeway S.","name":""},
  {"lat":32.004495,"lon":-81.277745,"city":"Savannah","state":"GA","address":"17017 Abercorn St.","name":""},
  {"lat":35.776759,"lon":-83.54661,"city":"Pigeon Forge","state":"TN","address":"3960 Parkway","name":""},
  {"lat":35.960381,"lon":-86.816503,"city":"Brentwood","state":"TN","address":"1735 Mallory Ln.","name":""},
  {"lat":41.622298,"lon":-80.174385,"city":"Meadville","state":"PA","address":"11311 Pennsylvania Ave.","name":""},
  {"lat":34.470438,"lon":-84.916013,"city":"Calhoun","state":"GA","address":"100 Cracker Barrel Dr.","name":""},
  {"lat":27.110487,"lon":-82.387313,"city":"Venice","state":"FL","address":"445 Commercial Court","name":""},
  {"lat":41.605108,"lon":-81.438809,"city":"Willoughby","state":"OH","address":"6055 SOM Center Rd","name":""},
  {"lat":36.335709,"lon":-94.185857,"city":"Bentonville","state":"AR","address":"2307 SE Walton Blvd.","name":""},
  {"lat":34.608345,"lon":-98.380523,"city":"Lawton","state":"OK","address":"601 E. Gore Blvd.","name":""},
  {"lat":30.366332,"lon":-95.486547,"city":"Conroe","state":"TX","address":"1301 League Line Rd.","name":""},
  {"lat":34.641858,"lon":-79.017224,"city":"Lumberton","state":"NC","address":"3375 Lackey St.","name":""},
  {"lat":41.417315,"lon":-82.672227,"city":"Sandusky","state":"OH","address":"4216 Milan Rd","name":""},
  {"lat":32.827213,"lon":-97.314277,"city":"Fort Worth","state":"TX","address":"4691 Gemini Place","name":""},
  {"lat":37.859628,"lon":-87.566659,"city":"Henderson","state":"KY","address":"2130 US Highway 60 E","name":""},
  {"lat":39.190664,"lon":-81.530629,"city":"Mineral Wells","state":"WV","address":"40 Old Nicholette Rd.","name":""},
  {"lat":33.53816,"lon":-112.259917,"city":"Glendale","state":"AZ","address":"9312 W. Glendale Ave.","name":""},
  {"lat":43.623392,"lon":-83.940405,"city":"Bay City","state":"MI","address":"2854 E. Wilder Rd","name":""},
  {"lat":35.595115,"lon":-80.861432,"city":"Mooresville","state":"NC","address":"118 Regency Center Dr.","name":""},
  {"lat":42.220985,"lon":-83.487483,"city":"Belleville","state":"MI","address":"45525 N I94 Service Dr.","name":""},
  {"lat":37.067504,"lon":-84.620016,"city":"Somerset","state":"KY","address":"1899 S. Hwy 27","name":""},
  {"lat":43.179084,"lon":-76.115415,"city":"Cicero","state":"NY","address":"8400 Pardee Rd.","name":""},
  {"lat":33.675,"lon":-96.610244,"city":"Sherman","state":"TX","address":"3501 N US Hwy 75","name":""},
  {"lat":31.089815,"lon":-97.385551,"city":"Temple","state":"TX","address":"3687 S General Bruce Dr.","name":""},
  {"lat":32.44897,"lon":-93.868796,"city":"Shreveport","state":"LA","address":"6251 Westport Ave.","name":""},
  {"lat":37.078212,"lon":-113.583877,"city":"St. George","state":"UT","address":"1736 Convention Center Dr","name":""},
  {"lat":35.164517,"lon":-90.177161,"city":"West Memphis","state":"AR","address":"1600 N 6th St.","name":""},
  {"lat":41.735201,"lon":-85.975231,"city":"Elkhart","state":"IN","address":"110 Northpointe Blvd.","name":""},
  {"lat":34.205631,"lon":-82.190524,"city":"Greenwood","state":"SC","address":"101 Commons Dr.","name":""},
  {"lat":35.723982,"lon":-81.653378,"city":"Morganton","state":"NC","address":"135 Bush Dr.","name":""},
  {"lat":28.454092,"lon":-82.630998,"city":"Spring Hill","state":"FL","address":"1371 Commercial Way","name":""},
  {"lat":34.99071,"lon":-85.208265,"city":"East Ridge","state":"TN","address":"1460 North Mack Smith Rd.","name":""},
  {"lat":36.028888,"lon":-83.8736,"city":"Knoxville","state":"TN","address":"2920 South Mall Rd","name":""},
  {"lat":39.553221,"lon":-85.774914,"city":"Shelbyville","state":"IN","address":"1898 N. Morristown Rd.","name":""},
  {"lat":28.035808,"lon":-80.639325,"city":"Melbourne","state":"FL","address":"1175 Palm Bay Rd.","name":""},
  {"lat":35.743662,"lon":-86.937935,"city":"Spring Hill","state":"TN","address":"2020 Crossings Cir.","name":""},
  {"lat":30.672971,"lon":-88.223904,"city":"Mobile","state":"AL","address":"845-A Schillinger Rd. S.","name":""},
  {"lat":36.620883,"lon":-88.31444,"city":"Murray","state":"KY","address":"650 N. 12th St.","name":""},
  {"lat":40.136804,"lon":-74.963527,"city":"Trevose","state":"PA","address":"3611 Horizon Blvd","name":""},
  {"lat":36.153814,"lon":-86.626904,"city":"Nashville","state":"TN","address":"3454 Percy Priest Dr.","name":""},
  {"lat":31.603285,"lon":-97.108472,"city":"Lacy Lakeview","state":"TX","address":"4275 North I-35","name":""},
  {"lat":33.536292,"lon":-82.129498,"city":"Evans","state":"GA","address":"544 N Belair Rd.","name":""},
  {"lat":35.044967,"lon":-85.154944,"city":"Chattanooga","state":"TN","address":"2346 Shallowford Village Rd.","name":""},
  {"lat":31.35372,"lon":-89.347779,"city":"Hattiesburg","state":"MS","address":"6659 Hwy 49","name":""},
  {"lat":34.244084,"lon":-77.87277,"city":"Wilmington","state":"NC","address":"21 Van Campen Blvd.","name":""},
  {"lat":39.977229,"lon":-83.150489,"city":"Columbus","state":"OH","address":"1313 Hilliard Rome Rd","name":""},
  {"lat":39.772515,"lon":-76.664282,"city":"New Freedom","state":"PA","address":"13600 Wolfe Rd","name":""},
  {"lat":38.313832,"lon":-88.955226,"city":"Mount Vernon","state":"IL","address":"4425 Fairfax Dr.","name":""},
  {"lat":40.769759,"lon":-76.221187,"city":"Frackville","state":"PA","address":"956 Schuylkill Mall","name":""},
  {"lat":43.572862,"lon":-89.777102,"city":"Baraboo","state":"WI","address":"1295 WI Dells Pkwy South","name":""},
  {"lat":36.004071,"lon":-79.79312,"city":"Greensboro","state":"NC","address":"3701 Elmsley Ct","name":""},
  {"lat":33.68171,"lon":-112.114006,"city":"Phoenix","state":"AZ","address":"21611 N. 26th Ave.","name":""},
  {"lat":34.775747,"lon":-82.465901,"city":"Piedmont","state":"SC","address":"591 Hwy 153","name":""},
  {"lat":40.418405,"lon":-86.817719,"city":"Lafayette","state":"IN","address":"40 Frontage Rd.","name":""},
  {"lat":40.466648,"lon":-78.409506,"city":"Altoona","state":"PA","address":"100 Charlotte Dr.","name":""},
  {"lat":32.695398,"lon":-114.603748,"city":"Yuma","state":"AZ","address":"1780 S Sunridge Dr.","name":""},
  {"lat":31.34635,"lon":-92.520992,"city":"Alexandria","state":"LA","address":"6108 West Calhoun Dr.","name":""},
  {"lat":37.151024,"lon":-84.114032,"city":"London","state":"KY","address":"80 Alamo Dr.","name":""},
  {"lat":37.528271,"lon":-77.35622,"city":"Richmond","state":"VA","address":"4435 S Laburnum Ave","name":""},
  {"lat":36.001681,"lon":-83.778571,"city":"Knoxville","state":"TN","address":"1510 Cracker Barrel Ln.","name":""},
  {"lat":32.56546,"lon":-97.317651,"city":"Burleson","state":"TX","address":"13301 South Freeway","name":""},
  {"lat":40.186866,"lon":-77.190077,"city":"Carlisle","state":"PA","address":"3 E. Garland Dr.","name":""},
  {"lat":26.156882,"lon":-81.685438,"city":"Naples","state":"FL","address":"3845 Tollgate Blvd.","name":""},
  {"lat":39.259831,"lon":-84.797915,"city":"Harrison","state":"OH","address":"615 Ring Rd.","name":""},
  {"lat":27.84947,"lon":-82.349549,"city":"Gibsonton","state":"FL","address":"9370 Theater Dr.","name":""},
  {"lat":28.006698,"lon":-82.305362,"city":"Seffner","state":"FL","address":"6150 Lazy Days Blvd.","name":""},
  {"lat":39.040893,"lon":-95.758414,"city":"Topeka","state":"KS","address":"1421 South West Ashworth Place","name":""},
  {"lat":33.365457,"lon":-87.003588,"city":"Bessemer","state":"AL","address":"5040 Academy Ln.","name":""},
  {"lat":33.99796,"lon":-86.090149,"city":"Gadsden","state":"AL","address":"101 Taylor Dr.","name":""},
  {"lat":39.268523,"lon":-84.438724,"city":"Sharonville","state":"OH","address":"2255 Sharon Rd","name":""},
  {"lat":36.076939,"lon":-80.110078,"city":"Kernersville","state":"NC","address":"1750 Pecan Lane","name":""},
  {"lat":30.068115,"lon":-99.11531,"city":"Kerrville","state":"TX","address":"2110 Sidney Baker","name":""},
  {"lat":32.50708,"lon":-92.161333,"city":"West Monroe","state":"LA","address":"309 Constitution Dr.","name":""},
  {"lat":40.216268,"lon":-79.611862,"city":"New Stanton","state":"PA","address":"154 W Pennsylvania Ave.","name":""},
  {"lat":29.352263,"lon":-98.434444,"city":"San Antonio","state":"TX","address":"3327 SE Military Dr.","name":""},
  {"lat":36.769085,"lon":-88.642695,"city":"Mayfield","state":"KY","address":"33 Brien Dr.","name":""},
  {"lat":28.033555,"lon":-82.646192,"city":"Tampa","state":"FL","address":"13833 W. Hillsborough Ave.","name":""},
  {"lat":34.226198,"lon":-79.796972,"city":"Florence","state":"SC","address":"1824 West Lucas St.","name":""},
  {"lat":33.429904,"lon":-84.182208,"city":"McDonough","state":"GA","address":"1124 Hwy. 20 W.","name":""},
  {"lat":39.162091,"lon":-84.269624,"city":"Milford","state":"OH","address":"475 River's Edge Dr.","name":""},
  {"lat":35.657221,"lon":-80.46268,"city":"Salisbury","state":"NC","address":"1070 Free Land Dr.","name":""},
  {"lat":37.134625,"lon":-85.972642,"city":"Cave City","state":"KY","address":"800 Happy Valley St.","name":""},
  {"lat":29.617515,"lon":-82.388494,"city":"Gainesville","state":"FL","address":"4001 S.W. 43rd St.","name":""},
  {"lat":43.129615,"lon":-89.293405,"city":"Madison","state":"WI","address":"2147 East Springs Dr.","name":""},
  {"lat":26.757862,"lon":-80.09282,"city":"West Palm Beach","state":"FL","address":"2411 Metrocentre Blvd.","name":""},
  {"lat":39.82466,"lon":-86.278901,"city":"Indianapolis","state":"IN","address":"3840 Eagle View Dr.","name":""},
  {"lat":40.481081,"lon":-85.547257,"city":"Gas City","state":"IN","address":"4984 Kay Bee Dr.","name":""},
  {"lat":29.024879,"lon":-82.153643,"city":"Ocala","state":"FL","address":"13561 SW 17th Ct.","name":""},
  {"lat":26.301256,"lon":-80.118737,"city":"Deerfield Beach","state":"FL","address":"1250 SW 11th Way","name":""},
  {"lat":38.101124,"lon":-84.480834,"city":"Lexington","state":"KY","address":"1927 Stanton Way","name":""},
  {"lat":29.149819,"lon":-82.186461,"city":"Ocala","state":"FL","address":"3801 SW College Rd.","name":""},
  {"lat":42.728014,"lon":-88.992907,"city":"Janesville","state":"WI","address":"2430 Fulton St.","name":""},
  {"lat":41.017896,"lon":-76.491642,"city":"Bloomsburg","state":"PA","address":"228 Mall Blvd","name":""},
  {"lat":38.237134,"lon":-86.127987,"city":"Corydon","state":"IN","address":"2393 Pacer Court NW","name":""},
  {"lat":36.118237,"lon":-95.887907,"city":"Tulsa","state":"OK","address":"8008 E. 31st St.","name":""},
  {"lat":33.56748,"lon":-86.519825,"city":"Leeds","state":"AL","address":"2003 Village Dr.","name":""},
  {"lat":31.295842,"lon":-94.719176,"city":"Lufkin","state":"TX","address":"US 59 & Whitehouse Dr, Exit 391","name":""},
  {"lat":37.038034,"lon":-76.401618,"city":"Hampton","state":"VA","address":"106 Market place Dr","name":""},
  {"lat":40.302792,"lon":-76.846014,"city":"Harrisburg","state":"PA","address":"2525 Brindle Dr.","name":""},
  {"lat":35.039238,"lon":-85.684458,"city":"Kimball","state":"TN","address":"550 Kimball Crossing Dr.","name":""},
  {"lat":41.657851,"lon":-88.123876,"city":"Romeoville","state":"IL","address":"1295 Lakeview Dr.","name":""},
  {"lat":34.78114,"lon":-92.218056,"city":"North Little Rock","state":"AR","address":"3101 Springhill Dr.","name":""},
  {"lat":28.955862,"lon":-81.959832,"city":"Lady Lake","state":"FL","address":"13637 N. US Hwy. 27","name":""},
  {"lat":36.931432,"lon":-86.418335,"city":"Bowling Green","state":"KY","address":"1960 Mel Browning St.","name":""},
  {"lat":39.296782,"lon":-84.526111,"city":"Forest Park","state":"OH","address":"11993 Chase Plz.","name":""},
  {"lat":36.320687,"lon":-86.60038,"city":"Hendersonville","state":"TN","address":"213 Indian Lake Blvd.","name":""},
  {"lat":46.915113,"lon":-114.035452,"city":"Missoula","state":"MT","address":"2929 Expo Pkwy.","name":""},
  {"lat":35.196343,"lon":-111.617793,"city":"Flagstaff","state":"AZ","address":"2560 E. Lucky Ln.","name":""},
  {"lat":35.296146,"lon":-82.408527,"city":"Flat Rock","state":"NC","address":"105 Commercial Blvd.","name":""},
  {"lat":33.093718,"lon":-96.113409,"city":"Greenville","state":"TX","address":"3401 West I-30","name":""},
  {"lat":34.215725,"lon":-119.068038,"city":"Camarillo","state":"CA","address":"560 E. Ventura Blvd.","name":""},
  {"lat":39.678649,"lon":-75.494684,"city":"Pennsville","state":"NJ","address":"427 North Broadway","name":""},
  {"lat":28.450158,"lon":-81.400764,"city":"Orlando","state":"FL","address":"13300 S. Orange Blossom Trail","name":""},
  {"lat":34.091169,"lon":-81.162409,"city":"Irmo","state":"SC","address":"1140 Kinley Rd.","name":""},
  {"lat":38.733914,"lon":-89.914895,"city":"Troy","state":"IL","address":"2001 Formosa Rd.","name":""},
  {"lat":38.462799,"lon":-90.372261,"city":"St. Louis","state":"MO","address":"6233 Heimos Industrial Park Dr.","name":""},
  {"lat":35.016175,"lon":-85.383733,"city":"Chattanooga","state":"TN","address":"50 Birmingham Hwy","name":""},
  {"lat":30.36785,"lon":-87.684424,"city":"Foley","state":"AL","address":"3150 S McKenzie St","name":""},
  {"lat":46.828672,"lon":-100.818614,"city":"Bismarck","state":"ND","address":"1685 N Grandview Ln","name":""},
  {"lat":34.462676,"lon":-93.059576,"city":"Hot Springs","state":"AR","address":"170 Pakis St.","name":""},
  {"lat":37.825386,"lon":-92.145255,"city":"St. Robert","state":"MO","address":"128 St. Robert Blvd.","name":""},
  {"lat":31.616206,"lon":-84.211617,"city":"Albany","state":"GA","address":"1114 N. Westover Blvd.","name":""},
  {"lat":41.504252,"lon":-87.318463,"city":"Merrillville","state":"IN","address":"6200 Opportunity Ln.","name":""},
  {"lat":41.551851,"lon":-83.599002,"city":"Perrysburg","state":"OH","address":"27491 Helen Dr.","name":""}]}