{"key":"crowne_plaza","displayName":"Crowne Plaza","category":"hotels","useLocationName":false,"locations":[
  {"lat":28.126767,"lon":-80.577985,"city":"Melbourne","state":"FL","address":"2605 North A1A","name":""},
  {"lat":42.72374,"lon":-84.64235,"city":"Lansing","state":"MI","address":"925 South Creyts Road","name":""},
  {"lat":26.496363,"lon":-81.792449,"city":"Fort Myers","state":"FL","address":"9931 Interstate Commerce Drive","name":""},
  {"lat":40.67999,"lon":-74.193688,"city":"Elizabeth","state":"NJ","address":"901 Spring Street","name":""},
  {"lat":40.673812,"lon":-99.09188,"city":"Kearney","state":"NE","address":"707 West Talmadge Street","name":""},
  {"lat":38.7407,"lon":-90.3986,"city":"Bridgeton","state":"MO","address":"11228 Lone Eagle Drive","name":""},
  {"lat":40.753942,"lon":-73.993635,"city":"New York City","state":"NY","address":"320 West 36th Street","name":""},
  {"lat":41.859466,"lon":-88.038519,"city":"Glen Ellyn","state":"IL","address":"1250 Roosevelt Road","name":""},
  {"lat":30.1767,"lon":-95.448076,"city":"Shenandoah","state":"TX","address":"19333 David Memorial Drive","name":""},
  {"lat":40.09086,"lon":-75.393448,"city":"King of Prussia","state":"PA","address":"260 Mall Blvd","name":""},
  {"lat":42.728169,"lon":-73.798703,"city":"Albany","state":"NY","address":"660 Albany Shaker Road","name":""},
  {"lat":32.7806,"lon":-96.803033,"city":"Dallas","state":"TX","address":"1015 Elm Street","name":""},
  {"lat":42.928504,"lon":-87.930297,"city":"Milwaukee","state":"WI","address":"6401 South 13th Street","name":""},
  {"lat":37.5967,"lon":-122.0553,"city":"Union City","state":"CA","address":"32083 Alvarado-Niles Road","name":""},
  {"lat":40.903226,"lon":-74.10361,"city":"Saddle Brook","state":"NJ","address":"50 Kenny Place","name":""},
  {"lat":29.78367,"lon":-95.46472,"city":"Houston","state":"TX","address":"7611 Katy Freeway","name":""},
  {"lat":33.92145,"lon":-84.338845,"city":"Atlanta","state":"GA","address":"4355 Ashford Dunwoody Road","name":""},
  {"lat":42.6639,"lon":-83.2458,"city":"Auburn Hills","state":"MI","address":"1500 Opdyke Rd","name":""},
  {"lat":35.10766,"lon":-106.62383,"city":"Albuquerque","state":"NM","address":"1901 University Boulevard NE","name":""},
  {"lat":33.304591,"lon":-111.84524,"city":"Chandler","state":"AZ","address":"One San Marcos Place","name":""},
  {"lat":38.8602,"lon":-77.0517,"city":"Arlington","state":"VA","address":"1480 Crystal Drive","name":""},
  {"lat":41.977778,"lon":-87.863333,"city":"Rosemont","state":"IL","address":"5440 North River Road","name":""},
  {"lat":40.259281,"lon":-76.880928,"city":"Harrisburg","state":"PA","address":"23 South Second Street","name":""},
  {"lat":37.562776,"lon":-122.276915,"city":"Foster City","state":"CA","address":"1221 Chess Drive","name":""},
  {"lat":38.987459,"lon":-76.543789,"city":"Annapolis","state":"MD","address":"173 Jennifer Road","name":""},
  {"lat":32.81564,"lon":-96.866869,"city":"Dallas","state":"TX","address":"7050 N. Stemmons Freeway","name":""},
  {"lat":35.152666,"lon":-90.04839,"city":"Memphis","state":"TN","address":"300 North Second Street","name":""},
  {"lat":33.738721,"lon":-118.28139,"city":"San Pedro","state":"CA","address":"601 S. Palos Verdes Street","name":""},
  {"lat":45.014514,"lon":-93.452807,"city":"Plymouth","state":"MN","address":"3131 Campus Drive","name":""},
  {"lat":44.8572,"lon":-93.221334,"city":"Bloomington","state":"MN","address":"3 Appletree Square","name":""},
  {"lat":39.764239,"lon":-89.606227,"city":"Springfield","state":"IL","address":"3000 South Dirksen Parkway","name":""},
  {"lat":41.118193,"lon":-74.114601,"city":"Suffern","state":"NY","address":"Three Executive Boulevard","name":""},
  {"lat":36.8355,"lon":-76.1287,"city":"Virginia Beach","state":"VA","address":"4453 Bonney Road","name":""},
  {"lat":34.839446,"lon":-82.317013,"city":"Greenville","state":"SC","address":"851 Congaree Rd","name":""},
  {"lat":42.496611,"lon":-71.156992,"city":"Woburn","state":"MA","address":"15 Middlesex Canal Park Rd.","name":""},
  {"lat":41.8818,"lon":-87.6473,"city":"Chicago","state":"IL","address":"25 South Halsted Street","name":""},
  {"lat":33.770129,"lon":-84.387404,"city":"Atlanta","state":"GA","address":"590 West Peachtree Street NW","name":""},
  {"lat":40.099493,"lon":-82.987608,"city":"Columbus","state":"OH","address":"6500 Doubletree Avenue","name":""},
  {"lat":30.4816,"lon":-81.6473,"city":"Jacksonville","state":"FL","address":"14670 Duval Road","name":""},
  {"lat":36.150655,"lon":-86.677594,"city":"Nashville","state":"TN","address":"412 Royal Parkway","name":""},
  {"lat":33.484979,"lon":-81.9757,"city":"North Augusta","state":"SC","address":"1060 Center Street","name":""},
  {"lat":61.173585,"lon":-149.883327,"city":"Anchorage","state":"AK","address":"109 W. International Airport Road","name":""},
  {"lat":40.3438,"lon":-80.0533,"city":"Pittsburgh","state":"PA","address":"164 Fort Couch Road","name":""},
  {"lat":33.405569,"lon":-84.593658,"city":"Peachtree City","state":"GA","address":"201 Aberdeen Parkway","name":""},
  {"lat":29.7311,"lon":-95.4209,"city":"Houston","state":"TX","address":"2712 Southwest Freeway","name":""},
  {"lat":35.966848,"lon":-83.920531,"city":"Knoxville","state":"TN","address":"401 West Summit Hill Drive","name":""},
  {"lat":39.006486,"lon":-76.896326,"city":"Greenbelt","state":"MD","address":"6400 Ivy Lane","name":""},
  {"lat":33.949646,"lon":-84.229241,"city":"Norcross","state":"GA","address":"6050 Peachtree Industrial Blvd. NW","name":""},
  {"lat":38.95865,"lon":-77.40255,"city":"Herndon","state":"VA","address":"2200 Centreville Road","name":""},
  {"lat":33.4483,"lon":-111.987749,"city":"Phoenix","state":"AZ","address":"4300 East Washington Street","name":""},
  {"lat":28.384848,"lon":-81.502827,"city":"Orlando","state":"FL","address":"8686 Palm Parkway","name":""},
  {"lat":33.684484,"lon":-117.885724,"city":"Costa Mesa","state":"CA","address":"3131 Bristol Street","name":""},
  {"lat":30.422194,"lon":-91.136126,"city":"Baton Rouge","state":"LA","address":"4728 Constitution Avenue","name":""},
  {"lat":28.552515,"lon":-81.383612,"city":"Orlando","state":"FL","address":"304 W. Colonial Dr.","name":""},
  {"lat":37.591488,"lon":-122.360157,"city":"Burlingame","state":"CA","address":"1177 Airport Boulevard","name":""},
  {"lat":45.5339,"lon":-122.6641,"city":"Portland","state":"OR","address":"1441 Ne 2nd Avenue","name":""},
  {"lat":34.276904,"lon":-119.29392,"city":"Ventura","state":"CA","address":"450 East Harbor Boulevard","name":""},
  {"lat":40.883422,"lon":-73.985618,"city":"Englewood","state":"NJ","address":"401 S. Van Brunt Street","name":""},
  {"lat":37.4066,"lon":-122.1206,"city":"Palo Alto","state":"CA","address":"4290 El Camino Real","name":""},
  {"lat":40.524553,"lon":-74.389539,"city":"Edison","state":"NJ","address":"2055 Lincoln Highway","name":""},
  {"lat":35.5935,"lon":-82.5795,"city":"Asheville","state":"NC","address":"1 Resort Drive","name":""},
  {"lat":41.714171,"lon":-71.463704,"city":"Warwick","state":"RI","address":"801 Greenwich Ave.","name":""},
  {"lat":45.419149,"lon":-122.739326,"city":"Lake Oswego","state":"OR","address":"14811 Kruse Oaks Drive","name":""},
  {"lat":39.7628,"lon":-86.1606,"city":"Indianapolis","state":"IN","address":"123 West Louisiana St.","name":""},
  {"lat":32.759828,"lon":-117.185184,"city":"San Diego","state":"CA","address":"2270 Hotel Circle North","name":""},
  {"lat":43.07313,"lon":-78.983386,"city":"Niagara Falls","state":"NY","address":"7001 Buffalo Avenue","name":""},
  {"lat":40.339902,"lon":-74.598297,"city":"Plainsboro","state":"NJ","address":"900 Scudders Mill Road","name":""},
  {"lat":32.87542,"lon":-80.0151,"city":"North Charleston","state":"SC","address":"4831 Tanger Outlet Boulevard","name":""},
  {"lat":35.7096,"lon":-81.3111,"city":"Hickory","state":"NC","address":"1385 Lenoir Rhyne Blvd. Se","name":""},
  {"lat":44.285797,"lon":-73.986936,"city":"Lake Placid","state":"NY","address":"101 Olympic Drive","name":""},
  {"lat":39.098646,"lon":-94.585659,"city":"Kansas City","state":"MO","address":"1301 Wyandotte Street","name":""},
  {"lat":38.191812,"lon":-85.74243,"city":"Louisville","state":"KY","address":"830 Phillips Lane","name":""},
  {"lat":47.608295,"lon":-122.332278,"city":"Seattle","state":"WA","address":"1113 6th Avenue","name":""},
  {"lat":29.953493,"lon":-90.06933,"city":"New Orleans","state":"LA","address":"739 Canal St. @ Bourbon","name":""},
  {"lat":41.370863,"lon":-81.8248,"city":"Middleburg Heights","state":"OH","address":"7230 Engle Road","name":""},
  {"lat":26.093177,"lon":-80.137663,"city":"Fort Lauderdale","state":"FL","address":"455 State Road 84","name":""},
  {"lat":41.500418,"lon":-81.683346,"city":"Cleveland","state":"OH","address":"1260 Euclid Avenue","name":""},
  {"lat":40.026415,"lon":-76.21801,"city":"Lancaster","state":"PA","address":"2250 E Lincoln Highway","name":""},
  {"lat":39.72933,"lon":-86.269769,"city":"Indianapolis","state":"IN","address":"2501 South High School Road","name":""},
  {"lat":29.516405,"lon":-98.454641,"city":"San Antonio","state":"TX","address":"1111 Northeast Loop 410","name":""},
  {"lat":41.753825,"lon":-87.921746,"city":"Burr Ridge","state":"IL","address":"300 South Frontage Road","name":""}]}