{"key":"cumberland_farms","displayName":"Cumberland Farms","category":"gas_station","useLocationName":false,"locations":[
  {"lat":41.680688,"lon":-70.909098,"city":"Acushnet","state":"MA","address":"176 S MAIN ST","name":""},
  {"lat":42.061118,"lon":-72.631585,"city":"Agawam","state":"MA","address":"837 SUFFIELD STREET","name":""},
  {"lat":42.692247,"lon":-73.873948,"city":"Albany","state":"NY","address":"1870 WESTERN AVE","name":""},
  {"lat":41.850684,"lon":-73.553248,"city":"Amenia","state":"NY","address":"3339 RTE 343","name":""},
  {"lat":42.857981,"lon":-70.923672,"city":"Amesbury","state":"MA","address":"132 ELM STREET","name":""},
  {"lat":42.847071,"lon":-70.930312,"city":"Amesbury","state":"MA","address":"241 MAIN ST","name":""},
  {"lat":42.410875,"lon":-72.53011,"city":"Amherst","state":"MA","address":"19 MONTAGUE RD","name":""},
  {"lat":42.372365,"lon":-72.500172,"city":"Amherst","state":"MA","address":"35 BELCHERTOWN RD","name":""},
  {"lat":41.33343,"lon":-73.084325,"city":"Ansonia","state":"CT","address":"5 PERSHING DR","name":""},
  {"lat":41.862766,"lon":-72.163152,"city":"Ashford","state":"CT","address":"33 POMPEY HOLLOW ROAD","name":""},
  {"lat":42.581571,"lon":-72.256354,"city":"Athol","state":"MA","address":"109 BROOKSIDE ROAD","name":""},
  {"lat":42.593542,"lon":-72.233406,"city":"Athol","state":"MA","address":"297 MAIN STREET","name":""},
  {"lat":41.911961,"lon":-71.258389,"city":"Attleboro","state":"MA","address":"1128 OAKHILL AVE","name":""},
  {"lat":41.951545,"lon":-71.273093,"city":"Attleboro","state":"MA","address":"220 PLEASANT STREET","name":""},
  {"lat":41.910842,"lon":-71.36358,"city":"Attleboro","state":"MA","address":"633 WASHINGTON ST","name":""},
  {"lat":41.942509,"lon":-71.286433,"city":"Attleboro","state":"MA","address":"80 COUNTY ST","name":""},
  {"lat":44.106744,"lon":-70.225381,"city":"Auburn","state":"ME","address":"119 CENTER STREET","name":""},
  {"lat":42.187272,"lon":-71.834613,"city":"Auburn","state":"MA","address":"502 WASHINGTON ST","name":""},
  {"lat":42.614515,"lon":-73.124195,"city":"Adams","state":"MA","address":"95 COMMERCIAL ST","name":""},
  {"lat":42.60884,"lon":-72.074897,"city":"Baldwinville","state":"MA","address":"35 ELM STREET","name":""},
  {"lat":43.045601,"lon":-73.849524,"city":"Ballston Spa","state":"NY","address":"451 GEYSER RD","name":""},
  {"lat":43.003218,"lon":-73.849194,"city":"Ballston Spa","state":"NY","address":"75 MILTON AVENUE","name":""},
  {"lat":41.613291,"lon":-72.074905,"city":"Baltic","state":"CT","address":"184 MAIN ST","name":""},
  {"lat":44.189563,"lon":-72.498111,"city":"Barre","state":"VT","address":"132 S MAIN ST","name":""},
  {"lat":44.207367,"lon":-72.513601,"city":"Barre","state":"VT","address":"524 N MAIN ST","name":""},
  {"lat":43.909754,"lon":-69.822948,"city":"Bath","state":"ME","address":"100 COTTAGE ST","name":""},
  {"lat":42.02292,"lon":-71.49133,"city":"Bellingham","state":"MA","address":"297 PULASKI BLVD","name":""},
  {"lat":42.132108,"lon":-71.447805,"city":"Bellingham","state":"MA","address":"459 HARTFORD AVE","name":""},
  {"lat":42.896479,"lon":-73.204342,"city":"Bennington","state":"VT","address":"111 NORTHSIDE DR","name":""},
  {"lat":43.268025,"lon":-70.861235,"city":"Berwick","state":"ME","address":"42 SCHOOL STREET","name":""},
  {"lat":43.476684,"lon":-70.508734,"city":"Biddeford","state":"ME","address":"564 ALFRED STREET","name":""},
  {"lat":42.015411,"lon":-71.528334,"city":"Blackstone","state":"MA","address":"1 MAIN ST","name":""},
  {"lat":41.856256,"lon":-72.70574,"city":"Bloomfield","state":"CT","address":"6 OLD WINDSOR RD","name":""},
  {"lat":26.33611,"lon":-80.203917,"city":"Boca Raton","state":"FL","address":"23077 STATE ROAD 7","name":""},
  {"lat":43.315801,"lon":-71.620897,"city":"Boscawen","state":"NH","address":"212 KING STREET","name":""},
  {"lat":41.742168,"lon":-70.586914,"city":"Bourne","state":"MA","address":"4 MACARTHUR BLVD","name":""},
  {"lat":42.204511,"lon":-71.005241,"city":"Braintree","state":"MA","address":"831 WASHINGTON ST","name":""},
  {"lat":41.289942,"lon":-72.797813,"city":"Branford","state":"CT","address":"227 E MAIN STREET","name":""},
  {"lat":42.866235,"lon":-72.615979,"city":"Brattleboro","state":"VT","address":"317 MARLBORO RD","name":""},
  {"lat":41.767617,"lon":-70.058977,"city":"Brewster","state":"MA","address":"2639 MAIN STREET","name":""},
  {"lat":41.209757,"lon":-73.17928,"city":"Bridgeport","state":"CT","address":"2525 E MAIN ST","name":""},
  {"lat":41.971896,"lon":-71.008468,"city":"Bridgewater","state":"MA","address":"1001 PLEASANT STREET","name":""},
  {"lat":41.991335,"lon":-70.975746,"city":"Bridgewater","state":"MA","address":"33 MAIN STREET","name":""},
  {"lat":42.342123,"lon":-71.15385,"city":"Brighton","state":"MA","address":"148 CHESTNUT HILL AVE","name":""},
  {"lat":42.122033,"lon":-72.201392,"city":"Brimfield","state":"MA","address":"3 MAIN STREET","name":""},
  {"lat":41.674313,"lon":-72.898594,"city":"Bristol","state":"CT","address":"191 CENTRAL ST","name":""},
  {"lat":43.590895,"lon":-71.73739,"city":"Bristol","state":"NH","address":"25 PLEASANT STREET","name":""},
  {"lat":41.668293,"lon":-72.912988,"city":"Bristol","state":"CT","address":"266 PINE ST","name":""},
  {"lat":41.679488,"lon":-71.25973,"city":"Bristol","state":"RI","address":"390 METACOM AVE","name":""},
  {"lat":42.060408,"lon":-71.065466,"city":"Brockton","state":"MA","address":"1205 BELMONT STREET","name":""},
  {"lat":42.049182,"lon":-71.011616,"city":"Brockton","state":"MA","address":"1813 MAIN STREET","name":""},
  {"lat":42.080575,"lon":-71.008631,"city":"Brockton","state":"MA","address":"306 CRESCENT ST","name":""},
  {"lat":42.100819,"lon":-71.056284,"city":"Brockton","state":"MA","address":"710 OAK ST","name":""},
  {"lat":42.215228,"lon":-72.0978,"city":"Brookfield","state":"MA","address":"17 POST RD","name":""},
  {"lat":42.323769,"lon":-71.164574,"city":"Brookline","state":"MA","address":"1195 BOYLSTON ST","name":""},
  {"lat":43.912643,"lon":-69.987783,"city":"Brunswick","state":"ME","address":"162 PLEASANT STREET","name":""},
  {"lat":43.907462,"lon":-69.915071,"city":"Brunswick","state":"ME","address":"190 BATH ROAD","name":""},
  {"lat":41.770139,"lon":-72.970504,"city":"Burlington","state":"CT","address":"291 SPIELMAN HWY","name":""},
  {"lat":44.488231,"lon":-73.200452,"city":"Burlington","state":"VT","address":"454 RIVERSIDE AVE","name":""},
  {"lat":44.460963,"lon":-73.215062,"city":"Burlington","state":"VT","address":"661 PINE ST","name":""},
  {"lat":41.746599,"lon":-70.60944,"city":"Buzzards Bay","state":"MA","address":"160 MAIN ST","name":""},
  {"lat":42.294213,"lon":-73.990262,"city":"Cairo","state":"NY","address":"236 MAIN ST","name":""},
  {"lat":43.027478,"lon":-73.376485,"city":"Cambridge","state":"NY","address":"44 E MAIN ST","name":""},
  {"lat":41.697149,"lon":-71.996434,"city":"Canterbury","state":"CT","address":"2 KNOLLWOOD DR SUITE 2","name":""},
  {"lat":28.389004,"lon":-80.605921,"city":"Cape Canaveral","state":"FL","address":"8000 ASTRONAUT BLVD","name":""},
  {"lat":43.596928,"lon":-70.228612,"city":"Cape Elizabeth","state":"ME","address":"298 OCEAN HOUSE RD","name":""},
  {"lat":41.919903,"lon":-70.803404,"city":"Carver","state":"MA","address":"90 N MAIN ST","name":""},
  {"lat":42.514609,"lon":-73.679327,"city":"Castleton","state":"NY","address":"1351 ROUTE 9","name":""},
  {"lat":42.232311,"lon":-73.879722,"city":"Catskill","state":"NY","address":"203 JEFFERSON AVENUE","name":""},
  {"lat":41.351295,"lon":-72.416539,"city":"Centerbrook","state":"CT","address":"82 MAIN ST","name":""},
  {"lat":41.886056,"lon":-71.38738,"city":"Central Falls","state":"RI","address":"478 BROAD STREET","name":""},
  {"lat":41.384099,"lon":-71.631771,"city":"Charlestown","state":"RI","address":"4139 OLD POST RD","name":""},
  {"lat":41.683368,"lon":-69.961997,"city":"Chatham","state":"MA","address":"678 MAIN ST","name":""},
  {"lat":42.624729,"lon":-71.362802,"city":"Chelmsford","state":"MA","address":"71 DRUM HILL ROAD","name":""},
  {"lat":41.352341,"lon":-74.275271,"city":"Chester","state":"NY","address":"38 BROOKSIDE AVENUE","name":""},
  {"lat":42.186956,"lon":-72.577017,"city":"Chicopee","state":"MA","address":"1061 MEMORIAL DRIVE","name":""},
  {"lat":42.201716,"lon":-72.58126,"city":"Chicopee","state":"MA","address":"37 MONTCALM STREET","name":""},
  {"lat":43.369046,"lon":-72.340571,"city":"Claremont","state":"NH","address":"121 PLEASANT ST","name":""},
  {"lat":43.365465,"lon":-72.318563,"city":"Claremont","state":"NH","address":"336 WASHINGTON ST","name":""},
  {"lat":42.869646,"lon":-73.820164,"city":"Clifton Park","state":"NY","address":"1032 ROUTE 146","name":""},
  {"lat":42.409716,"lon":-71.681543,"city":"Clinton","state":"MA","address":"1 CHESTNUT ST","name":""},
  {"lat":28.356235,"lon":-80.754264,"city":"Cocoa","state":"FL","address":"1450 W KING ST","name":""},
  {"lat":42.782832,"lon":-73.744273,"city":"Cohoes","state":"NY","address":"1093 LOUDON ROAD","name":""},
  {"lat":42.772076,"lon":-73.685262,"city":"Cohoes","state":"NY","address":"77 DELAWARE AVE","name":""},
  {"lat":44.497896,"lon":-73.158676,"city":"Colchester","state":"VT","address":"781 COLLEGE PKWY","name":""},
  {"lat":42.692659,"lon":-73.803394,"city":"Colonie","state":"NY","address":"1157 CENTRAL AVE","name":""},
  {"lat":42.719306,"lon":-73.837073,"city":"Colonie","state":"NY","address":"1632A CENTRAL AVE","name":""},
  {"lat":42.3289,"lon":-73.75471,"city":"Columbiaville","state":"NY","address":"1257 US ROUTE 9","name":""},
  {"lat":40.805507,"lon":-73.295007,"city":"Commack","state":"NY","address":"695 COMMACK RD","name":""},
  {"lat":43.189375,"lon":-71.508093,"city":"Concord","state":"NH","address":"102 MANCHESTER ST","name":""},
  {"lat":42.456071,"lon":-71.356485,"city":"Concord","state":"MA","address":"120 THOREAU STREET","name":""},
  {"lat":43.210811,"lon":-71.53768,"city":"Concord","state":"NH","address":"196 N MAIN ST","name":""},
  {"lat":43.253387,"lon":-71.575824,"city":"Concord","state":"NH","address":"47 FISHERVILLE RD","name":""},
  {"lat":43.978442,"lon":-71.125093,"city":"Conway","state":"NH","address":"161 MAIN ST","name":""},
  {"lat":26.274808,"lon":-80.206948,"city":"Coral Springs","state":"FL","address":"6201 W SAMPLE RD","name":""},
  {"lat":26.286153,"lon":-80.245397,"city":"Coral Springs","state":"FL","address":"8900 WILES ROAD","name":""},
  {"lat":43.245954,"lon":-73.833999,"city":"Corinth","state":"NY","address":"103 MAPLE STREET","name":""},
  {"lat":41.444646,"lon":-74.016253,"city":"Cornwall","state":"NY","address":"263 HUDSON ST","name":""},
  {"lat":41.673426,"lon":-71.594795,"city":"Coventry","state":"RI","address":"1600 NOOSENECK HILL RD","name":""},
  {"lat":41.798375,"lon":-72.392677,"city":"Coventry","state":"CT","address":"2224 BOSTON TURNPIKE","name":""},
  {"lat":41.663221,"lon":-71.543756,"city":"Coventry","state":"RI","address":"2293 NEW LONDON TURNPIKE","name":""},
  {"lat":41.708165,"lon":-71.557836,"city":"Coventry","state":"RI","address":"436 KNOTTY OAK RD","name":""},
  {"lat":41.682214,"lon":-71.563848,"city":"Coventry","state":"RI","address":"785 TIOGUE AVE","name":""},
  {"lat":41.781481,"lon":-71.441623,"city":"Cranston","state":"RI","address":"659 RESERVOIR AVE","name":""},
  {"lat":41.801874,"lon":-71.445545,"city":"Cranston","state":"RI","address":"921 CRANSTON STREET","name":""},
  {"lat":41.60207,"lon":-72.681051,"city":"Cromwell","state":"CT","address":"38 BERLIN ROAD","name":""},
  {"lat":41.977145,"lon":-71.459394,"city":"Cumberland","state":"RI","address":"3400 MENDON RD","name":""},
  {"lat":41.514535,"lon":-72.898818,"city":"Cheshire","state":"CT","address":"626 MAPLE AVE","name":""},
  {"lat":42.474061,"lon":-73.160818,"city":"Dalton","state":"MA","address":"707 MAIN ST","name":""},
  {"lat":41.765272,"lon":-71.900385,"city":"Danielson","state":"CT","address":"567 WAUREGAN ROAD","name":""},
  {"lat":42.56175,"lon":-70.978089,"city":"Danvers","state":"MA","address":"76 NEWBURY ST","name":""},
  {"lat":41.61464,"lon":-70.937281,"city":"Dartmouth","state":"MA","address":"142 ROCKDALE AVE","name":""},
  {"lat":26.114026,"lon":-80.314563,"city":"Davie","state":"FL","address":"12500 W STATE ROAD 84","name":""},
  {"lat":41.385239,"lon":-72.435229,"city":"Deep River","state":"CT","address":"177 MAIN STREET","name":""},
  {"lat":26.301364,"lon":-80.094292,"city":"Deerfield Beach","state":"FL","address":"1335 S FEDERAL HWY","name":""},
  {"lat":28.884108,"lon":-81.239377,"city":"Deltona","state":"FL","address":"1251 PROVIDENCE BLVD","name":""},
  {"lat":42.881805,"lon":-71.325227,"city":"Derry","state":"NH","address":"22 EAST BROADWAY","name":""},
  {"lat":41.743191,"lon":-73.583747,"city":"Dover Plains","state":"NY","address":"3205 NY-22","name":""},
  {"lat":42.04109,"lon":-71.911277,"city":"Dudley","state":"MA","address":"180 W MAIN STREET","name":""},
  {"lat":42.038556,"lon":-70.92194,"city":"East Bridgewater","state":"MA","address":"1055 WASHINGTON ST","name":""},
  {"lat":42.029957,"lon":-70.958949,"city":"East Bridgewater","state":"MA","address":"143 BEDFORD STREET","name":""},
  {"lat":42.231821,"lon":-72.02978,"city":"East Brookfield","state":"MA","address":"550 E MAIN ST","name":""},
  {"lat":41.578772,"lon":-70.559321,"city":"East Falmouth","state":"MA","address":"400 E FALMOUTH HWY","name":""},
  {"lat":41.58734,"lon":-70.516844,"city":"East Falmouth","state":"MA","address":"485 WAQUOIT HWY","name":""},
  {"lat":41.60665,"lon":-71.494303,"city":"East Greenwich","state":"RI","address":"3323 S COUNTY TRL","name":""},
  {"lat":41.641071,"lon":-71.468808,"city":"East Greenwich","state":"RI","address":"5687 POST RD","name":""},
  {"lat":41.856263,"lon":-71.355613,"city":"East Providence","state":"RI","address":"125 NEWPORT AVE","name":""},
  {"lat":41.761474,"lon":-70.673619,"city":"East Wareham","state":"MA","address":"1 DEPOT STREET","name":""},
  {"lat":41.855837,"lon":-69.986896,"city":"Eastham","state":"MA","address":"4460 STATE HWY ROUTE 6","name":""},
  {"lat":42.28685,"lon":-72.662487,"city":"Easthampton","state":"MA","address":"231 NORTHAMPTON ST","name":""},
  {"lat":43.129467,"lon":-70.772778,"city":"Eliot","state":"ME","address":"28 LEVESQUE DR UNIT 12","name":""},
  {"lat":41.867418,"lon":-72.49346,"city":"Ellington","state":"CT","address":"5 WAPPING WOOD ROAD","name":""},
  {"lat":43.032438,"lon":-71.072106,"city":"Epping","state":"NH","address":"99 CALEF HWY","name":""},
  {"lat":43.224612,"lon":-71.34546,"city":"Epsom","state":"NH","address":"1727 DOVER RD","name":""},
  {"lat":41.937826,"lon":-72.718342,"city":"East Granby","state":"CT","address":"62 RAINBOW ROAD","name":""},
  {"lat":41.663365,"lon":-71.492428,"city":"East Greenwich","state":"RI","address":"1149 DIVISION STREET","name":""},
  {"lat":41.911983,"lon":-72.612692,"city":"East Windsor","state":"CT","address":"9 SOUTH MAIN ST","name":""},
  {"lat":41.144636,"lon":-73.252515,"city":"Fairfield","state":"CT","address":"1101 POST RD","name":""},
  {"lat":44.588108,"lon":-69.594793,"city":"Fairfield","state":"ME","address":"205 MAIN STREET","name":""},
  {"lat":41.166448,"lon":-73.233726,"city":"Fairfield","state":"CT","address":"975 KINGS HWY E","name":""},
  {"lat":41.637229,"lon":-70.905219,"city":"Fairhaven","state":"MA","address":"68 MAIN STREET","name":""},
  {"lat":41.644543,"lon":-70.897045,"city":"Fairhaven","state":"MA","address":"95 HUTTLESTON AVE","name":""},
  {"lat":41.756414,"lon":-71.119069,"city":"Fall River","state":"MA","address":"4548 N MAIN ST","name":""},
  {"lat":41.677251,"lon":-71.15478,"city":"Fall River","state":"MA","address":"864 STAFFORD ROAD","name":""},
  {"lat":41.566109,"lon":-70.59594,"city":"Falmouth","state":"MA","address":"212 TEATICKET HWY","name":""},
  {"lat":41.702996,"lon":-72.887646,"city":"Farmington","state":"CT","address":"352 SCOTT SWAMP RD","name":""},
  {"lat":43.39053,"lon":-71.064861,"city":"Farmington","state":"NH","address":"509 MAIN STREET","name":""},
  {"lat":42.075753,"lon":-72.656094,"city":"Feeding Hills","state":"MA","address":"794 SPRINGFIELD ST","name":""},
  {"lat":42.115625,"lon":-72.109207,"city":"Fiskdale","state":"MA","address":"506 MAIN ST","name":""},
  {"lat":42.567538,"lon":-71.813624,"city":"Fitchburg","state":"MA","address":"479 ELECTRIC AVE","name":""},
  {"lat":42.582709,"lon":-71.818089,"city":"Fitchburg","state":"MA","address":"550 KIMBALL ST","name":""},
  {"lat":42.335404,"lon":-72.669069,"city":"Florence","state":"MA","address":"53 MAIN STREET","name":""},
  {"lat":42.954196,"lon":-74.376438,"city":"Fonda","state":"NY","address":"29 W MAIN ST","name":""},
  {"lat":43.413986,"lon":-73.488601,"city":"Fort Ann","state":"NY","address":"63 GEORGE ST","name":""},
  {"lat":43.283466,"lon":-73.58701,"city":"Fort Edward","state":"NY","address":"351 UPPER BROADWAY","name":""},
  {"lat":26.137268,"lon":-80.140836,"city":"Fort Lauderdale","state":"FL","address":"301 E SUNRISE BLVD","name":""},
  {"lat":27.485537,"lon":-80.299402,"city":"Fort Pierce","state":"FL","address":"1020 SHOREWINDS DR","name":""},
  {"lat":27.425109,"lon":-80.361571,"city":"Fort Pierce","state":"FL","address":"2009 SOUTH 35TH ST","name":""},
  {"lat":27.374742,"lon":-80.351121,"city":"Fort Pierce","state":"FL","address":"2500 W MIDWAY RD","name":""},
  {"lat":27.462551,"lon":-80.302806,"city":"Fort Pierce","state":"FL","address":"975 SEAWAY DRIVE","name":""},
  {"lat":42.066781,"lon":-71.247822,"city":"Foxboro","state":"MA","address":"20 MECHANIC ST","name":""},
  {"lat":42.309066,"lon":-71.383296,"city":"Framingham","state":"MA","address":"730 COCHITUATE ROAD","name":""},
  {"lat":43.443636,"lon":-71.648484,"city":"Franklin","state":"NH","address":"239 CENTRAL STREET","name":""},
  {"lat":41.681395,"lon":-71.142583,"city":"Fall River","state":"MA","address":"64 STEVENS STREET","name":""},
  {"lat":41.762939,"lon":-71.095365,"city":"Freetown","state":"MA","address":"34 INNOVATION WAY","name":""},
  {"lat":44.232685,"lon":-69.773692,"city":"Gardiner","state":"ME","address":"148 BRIDGE ST","name":""},
  {"lat":42.573534,"lon":-71.994065,"city":"Gardner","state":"MA","address":"130 MAIN ST","name":""},
  {"lat":42.313508,"lon":-72.20451,"city":"Gilbertville","state":"MA","address":"29 HARDWICK RD","name":""},
  {"lat":41.721748,"lon":-72.615053,"city":"Glastonbury","state":"CT","address":"2875 MAIN STREET","name":""},
  {"lat":42.600436,"lon":-73.792305,"city":"Glenmont","state":"NY","address":"430 RTE 9W","name":""},
  {"lat":42.620875,"lon":-73.776775,"city":"Glenmont","state":"NY","address":"68 ROUTE 9W","name":""},
  {"lat":43.314229,"lon":-73.648164,"city":"Glens Falls","state":"NY","address":"84 BAY ST","name":""},
  {"lat":43.054306,"lon":-74.342679,"city":"Gloversville","state":"NY","address":"136 N MAIN STREET","name":""},
  {"lat":43.015614,"lon":-71.597692,"city":"Goffstown","state":"NH","address":"2 S MAST RD","name":""},
  {"lat":43.681357,"lon":-70.437291,"city":"Gorham","state":"ME","address":"137 MAIN ST","name":""},
  {"lat":43.640424,"lon":-70.42098,"city":"Gorham","state":"ME","address":"5 BLUE LEDGE RD","name":""},
  {"lat":44.388234,"lon":-71.173009,"city":"Gorham","state":"NH","address":"60 MAIN ST","name":""},
  {"lat":42.20629,"lon":-71.682918,"city":"Grafton","state":"MA","address":"16 UPTON ST","name":""},
  {"lat":41.951142,"lon":-72.78687,"city":"Granby","state":"CT","address":"19 HARTFORD AVE","name":""},
  {"lat":42.246638,"lon":-72.543296,"city":"Granby","state":"MA","address":"74 W STATE ST","name":""},
  {"lat":43.399563,"lon":-73.265547,"city":"Granville","state":"NY","address":"78 QUAKER ST","name":""},
  {"lat":43.886648,"lon":-70.329278,"city":"Gray","state":"ME","address":"12 MAIN ST","name":""},
  {"lat":42.198979,"lon":-73.361035,"city":"Great Barrington","state":"MA","address":"140 MAIN STREET","name":""},
  {"lat":26.607112,"lon":-80.114744,"city":"Greenacres","state":"FL","address":"4771 S MILITARY TRL","name":""},
  {"lat":26.631551,"lon":-80.125099,"city":"Greenacres","state":"FL","address":"5245 10TH AVE N","name":""},
  {"lat":42.601286,"lon":-72.593134,"city":"Greenfield","state":"MA","address":"317 FEDERAL ST","name":""},
  {"lat":43.035982,"lon":-70.842812,"city":"Greenland","state":"NH","address":"645 PORTSMOUTH AVE","name":""},
  {"lat":42.415006,"lon":-74.023215,"city":"Greenville","state":"NY","address":"4887 STATE RTE 81","name":""},
  {"lat":41.225375,"lon":-74.292134,"city":"Greenwood","state":"NY","address":"109 WINDERMERE AVE","name":""},
  {"lat":41.349743,"lon":-72.076543,"city":"Groton","state":"CT","address":"273 MITCHELL STREET","name":""},
  {"lat":42.706733,"lon":-73.922061,"city":"Guilderland","state":"NY","address":"2430 WESTERN AVE","name":""},
  {"lat":43.097132,"lon":-73.510802,"city":"Greenwich","state":"NY","address":"1252 STATE ROUTE 29","name":""},
  {"lat":42.341495,"lon":-72.594627,"city":"Hadley","state":"MA","address":"109 RUSSELL ST","name":""},
  {"lat":41.995812,"lon":-70.843221,"city":"Halifax","state":"MA","address":"292 PLYMOUTH ST","name":""},
  {"lat":42.043884,"lon":-70.842334,"city":"Hanson","state":"MA","address":"2 MAIN ST","name":""},
  {"lat":41.66816,"lon":-70.072177,"city":"Harwichport","state":"MA","address":"578 MAIN ST","name":""},
  {"lat":42.781949,"lon":-71.07664,"city":"Haverhill","state":"MA","address":"323 MAIN STREET","name":""},
  {"lat":42.773192,"lon":-71.115717,"city":"Haverhill","state":"MA","address":"426 LOWELL AVENUE","name":""},
  {"lat":43.117377,"lon":-71.891469,"city":"Hillsboro","state":"NH","address":"60 HENNIKER STREET","name":""},
  {"lat":27.098731,"lon":-80.158618,"city":"Hobe Sound","state":"FL","address":"8685 SE FEDERAL HWY","name":""},
  {"lat":26.033038,"lon":-80.158753,"city":"Hollywood","state":"FL","address":"2526 SHERIDAN STREET","name":""},
  {"lat":42.900876,"lon":-73.352157,"city":"Hoosick Falls","state":"NY","address":"25 CHURCH ST","name":""},
  {"lat":42.126449,"lon":-71.537557,"city":"Hopedale","state":"MA","address":"115 MENDON STREET","name":""},
  {"lat":41.629416,"lon":-73.695409,"city":"Hopewell Junction","state":"NY","address":"2447 ROUTE 55","name":""},
  {"lat":42.216586,"lon":-71.542069,"city":"Hopkinton","state":"MA","address":"91 W MAIN ST","name":""},
  {"lat":42.77992,"lon":-71.444693,"city":"Hudson","state":"NH","address":"10 MORGAN RD","name":""},
  {"lat":42.767273,"lon":-71.414655,"city":"Hudson","state":"NH","address":"189 CENTRAL ST","name":""},
  {"lat":42.380606,"lon":-71.566981,"city":"Hudson","state":"MA","address":"200 WASHINGTON ST","name":""},
  {"lat":42.394397,"lon":-71.578635,"city":"Hudson","state":"MA","address":"87 CENTRAL STREET","name":""},
  {"lat":43.306376,"lon":-73.563762,"city":"Hudson Falls","state":"NY","address":"1075 STATE ROUTE 196","name":""},
  {"lat":43.310151,"lon":-73.583815,"city":"Hudson Falls","state":"NY","address":"21 FEEDER STREET","name":""},
  {"lat":43.297,"lon":-73.584639,"city":"Hudson Falls","state":"NY","address":"70 MAIN ST","name":""},
  {"lat":42.278604,"lon":-70.867707,"city":"Hull","state":"MA","address":"377 NANTASKET AVE","name":""},
  {"lat":42.301573,"lon":-70.883682,"city":"Hull","state":"MA","address":"805 NANTASKET AVE","name":""},
  {"lat":42.205707,"lon":-74.202845,"city":"Hunter","state":"NY","address":"7582 MAIN ST","name":""},
  {"lat":41.673621,"lon":-70.307591,"city":"Hyannis","state":"MA","address":"1171 IYANNOUGH RD","name":""},
  {"lat":41.663196,"lon":-70.286748,"city":"Hyannis","state":"MA","address":"375 BARNSTABLE RD","name":""},
  {"lat":41.648725,"lon":-70.311218,"city":"Hyannis","state":"MA","address":"395 W MAIN ST","name":""},
  {"lat":42.153446,"lon":-70.845854,"city":"Hanover","state":"MA","address":"1987 WASHINGTON STREET","name":""},
  {"lat":42.154239,"lon":-72.489687,"city":"Indian Orchard","state":"MA","address":"66 PARKER STREET","name":""},
  {"lat":42.684978,"lon":-70.918914,"city":"Ipswich","state":"MA","address":"66 TURNPIKE ROAD","name":""},
  {"lat":42.681487,"lon":-70.840343,"city":"Ipswich","state":"MA","address":"70 CENTRAL ST","name":""},
  {"lat":41.498521,"lon":-71.375101,"city":"Jamestown","state":"RI","address":"41 NORTH RD","name":""},
  {"lat":27.264521,"lon":-80.202445,"city":"Jensen Beach","state":"FL","address":"10975 SOUTH A1A","name":""},
  {"lat":27.229803,"lon":-80.236017,"city":"Jensen Beach","state":"FL","address":"2001 NE SAVANNAH RD","name":""},
  {"lat":41.833577,"lon":-71.553525,"city":"Johnston","state":"RI","address":"2643 HARTFORD AVE","name":""},
  {"lat":41.831614,"lon":-71.473198,"city":"Johnston","state":"RI","address":"663 KILLINGLY ST","name":""},
  {"lat":42.930087,"lon":-72.277257,"city":"Keene","state":"NH","address":"162 MAIN STREET","name":""},
  {"lat":43.384534,"lon":-70.542563,"city":"Kennebunk","state":"ME","address":"3 MAIN ST","name":""},
  {"lat":41.995523,"lon":-70.742405,"city":"Kingston","state":"MA","address":"2 PEMBROKE ST","name":""},
  {"lat":41.98404,"lon":-70.700387,"city":"Kingston","state":"MA","address":"41 MAIN ST","name":""},
  {"lat":43.523372,"lon":-71.471161,"city":"Laconia","state":"NH","address":"124 COURT ST","name":""},
  {"lat":43.605981,"lon":-71.463952,"city":"Laconia","state":"NH","address":"193 ENDICOTT ST N","name":""},
  {"lat":43.312215,"lon":-73.834839,"city":"Lake Luzerne","state":"NY","address":"101 LAKE AVE","name":""},
  {"lat":40.83133,"lon":-73.134313,"city":"Lake Ronkonkoma","state":"NY","address":"316 SMITHTOWN BLVD","name":""},
  {"lat":26.628482,"lon":-80.104555,"city":"Lake Worth","state":"FL","address":"3980 10TH AVE N","name":""},
  {"lat":26.573618,"lon":-80.146661,"city":"Lake Worth","state":"FL","address":"6919 SOUTH JOG RD","name":""},
  {"lat":42.44413,"lon":-71.666222,"city":"Lancaster","state":"MA","address":"460 HIGH STREET EXT","name":""},
  {"lat":42.438331,"lon":-71.687232,"city":"Lancaster","state":"MA","address":"94 MAIN STREET","name":""},
  {"lat":42.769617,"lon":-73.818024,"city":"Latham","state":"NY","address":"1159 TROY SCHENECTADY RD","name":""},
  {"lat":42.740233,"lon":-73.735449,"city":"Latham","state":"NY","address":"211 TROY SCHENECTADY RD","name":""},
  {"lat":42.689974,"lon":-71.158775,"city":"Lawrence","state":"MA","address":"320 S BROADWAY","name":""},
  {"lat":42.244889,"lon":-71.907034,"city":"Leicester","state":"MA","address":"10 S MAIN ST","name":""},
  {"lat":42.245804,"lon":-71.931979,"city":"Leicester","state":"MA","address":"1530 MAIN ST","name":""},
  {"lat":42.565533,"lon":-71.747299,"city":"Leominster","state":"MA","address":"1289 MAIN STREET","name":""},
  {"lat":42.520155,"lon":-71.738705,"city":"Leominster","state":"MA","address":"454 MECHANIC ST","name":""},
  {"lat":44.121249,"lon":-70.202407,"city":"Lewiston","state":"ME","address":"691 MAIN ST","name":""},
  {"lat":44.1027,"lon":-70.175904,"city":"Lewiston","state":"ME","address":"753 SABATTUS ST","name":""},
  {"lat":42.435561,"lon":-71.234887,"city":"Lexington","state":"MA","address":"324 MARRETT RD","name":""},
  {"lat":41.880991,"lon":-71.415238,"city":"Lincoln","state":"RI","address":"823 SMITHFIELD AVE","name":""},
  {"lat":44.309116,"lon":-71.79195,"city":"Littleton","state":"NH","address":"278 MEADOW STREET","name":""},
  {"lat":44.300569,"lon":-71.804102,"city":"Littleton","state":"NH","address":"815 MEADOW ST","name":""},
  {"lat":44.474076,"lon":-70.189836,"city":"Livermore Falls","state":"ME","address":"53 MAIN STREET","name":""},
  {"lat":42.167827,"lon":-72.511337,"city":"Ludlow","state":"MA","address":"105 WEST STREET","name":""},
  {"lat":42.15921,"lon":-72.473738,"city":"Ludlow","state":"MA","address":"320 EAST ST","name":""},
  {"lat":42.170196,"lon":-72.480162,"city":"Ludlow","state":"MA","address":"463 CENTER ST","name":""},
  {"lat":44.53316,"lon":-72.003563,"city":"Lyndonville","state":"VT","address":"957 BROAD ST","name":""},
  {"lat":42.479909,"lon":-70.954985,"city":"Lynn","state":"MA","address":"668 CHESTNUT STREET","name":""},
  {"lat":41.279765,"lon":-72.597472,"city":"Madison","state":"CT","address":"633 BOSTON POST ROAD","name":""},
  {"lat":42.970573,"lon":-73.797361,"city":"Malta","state":"NY","address":"527 ROUTE 67","name":""},
  {"lat":43.007176,"lon":-71.459659,"city":"Manchester","state":"NH","address":"108 WEBSTER ST","name":""},
  {"lat":41.78365,"lon":-72.522833,"city":"Manchester","state":"CT","address":"3 MIDDLE TPKE E","name":""},
  {"lat":42.989367,"lon":-71.498465,"city":"Manchester","state":"NH","address":"772 MAST RD","name":""},
  {"lat":40.87056,"lon":-72.80044,"city":"Manorville","state":"NY","address":"498 COUNTY ROAD 111","name":""},
  {"lat":42.032151,"lon":-71.216636,"city":"Mansfield","state":"MA","address":"30 CHAUNCY ST","name":""},
  {"lat":26.235743,"lon":-80.201222,"city":"Margate","state":"FL","address":"5485 WEST ATLANTIC BLVD","name":""},
  {"lat":41.714926,"lon":-70.769884,"city":"Marion","state":"MA","address":"406 WAREHAM RD","name":""},
  {"lat":42.435846,"lon":-71.452366,"city":"Maynard","state":"MA","address":"54 ACTON ST","name":""},
  {"lat":44.111788,"lon":-70.392524,"city":"Mechanic Falls","state":"ME","address":"4 N MAIN ST","name":""},
  {"lat":42.900981,"lon":-73.689818,"city":"Mechanicville","state":"NY","address":"77 S CENTRAL AVE","name":""},
  {"lat":42.185076,"lon":-71.309027,"city":"Medfield","state":"MA","address":"560 MAIN ST","name":""},
  {"lat":42.14418,"lon":-71.442035,"city":"Medway","state":"MA","address":"41 MILFORD ST","name":""},
  {"lat":28.121191,"lon":-80.639062,"city":"Melbourne","state":"FL","address":"890 N APOLLO BLVD","name":""},
  {"lat":43.660836,"lon":-71.501318,"city":"Meredith","state":"NH","address":"334 DANIEL WEBSTER HWY","name":""},
  {"lat":41.511041,"lon":-72.816896,"city":"Meriden","state":"CT","address":"1087 OLD COLONY RD","name":""},
  {"lat":41.544152,"lon":-72.784225,"city":"Meriden","state":"CT","address":"937 BROAD ST","name":""},
  {"lat":28.381989,"lon":-80.703341,"city":"Merritt Island","state":"FL","address":"1385 N COURTENAY PKWY","name":""},
  {"lat":27.880617,"lon":-80.50189,"city":"Micco","state":"FL","address":"8090 US HIGHWAY 1","name":""},
  {"lat":41.88427,"lon":-70.918179,"city":"Middleboro","state":"MA","address":"150 S MAIN ST","name":""},
  {"lat":41.879497,"lon":-70.897576,"city":"Middleboro","state":"MA","address":"90 E GROVE ST","name":""},
  {"lat":42.594681,"lon":-71.015169,"city":"Middleton","state":"MA","address":"4 S MAIN ST","name":""},
  {"lat":41.442208,"lon":-74.441341,"city":"Middletown","state":"NY","address":"356 EAST MAIN STREET","name":""},
  {"lat":41.492254,"lon":-71.284484,"city":"Middletown","state":"RI","address":"94 AQUIDNECK AVENUE","name":""},
  {"lat":41.231799,"lon":-73.045696,"city":"Milford","state":"CT","address":"1023 BOSTON POST RD","name":""},
  {"lat":42.835436,"lon":-71.646342,"city":"Milford","state":"NH","address":"142 NASHUA ST","name":""},
  {"lat":41.222342,"lon":-73.073615,"city":"Milford","state":"CT","address":"258 BOSTON POST RD","name":""},
  {"lat":42.823229,"lon":-71.623442,"city":"Milford","state":"NH","address":"583 NASHUA ST","name":""},
  {"lat":41.953293,"lon":-73.505464,"city":"Millerton","state":"NY","address":"97 MAIN ST","name":""},
  {"lat":43.415424,"lon":-70.987124,"city":"Milton","state":"NH","address":"569 WHITE MTN HWY","name":""},
  {"lat":41.323429,"lon":-73.26651,"city":"Monroe","state":"CT","address":"455 MAIN ST","name":""},
  {"lat":41.319864,"lon":-74.17725,"city":"Monroe","state":"NY","address":"502 ROUTE 17M","name":""},
  {"lat":44.256208,"lon":-72.576474,"city":"Montpelier","state":"VT","address":"37 BERLIN ST","name":""},
  {"lat":41.71924,"lon":-70.61402,"city":"Monument Beach","state":"MA","address":"435 SHORE ROAD","name":""},
  {"lat":41.712264,"lon":-71.881528,"city":"Moosup","state":"CT","address":"12 SOUTH MAIN STREET","name":""},
  {"lat":44.561384,"lon":-72.597919,"city":"Morrisville","state":"VT","address":"20 UPPER MAIN ST","name":""},
  {"lat":41.555334,"lon":-73.091961,"city":"Middlebury","state":"CT","address":"1680 STRAITS TURNPIKE","name":""},
  {"lat":41.521644,"lon":-71.282723,"city":"Middletown","state":"RI","address":"533 EAST MAIN ROAD","name":""},
  {"lat":43.304543,"lon":-70.734529,"city":"N Berwick","state":"ME","address":"34 MAIN ST","name":""},
  {"lat":41.275931,"lon":-70.094396,"city":"Nantucket","state":"MA","address":"115 ORANGE STREET","name":""},
  {"lat":41.27134,"lon":-70.092966,"city":"Nantucket","state":"MA","address":"30 SPARKS AVE","name":""},
  {"lat":41.488073,"lon":-71.437202,"city":"Narragansett","state":"RI","address":"1141 BOSTON NECK RD","name":""},
  {"lat":41.38824,"lon":-71.485944,"city":"Narragansett","state":"RI","address":"865 POINT JUDITH RD","name":""},
  {"lat":42.769377,"lon":-71.478723,"city":"Nashua","state":"NH","address":"106 AMHERST STREET","name":""},
  {"lat":42.728163,"lon":-71.448451,"city":"Nashua","state":"NH","address":"111 DANIEL WEBSTER HWY","name":""},
  {"lat":42.702546,"lon":-71.440343,"city":"Nashua","state":"NH","address":"308 DANIEL WEBSTER HWY","name":""},
  {"lat":42.516003,"lon":-73.61027,"city":"Nassau","state":"NY","address":"2 CHATHAM ST","name":""},
  {"lat":41.504582,"lon":-73.04498,"city":"Naugatuck","state":"CT","address":"527 N MAIN STREET","name":""},
  {"lat":41.487291,"lon":-73.057433,"city":"Naugatuck","state":"CT","address":"69 RUBBER AVE","name":""},
  {"lat":41.676371,"lon":-70.923044,"city":"New Bedford","state":"MA","address":"2012 ACUSHNET AVE","name":""},
  {"lat":41.698271,"lon":-70.934913,"city":"New Bedford","state":"MA","address":"2886 ACUSHNET AVE","name":""},
  {"lat":41.680641,"lon":-70.933999,"city":"New Bedford","state":"MA","address":"757 ASHLEY BLVD","name":""},
  {"lat":41.635777,"lon":-70.948781,"city":"New Bedford","state":"MA","address":"810 ROCKDALE AVE","name":""},
  {"lat":41.65873,"lon":-70.947369,"city":"New Bedford","state":"MA","address":"923 SHAWMUT AVE","name":""},
  {"lat":41.658391,"lon":-72.764612,"city":"New Britain","state":"CT","address":"194 EAST STREET","name":""},
  {"lat":40.755263,"lon":-73.688414,"city":"New Hyde Park","state":"NY","address":"2201 NEW HYDE PARK RD","name":""},
  {"lat":41.341785,"lon":-72.105593,"city":"New London","state":"CT","address":"215 MONTAUK AVENUE","name":""},
  {"lat":41.529163,"lon":-73.424064,"city":"New Milford","state":"CT","address":"376 DANBURY RD","name":""},
  {"lat":41.464219,"lon":-74.035502,"city":"New Windsor","state":"NY","address":"405 BLOOMING GROVE TPKE","name":""},
  {"lat":41.524742,"lon":-74.118611,"city":"Newburgh","state":"NY","address":"270 ROUTE 17K","name":""},
  {"lat":43.094398,"lon":-70.794917,"city":"Newington","state":"NH","address":"97 GOSLING RD","name":""},
  {"lat":41.493543,"lon":-71.309375,"city":"Newport","state":"RI","address":"125 BROADWAY","name":""},
  {"lat":44.943435,"lon":-72.193192,"city":"Newport","state":"VT","address":"535 E MAIN ST","name":""},
  {"lat":44.712642,"lon":-69.789084,"city":"Norridgewock","state":"ME","address":"3 WATERVILLE RD","name":""},
  {"lat":42.664565,"lon":-73.106834,"city":"North Adams","state":"MA","address":"1366 CURRAN HWY","name":""},
  {"lat":42.692653,"lon":-73.107788,"city":"North Adams","state":"MA","address":"245 ASHLAND ST","name":""},
  {"lat":42.697425,"lon":-73.091361,"city":"North Adams","state":"MA","address":"594 MOHAWK TRL","name":""},
  {"lat":41.968881,"lon":-71.334619,"city":"North Attleboro","state":"MA","address":"103 E WASHINGTON ST","name":""},
  {"lat":41.969864,"lon":-71.311047,"city":"North Attleboro","state":"MA","address":"150 COMMONWEALTH AVE","name":""},
  {"lat":42.007958,"lon":-71.302298,"city":"North Attleboro","state":"MA","address":"573 KELLEY BOULEVARD","name":""},
  {"lat":42.572062,"lon":-71.278303,"city":"North Billerica","state":"MA","address":"301 BOSTON ROAD","name":""},
  {"lat":41.638378,"lon":-70.970141,"city":"North Dartmouth","state":"MA","address":"122 STATE RD","name":""},
  {"lat":42.228427,"lon":-71.721914,"city":"North Grafton","state":"MA","address":"217 WORCESTER ST","name":""},
  {"lat":42.657967,"lon":-73.692648,"city":"North Greenbush","state":"NY","address":"499 N GREENBUSH RD","name":""},
  {"lat":41.376817,"lon":-72.882142,"city":"North Haven","state":"CT","address":"249 STATE ST","name":""},
  {"lat":42.172554,"lon":-71.880125,"city":"North Oxford","state":"MA","address":"200 SOUTHBRIDGE RD","name":""},
  {"lat":41.86825,"lon":-71.424681,"city":"North Providence","state":"RI","address":"1040 MINERAL SPRINGS AVE","name":""},
  {"lat":41.85833,"lon":-71.486359,"city":"North Providence","state":"RI","address":"2064 SMITH STREET","name":""},
  {"lat":42.006563,"lon":-71.585316,"city":"North Smithfield","state":"RI","address":"901 VICTORY HWY","name":""},
  {"lat":42.324299,"lon":-72.633114,"city":"Northampton","state":"MA","address":"134 KING STREET","name":""},
  {"lat":42.32009,"lon":-71.641406,"city":"Northborough","state":"MA","address":"15 MAIN ST","name":""},
  {"lat":42.152038,"lon":-71.649762,"city":"Northbridge","state":"MA","address":"2222 PROVIDENCE RD","name":""},
  {"lat":44.158794,"lon":-72.65669,"city":"Northfield","state":"VT","address":"706 N MAIN STREET","name":""},
  {"lat":41.990703,"lon":-71.210955,"city":"Norton","state":"MA","address":"246 MANSFIELD AVE","name":""},
  {"lat":41.963781,"lon":-71.191186,"city":"Norton","state":"MA","address":"60 WEST MAIN ST","name":""},
  {"lat":41.1245,"lon":-73.41606,"city":"Norwalk","state":"CT","address":"136 MAIN ST","name":""},
  {"lat":44.212738,"lon":-70.538167,"city":"Norway","state":"ME","address":"251 MAIN ST","name":""},
  {"lat":41.509491,"lon":-72.075037,"city":"Norwich","state":"CT","address":"412 LAUREL HILL AVE","name":""},
  {"lat":42.789562,"lon":-71.517441,"city":"Nashua","state":"NH","address":"452 AMHERST STREET","name":""},
  {"lat":41.694196,"lon":-72.756726,"city":"Newington","state":"CT","address":"724 CEDAR ST","name":""},
  {"lat":41.860422,"lon":-71.466126,"city":"North Providence","state":"RI","address":"1874 Mineral Spring Ave","name":""},
  {"lat":41.860455,"lon":-71.469097,"city":"North Providence","state":"RI","address":"1933 MINERAL SPRING AVE","name":""},
  {"lat":43.247815,"lon":-70.600033,"city":"Ogunquit","state":"ME","address":"186 MAIN ST","name":""},
  {"lat":41.273745,"lon":-72.993649,"city":"Orange","state":"CT","address":"151 BOSTON POST ROAD","name":""},
  {"lat":42.590704,"lon":-72.310743,"city":"Orange","state":"MA","address":"25 EAST MAIN STREET","name":""},
  {"lat":41.786803,"lon":-69.992577,"city":"Orleans","state":"MA","address":"119 RT 6A","name":""},
  {"lat":42.110358,"lon":-71.86613,"city":"Oxford","state":"MA","address":"235 MAIN ST","name":""},
  {"lat":42.117204,"lon":-71.865354,"city":"Oxford","state":"MA","address":"311 MAIN ST","name":""},
  {"lat":41.298067,"lon":-72.376233,"city":"Old Saybrook","state":"CT","address":"602 BOSTON POST RD","name":""},
  {"lat":27.999611,"lon":-80.672239,"city":"Palm Bay","state":"FL","address":"105 MALABAR ROAD NE","name":""},
  {"lat":28.035701,"lon":-80.621094,"city":"Palm Bay","state":"FL","address":"1703 PALM BAY RD NE","name":""},
  {"lat":27.998361,"lon":-80.647898,"city":"Palm Bay","state":"FL","address":"880 MALABAR RD SE","name":""},
  {"lat":42.158337,"lon":-72.331711,"city":"Palmer","state":"MA","address":"1468 N MAIN ST","name":""},
  {"lat":41.873616,"lon":-71.376751,"city":"Pawtucket","state":"RI","address":"193 DIVISION ST","name":""},
  {"lat":42.069149,"lon":-70.810375,"city":"Pembroke","state":"MA","address":"137 CENTER ST","name":""},
  {"lat":42.664754,"lon":-71.578318,"city":"Pepperell","state":"MA","address":"121 MAIN STREET","name":""},
  {"lat":42.248476,"lon":-73.65219,"city":"Philmont","state":"NY","address":"76 MAIN STREET","name":""},
  {"lat":42.452718,"lon":-73.24967,"city":"Pittsfield","state":"MA","address":"154 1ST ST","name":""},
  {"lat":42.468765,"lon":-73.202003,"city":"Pittsfield","state":"MA","address":"885 DALTON AVE","name":""},
  {"lat":42.00619,"lon":-71.336566,"city":"Plainville","state":"MA","address":"139 SOUTH ST","name":""},
  {"lat":41.6676,"lon":-72.867569,"city":"Plainville","state":"CT","address":"64 BROAD ST","name":""},
  {"lat":42.844697,"lon":-71.107252,"city":"Plaistow","state":"NH","address":"142 PLAISTOW RD","name":""},
  {"lat":41.951669,"lon":-70.686913,"city":"Plymouth","state":"MA","address":"154 SAMOSET ST","name":""},
  {"lat":29.138288,"lon":-81.010665,"city":"Port Orange","state":"FL","address":"3657 SOUTH NOVA RD","name":""},
  {"lat":29.14251,"lon":-81.034497,"city":"Port Orange","state":"FL","address":"3803 S CLYDE MORRIS BLVD","name":""},
  {"lat":27.293081,"lon":-80.285419,"city":"Port St. Lucie","state":"FL","address":"1498 SE LENNARD RD","name":""},
  {"lat":27.24967,"lon":-80.377537,"city":"Port St. Lucie","state":"FL","address":"3174 SW PORT ST LUCIE BLV","name":""},
  {"lat":27.280317,"lon":-80.373304,"city":"Port St. Lucie","state":"FL","address":"973 SW DEL RIO BLVD","name":""},
  {"lat":43.6862,"lon":-70.292807,"city":"Portland","state":"ME","address":"1136 FOREST AVENUE","name":""},
  {"lat":41.569922,"lon":-72.631879,"city":"Portland","state":"CT","address":"204 MARLBOROUGH STREET","name":""},
  {"lat":43.651493,"lon":-70.268644,"city":"Portland","state":"ME","address":"49 PINE ST","name":""},
  {"lat":43.668858,"lon":-70.301258,"city":"Portland","state":"ME","address":"512 WOODFORD ST","name":""},
  {"lat":43.686378,"lon":-70.26828,"city":"Portland","state":"ME","address":"801 WASHINGTON AVE","name":""},
  {"lat":43.044716,"lon":-70.772218,"city":"Portsmouth","state":"NH","address":"1475 LAFAYETTE ROAD","name":""},
  {"lat":41.580554,"lon":-71.252745,"city":"Portsmouth","state":"RI","address":"1812 E MAIN RD","name":""},
  {"lat":41.614727,"lon":-71.246386,"city":"Portsmouth","state":"RI","address":"3166 E MAIN RD","name":""},
  {"lat":41.791259,"lon":-71.406494,"city":"Providence","state":"RI","address":"1297 BROAD ST","name":""},
  {"lat":41.853588,"lon":-71.429925,"city":"Providence","state":"RI","address":"744 BRANCH AVE","name":""},
  {"lat":41.847143,"lon":-71.395588,"city":"Providence","state":"RI","address":"751 HOPE ST","name":""},
  {"lat":42.05341,"lon":-70.196079,"city":"Provincetown","state":"MA","address":"100 SHANK PAINTER ROAD","name":""},
  {"lat":41.923933,"lon":-71.916306,"city":"Putnam","state":"CT","address":"171 WOODSTOCK AVE","name":""},
  {"lat":41.617651,"lon":-71.246661,"city":"Portsmouth","state":"RI","address":"3302 EAST MAIN ROAD","name":""},
  {"lat":41.828322,"lon":-71.427028,"city":"Providence","state":"RI","address":"288 KINSLEY AVENUE","name":""},
  {"lat":41.42479,"lon":-72.109535,"city":"Quaker Hill","state":"CT","address":"47 NORWICH RD","name":""},
  {"lat":43.298109,"lon":-73.675182,"city":"Queensbury","state":"NY","address":"110 MAIN ST","name":""},
  {"lat":43.330678,"lon":-73.636257,"city":"Queensbury","state":"NY","address":"410 QUAKER ROAD","name":""},
  {"lat":43.339542,"lon":-73.68073,"city":"Queensbury","state":"NY","address":"966 ROUTE 9","name":""},
  {"lat":42.247855,"lon":-70.982937,"city":"Quincy","state":"MA","address":"453 WASHINGTON STREET","name":""},
  {"lat":43.927277,"lon":-72.665592,"city":"Randolph","state":"VT","address":"7 CENTRAL ST","name":""},
  {"lat":42.467933,"lon":-73.815803,"city":"Ravena","state":"NY","address":"2466 US ROUTE 9W","name":""},
  {"lat":42.525376,"lon":-71.084749,"city":"Reading","state":"MA","address":"303 SALEM ST","name":""},
  {"lat":41.855254,"lon":-71.238295,"city":"Rehoboth","state":"MA","address":"232 WINTHROP ST","name":""},
  {"lat":44.405262,"lon":-72.993277,"city":"Richmond","state":"VT","address":"13 W MAIN ST","name":""},
  {"lat":41.797759,"lon":-71.363127,"city":"Riverside","state":"RI","address":"2812 PAWTUCKET AVE","name":""},
  {"lat":43.300583,"lon":-70.972688,"city":"Rochester","state":"NH","address":"1 KNIGHT ST","name":""},
  {"lat":43.334104,"lon":-70.940254,"city":"Rochester","state":"NH","address":"2 HIGHLAND ST","name":""},
  {"lat":43.311267,"lon":-70.992564,"city":"Rochester","state":"NH","address":"299 N MAIN ST","name":""},
  {"lat":43.337379,"lon":-70.973185,"city":"Rochester","state":"NH","address":"79 MILTON RD","name":""},
  {"lat":42.655165,"lon":-70.624698,"city":"Rockport","state":"MA","address":"9 RAILROAD AVENUE","name":""},
  {"lat":41.650202,"lon":-72.679968,"city":"Rocky Hill","state":"CT","address":"741 CROMWELL AVE","name":""},
  {"lat":43.226811,"lon":-70.812523,"city":"Rollinsford","state":"NH","address":"996 PORTLAND AVE","name":""},
  {"lat":42.765097,"lon":-73.939501,"city":"Rotterdam","state":"NY","address":"3088 CARMAN RD","name":""},
  {"lat":42.189317,"lon":-72.859068,"city":"Russell","state":"MA","address":"16 WESTFIELD RD","name":""},
  {"lat":43.593582,"lon":-72.96908,"city":"Rutland","state":"VT","address":"212 S MAIN STREET","name":""},
  {"lat":28.267027,"lon":-80.722316,"city":"Rockledge","state":"FL","address":"1990 VIERA BOULEVARD","name":""},
  {"lat":44.111425,"lon":-70.110784,"city":"Sabattus","state":"ME","address":"145 SABATTUS ROAD","name":""},
  {"lat":43.499486,"lon":-70.448744,"city":"Saco","state":"ME","address":"31 ELM ST","name":""},
  {"lat":43.510007,"lon":-70.43319,"city":"Saco","state":"ME","address":"535 MAIN STREET","name":""},
  {"lat":42.75049,"lon":-71.205932,"city":"Salem","state":"NH","address":"382 S BROADWAY","name":""},
  {"lat":41.435454,"lon":-74.105448,"city":"Salisbury Mills","state":"NY","address":"1630 STATE ROUTE 94","name":""},
  {"lat":42.637455,"lon":-73.541669,"city":"Sand","state":"NY","address":"8427 MILLER HILL RD","name":""},
  {"lat":43.434578,"lon":-70.772593,"city":"Sanford","state":"ME","address":"975 MAIN ST","name":""},
  {"lat":43.113199,"lon":-73.771096,"city":"Saratoga Springs","state":"NY","address":"571 MAPLE AVE","name":""},
  {"lat":43.621605,"lon":-70.349811,"city":"Scarborough","state":"ME","address":"439 PAYNE RD","name":""},
  {"lat":42.797567,"lon":-73.92373,"city":"Schenectady","state":"NY","address":"1268 STATE ST","name":""},
  {"lat":42.768893,"lon":-73.914849,"city":"Schenectady","state":"NY","address":"1269 HIGHBRIDGE RD","name":""},
  {"lat":42.783587,"lon":-73.912109,"city":"Schenectady","state":"NY","address":"2530 ALBANY ST","name":""},
  {"lat":42.786634,"lon":-73.997539,"city":"Schenectady","state":"NY","address":"511 DUANESBURG RD","name":""},
  {"lat":43.103884,"lon":-73.580085,"city":"Schuylerville","state":"NY","address":"19 SPRING ST","name":""},
  {"lat":42.827355,"lon":-73.965564,"city":"Scotia","state":"NY","address":"222 MOHAWK AVE","name":""},
  {"lat":27.783229,"lon":-80.492892,"city":"Sebastian","state":"FL","address":"957 SEBASTIAN BOULEVARD","name":""},
  {"lat":41.786601,"lon":-71.317315,"city":"Seekonk","state":"MA","address":"1455 FALL RIVER AVENUE","name":""},
  {"lat":42.106326,"lon":-71.204231,"city":"Sharon","state":"MA","address":"433 S MAIN ST","name":""},
  {"lat":41.289659,"lon":-73.076512,"city":"Shelton","state":"CT","address":"464 RIVER RD","name":""},
  {"lat":41.262112,"lon":-73.095706,"city":"Shelton","state":"CT","address":"819 RIVER RD","name":""},
  {"lat":41.833332,"lon":-72.819307,"city":"Simsbury","state":"CT","address":"151 HOPMEADOW ST","name":""},
  {"lat":44.767355,"lon":-69.720116,"city":"Skowhegan","state":"ME","address":"65 MADISON AVE","name":""},
  {"lat":41.877647,"lon":-71.499556,"city":"Smithfield","state":"RI","address":"335 WATERMAN AVE","name":""},
  {"lat":41.73264,"lon":-71.172235,"city":"Somerset","state":"MA","address":"992 GRAND ARMY HWY","name":""},
  {"lat":43.244634,"lon":-70.89969,"city":"Somersworth","state":"NH","address":"216 ROUTE 108","name":""},
  {"lat":43.252918,"lon":-70.870286,"city":"Somersworth","state":"NH","address":"258 HIGH ST","name":""},
  {"lat":42.385919,"lon":-71.113931,"city":"Somerville","state":"MA","address":"701 SOMERVILLE AVE","name":""},
  {"lat":43.230889,"lon":-70.80796,"city":"South Berwick","state":"ME","address":"10 DOW HWY","name":""},
  {"lat":41.602867,"lon":-70.958825,"city":"South Dartmouth","state":"MA","address":"244 RUSSELLS MLLS RD","name":""},
  {"lat":42.47701,"lon":-72.612921,"city":"South Deerfield","state":"MA","address":"31 ELM ST","name":""},
  {"lat":41.692225,"lon":-70.152068,"city":"South Dennis","state":"MA","address":"460 ROUTE 134","name":""},
  {"lat":43.300491,"lon":-73.635368,"city":"South Glens Falls","state":"NY","address":"107 MAIN ST","name":""},
  {"lat":42.176953,"lon":-71.681314,"city":"South Grafton","state":"MA","address":"2 MAIN STREET","name":""},
  {"lat":42.237518,"lon":-72.581844,"city":"South Hadley","state":"MA","address":"507 NEWTON STREET","name":""},
  {"lat":42.610947,"lon":-70.873416,"city":"South Hamilton","state":"MA","address":"121 BAY RD","name":""},
  {"lat":43.635145,"lon":-70.234235,"city":"South Portland","state":"ME","address":"427 COTTAGE RD","name":""},
  {"lat":42.179491,"lon":-70.955677,"city":"South Weymouth","state":"MA","address":"767 MAIN STREET","name":""},
  {"lat":40.896699,"lon":-72.399091,"city":"Southampton","state":"NY","address":"13 COUNTY ROAD 39","name":""},
  {"lat":42.238305,"lon":-72.719466,"city":"Southampton","state":"MA","address":"130 COLLEGE HWY","name":""},
  {"lat":42.289419,"lon":-71.560231,"city":"Southborough","state":"MA","address":"365 TURNPIKE RD","name":""},
  {"lat":42.07609,"lon":-72.035781,"city":"Southbridge","state":"MA","address":"357 MAIN ST","name":""},
  {"lat":41.641884,"lon":-72.901824,"city":"Southington","state":"CT","address":"1978 WEST STREET","name":""},
  {"lat":41.641501,"lon":-72.873677,"city":"Southington","state":"CT","address":"909 QUEEN STREET","name":""},
  {"lat":42.086205,"lon":-72.559156,"city":"Springfield","state":"MA","address":"514 BELMONT AVE","name":""},
  {"lat":42.125875,"lon":-72.584126,"city":"Springfield","state":"MA","address":"798 CAREW ST","name":""},
  {"lat":41.960673,"lon":-72.314631,"city":"Stafford Springs","state":"CT","address":"116 W MAIN ST","name":""},
  {"lat":42.546932,"lon":-73.368361,"city":"Stephentown","state":"NY","address":"15937 RTE 22","name":""},
  {"lat":41.828102,"lon":-72.26609,"city":"Storrs","state":"CT","address":"1660 STORRS RD","name":""},
  {"lat":42.153356,"lon":-71.074303,"city":"Stoughton","state":"MA","address":"1634 TURNPIKE STREET","name":""},
  {"lat":42.12983,"lon":-71.101156,"city":"Stoughton","state":"MA","address":"590 WASHINGTON ST","name":""},
  {"lat":41.191151,"lon":-73.134913,"city":"Stratford","state":"CT","address":"1290 W BROAD ST","name":""},
  {"lat":27.125636,"lon":-80.192456,"city":"Stuart","state":"FL","address":"6521 SE FEDERAL HWY","name":""},
  {"lat":41.751143,"lon":-71.22553,"city":"Swansea","state":"MA","address":"1131 GAR HWY","name":""},
  {"lat":41.732401,"lon":-71.211904,"city":"Swansea","state":"MA","address":"520 WILBUR AVE","name":""},
  {"lat":41.799453,"lon":-71.331109,"city":"Seekonk","state":"MA","address":"965 FALL RIVER AVENUE","name":""},
  {"lat":41.910007,"lon":-71.091909,"city":"Taunton","state":"MA","address":"141 BROADWAY","name":""},
  {"lat":41.884356,"lon":-71.066072,"city":"Taunton","state":"MA","address":"660 COUNTY ST","name":""},
  {"lat":42.561573,"lon":-72.040388,"city":"Templeton","state":"MA","address":"163 PATRIOTS ROAD","name":""},
  {"lat":42.623711,"lon":-71.264788,"city":"Tewksbury","state":"MA","address":"270 MAIN ST","name":""},
  {"lat":41.660045,"lon":-73.081055,"city":"Thomaston","state":"CT","address":"32 WATERTOWN RD","name":""},
  {"lat":43.44298,"lon":-71.58741,"city":"Tilton","state":"NH","address":"235 MAIN ST","name":""},
  {"lat":28.616145,"lon":-80.808822,"city":"Titusville","state":"FL","address":"10 NORTH HOPKINS AVE","name":""},
  {"lat":28.555842,"lon":-80.846285,"city":"Titusville","state":"FL","address":"3170 CHENEY HWY","name":""},
  {"lat":28.576305,"lon":-80.803985,"city":"Titusville","state":"FL","address":"3505 S HOPKINS AVE","name":""},
  {"lat":28.572896,"lon":-80.846279,"city":"Titusville","state":"FL","address":"3669 SOUTH STREET","name":""},
  {"lat":28.55785,"lon":-80.798611,"city":"Titusville","state":"FL","address":"4560 SOUTH WASHINGTON AVE","name":""},
  {"lat":41.571058,"lon":-71.187455,"city":"Tiverton","state":"RI","address":"1860 MAIN RD","name":""},
  {"lat":41.81648,"lon":-73.093764,"city":"Torrington","state":"CT","address":"1237 E MAIN ST","name":""},
  {"lat":41.7841,"lon":-73.152323,"city":"Torrington","state":"CT","address":"1439 NEW LITCHFIELD ST","name":""},
  {"lat":41.796077,"lon":-73.120188,"city":"Torrington","state":"CT","address":"207 S MAIN ST","name":""},
  {"lat":42.707616,"lon":-73.678487,"city":"Troy","state":"NY","address":"505 CAMPBELL AVENUE","name":""},
  {"lat":42.704215,"lon":-73.65856,"city":"Troy","state":"NY","address":"625 PAWLING AVE","name":""},
  {"lat":42.741297,"lon":-73.652134,"city":"Troy","state":"NY","address":"630 HOOSICK ROAD","name":""},
  {"lat":42.600713,"lon":-72.564387,"city":"Turners Falls","state":"MA","address":"10 MONTAGUE CITY RD","name":""},
  {"lat":42.080739,"lon":-71.636841,"city":"Uxbridge","state":"MA","address":"128 NORTH MAIN ST","name":""},
  {"lat":42.41541,"lon":-73.68141,"city":"Valatie","state":"NY","address":"1046 KNDRHOOK ST","name":""},
  {"lat":41.841194,"lon":-72.489971,"city":"Vernon","state":"CT","address":"333 TALCOTTVILLE RD","name":""},
  {"lat":41.827773,"lon":-72.488506,"city":"Vernon","state":"CT","address":"343 HARTFORD TPKE","name":""},
  {"lat":27.632052,"lon":-80.388822,"city":"Vero Beach","state":"FL","address":"1690 US HWY 1","name":""},
  {"lat":27.67411,"lon":-80.406714,"city":"Vero Beach","state":"FL","address":"4490 US HWY 1","name":""},
  {"lat":27.588,"lon":-80.41358,"city":"Vero Beach","state":"FL","address":"890 27TH AVE SW","name":""},
  {"lat":41.453461,"lon":-70.60178,"city":"Vineyard Haven","state":"MA","address":"9 LAGOON POND RD","name":""},
  {"lat":42.522917,"lon":-71.07721,"city":"Wakefield","state":"MA","address":"200 LOWELL ST","name":""},
  {"lat":43.476153,"lon":-72.976842,"city":"Wallingford","state":"VT","address":"309 N MAIN ST","name":""},
  {"lat":41.482863,"lon":-72.809586,"city":"Wallingford","state":"CT","address":"906 NORTH COLONY RD","name":""},
  {"lat":42.13124,"lon":-71.242253,"city":"Walpole","state":"MA","address":"1185 WASHINGTON ST","name":""},
  {"lat":42.134741,"lon":-71.260541,"city":"Walpole","state":"MA","address":"1324 MAIN ST","name":""},
  {"lat":42.252409,"lon":-72.258093,"city":"Ware","state":"MA","address":"195 WEST ST","name":""},
  {"lat":41.757546,"lon":-70.713983,"city":"Wareham","state":"MA","address":"169 MAIN STREET","name":""},
  {"lat":41.730954,"lon":-71.280579,"city":"Warren","state":"RI","address":"66 MARKET ST","name":""},
  {"lat":43.493962,"lon":-73.771433,"city":"Warrensburg","state":"NY","address":"3805 MAIN STREET","name":""},
  {"lat":41.741108,"lon":-71.40826,"city":"Warwick","state":"RI","address":"1291 WARWICK AVE","name":""},
  {"lat":41.738242,"lon":-71.432776,"city":"Warwick","state":"RI","address":"1556 POST RD","name":""},
  {"lat":41.698295,"lon":-71.460263,"city":"Warwick","state":"RI","address":"3335 POST RD","name":""},
  {"lat":41.727774,"lon":-71.477121,"city":"Warwick","state":"RI","address":"87 WEST NATICK RD","name":""},
  {"lat":41.585089,"lon":-73.049252,"city":"Waterbury","state":"CT","address":"1359 THOMASTON AVE","name":""},
  {"lat":41.582314,"lon":-73.073076,"city":"Waterbury","state":"CT","address":"1481 WATERTOWN AVE","name":""},
  {"lat":44.562064,"lon":-69.626543,"city":"Waterville","state":"ME","address":"76 COLLEGE AVENUE","name":""},
  {"lat":41.934399,"lon":-70.019781,"city":"Wellfleet","state":"MA","address":"2586 ROUTE 6","name":""},
  {"lat":43.321915,"lon":-70.581902,"city":"Wells","state":"ME","address":"1544 POST RD","name":""},
  {"lat":42.350748,"lon":-71.7858,"city":"West Boylston","state":"MA","address":"184 W BOYLSTON ST","name":""},
  {"lat":42.019496,"lon":-71.008799,"city":"West Bridgewater","state":"MA","address":"8 N MAIN ST","name":""},
  {"lat":42.362923,"lon":-73.829506,"city":"West Coxsackie","state":"NY","address":"359 MANSION ST","name":""},
  {"lat":41.741966,"lon":-72.71765,"city":"West Hartford","state":"CT","address":"471 NEW PARK AVE","name":""},
  {"lat":28.079177,"lon":-80.63879,"city":"West Melbourne","state":"FL","address":"1000 W NEW HAVEN AVE","name":""},
  {"lat":28.071622,"lon":-80.671496,"city":"West Melbourne","state":"FL","address":"2300 MINTON RD","name":""},
  {"lat":28.100378,"lon":-80.673073,"city":"West Melbourne","state":"FL","address":"440 S WICKHAM RD","name":""},
  {"lat":28.079479,"lon":-80.700547,"city":"West Melbourne","state":"FL","address":"4440 W NEW HAVEN AVE","name":""},
  {"lat":26.65207,"lon":-80.104862,"city":"West Palm Beach","state":"FL","address":"1721 KIRK RD","name":""},
  {"lat":26.705884,"lon":-80.094707,"city":"West Palm Beach","state":"FL","address":"2646 OKEECHOBEE BLVD","name":""},
  {"lat":26.716957,"lon":-80.110308,"city":"West Palm Beach","state":"FL","address":"2692 N MILITARY TRL","name":""},
  {"lat":26.637397,"lon":-80.111875,"city":"West Palm Beach","state":"FL","address":"2700 S MILITARY TRAIL","name":""},
  {"lat":42.104926,"lon":-72.619405,"city":"West Springfield","state":"MA","address":"143 PARK AVE","name":""},
  {"lat":42.10801,"lon":-72.617083,"city":"West Springfield","state":"MA","address":"22 PARK ST","name":""},
  {"lat":41.789009,"lon":-70.75042,"city":"West Wareham","state":"MA","address":"2360 CRANBERRY HIGHWAY","name":""},
  {"lat":41.700333,"lon":-71.528342,"city":"West Warwick","state":"RI","address":"244 WASHINGTON ST","name":""},
  {"lat":41.685304,"lon":-71.506199,"city":"West Warwick","state":"RI","address":"278 COWESETT AVE","name":""},
  {"lat":41.696216,"lon":-71.50287,"city":"West Warwick","state":"RI","address":"295 LEGRIS AVE","name":""},
  {"lat":41.722415,"lon":-71.533271,"city":"West Warwick","state":"RI","address":"704 MAIN ST","name":""},
  {"lat":41.649381,"lon":-70.227381,"city":"West Yarmouth","state":"MA","address":"626 MAIN ST","name":""},
  {"lat":42.274182,"lon":-71.609613,"city":"Westborough","state":"MA","address":"55 EAST MAIN ST","name":""},
  {"lat":43.676773,"lon":-70.36032,"city":"Westbrook","state":"ME","address":"730 MAIN STREET","name":""},
  {"lat":41.368815,"lon":-71.820348,"city":"Westerly","state":"RI","address":"149 GRANITE ST","name":""},
  {"lat":41.383432,"lon":-71.825404,"city":"Westerly","state":"RI","address":"69 FRIENDSHIP ST","name":""},
  {"lat":42.182533,"lon":-72.727162,"city":"Westfield","state":"MA","address":"1134 SOUTHAMPTON RD","name":""},
  {"lat":42.12016,"lon":-72.745718,"city":"Westfield","state":"MA","address":"69 MAIN ST","name":""},
  {"lat":42.566279,"lon":-71.423202,"city":"Westford","state":"MA","address":"188 LITTLETON RD","name":""},
  {"lat":42.548485,"lon":-71.915702,"city":"Westminster","state":"MA","address":"68 MAIN ST","name":""},
  {"lat":41.660748,"lon":-71.083373,"city":"Westport","state":"MA","address":"596 STATE RD","name":""},
  {"lat":41.137234,"lon":-73.341339,"city":"Westport","state":"CT","address":"690 POST RD E","name":""},
  {"lat":41.579997,"lon":-71.090157,"city":"Westport","state":"MA","address":"809 MAIN RD","name":""},
  {"lat":41.703676,"lon":-72.703231,"city":"Wethersfield","state":"CT","address":"1855 BERLIN TPKE","name":""},
  {"lat":42.189464,"lon":-70.956147,"city":"Weymouth","state":"MA","address":"5 LIBERTY SQUARE","name":""},
  {"lat":43.664985,"lon":-72.312473,"city":"White River Jct","state":"VT","address":"1167 HARTFORD AVE","name":""},
  {"lat":44.373434,"lon":-71.612803,"city":"Whitefield","state":"NH","address":"1 MAIN STREET","name":""},
  {"lat":43.546693,"lon":-73.405985,"city":"Whitehall","state":"NY","address":"191 BROADWAY","name":""},
  {"lat":42.080627,"lon":-70.947836,"city":"Whitman","state":"MA","address":"280 TEMPLE ST","name":""},
  {"lat":42.149176,"lon":-72.444389,"city":"Wilbraham","state":"MA","address":"105 POST OFFICE PARK","name":""},
  {"lat":42.391078,"lon":-72.723973,"city":"Williamsburg","state":"MA","address":"37 MAIN ST","name":""},
  {"lat":42.706228,"lon":-73.189902,"city":"Williamstown","state":"MA","address":"446 MAIN STREET","name":""},
  {"lat":41.713246,"lon":-72.222807,"city":"Willimantic","state":"CT","address":"1132 MAIN STREET","name":""},
  {"lat":42.557294,"lon":-71.182132,"city":"Wilmington","state":"MA","address":"205 MAIN STREET","name":""},
  {"lat":42.681466,"lon":-72.048735,"city":"Winchendon","state":"MA","address":"32 CENTRAL STREET","name":""},
  {"lat":43.834925,"lon":-70.438101,"city":"Windham","state":"ME","address":"749 ROOSEVELT TRL","name":""},
  {"lat":43.476097,"lon":-72.387687,"city":"Windsor","state":"VT","address":"183 MAIN STREET","name":""},
  {"lat":44.537881,"lon":-69.628588,"city":"Winslow","state":"ME","address":"1 CHINA ROAD","name":""},
  {"lat":44.307616,"lon":-69.958192,"city":"Winthrop","state":"ME","address":"410 MAIN ST","name":""},
  {"lat":42.382543,"lon":-70.980987,"city":"Winthrop","state":"MA","address":"48 REVERE ST","name":""},
  {"lat":41.55552,"lon":-72.957473,"city":"Wolcott","state":"CT","address":"1655 MERIDEN RD","name":""},
  {"lat":41.602003,"lon":-72.986944,"city":"Wolcott","state":"CT","address":"723 WOLCOTT RD","name":""},
  {"lat":43.627604,"lon":-72.507239,"city":"Woodstock","state":"VT","address":"433 WOODSTOCK RD","name":""},
  {"lat":42.039037,"lon":-74.114086,"city":"Woodstock","state":"NY","address":"63 MILL HILL RD","name":""},
  {"lat":44.143288,"lon":-72.0292,"city":"Woodsville","state":"NH","address":"189 CENTRAL ST","name":""},
  {"lat":43.917655,"lon":-69.801752,"city":"Woolwich","state":"ME","address":"100 MAIN STREET","name":""},
  {"lat":41.990837,"lon":-71.481676,"city":"Woonsocket","state":"RI","address":"2200 MENDON RD","name":""},
  {"lat":41.997743,"lon":-71.520461,"city":"Woonsocket","state":"RI","address":"261 S MAIN STREET","name":""},
  {"lat":42.256794,"lon":-71.789121,"city":"Worcester","state":"MA","address":"263 GRAFTON STREET","name":""},
  {"lat":42.275784,"lon":-71.852198,"city":"Worcester","state":"MA","address":"616 CHANDLER STREET","name":""},
  {"lat":42.051589,"lon":-71.3459,"city":"Wrentham","state":"MA","address":"650 SOUTH ST","name":""},
  {"lat":41.513982,"lon":-71.698605,"city":"Wyoming","state":"RI","address":"1175 MAIN ST","name":""},
  {"lat":41.732949,"lon":-71.435888,"city":"Warwick","state":"RI","address":"1776 POST ROAD","name":""},
  {"lat":41.138061,"lon":-73.299671,"city":"Westport","state":"CT","address":"1830 POST ROAD EAST","name":""},
  {"lat":41.723382,"lon":-72.66879,"city":"Wethersfield","state":"CT","address":"151 SILAS DEANE HIGHWAY","name":""},
  {"lat":41.919993,"lon":-73.058986,"city":"Winsted","state":"CT","address":"29 S MAIN ST","name":""},
  {"lat":43.806035,"lon":-70.170475,"city":"Yarmouth","state":"ME","address":"939 US ROUTE 1","name":""},
  {"lat":43.143661,"lon":-70.650176,"city":"York Village","state":"ME","address":"230 YORK STREET","name":""}]}