{"key":"curio_collection","displayName":"Curio Collection","category":"hotels","useLocationName":false,"locations":[
  {"lat":32.680618,"lon":-117.177398,"city":"Coronado","state":"CA","address":"1500 Orange Ave","name":""},
  {"lat":32.851147,"lon":-117.253429,"city":"La Jolla","state":"CA","address":"7955 La Jolla Shores Drive","name":""},
  {"lat":33.6879,"lon":-116.313455,"city":"La Quinta","state":"CA","address":"49-499 Eisenhower Drive","name":""},
  {"lat":32.719741,"lon":-117.166714,"city":"San Diego","state":"CA","address":"401 W Ash Street","name":""},
  {"lat":33.946079,"lon":-118.392727,"city":"Los Angeles","state":"CA","address":"6151 West Century Blvd.","name":""},
  {"lat":34.178927,"lon":-119.235463,"city":"Oxnard","state":"CA","address":"2101 Mandalay Beach Road","name":""},
  {"lat":35.624419,"lon":-120.688392,"city":"Paso Robles","state":"CA","address":"944 Pine Street","name":""},
  {"lat":35.139495,"lon":-120.641845,"city":"Pismo Beach","state":"CA","address":"601 Cypress St","name":""},
  {"lat":37.783064,"lon":-122.409958,"city":"San Francisco","state":"CA","address":"33 Turk St","name":""},
  {"lat":37.321697,"lon":-122.031509,"city":"Cupertino","state":"CA","address":"10050 S. De Anza Boulevard","name":""},
  {"lat":37.26266,"lon":-121.820747,"city":"San Jose","state":"CA","address":"200 Edenvale Avenue","name":""},
  {"lat":38.3001,"lon":-122.3006,"city":"Napa","state":"CA","address":"1075 California Boulevard","name":""},
  {"lat":38.582132,"lon":-121.501765,"city":"Sacramento","state":"CA","address":"1006 4th Street","name":""},
  {"lat":34.079917,"lon":-118.099947,"city":"San Gabriel","state":"CA","address":"111 West Valley Blvd","name":""},
  {"lat":36.108794,"lon":-115.15376,"city":"Las Vegas","state":"NV","address":"4455 Paradise Road","name":""},
  {"lat":37.197197,"lon":-112.991662,"city":"Springdale","state":"UT","address":"281 Zion Park Blvd","name":""},
  {"lat":33.501912,"lon":-111.920058,"city":"Scottsdale","state":"AZ","address":"7501 E Camelback Road","name":""},
  {"lat":33.54846,"lon":-111.91624,"city":"Scottsdale","state":"AZ","address":"7700 E McCormick Pkwy","name":""},
  {"lat":29.422023,"lon":-98.48722,"city":"San Antonio","state":"TX","address":"222 S Alamo Street","name":""},
  {"lat":32.789863,"lon":-96.79716,"city":"Dallas","state":"TX","address":"1717 Leonard St.","name":""},
  {"lat":32.836137,"lon":-96.777955,"city":"Dallas","state":"TX","address":"5300 E Mockingbird Lane","name":""},
  {"lat":32.780551,"lon":-96.794856,"city":"Dallas","state":"TX","address":"1914 Commerce St","name":""},
  {"lat":29.699626,"lon":-95.399469,"city":"Houston","state":"TX","address":"7118 Bertner Ave","name":""},
  {"lat":29.757968,"lon":-95.371098,"city":"Houston","state":"TX","address":"400 Dallas Street","name":""},
  {"lat":30.145006,"lon":-95.472972,"city":"The Woodlands","state":"TX","address":"2301 N Millbend Dr.","name":""},
  {"lat":29.942537,"lon":-90.069819,"city":"New Orleans","state":"LA","address":"1000 Magazine Street","name":""},
  {"lat":32.5104,"lon":-93.727,"city":"Bossier City","state":"LA","address":"711 Live Casino Blvd","name":""},
  {"lat":38.574388,"lon":-109.554388,"city":"Moab","state":"UT","address":"111 N. 100 West","name":""},
  {"lat":33.803013,"lon":-111.926574,"city":"Scottsdale","state":"AZ","address":"34631 N. Tom Darlington Drive","name":""},
  {"lat":35.085038,"lon":-106.649443,"city":"Albuquerque","state":"NM","address":"125 2nd St. NW","name":""},
  {"lat":39.475988,"lon":-106.049858,"city":"Breckenridge","state":"CO","address":"550 Village Road","name":""},
  {"lat":39.735833,"lon":-104.987778,"city":"Denver","state":"CO","address":"1201 Broadway","name":""},
  {"lat":44.08039,"lon":-103.22748,"city":"Rapid City","state":"SD","address":"523 Sixth Street","name":""},
  {"lat":35.46677,"lon":-97.516629,"city":"Oklahoma City","state":"OK","address":"15 North Robinson Avenue","name":""},
  {"lat":36.152431,"lon":-95.987878,"city":"Tulsa","state":"OK","address":"115 East 5th Street","name":""},
  {"lat":35.132431,"lon":-90.059201,"city":"Memphis","state":"TN","address":"545 South Main","name":""},
  {"lat":39.100097,"lon":-94.584682,"city":"Kansas City","state":"MO","address":"106 W 12th Street","name":""},
  {"lat":38.629355,"lon":-90.207268,"city":"St Louis","state":"MO","address":"1820 Market St.","name":""},
  {"lat":41.258369,"lon":-95.939506,"city":"Omaha","state":"NE","address":"203 S 18th St.","name":""},
  {"lat":41.584647,"lon":-93.629569,"city":"Des Moines","state":"IA","address":"1000 Walnut Street","name":""},
  {"lat":44.976131,"lon":-93.27144,"city":"Minneapolis","state":"MN","address":"710 Marquette Avenue","name":""},
  {"lat":45.521924,"lon":-122.6785,"city":"Portland","state":"OR","address":"309 SW Broadway","name":""},
  {"lat":45.513793,"lon":-122.677218,"city":"Portland","state":"OR","address":"1355 SW 2nd Ave.","name":""},
  {"lat":47.610754,"lon":-122.340111,"city":"Seattle","state":"WA","address":"1610 2nd Avenue","name":""},
  {"lat":48.725995,"lon":-122.505408,"city":"Bellingham","state":"WA","address":"804 10th St","name":""},
  {"lat":24.548827,"lon":-81.790257,"city":"Key West","state":"FL","address":"1500 Reynolds Street","name":""},
  {"lat":24.547496,"lon":-81.793948,"city":"Key West","state":"FL","address":"1435 Simonton Street","name":""},
  {"lat":25.066144,"lon":-80.471586,"city":"Key Largo","state":"FL","address":"97000 Overseas Highway","name":""},
  {"lat":24.709763,"lon":-81.104957,"city":"Marathon","state":"FL","address":"1996 Overseas Highway","name":""},
  {"lat":26.954334,"lon":-82.064364,"city":"Charlotte Harbor","state":"FL","address":"5500 Sunseeker Way","name":""},
  {"lat":27.971469,"lon":-82.829202,"city":"Clearwater Beach","state":"FL","address":"385 S. Gulfview Blvd.","name":""},
  {"lat":27.94627,"lon":-82.459323,"city":"Tampa","state":"FL","address":"200 North Ashley Drive","name":""},
  {"lat":25.712408,"lon":-80.278443,"city":"Coral Gables","state":"FL","address":"1350 S. Dixie Hwy","name":""},
  {"lat":26.338972,"lon":-80.073352,"city":"Boca Raton","state":"FL","address":"999 East Camino Real","name":""},
  {"lat":26.465832,"lon":-80.071044,"city":"Delray Beach","state":"FL","address":"233 NE 2nd Ave","name":""},
  {"lat":26.115787,"lon":-80.105158,"city":"Ft. Lauderdale","state":"FL","address":"525 S Fort Lauderdale Beach Blvd","name":""},
  {"lat":25.99173,"lon":-80.117864,"city":"Hollywood","state":"FL","address":"3555 South Ocean Drive","name":""},
  {"lat":25.792185,"lon":-80.129966,"city":"Miami Beach","state":"FL","address":"1690 Collins Avenue","name":""},
  {"lat":25.930695,"lon":-80.121501,"city":"Sunny Isles Beach","state":"FL","address":"16701 Collins Ave.","name":""},
  {"lat":26.7911,"lon":-80.0344,"city":"Riviera Beach","state":"FL","address":"3700 North Ocean Drive","name":""},
  {"lat":33.518715,"lon":-86.806305,"city":"Birmingham","state":"AL","address":"2101 5th Avenue North","name":""},
  {"lat":33.481532,"lon":-86.791548,"city":"Homewood","state":"AL","address":"2727 18th Street South","name":""},
  {"lat":28.405908,"lon":-81.528353,"city":"Orlando","state":"FL","address":"1590 Evermore Way","name":""},
  {"lat":33.47532,"lon":-82.010056,"city":"Augusta","state":"GA","address":"2110 Walton Way","name":""},
  {"lat":32.080393,"lon":-81.090319,"city":"Savannah","state":"GA","address":"7 Drayton Street","name":""},
  {"lat":32.777971,"lon":-79.931353,"city":"Charleston","state":"SC","address":"115 Meeting Street","name":""},
  {"lat":34.730757,"lon":-86.586386,"city":"Huntsville","state":"AL","address":"106 Jefferson Street South","name":""},
  {"lat":33.756929,"lon":-84.387636,"city":"Atlanta","state":"GA","address":"127 Peachtree Street NE","name":""},
  {"lat":33.78702,"lon":-84.38139,"city":"Atlanta","state":"GA","address":"188 14th St NE","name":""},
  {"lat":35.040841,"lon":-85.310186,"city":"Chattanooga","state":"TN","address":"1201 Broad Street","name":""},
  {"lat":34.738429,"lon":-85.445857,"city":"Rising Fawn","state":"GA","address":"243 Cloudland Drive","name":""},
  {"lat":35.926723,"lon":-86.867317,"city":"Franklin","state":"TN","address":"130 2nd Avenue North","name":""},
  {"lat":36.15158,"lon":-86.796303,"city":"Nashville","state":"TN","address":"1810 Broadway","name":""},
  {"lat":39.102535,"lon":-84.513845,"city":"Cincinnati","state":"OH","address":"601 Vine Street","name":""},
  {"lat":38.034529,"lon":-84.524564,"city":"Lexington","state":"KY","address":"1375 South Broadway Road","name":""},
  {"lat":38.254996,"lon":-85.753184,"city":"Louisville","state":"KY","address":"133 West Market Street","name":""},
  {"lat":34.075941,"lon":-84.295309,"city":"Alpharetta","state":"GA","address":"35 Milton Avenue","name":""},
  {"lat":35.593429,"lon":-82.550036,"city":"Asheville","state":"NC","address":"51 South Market Street","name":""},
  {"lat":37.415424,"lon":-79.14406,"city":"Lynchburg","state":"VA","address":"712 Church Street","name":""},
  {"lat":37.274417,"lon":-79.93951,"city":"Roanoke","state":"VA","address":"110 Shenandoah Avenue","name":""},
  {"lat":41.888036,"lon":-87.625037,"city":"Chicago","state":"IL","address":"85 E Wacker Drive","name":""},
  {"lat":41.891813,"lon":-87.603575,"city":"Chicago","state":"IL","address":"900 E Grand","name":""},
  {"lat":42.966802,"lon":-85.672347,"city":"Grand Rapids","state":"MI","address":"187 Monroe NW","name":""},
  {"lat":40.437536,"lon":-79.998874,"city":"Pittsburgh","state":"PA","address":"453 Boulevard of the Allies","name":""},
  {"lat":42.544799,"lon":-83.212836,"city":"Birmingham","state":"MI","address":"298 S Old Woodward Ave","name":""},
  {"lat":42.331226,"lon":-83.065321,"city":"Detroit","state":"MI","address":"1401 Michigan Avenue","name":""},
  {"lat":35.791743,"lon":-78.659763,"city":"Raleigh","state":"NC","address":"501 Woodburn Road","name":""},
  {"lat":38.804049,"lon":-77.046798,"city":"Alexandria","state":"VA","address":"699 Prince St","name":""},
  {"lat":38.906301,"lon":-77.002387,"city":"Washington DC","state":"DC","address":"222 M Street NE","name":""},
  {"lat":39.956576,"lon":-75.169358,"city":"Philadelphia","state":"PA","address":"One Logan Square","name":""},
  {"lat":40.748323,"lon":-73.987939,"city":"New York City","state":"NY","address":"49 W 32nd Street","name":""},
  {"lat":42.973683,"lon":-76.431214,"city":"Skaneateles","state":"NY","address":"1000 Mottville Road","name":""},
  {"lat":44.477868,"lon":-73.218062,"city":"Burlington","state":"VT","address":"60 Battery Street","name":""},
  {"lat":44.326948,"lon":-74.130508,"city":"Saranac Lake","state":"NY","address":"100 Main Street","name":""},
  {"lat":41.270817,"lon":-72.608621,"city":"Madison","state":"CT","address":"94 West Wharf Road","name":""},
  {"lat":42.364175,"lon":-71.061451,"city":"Boston","state":"MA","address":"155 Portland Street","name":""}]}