{"key":"del_taco","displayName":"Del Taco","category":"restaurant","useLocationName":false,"locations":[
  {"lat":33.767392,"lon":-117.836223,"city":"Santa Ana","state":"CA","address":"2300 N Tustin Ave","name":""},
  {"lat":33.702536,"lon":-117.918927,"city":"Santa Ana","state":"CA","address":"3329 S Harbor Blvd","name":""},
  {"lat":33.711199,"lon":-117.850351,"city":"Santa Ana","state":"CA","address":"2701 S Grand Ave","name":""},
  {"lat":33.708478,"lon":-117.868435,"city":"Santa Ana","state":"CA","address":"2900 S. Main St.","name":""},
  {"lat":33.715587,"lon":-117.90753,"city":"Santa Ana","state":"CA","address":"2841 W Warner Ave","name":""},
  {"lat":33.774755,"lon":-117.852892,"city":"Santa Ana","state":"CA","address":"2761 N Grand Ave","name":""},
  {"lat":33.747905,"lon":-117.833295,"city":"Santa Ana","state":"CA","address":"2320 E Fourth St","name":""},
  {"lat":33.71507,"lon":-116.220008,"city":"Indio","state":"CA","address":"82742 State Highway 111","name":""},
  {"lat":33.741336,"lon":-116.263843,"city":"Indio","state":"CA","address":"42280 Jefferson St.","name":""},
  {"lat":33.70851,"lon":-116.241559,"city":"Indio","state":"CA","address":"81566 State Highway 111","name":""},
  {"lat":33.84851,"lon":-117.542132,"city":"Corona","state":"CA","address":"1219 E. Ontario Ave.","name":""},
  {"lat":33.888014,"lon":-117.520621,"city":"Corona","state":"CA","address":"310 N McKinley St","name":""},
  {"lat":33.879674,"lon":-117.611463,"city":"Corona","state":"CA","address":"2260 Frontage Rd.","name":""},
  {"lat":33.878652,"lon":-117.565406,"city":"Corona","state":"CA","address":"103 E. 3rd St","name":""},
  {"lat":33.903813,"lon":-118.134482,"city":"Bellflower","state":"CA","address":"14301 Clark Ave","name":""},
  {"lat":38.794828,"lon":-121.327065,"city":"Roseville","state":"CA","address":"1517 Blue Oaks Blvd","name":""},
  {"lat":33.668294,"lon":-78.99739,"city":"Myrtle Beach","state":"SC","address":"4570 Dick Pond Rd","name":""},
  {"lat":36.077382,"lon":-80.107941,"city":"Kernersville","state":"NC","address":"1551 Union Cross Road","name":""},
  {"lat":35.901488,"lon":-78.896399,"city":"Durham","state":"NC","address":"4716 NC-55 Hwy","name":""},
  {"lat":32.470343,"lon":-85.02818,"city":"Phenix City","state":"AL","address":"1212 East 280 Bypass","name":""},
  {"lat":34.709512,"lon":-86.676732,"city":"Huntsville","state":"AL","address":"7003 Cabela Dr","name":""},
  {"lat":32.781149,"lon":-89.179679,"city":"Philadelphia","state":"MS","address":"10040 Frog Level Rd","name":""},
  {"lat":36.843976,"lon":-76.144372,"city":"Virginia Beach","state":"VA","address":"4846 Virginia Beach Blvd.","name":""},
  {"lat":36.775132,"lon":-76.249716,"city":"Chesapeake","state":"VA","address":"1507 Sams Circle","name":""},
  {"lat":28.334567,"lon":-81.589098,"city":"Kissimmee","state":"FL","address":"7531 W Irlo Bronson Memorial Hwy","name":""},
  {"lat":28.332591,"lon":-81.49353,"city":"Kissimmee","state":"FL","address":"5260 W. Irlo Bronson Memorial Highway","name":""},
  {"lat":27.496324,"lon":-82.617403,"city":"Bradenton","state":"FL","address":"5610 Manatee Avenue","name":""},
  {"lat":28.553368,"lon":-80.849161,"city":"Titusville","state":"FL","address":"3580 Cheney Hwy","name":""},
  {"lat":27.264069,"lon":-80.283597,"city":"Port St. Lucie","state":"FL","address":"10950 N. US1","name":""},
  {"lat":27.009813,"lon":-82.143628,"city":"Port Charlotte","state":"FL","address":"19001 Murdock Cir","name":""},
  {"lat":29.125955,"lon":-81.002658,"city":"Port Orange","state":"FL","address":"3815 S. Nova Road","name":""},
  {"lat":28.121916,"lon":-80.671163,"city":"Melbourne","state":"FL","address":"2936 Sarno Rd","name":""},
  {"lat":28.462698,"lon":-81.456007,"city":"Orlando","state":"FL","address":"6855 Grand National Drive","name":""},
  {"lat":28.553817,"lon":-81.34314,"city":"Orlando","state":"FL","address":"3105 E Colonial Dr","name":""},
  {"lat":40.163566,"lon":-83.020376,"city":"Powell","state":"OH","address":"8787 Owenfield Drive","name":""},
  {"lat":39.955698,"lon":-82.8722,"city":"Whitehall","state":"OH","address":"4720 E. Main St","name":""},
  {"lat":36.06125,"lon":-95.868999,"city":"Tulsa","state":"OK","address":"9637 E 71st Street","name":""},
  {"lat":35.319332,"lon":-97.501492,"city":"Moore","state":"OK","address":"770 SW 19th St.","name":""},
  {"lat":35.219161,"lon":-97.424151,"city":"Norman","state":"OK","address":"110 12th Ave. NE","name":""},
  {"lat":35.484175,"lon":-97.759421,"city":"Yukon","state":"OK","address":"1551 Garth Brooks Blvd.","name":""},
  {"lat":35.390757,"lon":-97.546457,"city":"Oklahoma City","state":"OK","address":"1508 W I-240 Service Road","name":""},
  {"lat":35.464746,"lon":-97.618491,"city":"Oklahoma City","state":"OK","address":"5845 W. Reno Ave.","name":""},
  {"lat":35.533988,"lon":-97.566175,"city":"Oklahoma City","state":"OK","address":"6161 N. May Avenue","name":""},
  {"lat":35.603744,"lon":-97.55007,"city":"Oklahoma City","state":"OK","address":"13201 N Pennsylvania Ave","name":""},
  {"lat":36.125194,"lon":-97.052112,"city":"Stillwater","state":"OK","address":"208 N Perkins Rd","name":""},
  {"lat":34.791079,"lon":-84.96371,"city":"Dalton","state":"GA","address":"1203 N. Glenwood Ave","name":""},
  {"lat":34.303846,"lon":-83.858982,"city":"Gainesville","state":"GA","address":"1198 Dawsonville Hwy.","name":""},
  {"lat":34.478151,"lon":-84.932791,"city":"Calhoun","state":"GA","address":"250 E. Highway 53","name":""},
  {"lat":32.504977,"lon":-84.972044,"city":"Columbus","state":"GA","address":"4418 Hamilton Rd.","name":""},
  {"lat":34.271588,"lon":-85.225556,"city":"Rome","state":"GA","address":"2114 Shorter Ave NW","name":""},
  {"lat":32.618718,"lon":-83.678618,"city":"Centerville","state":"GA","address":"2766 Watson Blvd.","name":""},
  {"lat":33.723086,"lon":-84.761993,"city":"Douglasville","state":"GA","address":"9570 Highway 5","name":""},
  {"lat":33.968007,"lon":-84.018621,"city":"Lawrenceville","state":"GA","address":"825 Duluth Hwy","name":""},
  {"lat":34.954254,"lon":-85.255691,"city":"Fort Oglethorpe","state":"GA","address":"564 Battlefield Parkway","name":""},
  {"lat":33.876142,"lon":-84.013764,"city":"Snellville","state":"GA","address":"1895 Scenic Highway 124","name":""},
  {"lat":33.891339,"lon":-84.475895,"city":"Smyrna","state":"GA","address":"2521 Cobb Parkway SE","name":""},
  {"lat":33.842092,"lon":-84.502152,"city":"Smyrna","state":"GA","address":"4300 East West Connector","name":""},
  {"lat":33.846238,"lon":-84.24538,"city":"Tucker","state":"GA","address":"4227 Lavista Rd","name":""},
  {"lat":33.149233,"lon":-107.246991,"city":"Truth Or Consequences","state":"NM","address":"1908 N Date","name":""},
  {"lat":35.528078,"lon":-108.742584,"city":"Gallup","state":"NM","address":"550 US Hwy. 491","name":""},
  {"lat":34.814213,"lon":-106.758444,"city":"Los Lunas","state":"NM","address":"1885 Emilio Lopez Road","name":""},
  {"lat":35.318218,"lon":-106.542732,"city":"Bernalillo","state":"NM","address":"200 US-550","name":""},
  {"lat":32.882667,"lon":-105.960713,"city":"Alamogordo","state":"NM","address":"804 S. White Sands Blvd.","name":""},
  {"lat":35.239952,"lon":-106.697711,"city":"Rio Rancho","state":"NM","address":"1101 Unser Blvd SE","name":""},
  {"lat":35.058646,"lon":-106.633186,"city":"Albuquerque","state":"NM","address":"1500 Gibson Blvd SE","name":""},
  {"lat":35.130572,"lon":-106.590105,"city":"Albuquerque","state":"NM","address":"4720 Montgomery Blvd NE","name":""},
  {"lat":35.102499,"lon":-106.706763,"city":"Albuquerque","state":"NM","address":"1525 Coors Blvd NW","name":""},
  {"lat":35.072687,"lon":-106.536241,"city":"Albuquerque","state":"NM","address":"10015 Central Ave. N.E.","name":""},
  {"lat":47.054713,"lon":-122.776697,"city":"Lacey","state":"WA","address":"7742 Martin Way East","name":""},
  {"lat":47.291748,"lon":-122.312861,"city":"Federal Way","state":"WA","address":"34528 16th Ave S","name":""},
  {"lat":45.927252,"lon":-122.754189,"city":"Woodland","state":"WA","address":"1945 Belmont Loop","name":""},
  {"lat":46.032863,"lon":-118.379656,"city":"College Place","state":"WA","address":"1725 S.E. Meadowbrook Blvd.","name":""},
  {"lat":46.075268,"lon":-118.309414,"city":"Walla Walla","state":"WA","address":"1815 E Isaacs Ave","name":""},
  {"lat":46.26392,"lon":-119.285567,"city":"Richland","state":"WA","address":"155 Wellsian Way","name":""},
  {"lat":45.685609,"lon":-122.660984,"city":"Vancouver","state":"WA","address":"8724 NE Highway 99","name":""},
  {"lat":47.744226,"lon":-116.792913,"city":"Coeur Dalene","state":"ID","address":"450 West Prairie","name":""},
  {"lat":47.714665,"lon":-116.894943,"city":"Post Falls","state":"ID","address":"725 North Hwy 41","name":""},
  {"lat":43.498398,"lon":-116.393463,"city":"Kuna","state":"ID","address":"1035 N Jacksonmill Ave","name":""},
  {"lat":43.548086,"lon":-116.57325,"city":"Nampa","state":"ID","address":"2121 12th Ave Road","name":""},
  {"lat":43.660553,"lon":-116.668158,"city":"Caldwell","state":"ID","address":"606 N 21st Ave","name":""},
  {"lat":43.602921,"lon":-116.243867,"city":"Boise","state":"ID","address":"5008 W. Franklin Rd.","name":""},
  {"lat":43.573014,"lon":-116.213239,"city":"Boise","state":"ID","address":"3205 S Vista Ave","name":""},
  {"lat":43.589867,"lon":-116.289833,"city":"Boise","state":"ID","address":"8687 W. Overland Rd.","name":""},
  {"lat":43.664134,"lon":-116.414245,"city":"Meridian","state":"ID","address":"1617 W Island Green Dr","name":""},
  {"lat":43.599474,"lon":-116.355917,"city":"Meridian","state":"ID","address":"3101 E. Magic View Dr.","name":""},
  {"lat":39.423275,"lon":-104.878938,"city":"Castle Rock","state":"CO","address":"6383 Promenade Parkway","name":""},
  {"lat":39.513592,"lon":-104.763529,"city":"Parker","state":"CO","address":"11147 Pikes Peak Drive","name":""},
  {"lat":39.07778,"lon":-108.519486,"city":"Grand Junction","state":"CO","address":"2878 North Ave","name":""},
  {"lat":40.389038,"lon":-104.716411,"city":"Greeley","state":"CO","address":"2913 South 23rd Avenue","name":""},
  {"lat":39.739591,"lon":-104.820269,"city":"Aurora","state":"CO","address":"14400 E Colfax Ave","name":""},
  {"lat":39.600134,"lon":-104.708337,"city":"Aurora","state":"CO","address":"24023 E. Prospect Ave.","name":""},
  {"lat":40.161177,"lon":-104.976626,"city":"Firestone","state":"CO","address":"11053 I-25 Frontage Rd.","name":""},
  {"lat":39.97186,"lon":-104.815776,"city":"Brighton","state":"CO","address":"570 E Bromley Ln","name":""},
  {"lat":38.343838,"lon":-104.623406,"city":"Pueblo","state":"CO","address":"1271 Drew Dix Parkway","name":""},
  {"lat":38.894155,"lon":-104.758816,"city":"Colorado Springs","state":"CO","address":"4310 N. Academy Blvd.","name":""},
  {"lat":38.856563,"lon":-104.722609,"city":"Colorado Springs","state":"CO","address":"1645 Space Center Dr","name":""},
  {"lat":38.947541,"lon":-104.803261,"city":"Colorado Springs","state":"CO","address":"8020 N. Academy Blvd","name":""},
  {"lat":39.621924,"lon":-105.090563,"city":"Lakewood","state":"CO","address":"5240 South Wadsworth","name":""},
  {"lat":39.714964,"lon":-105.133935,"city":"Lakewood","state":"CO","address":"43 Union Blvd","name":""},
  {"lat":39.885206,"lon":-104.774541,"city":"Commerce City","state":"CO","address":"18260 East 104th Ave.","name":""},
  {"lat":39.565508,"lon":-104.902544,"city":"Lone Tree","state":"CO","address":"7506 Parkway Dr","name":""},
  {"lat":39.594527,"lon":-104.859029,"city":"Centennial","state":"CO","address":"11155 East Arapahoe Rd.","name":""},
  {"lat":39.785319,"lon":-104.894516,"city":"Denver","state":"CO","address":"8100 Northfield Blvd","name":""},
  {"lat":39.623759,"lon":-104.988789,"city":"Englewood","state":"CO","address":"50 West Belleview Ave","name":""},
  {"lat":42.195869,"lon":-121.757718,"city":"Klamath Falls","state":"OR","address":"3370 Washburn Way","name":""},
  {"lat":43.236932,"lon":-123.370927,"city":"Roseburg","state":"OR","address":"2435 NW Stewart Parkway","name":""},
  {"lat":44.937649,"lon":-122.983563,"city":"Salem","state":"OR","address":"583 Lancaster Dr NE","name":""},
  {"lat":44.628554,"lon":-123.081565,"city":"Albany","state":"OR","address":"1850 14th Ave SE","name":""},
  {"lat":42.358886,"lon":-122.861271,"city":"Medford","state":"OR","address":"2860 Crater Lake Hwy","name":""},
  {"lat":42.315418,"lon":-122.858505,"city":"Medford","state":"OR","address":"422. E. Barnett Rd.","name":""},
  {"lat":45.537722,"lon":-122.900922,"city":"Hillsboro","state":"OR","address":"7390 NE Butler Street","name":""},
  {"lat":45.498598,"lon":-122.411047,"city":"Gresham","state":"OR","address":"2164 NE Burnside Rd.","name":""},
  {"lat":33.443799,"lon":-111.926183,"city":"Tempe","state":"AZ","address":"1331 N Scottsdale Rd","name":""},
  {"lat":33.379769,"lon":-111.720511,"city":"Gilbert","state":"AZ","address":"5216 East Baseline Road","name":""},
  {"lat":33.333807,"lon":-111.756226,"city":"Gilbert","state":"AZ","address":"900 S Val Vista Dr","name":""},
  {"lat":34.474751,"lon":-114.347838,"city":"Lake Havasu","state":"AZ","address":"81 London Bridge Rd","name":""},
  {"lat":33.454394,"lon":-112.340412,"city":"Avondale","state":"AZ","address":"1483 N Dysart Rd","name":""},
  {"lat":35.684078,"lon":-114.467135,"city":"White Hills","state":"AZ","address":"19312 N US Highway 93","name":""},
  {"lat":33.259737,"lon":-111.641735,"city":"Queen Creek","state":"AZ","address":"20485 E. Rittenhouse Road","name":""},
  {"lat":33.666372,"lon":-112.187149,"city":"Glendale","state":"AZ","address":"19880 N 59th Ave","name":""},
  {"lat":33.508908,"lon":-112.265366,"city":"Glendale","state":"AZ","address":"9672 West Camelback Rd","name":""},
  {"lat":35.225185,"lon":-111.582904,"city":"Flagstaff","state":"AZ","address":"4705 N US Highway 89","name":""},
  {"lat":35.178066,"lon":-111.66175,"city":"Flagstaff","state":"AZ","address":"2201 S. Milton Rd","name":""},
  {"lat":34.583708,"lon":-112.341583,"city":"Prescott Valley","state":"AZ","address":"7091 East Pav Way","name":""},
  {"lat":33.637178,"lon":-112.349216,"city":"Surprise","state":"AZ","address":"13367 W Grand Ave","name":""},
  {"lat":33.280269,"lon":-111.79796,"city":"Chandler","state":"AZ","address":"2510 E Germann Road","name":""},
  {"lat":33.290974,"lon":-111.839703,"city":"Chandler","state":"AZ","address":"1035 S. Arizona Avenue","name":""},
  {"lat":33.321075,"lon":-111.874115,"city":"Chandler","state":"AZ","address":"1900 West Ray Rd.","name":""},
  {"lat":33.381471,"lon":-111.601374,"city":"Mesa","state":"AZ","address":"1842 South Signal Butte Road","name":""},
  {"lat":33.391836,"lon":-111.684191,"city":"Mesa","state":"AZ","address":"1313 So. Power Rd.","name":""},
  {"lat":33.380854,"lon":-111.840769,"city":"Mesa","state":"AZ","address":"1864 S Country Club Dr","name":""},
  {"lat":33.463847,"lon":-111.683376,"city":"Mesa","state":"AZ","address":"2645 North Power Road","name":""},
  {"lat":33.394138,"lon":-111.751521,"city":"Mesa","state":"AZ","address":"3648 E Southern Ave","name":""},
  {"lat":32.220923,"lon":-110.958744,"city":"Tucson","state":"AZ","address":"840 E Broadway Blvd","name":""},
  {"lat":33.467653,"lon":-112.391823,"city":"Goodyear","state":"AZ","address":"1901 Pebble Creek Pkwy","name":""},
  {"lat":35.222029,"lon":-114.035583,"city":"Kingman","state":"AZ","address":"3390 N Stockton Hill Rd","name":""},
  {"lat":35.120121,"lon":-114.592496,"city":"Bullhead City","state":"AZ","address":"1845 Highway 95","name":""},
  {"lat":35.222747,"lon":-112.497483,"city":"Ash Fork","state":"AZ","address":"950 Old Hwy 66","name":""},
  {"lat":36.887304,"lon":-113.939752,"city":"Littlefield","state":"AZ","address":"3225 E. Rincon Rd","name":""},
  {"lat":32.699072,"lon":-114.601613,"city":"Yuma","state":"AZ","address":"1830 E. 16th Str","name":""},
  {"lat":32.669862,"lon":-114.494726,"city":"Yuma","state":"AZ","address":"8069 E 32nd Street","name":""},
  {"lat":32.682541,"lon":-114.649908,"city":"Yuma","state":"AZ","address":"2451 South Avenue B","name":""},
  {"lat":33.580377,"lon":-112.256611,"city":"Peoria","state":"AZ","address":"9171 W Peoria Ave","name":""},
  {"lat":33.624645,"lon":-112.133022,"city":"Phoenix","state":"AZ","address":"15229 N 35th Ave","name":""},
  {"lat":33.638747,"lon":-111.97733,"city":"Phoenix","state":"AZ","address":"16649 N Tatum Blvd","name":""},
  {"lat":33.683373,"lon":-112.106577,"city":"Phoenix","state":"AZ","address":"2205 West Deer Valley Road","name":""},
  {"lat":33.422518,"lon":-112.225012,"city":"Phoenix","state":"AZ","address":"7665 W. Lower Buckeye Rd","name":""},
  {"lat":33.552855,"lon":-112.100057,"city":"Phoenix","state":"AZ","address":"1901 W. Northern Ave.","name":""},
  {"lat":33.466678,"lon":-111.987728,"city":"Phoenix","state":"AZ","address":"1628 N 44th St","name":""},
  {"lat":33.305788,"lon":-111.97719,"city":"Phoenix","state":"AZ","address":"4926 E Chandler Blvd","name":""},
  {"lat":36.804409,"lon":-114.108517,"city":"Mesquite","state":"NV","address":"20 Falcon Ridge Parkway","name":""},
  {"lat":40.743283,"lon":-114.061801,"city":"West Wendover","state":"NV","address":"800 Leppy Hills Drive","name":""},
  {"lat":39.190694,"lon":-119.757997,"city":"Carson City","state":"NV","address":"822 E College Pkwy","name":""},
  {"lat":39.110951,"lon":-119.774519,"city":"Carson City","state":"NV","address":"3780 Hwy 395","name":""},
  {"lat":36.20369,"lon":-115.199342,"city":"North Las Vegas","state":"NV","address":"2450 N Rancho Drive","name":""},
  {"lat":36.239035,"lon":-115.167841,"city":"North Las Vegas","state":"NV","address":"1811 W Craig Rd","name":""},
  {"lat":36.239343,"lon":-115.116045,"city":"North Las Vegas","state":"NV","address":"2531 East Craig Road","name":""},
  {"lat":39.583682,"lon":-119.740998,"city":"Sparks","state":"NV","address":"252 Los Altos Pkwy.","name":""},
  {"lat":39.527486,"lon":-119.70174,"city":"Sparks","state":"NV","address":"2091 Brierly Way","name":""},
  {"lat":39.526219,"lon":-119.862129,"city":"Reno","state":"NV","address":"10140 McCarran Rd.","name":""},
  {"lat":39.420904,"lon":-119.753688,"city":"Reno","state":"NV","address":"12490 Old Virginia Rd","name":""},
  {"lat":39.557155,"lon":-119.781567,"city":"Reno","state":"NV","address":"2920 Northtowne Ln","name":""},
  {"lat":36.041216,"lon":-115.099743,"city":"Henderson","state":"NV","address":"180 Pecos","name":""},
  {"lat":36.025026,"lon":-114.96427,"city":"Henderson","state":"NV","address":"898 S Boulder Hwy","name":""},
  {"lat":35.999146,"lon":-115.12682,"city":"Henderson","state":"NV","address":"10485 Spencer St.","name":""},
  {"lat":36.060936,"lon":-115.036103,"city":"Henderson","state":"NV","address":"550 Marks St","name":""},
  {"lat":36.035534,"lon":-115.047502,"city":"Henderson","state":"NV","address":"135 N Stephanie St.","name":""},
  {"lat":36.041069,"lon":-114.982717,"city":"Henderson","state":"NV","address":"150 North Boulder Highway","name":""},
  {"lat":36.283593,"lon":-115.314525,"city":"Las Vegas","state":"NV","address":"6740 North Hualapai Way","name":""},
  {"lat":36.115057,"lon":-115.191445,"city":"Las Vegas","state":"NV","address":"3861 West Flamingo Rd.","name":""},
  {"lat":36.196453,"lon":-115.257665,"city":"Las Vegas","state":"NV","address":"7480 W. Lake Mead Blvd.","name":""},
  {"lat":36.102091,"lon":-115.053122,"city":"Las Vegas","state":"NV","address":"5526 Boulder Hwy","name":""},
  {"lat":36.094547,"lon":-115.296746,"city":"Las Vegas","state":"NV","address":"5180 S Fort Apache Road","name":""},
  {"lat":36.159443,"lon":-115.32096,"city":"Las Vegas","state":"NV","address":"10320 W Charleston Blvd","name":""},
  {"lat":36.10063,"lon":-115.137245,"city":"Las Vegas","state":"NV","address":"1197 E. Tropicana","name":""},
  {"lat":36.271944,"lon":-115.206278,"city":"Las Vegas","state":"NV","address":"6160 N. Decatur Blvd","name":""},
  {"lat":36.040207,"lon":-115.191903,"city":"Las Vegas","state":"NV","address":"3922 Blue Diamond Road","name":""},
  {"lat":36.098688,"lon":-115.175205,"city":"Las Vegas","state":"NV","address":"3850 S. Las Vegas Blvd","name":""},
  {"lat":36.194225,"lon":-115.161438,"city":"Las Vegas","state":"NV","address":"1945 N. Martin L. King Blvd.","name":""},
  {"lat":36.05777,"lon":-115.243727,"city":"Las Vegas","state":"NV","address":"7165 S. Rainbow Blvd","name":""},
  {"lat":36.166161,"lon":-115.244649,"city":"Las Vegas","state":"NV","address":"511 South Rainbow Blvd","name":""},
  {"lat":36.01956,"lon":-115.268123,"city":"Las Vegas","state":"NV","address":"8125 Blue Diamond Rd.","name":""},
  {"lat":36.143633,"lon":-115.276465,"city":"Las Vegas","state":"NV","address":"8471 West Sahara Ave","name":""},
  {"lat":36.080891,"lon":-115.11941,"city":"Las Vegas","state":"NV","address":"5975 South Eastern Ave","name":""},
  {"lat":36.014218,"lon":-115.171833,"city":"Las Vegas","state":"NV","address":"9680 Las Vegas Blvd South","name":""},
  {"lat":36.273847,"lon":-115.268177,"city":"Las Vegas","state":"NV","address":"6311 Centennial Center Blvd","name":""},
  {"lat":36.158561,"lon":-115.124737,"city":"Las Vegas","state":"NV","address":"1802 E. Charleston Blvd.","name":""},
  {"lat":36.175737,"lon":-115.223698,"city":"Las Vegas","state":"NV","address":"280 N Jones Blvd","name":""},
  {"lat":36.302593,"lon":-115.2848,"city":"Las Vegas","state":"NV","address":"7757 N. El Capitan Way","name":""},
  {"lat":36.099685,"lon":-115.223187,"city":"Las Vegas","state":"NV","address":"5955 W. Tropicana Ave.","name":""},
  {"lat":35.999049,"lon":-115.205601,"city":"Las Vegas","state":"NV","address":"4800 W. Cactus Avenue","name":""},
  {"lat":36.158583,"lon":-115.165803,"city":"Las Vegas","state":"NV","address":"1801 W Charleston Blvd","name":""},
  {"lat":36.165344,"lon":-115.061391,"city":"Las Vegas","state":"NV","address":"348 N Nellis Blvd","name":""},
  {"lat":42.190028,"lon":-83.182642,"city":"Southgate","state":"MI","address":"16252 Fort St.","name":""},
  {"lat":42.32794,"lon":-83.272133,"city":"Dearborn Heights","state":"MI","address":"5644 N. Telegraph","name":""},
  {"lat":42.223903,"lon":-83.269775,"city":"Taylor","state":"MI","address":"11386 Telegraph Road","name":""},
  {"lat":42.533436,"lon":-83.16238,"city":"Clawson","state":"MI","address":"1120 W. 14 Mile Road","name":""},
  {"lat":42.535178,"lon":-82.912818,"city":"Roseville","state":"MI","address":"32439 Gratiot Ave","name":""},
  {"lat":42.502805,"lon":-83.084777,"city":"Warren","state":"MI","address":"28692 Dequindre","name":""},
  {"lat":42.48592,"lon":-83.00695,"city":"Warren","state":"MI","address":"26111 Hoover Rd.","name":""},
  {"lat":42.256821,"lon":-83.197281,"city":"Allen Park","state":"MI","address":"14570 Southfield Rd.","name":""},
  {"lat":42.67307,"lon":-82.833663,"city":"Chesterfield","state":"MI","address":"50680 Gratiot Ave.","name":""},
  {"lat":42.379316,"lon":-83.334175,"city":"Livonia","state":"MI","address":"13201 Middlebelt Rd.","name":""},
  {"lat":37.176302,"lon":-113.301657,"city":"Hurricane","state":"UT","address":"753 W State St","name":""},
  {"lat":41.305259,"lon":-112.024093,"city":"Farr West","state":"UT","address":"2618 North 1850 West","name":""},
  {"lat":40.706298,"lon":-112.024479,"city":"West Valley City","state":"UT","address":"2963 S 5600 W","name":""},
  {"lat":40.647426,"lon":-111.866263,"city":"Murray","state":"UT","address":"5672 South 900 East","name":""},
  {"lat":41.188372,"lon":-111.98424,"city":"Riverdale","state":"UT","address":"4117 S Riverdale Road","name":""},
  {"lat":40.542901,"lon":-111.985993,"city":"South Jordan","state":"UT","address":"11507 South 4000 West","name":""},
  {"lat":40.561952,"lon":-111.937204,"city":"South Jordan","state":"UT","address":"1651 W South Jordan Pkwy","name":""},
  {"lat":40.526322,"lon":-111.888078,"city":"Draper City","state":"UT","address":"96 E. 12300 South","name":""},
  {"lat":40.099377,"lon":-111.613508,"city":"Spanish Fork","state":"UT","address":"804 S Spanish Fork Parkway","name":""},
  {"lat":40.852468,"lon":-111.930218,"city":"North Salt Lake","state":"UT","address":"585 N. Redwood Road","name":""},
  {"lat":40.277782,"lon":-111.685864,"city":"Orem","state":"UT","address":"1055 S. State Street","name":""},
  {"lat":40.326322,"lon":-111.708506,"city":"Orem","state":"UT","address":"1599 N State St","name":""},
  {"lat":40.431234,"lon":-111.826109,"city":"Lehi","state":"UT","address":"1466 E 3500 N","name":""},
  {"lat":41.757822,"lon":-111.821598,"city":"Logan","state":"UT","address":"497 E 1400 N","name":""},
  {"lat":40.683822,"lon":-112.271047,"city":"Lake Point","state":"UT","address":"1428 Arimo Road","name":""},
  {"lat":37.656336,"lon":-113.085454,"city":"Cedar City","state":"UT","address":"1733 West Royal Hunte Drive","name":""},
  {"lat":37.128043,"lon":-113.522511,"city":"Washington","state":"UT","address":"786 West Telegraph Road","name":""},
  {"lat":40.161036,"lon":-111.642852,"city":"Springville","state":"UT","address":"442 South 1750 West","name":""},
  {"lat":37.031611,"lon":-113.606588,"city":"St. George","state":"UT","address":"4625 S. Pioneer Rd","name":""},
  {"lat":37.125302,"lon":-113.602708,"city":"St. George","state":"UT","address":"1091 N. Bluff St","name":""},
  {"lat":40.595621,"lon":-111.853727,"city":"Sandy","state":"UT","address":"8580 S 1300 E","name":""},
  {"lat":41.182784,"lon":-112.025164,"city":"Roy","state":"UT","address":"4436 S 1900 W","name":""},
  {"lat":40.724026,"lon":-111.544022,"city":"Park City","state":"UT","address":"1723 Ute Blvd","name":""},
  {"lat":40.760993,"lon":-111.867822,"city":"Salt Lake City","state":"UT","address":"809 E 400 S","name":""},
  {"lat":40.705592,"lon":-111.852787,"city":"Salt Lake City","state":"UT","address":"3010 Highland Dr","name":""},
  {"lat":40.728375,"lon":-111.968597,"city":"Salt Lake City","state":"UT","address":"2000 S. 3230 West","name":""},
  {"lat":40.725744,"lon":-111.890064,"city":"Salt Lake City","state":"UT","address":"23 East 2100 South","name":""},
  {"lat":41.115585,"lon":-112.065009,"city":"West Point","state":"UT","address":"123 North 2000 West","name":""},
  {"lat":40.387966,"lon":-111.913508,"city":"Saratoga Springs","state":"UT","address":"128 Crossroads Blvd","name":""},
  {"lat":40.669005,"lon":-111.93951,"city":"Taylorsville","state":"UT","address":"1731 W. Bowling Ave.","name":""},
  {"lat":41.070906,"lon":-111.977402,"city":"Layton","state":"UT","address":"737 N. Main Street","name":""},
  {"lat":40.884453,"lon":-111.885252,"city":"Bountiful","state":"UT","address":"196 West 500 South","name":""},
  {"lat":40.37212,"lon":-111.779049,"city":"American Fork","state":"UT","address":"730 E State Rd","name":""},
  {"lat":40.386953,"lon":-111.82104,"city":"American Fork","state":"UT","address":"424 North 900 West","name":""},
  {"lat":40.609003,"lon":-112.022654,"city":"West Jordan","state":"UT","address":"5521 West 7800","name":""},
  {"lat":40.626398,"lon":-111.939768,"city":"West Jordan","state":"UT","address":"6876 Redwood Rd","name":""},
  {"lat":41.245818,"lon":-111.97754,"city":"Ogden","state":"UT","address":"1160 Wall Ave","name":""},
  {"lat":34.011387,"lon":-117.463632,"city":"Jurupa Valley","state":"CA","address":"8258 Mission Blvd","name":""},
  {"lat":33.43706,"lon":-117.622099,"city":"San Clemente","state":"CA","address":"109 Via Pico Plaza","name":""},
  {"lat":39.727034,"lon":-121.801964,"city":"Chico","state":"CA","address":"1957 East 20th St.","name":""},
  {"lat":32.742826,"lon":-117.046261,"city":"Lemon Grove","state":"CA","address":"7060 Broadway Ln","name":""},
  {"lat":34.121302,"lon":-117.907301,"city":"Azusa","state":"CA","address":"106 S Azusa Ave","name":""},
  {"lat":34.390377,"lon":-118.622928,"city":"Stevenson Ranch","state":"CA","address":"24909 W. Pico Canyon Rd.","name":""},
  {"lat":32.961404,"lon":-115.54891,"city":"Brawley","state":"CA","address":"1120 S Brawley Ave","name":""},
  {"lat":33.995786,"lon":-118.147514,"city":"Commerce","state":"CA","address":"6126 E. Washington Blvd","name":""},
  {"lat":36.837995,"lon":-119.689993,"city":"Clovis","state":"CA","address":"1415 Herndon Ave.","name":""},
  {"lat":32.806481,"lon":-116.924573,"city":"El Cajon","state":"CA","address":"141 Broadway","name":""},
  {"lat":34.361323,"lon":-119.04145,"city":"Santa Paula","state":"CA","address":"55 Hallock Drive","name":""},
  {"lat":33.166536,"lon":-117.246429,"city":"Vista","state":"CA","address":"1650 South Melrose Drive","name":""},
  {"lat":33.216854,"lon":-117.226801,"city":"Vista","state":"CA","address":"1037 E Bobier Dr","name":""},
  {"lat":33.740706,"lon":-118.292104,"city":"San Pedro","state":"CA","address":"350 S Gaffey Street","name":""},
  {"lat":37.70109,"lon":-121.074377,"city":"Salida","state":"CA","address":"4300 Salida Blvd.","name":""},
  {"lat":37.595447,"lon":-120.938266,"city":"Ceres","state":"CA","address":"2400 Mitchell Road","name":""},
  {"lat":34.235163,"lon":-118.466814,"city":"North Hills","state":"CA","address":"15330 Nordhoff Street","name":""},
  {"lat":33.967076,"lon":-117.036946,"city":"Calimesa","state":"CA","address":"1012 Cherry Valley Blvd","name":""},
  {"lat":34.004326,"lon":-117.063272,"city":"Calimesa","state":"CA","address":"33940 County Line Rd","name":""},
  {"lat":37.318694,"lon":-120.499461,"city":"Merced","state":"CA","address":"1798 West Olive Ave","name":""},
  {"lat":33.923498,"lon":-117.968237,"city":"La Habra","state":"CA","address":"751 S Beach Blvd","name":""},
  {"lat":33.570209,"lon":-116.090378,"city":"Mecca","state":"CA","address":"90480 66th Ave.","name":""},
  {"lat":33.804765,"lon":-118.169636,"city":"Signal Hill","state":"CA","address":"1801 Willow Street","name":""},
  {"lat":33.824692,"lon":-118.028816,"city":"Cypress","state":"CA","address":"5981 Orange Ave","name":""},
  {"lat":34.18788,"lon":-118.911762,"city":"Newbury Park","state":"CA","address":"591 N Ventu Park Rd","name":""},
  {"lat":34.008675,"lon":-117.861568,"city":"Walnut","state":"CA","address":"20259 Valley Blvd","name":""},
  {"lat":34.221897,"lon":-118.431296,"city":"Panorama City","state":"CA","address":"13701 Roscoe Blvd","name":""},
  {"lat":34.105237,"lon":-117.819213,"city":"San Dimas","state":"CA","address":"694 W Arrow Hwy","name":""},
  {"lat":34.298941,"lon":-118.43812,"city":"San Fernando","state":"CA","address":"2021 Glenoaks Blvd","name":""},
  {"lat":34.249726,"lon":-118.605123,"city":"Chatsworth","state":"CA","address":"21920 Lassen St","name":""},
  {"lat":33.92514,"lon":-116.898326,"city":"Banning","state":"CA","address":"1964 W Ramsey St","name":""},
  {"lat":34.136257,"lon":-117.871732,"city":"Glendora","state":"CA","address":"445 W Foothill Blvd","name":""},
  {"lat":33.846213,"lon":-118.08385,"city":"Lakewood","state":"CA","address":"11723 Del Amo Blvd","name":""},
  {"lat":34.446248,"lon":-118.474215,"city":"Santa Clarita","state":"CA","address":"19375 Plum Canyon Rd","name":""},
  {"lat":34.405724,"lon":-118.465615,"city":"Santa Clarita","state":"CA","address":"18802 Via Princessa","name":""},
  {"lat":33.609556,"lon":-114.605209,"city":"Blythe","state":"CA","address":"120 S Lovekin Blvd","name":""},
  {"lat":33.775388,"lon":-117.992212,"city":"Stanton","state":"CA","address":"12800 Beach Blvd","name":""},
  {"lat":33.803346,"lon":-118.010672,"city":"Stanton","state":"CA","address":"7001 Katella Ave","name":""},
  {"lat":33.918818,"lon":-117.560157,"city":"Norco","state":"CA","address":"2552 Hamner Ave","name":""},
  {"lat":33.738078,"lon":-118.006509,"city":"Westminster","state":"CA","address":"15456 Goldenwest St","name":""},
  {"lat":33.762484,"lon":-118.007557,"city":"Westminster","state":"CA","address":"13731 Goldenwest St","name":""},
  {"lat":34.241957,"lon":-118.267895,"city":"Tujunga","state":"CA","address":"6275 Foothill Blvd","name":""},
  {"lat":32.58352,"lon":-117.104825,"city":"Imperial Beach","state":"CA","address":"1333 Palm Ave","name":""},
  {"lat":34.05447,"lon":-117.395746,"city":"Bloomington","state":"CA","address":"10951 Cedar Ave","name":""},
  {"lat":33.848922,"lon":-118.354348,"city":"Torrance","state":"CA","address":"20135 Hawthorne Blvd","name":""},
  {"lat":33.816296,"lon":-118.306171,"city":"Torrance","state":"CA","address":"1595 Sepulveda Blvd","name":""},
  {"lat":34.107856,"lon":-117.195539,"city":"Highland","state":"CA","address":"27923 Greenspot Road","name":""},
  {"lat":34.136338,"lon":-117.206379,"city":"Highland","state":"CA","address":"3702 Highland Ave","name":""},
  {"lat":33.132224,"lon":-117.208148,"city":"San Marcos","state":"CA","address":"736 S. Rancho Santa Fe","name":""},
  {"lat":33.63765,"lon":-117.590419,"city":"Rancho Santa Margarita","state":"CA","address":"22351 Antonio Parkway","name":""},
  {"lat":34.067155,"lon":-117.926789,"city":"West Covina","state":"CA","address":"440 S. Vincent Ave.","name":""},
  {"lat":34.032771,"lon":-117.914624,"city":"West Covina","state":"CA","address":"2401 S. Azusa","name":""},
  {"lat":34.139854,"lon":-117.983725,"city":"Monrovia","state":"CA","address":"945 E. Huntington Drive","name":""},
  {"lat":39.14206,"lon":-121.654304,"city":"Yuba City","state":"CA","address":"1078 Harter Road","name":""},
  {"lat":33.887272,"lon":-118.106364,"city":"Norwalk","state":"CA","address":"10644 Alondra Blvd.","name":""},
  {"lat":38.424024,"lon":-121.414997,"city":"Elk Grove","state":"CA","address":"7519 Laguna Blvd.","name":""},
  {"lat":33.500998,"lon":-117.659572,"city":"San Juan Capistrano","state":"CA","address":"31780 Del Obispo","name":""},
  {"lat":34.264566,"lon":-118.524187,"city":"Granada Hills","state":"CA","address":"18070 Chatsworth St","name":""},
  {"lat":36.2268,"lon":-119.331364,"city":"Tulare","state":"CA","address":"1415 Hillman St","name":""},
  {"lat":33.925796,"lon":-116.976775,"city":"Beaumont","state":"CA","address":"435 E 4th Street","name":""},
  {"lat":33.773801,"lon":-117.939751,"city":"Garden Grove","state":"CA","address":"11070 Garden Grove Blvd","name":""},
  {"lat":33.815335,"lon":-116.488071,"city":"Palm Springs","state":"CA","address":"5601 East Ramon Road","name":""},
  {"lat":33.851918,"lon":-116.550359,"city":"Palm Springs","state":"CA","address":"2444 N Palm Canyon Dr","name":""},
  {"lat":33.903122,"lon":-116.544926,"city":"Palm Springs","state":"CA","address":"6620 N. Indian Canyon","name":""},
  {"lat":33.823408,"lon":-116.527757,"city":"Palm Springs","state":"CA","address":"102 N Sunrise Way","name":""},
  {"lat":34.279992,"lon":-118.866027,"city":"Moorpark","state":"CA","address":"848 Los Angeles Ave.","name":""},
  {"lat":33.867941,"lon":-117.825166,"city":"Placentia","state":"CA","address":"1851 E Orangethorpe Ave","name":""},
  {"lat":33.904829,"lon":-117.842533,"city":"Placentia","state":"CA","address":"1171 E. Imperial Highway","name":""},
  {"lat":37.797129,"lon":-121.198664,"city":"Manteca","state":"CA","address":"1194 E Yosemite Ave","name":""},
  {"lat":35.267152,"lon":-116.071379,"city":"Baker","state":"CA","address":"72197 Baker Blvd","name":""},
  {"lat":34.582939,"lon":-118.13652,"city":"Palmdale","state":"CA","address":"421 W Palmdale Blvd","name":""},
  {"lat":34.630074,"lon":-118.21947,"city":"Palmdale","state":"CA","address":"5010 West Avenue N","name":""},
  {"lat":33.670594,"lon":-116.18204,"city":"Coachella","state":"CA","address":"52119 Harrison Street","name":""},
  {"lat":33.716417,"lon":-116.171648,"city":"Coachella","state":"CA","address":"85494 Vista Del Norte","name":""},
  {"lat":33.863032,"lon":-117.788239,"city":"Yorba Linda","state":"CA","address":"19701 Esperanza Rd","name":""},
  {"lat":34.192613,"lon":-118.396205,"city":"North Hollywood","state":"CA","address":"6718 Laurel Canyon Blvd","name":""},
  {"lat":33.824649,"lon":-118.241338,"city":"Carson","state":"CA","address":"1933 E 223rd St","name":""},
  {"lat":33.871552,"lon":-118.265603,"city":"Carson","state":"CA","address":"17504 Avalon Blvd","name":""},
  {"lat":38.005473,"lon":-121.837524,"city":"Pittsburg","state":"CA","address":"4490 Delta Gateway Blvd","name":""},
  {"lat":34.432212,"lon":-118.590538,"city":"Valencia","state":"CA","address":"28082 The Old Rd","name":""},
  {"lat":33.717147,"lon":-116.295445,"city":"La Quinta","state":"CA","address":"78468 State Highway 111","name":""},
  {"lat":34.199996,"lon":-118.614417,"city":"Canoga Park","state":"CA","address":"7121 Carlson Cir","name":""},
  {"lat":33.94502,"lon":-118.333388,"city":"Inglewood","state":"CA","address":"3510 W. Century Blvd","name":""},
  {"lat":34.508458,"lon":-117.399951,"city":"Adelanto","state":"CA","address":"14200 Highway 395","name":""},
  {"lat":37.689796,"lon":-121.021975,"city":"Modesto","state":"CA","address":"1601 Standiford","name":""},
  {"lat":37.690357,"lon":-120.958658,"city":"Modesto","state":"CA","address":"2101 Sylvan Ave.","name":""},
  {"lat":36.326199,"lon":-119.350377,"city":"Visalia","state":"CA","address":"5348 West Cypress Avenue","name":""},
  {"lat":33.941942,"lon":-118.137114,"city":"Downey","state":"CA","address":"8028 Firestone Blvd","name":""},
  {"lat":33.945179,"lon":-116.501006,"city":"Desert Hot Sprngs","state":"CA","address":"14290 Palm Dr","name":""},
  {"lat":34.063207,"lon":-117.209873,"city":"Redlands","state":"CA","address":"1624 W Redlands Blvd","name":""},
  {"lat":34.055344,"lon":-117.176029,"city":"Redlands","state":"CA","address":"602 E Redlands Blvd","name":""},
  {"lat":34.135727,"lon":-116.07817,"city":"Twentynine Palms","state":"CA","address":"72636 29 Palms Hwy","name":""},
  {"lat":33.883266,"lon":-118.326218,"city":"Gardena","state":"CA","address":"16216 Crenshaw Blvd","name":""},
  {"lat":33.861718,"lon":-118.30889,"city":"Gardena","state":"CA","address":"18604 S Western Ave","name":""},
  {"lat":34.04788,"lon":-117.311122,"city":"Colton","state":"CA","address":"1010 E Washington St","name":""},
  {"lat":34.068326,"lon":-117.336488,"city":"Colton","state":"CA","address":"834 W Valley Blvd","name":""},
  {"lat":34.194704,"lon":-118.501381,"city":"Van Nuys","state":"CA","address":"6821 Balboa Blvd","name":""},
  {"lat":34.207911,"lon":-118.501518,"city":"Van Nuys","state":"CA","address":"7545 Balboa Blvd","name":""},
  {"lat":34.081289,"lon":-117.890433,"city":"Covina","state":"CA","address":"459 S Citrus Ave","name":""},
  {"lat":34.063358,"lon":-117.261503,"city":"Loma Linda","state":"CA","address":"24898 Redlands Blvd","name":""},
  {"lat":34.421921,"lon":-118.541107,"city":"Saugus","state":"CA","address":"26270 N Bouquet Canyon Rd","name":""},
  {"lat":34.66053,"lon":-118.204551,"city":"Lancaster","state":"CA","address":"4131 W Avenue L","name":""},
  {"lat":34.68118,"lon":-118.157318,"city":"Lancaster","state":"CA","address":"43999 15th St W","name":""},
  {"lat":34.68996,"lon":-118.097568,"city":"Lancaster","state":"CA","address":"1751 E Ave J","name":""},
  {"lat":34.70349,"lon":-118.150896,"city":"Lancaster","state":"CA","address":"1138 W Avenue I","name":""},
  {"lat":34.168892,"lon":-118.291723,"city":"Glendale","state":"CA","address":"6550 San Fernando Rd","name":""},
  {"lat":34.17726,"lon":-118.297494,"city":"Glendale","state":"CA","address":"2101 W Glenoaks Blvd","name":""},
  {"lat":33.759188,"lon":-118.08115,"city":"Seal Beach","state":"CA","address":"2900 Westminster Ave","name":""},
  {"lat":33.761987,"lon":-116.3031,"city":"Palm Desert","state":"CA","address":"39500 Berkey Dr","name":""},
  {"lat":33.720885,"lon":-116.363086,"city":"Palm Desert","state":"CA","address":"74617 State Highway 111","name":""},
  {"lat":33.797885,"lon":-116.387642,"city":"Palm Desert","state":"CA","address":"34540 Monterey Avenue","name":""},
  {"lat":34.029224,"lon":-117.809962,"city":"Diamond Bar","state":"CA","address":"520 N. Diamond Bar Blvd","name":""},
  {"lat":34.216115,"lon":-119.068278,"city":"Camarillo","state":"CA","address":"121 Ventura Blvd","name":""},
  {"lat":33.661276,"lon":-117.874835,"city":"Newport Beach","state":"CA","address":"2112 S.E. Bristol St","name":""},
  {"lat":34.138784,"lon":-117.575425,"city":"Rancho Cucamonga","state":"CA","address":"6341 Haven Avenue","name":""},
  {"lat":34.107137,"lon":-117.534788,"city":"Rancho Cucamonga","state":"CA","address":"8055 Monet Ave","name":""},
  {"lat":34.108856,"lon":-117.576296,"city":"Rancho Cucamonga","state":"CA","address":"7968 Haven Ave","name":""},
  {"lat":34.122586,"lon":-117.593032,"city":"Rancho Cucamonga","state":"CA","address":"7247 Archibald Ave","name":""},
  {"lat":34.130938,"lon":-117.615681,"city":"Rancho Cucamonga","state":"CA","address":"6799 Carnelian St","name":""},
  {"lat":33.892979,"lon":-117.944785,"city":"Fullerton","state":"CA","address":"1020 Rosecrans Ave","name":""},
  {"lat":33.89012,"lon":-117.8748,"city":"Fullerton","state":"CA","address":"1941 N Placentia Ave","name":""},
  {"lat":33.872995,"lon":-117.889312,"city":"Fullerton","state":"CA","address":"2408 E Chapman Ave","name":""},
  {"lat":34.062674,"lon":-117.437628,"city":"Fontana","state":"CA","address":"16805 Slover Ave","name":""},
  {"lat":34.071783,"lon":-117.489259,"city":"Fontana","state":"CA","address":"10020 Cherry Ave","name":""},
  {"lat":34.073794,"lon":-117.436029,"city":"Fontana","state":"CA","address":"9906 Sierra Ave","name":""},
  {"lat":34.150681,"lon":-117.470527,"city":"Fontana","state":"CA","address":"15300 Summit Ave","name":""},
  {"lat":34.183161,"lon":-117.438317,"city":"Fontana","state":"CA","address":"3864 Sierra Ave","name":""},
  {"lat":34.106941,"lon":-117.434867,"city":"Fontana","state":"CA","address":"16930 Foothill Blvd","name":""},
  {"lat":33.465102,"lon":-117.688671,"city":"Dana Point","state":"CA","address":"34289 Pacific Coast Hwy","name":""},
  {"lat":38.663526,"lon":-121.226574,"city":"Fair Oaks","state":"CA","address":"8898 Madison Ave","name":""},
  {"lat":34.264871,"lon":-118.466938,"city":"Mission Hills","state":"CA","address":"15353 Chatsworth St","name":""},
  {"lat":34.220082,"lon":-119.157576,"city":"Oxnard","state":"CA","address":"2000 N Rose Ave","name":""},
  {"lat":34.196278,"lon":-119.195093,"city":"Oxnard","state":"CA","address":"601 S Ventura Rd","name":""},
  {"lat":34.379069,"lon":-118.548929,"city":"Newhall","state":"CA","address":"23650 Lyons Ave","name":""},
  {"lat":33.61763,"lon":-117.705699,"city":"Lake Forest","state":"CA","address":"23781 El Toro Rd.","name":""},
  {"lat":33.638118,"lon":-117.679211,"city":"Lake Forest","state":"CA","address":"22349 El Toro Rd","name":""},
  {"lat":33.873287,"lon":-118.080375,"city":"Artesia","state":"CA","address":"11879 Artesia Blvd","name":""},
  {"lat":34.107425,"lon":-117.631995,"city":"Upland","state":"CA","address":"1371 E Foothill Blvd","name":""},
  {"lat":34.107224,"lon":-117.682451,"city":"Upland","state":"CA","address":"1653 W Foothill Blvd","name":""},
  {"lat":32.855887,"lon":-116.971375,"city":"Santee","state":"CA","address":"9822 N Magnolia Ave","name":""},
  {"lat":34.471476,"lon":-117.272319,"city":"Victorville","state":"CA","address":"17918 Bear Valley Rd","name":""},
  {"lat":34.47071,"lon":-117.366261,"city":"Victorville","state":"CA","address":"13610 Bear Valley Road","name":""},
  {"lat":34.507488,"lon":-117.326986,"city":"Victorville","state":"CA","address":"15470 Palmdale Road","name":""},
  {"lat":34.525827,"lon":-117.3035,"city":"Victorville","state":"CA","address":"15070 7th St","name":""},
  {"lat":34.47379,"lon":-117.291262,"city":"Victorville","state":"CA","address":"12253 Hesperia Rd","name":""},
  {"lat":33.595329,"lon":-117.247196,"city":"Wildomar","state":"CA","address":"36164 Hidden Springs Road","name":""},
  {"lat":33.99231,"lon":-117.969038,"city":"Hacienda Heights","state":"CA","address":"2395 S. Hacienda Blvd","name":""},
  {"lat":34.010439,"lon":-117.96286,"city":"Hacienda Heights","state":"CA","address":"1110 S Hacienda Blvd","name":""},
  {"lat":34.159095,"lon":-118.132871,"city":"Pasadena","state":"CA","address":"765 North Lake Ave","name":""},
  {"lat":34.149877,"lon":-118.076569,"city":"Pasadena","state":"CA","address":"3566 E Foothill Blvd","name":""},
  {"lat":33.816215,"lon":-116.456962,"city":"Cathedral City","state":"CA","address":"69070 Ramon Road","name":""},
  {"lat":33.786648,"lon":-116.478559,"city":"Cathedral City","state":"CA","address":"67794 E Palm Canyon Dr","name":""},
  {"lat":33.041882,"lon":-116.869523,"city":"Ramona","state":"CA","address":"1025 Main St.","name":""},
  {"lat":34.032281,"lon":-118.12468,"city":"Montebello","state":"CA","address":"880 N Wilcox Ave","name":""},
  {"lat":34.096293,"lon":-118.285013,"city":"Los Angeles","state":"CA","address":"4376 W. Sunset Blvd","name":""},
  {"lat":33.930553,"lon":-118.309506,"city":"Los Angeles","state":"CA","address":"1816 W Imperial Hwy","name":""},
  {"lat":33.95868,"lon":-118.393206,"city":"Los Angeles","state":"CA","address":"8651 So. La Tijera Ave.","name":""},
  {"lat":34.038362,"lon":-118.376828,"city":"Los Angeles","state":"CA","address":"2060 S. La Cienega Blvd.","name":""},
  {"lat":34.125023,"lon":-118.265163,"city":"Los Angeles","state":"CA","address":"3020 Los Feliz Blvd","name":""},
  {"lat":34.135396,"lon":-118.215541,"city":"Los Angeles","state":"CA","address":"4903 N. Eagle Rock Blvd.","name":""},
  {"lat":34.07783,"lon":-117.996084,"city":"Baldwin Park","state":"CA","address":"12690 Ramona Blvd.","name":""},
  {"lat":32.777735,"lon":-115.57056,"city":"El Centro","state":"CA","address":"1540 Ocotillo Dr","name":""},
  {"lat":32.811922,"lon":-115.569426,"city":"El Centro","state":"CA","address":"2039 North Imperial Avenue","name":""},
  {"lat":33.209105,"lon":-117.284442,"city":"Oceanside","state":"CA","address":"1970 College Blvd","name":""},
  {"lat":33.18356,"lon":-117.328707,"city":"Oceanside","state":"CA","address":"2269 S El Camino Real","name":""},
  {"lat":33.208243,"lon":-117.388615,"city":"Oceanside","state":"CA","address":"1601 Carmelo Dr","name":""},
  {"lat":33.133784,"lon":-117.058973,"city":"Escondido","state":"CA","address":"1605 E Valley Pkwy","name":""},
  {"lat":33.140008,"lon":-117.090095,"city":"Escondido","state":"CA","address":"110 W El Norte Parkway","name":""},
  {"lat":33.115077,"lon":-117.10123,"city":"Escondido","state":"CA","address":"1270 W Valley Pkwy","name":""},
  {"lat":33.878768,"lon":-118.218051,"city":"Compton","state":"CA","address":"1641 S. Alameda St","name":""},
  {"lat":33.735972,"lon":-117.812481,"city":"Tustin","state":"CA","address":"13742 Red Hill Ave.","name":""},
  {"lat":35.349174,"lon":-119.129273,"city":"Bakersfield","state":"CA","address":"11409 Stockdale Hwy","name":""},
  {"lat":35.383893,"lon":-119.09369,"city":"Bakersfield","state":"CA","address":"8270 Rosedale Hwy","name":""},
  {"lat":35.393768,"lon":-118.966678,"city":"Bakersfield","state":"CA","address":"2663 Mt. Vernon Ave.","name":""},
  {"lat":35.380535,"lon":-119.020346,"city":"Bakersfield","state":"CA","address":"2315 Eye Street","name":""},
  {"lat":35.339838,"lon":-119.049774,"city":"Bakersfield","state":"CA","address":"4250 Ming Ave","name":""},
  {"lat":35.432817,"lon":-119.021761,"city":"Bakersfield","state":"CA","address":"2933 N. Chester Ave","name":""},
  {"lat":35.307607,"lon":-119.09285,"city":"Bakersfield","state":"CA","address":"5211 Gosford Road","name":""},
  {"lat":35.441064,"lon":-119.076985,"city":"Bakersfield","state":"CA","address":"35145 Merle Haggard Drive","name":""},
  {"lat":34.072695,"lon":-117.557035,"city":"Ontario","state":"CA","address":"4340 Mills Circle","name":""},
  {"lat":34.077981,"lon":-117.610432,"city":"Ontario","state":"CA","address":"1909 E 4th St","name":""},
  {"lat":34.070263,"lon":-117.669735,"city":"Ontario","state":"CA","address":"624 N Mountain Ave","name":""},
  {"lat":34.020792,"lon":-117.558888,"city":"Ontario","state":"CA","address":"2958 S. Milliken Ave.","name":""},
  {"lat":34.027719,"lon":-117.650314,"city":"Ontario","state":"CA","address":"2535 S Euclid Ave","name":""},
  {"lat":34.04624,"lon":-117.549097,"city":"Ontario","state":"CA","address":"4850 South Motor Lane","name":""},
  {"lat":34.071348,"lon":-118.068531,"city":"El Monte","state":"CA","address":"9200 Flair Drive","name":""},
  {"lat":38.021392,"lon":-121.322038,"city":"Stockton","state":"CA","address":"817 West Hammer Lane","name":""},
  {"lat":38.656405,"lon":-121.126422,"city":"Folsom","state":"CA","address":"2699 E Bidwell St","name":""},
  {"lat":34.931702,"lon":-120.436595,"city":"Santa Maria","state":"CA","address":"1565 S Broadway","name":""},
  {"lat":34.973011,"lon":-120.435065,"city":"Santa Maria","state":"CA","address":"1816 N Broadway","name":""},
  {"lat":33.830983,"lon":-118.08915,"city":"Long Beach","state":"CA","address":"7211 E. Carson Blvd.","name":""},
  {"lat":33.832119,"lon":-118.165866,"city":"Long Beach","state":"CA","address":"2120 E Carson St","name":""},
  {"lat":33.789578,"lon":-118.154782,"city":"Long Beach","state":"CA","address":"3190 E Pacific Coast Hwy","name":""},
  {"lat":33.860225,"lon":-118.15059,"city":"Long Beach","state":"CA","address":"3501 E South St","name":""},
  {"lat":33.795942,"lon":-118.108221,"city":"Long Beach","state":"CA","address":"2201 Palo Verde Ave","name":""},
  {"lat":34.193838,"lon":-118.349303,"city":"Burbank","state":"CA","address":"2515 N. Hollywood Way","name":""},
  {"lat":40.570649,"lon":-122.35889,"city":"Redding","state":"CA","address":"2602 Hilltop Dr","name":""},
  {"lat":35.127757,"lon":-118.468213,"city":"Tehachapi","state":"CA","address":"645 Tucker Road","name":""},
  {"lat":38.220616,"lon":-122.127809,"city":"Fairfield","state":"CA","address":"201 Pittman Road","name":""},
  {"lat":33.846736,"lon":-117.924145,"city":"Anaheim","state":"CA","address":"955 N Harbor Blvd","name":""},
  {"lat":33.852454,"lon":-117.941313,"city":"Anaheim","state":"CA","address":"1290 N Euclid St","name":""},
  {"lat":33.859975,"lon":-117.90728,"city":"Anaheim","state":"CA","address":"1155 E Orangethorpe Ave","name":""},
  {"lat":33.837411,"lon":-117.871389,"city":"Anaheim","state":"CA","address":"2801 E Lincoln Ave","name":""},
  {"lat":33.832351,"lon":-118.001937,"city":"Anaheim","state":"CA","address":"3181 W. Lincoln Ave","name":""},
  {"lat":33.848552,"lon":-117.976748,"city":"Anaheim","state":"CA","address":"1141 N Magnolia Ave","name":""},
  {"lat":33.789647,"lon":-117.914304,"city":"Anaheim","state":"CA","address":"2330 S Harbor Blvd","name":""},
  {"lat":33.795567,"lon":-117.888858,"city":"Anaheim","state":"CA","address":"2112 S State College Blvd","name":""},
  {"lat":33.97477,"lon":-117.544883,"city":"Mira Loma","state":"CA","address":"6269 Pats Ranch Road","name":""},
  {"lat":34.262799,"lon":-119.2331,"city":"Ventura","state":"CA","address":"4393 E Main St","name":""},
  {"lat":33.571498,"lon":-117.723935,"city":"Aliso Viejo","state":"CA","address":"26951 Aliso Creek Road","name":""},
  {"lat":38.578189,"lon":-121.548261,"city":"West Sacramento","state":"CA","address":"841 Harbor Blvd.","name":""},
  {"lat":33.678791,"lon":-117.66395,"city":"Foothill Ranch","state":"CA","address":"26702 Portola Parkway","name":""},
  {"lat":33.916531,"lon":-118.050885,"city":"Santa Fe Springs","state":"CA","address":"13204 Imperial Highway","name":""},
  {"lat":33.948989,"lon":-118.090983,"city":"Santa Fe Springs","state":"CA","address":"11344 Telegraph Rd","name":""},
  {"lat":33.886326,"lon":-117.225849,"city":"Moreno Valley","state":"CA","address":"16150 Perris Blvd","name":""},
  {"lat":33.969272,"lon":-117.253304,"city":"Moreno Valley","state":"CA","address":"23573 Sunnymead Ranch Pkwy","name":""},
  {"lat":33.936513,"lon":-117.178931,"city":"Moreno Valley","state":"CA","address":"12641 Moreno Beach Drive","name":""},
  {"lat":33.940839,"lon":-117.227358,"city":"Moreno Valley","state":"CA","address":"24941 Elder Ave","name":""},
  {"lat":33.937897,"lon":-117.263057,"city":"Moreno Valley","state":"CA","address":"12625 Frederick St","name":""},
  {"lat":33.918144,"lon":-117.226043,"city":"Moreno Valley","state":"CA","address":"25024 Alessandro Blvd","name":""},
  {"lat":34.033816,"lon":-117.75779,"city":"Pomona","state":"CA","address":"2071 Rancho Valley Dr.","name":""},
  {"lat":34.072283,"lon":-117.752524,"city":"Pomona","state":"CA","address":"1495 N Garey Ave","name":""},
  {"lat":34.0278,"lon":-118.390457,"city":"Culver City","state":"CA","address":"3705 Robertson Blvd","name":""},
  {"lat":33.989063,"lon":-118.396557,"city":"Culver City","state":"CA","address":"11446 Jefferson Blvd","name":""},
  {"lat":38.677933,"lon":-121.292804,"city":"Citrus Heights","state":"CA","address":"7398 Greenback Ln","name":""},
  {"lat":36.8153,"lon":-119.790892,"city":"Fresno","state":"CA","address":"5385 N Blackstone Ave.","name":""},
  {"lat":38.455384,"lon":-121.403963,"city":"Sacramento","state":"CA","address":"8230 Calvine Rd","name":""},
  {"lat":38.69477,"lon":-121.361839,"city":"Sacramento","state":"CA","address":"4337 Elkhorn Blvd","name":""},
  {"lat":38.595839,"lon":-121.414768,"city":"Sacramento","state":"CA","address":"2200 Arden Way","name":""},
  {"lat":38.572101,"lon":-121.465922,"city":"Sacramento","state":"CA","address":"3027 K St","name":""},
  {"lat":38.635813,"lon":-121.502985,"city":"Sacramento","state":"CA","address":"3531 Truxel Rd.","name":""},
  {"lat":34.02182,"lon":-118.355311,"city":"Baldwin Hills","state":"CA","address":"3540 South La Brea Ave.","name":""},
  {"lat":37.111422,"lon":-121.016615,"city":"Santa Nella","state":"CA","address":"29025 Plaza Dr","name":""},
  {"lat":33.592951,"lon":-117.123373,"city":"Winchester","state":"CA","address":"30640 Benton Road","name":""},
  {"lat":34.22077,"lon":-118.553925,"city":"Northridge","state":"CA","address":"19309 Roscoe Blvd.","name":""},
  {"lat":34.233449,"lon":-118.562735,"city":"Northridge","state":"CA","address":"8941 Corbin Ave","name":""},
  {"lat":33.815003,"lon":-116.400609,"city":"Thousand Palms","state":"CA","address":"72325 Varner Rd","name":""},
  {"lat":33.53183,"lon":-117.151038,"city":"Temecula","state":"CA","address":"40375 Winchester Rd","name":""},
  {"lat":33.518351,"lon":-117.163191,"city":"Temecula","state":"CA","address":"27445 Jefferson Ave","name":""},
  {"lat":33.505345,"lon":-117.150487,"city":"Temecula","state":"CA","address":"27453 Ynez Rd","name":""},
  {"lat":33.475559,"lon":-117.126521,"city":"Temecula","state":"CA","address":"30607 CA-79","name":""},
  {"lat":33.803598,"lon":-116.971697,"city":"San Jacinto","state":"CA","address":"1231 N State Street","name":""},
  {"lat":33.774473,"lon":-116.958537,"city":"San Jacinto","state":"CA","address":"1401 San Jacinto Ave","name":""},
  {"lat":33.606722,"lon":-117.690247,"city":"Mission Viejo","state":"CA","address":"24465 Alicia Pkwy","name":""},
  {"lat":33.547611,"lon":-117.671999,"city":"Mission Viejo","state":"CA","address":"26241 Avery Pkwy","name":""},
  {"lat":33.59156,"lon":-117.659504,"city":"Mission Viejo","state":"CA","address":"25542 Marguerite Pkwy","name":""},
  {"lat":34.473316,"lon":-117.241822,"city":"Apple Valley","state":"CA","address":"12207 Apple Valley Road","name":""},
  {"lat":34.525736,"lon":-117.218303,"city":"Apple Valley","state":"CA","address":"20306 Hwy 18","name":""},
  {"lat":34.501197,"lon":-117.190566,"city":"Apple Valley","state":"CA","address":"13730 Navajo Rd","name":""},
  {"lat":34.193375,"lon":-118.561527,"city":"Reseda","state":"CA","address":"19644 Vanowen St","name":""},
  {"lat":34.117122,"lon":-117.777215,"city":"La Verne","state":"CA","address":"1398 Foothill Blvd","name":""},
  {"lat":33.67958,"lon":-118.00326,"city":"Huntington Beach","state":"CA","address":"7175 W Yorktown Ave","name":""},
  {"lat":33.651806,"lon":-117.954168,"city":"Huntington Beach","state":"CA","address":"21401 Brookhurst St","name":""},
  {"lat":33.71506,"lon":-118.026042,"city":"Huntington Beach","state":"CA","address":"5856 Warner Ave","name":""},
  {"lat":33.708053,"lon":-117.989724,"city":"Huntington Beach","state":"CA","address":"17501 Beach Blvd","name":""},
  {"lat":33.658666,"lon":-117.97144,"city":"Huntington Beach","state":"CA","address":"20921 Magnolia St","name":""},
  {"lat":34.141492,"lon":-117.37569,"city":"Rialto","state":"CA","address":"2000 N. Riverside Ave.","name":""},
  {"lat":34.091144,"lon":-117.369864,"city":"Rialto","state":"CA","address":"519 S Riverside Ave","name":""},
  {"lat":35.639405,"lon":-117.678386,"city":"Ridgecrest","state":"CA","address":"1020 N Norma St","name":""},
  {"lat":33.747843,"lon":-117.004691,"city":"Hemet","state":"CA","address":"3100 W Florida Ave","name":""},
  {"lat":33.747432,"lon":-116.930738,"city":"Hemet","state":"CA","address":"41871 State Highway 74","name":""},
  {"lat":34.165223,"lon":-117.279704,"city":"San Bernardino","state":"CA","address":"272 E 40th St","name":""},
  {"lat":34.167427,"lon":-117.332796,"city":"San Bernardino","state":"CA","address":"4344 University Pkwy.","name":""},
  {"lat":34.108589,"lon":-117.299867,"city":"San Bernardino","state":"CA","address":"770 W 5th Ave","name":""},
  {"lat":34.136182,"lon":-117.243406,"city":"San Bernardino","state":"CA","address":"2002 E Highland Ave","name":""},
  {"lat":34.052999,"lon":-117.278287,"city":"San Bernardino","state":"CA","address":"2665 S Waterman Ave","name":""},
  {"lat":34.143116,"lon":-117.251845,"city":"San Bernardino","state":"CA","address":"2855 Del Rosa Ave","name":""},
  {"lat":34.419746,"lon":-117.285545,"city":"Hesperia","state":"CA","address":"17292 Main St","name":""},
  {"lat":34.42626,"lon":-117.374294,"city":"Hesperia","state":"CA","address":"13253 Main Street","name":""},
  {"lat":34.423772,"lon":-117.31879,"city":"Hesperia","state":"CA","address":"15797 Main St","name":""},
  {"lat":34.12668,"lon":-116.405256,"city":"Yucca Valley","state":"CA","address":"57736 29 Palms Hwy","name":""},
  {"lat":34.121208,"lon":-116.42582,"city":"Yucca Valley","state":"CA","address":"56748 29 Palms Hwy","name":""},
  {"lat":33.678745,"lon":-117.885465,"city":"Costa Mesa","state":"CA","address":"2956 Bristol St","name":""},
  {"lat":33.679776,"lon":-117.905994,"city":"Costa Mesa","state":"CA","address":"1155 Baker St","name":""},
  {"lat":33.636513,"lon":-117.922871,"city":"Costa Mesa","state":"CA","address":"1720 Superior Ave","name":""},
  {"lat":33.715577,"lon":-117.964279,"city":"Fountain Valley","state":"CA","address":"9436 Warner Ave","name":""},
  {"lat":33.711996,"lon":-117.955081,"city":"Fountain Valley","state":"CA","address":"17295 Brookhurst St","name":""},
  {"lat":33.946816,"lon":-118.001114,"city":"Whittier","state":"CA","address":"15266 Whittier Blvd","name":""},
  {"lat":33.966887,"lon":-118.049872,"city":"Whittier","state":"CA","address":"12320 Washington Blvd","name":""},
  {"lat":33.949383,"lon":-118.046662,"city":"Whittier","state":"CA","address":"9719 Carmenita Rd","name":""},
  {"lat":33.858443,"lon":-118.027734,"city":"Buena Park","state":"CA","address":"6014 Orangethorpe Ave","name":""},
  {"lat":34.033547,"lon":-117.077998,"city":"Yucaipa","state":"CA","address":"33299 Yucaipa Blvd","name":""},
  {"lat":34.034178,"lon":-117.04388,"city":"Yucaipa","state":"CA","address":"34860 Yucaipa Blvd","name":""},
  {"lat":34.019452,"lon":-117.67944,"city":"Chino","state":"CA","address":"5740 Riverside Dr","name":""},
  {"lat":33.995534,"lon":-117.715627,"city":"Chino","state":"CA","address":"4053 Grand Ave","name":""},
  {"lat":34.033909,"lon":-117.690279,"city":"Chino","state":"CA","address":"12080 Central Ave","name":""},
  {"lat":34.852081,"lon":-117.082488,"city":"Barstow","state":"CA","address":"2871 Lenwood Rd","name":""},
  {"lat":34.893795,"lon":-117.005062,"city":"Barstow","state":"CA","address":"1310 E Mountain View St","name":""},
  {"lat":34.901561,"lon":-117.026789,"city":"Barstow","state":"CA","address":"401 N 1st Ave","name":""},
  {"lat":38.744604,"lon":-121.263499,"city":"Roseville","state":"CA","address":"1619 Douglas Blvd","name":""},
  {"lat":33.976436,"lon":-117.461764,"city":"Riverside","state":"CA","address":"6118 Clay St","name":""},
  {"lat":34.002046,"lon":-117.352423,"city":"Riverside","state":"CA","address":"1177 West La Cadena Dr.","name":""},
  {"lat":33.915949,"lon":-117.323978,"city":"Riverside","state":"CA","address":"401 E. Alessandro Blvd","name":""},
  {"lat":33.946644,"lon":-117.38726,"city":"Riverside","state":"CA","address":"3487 Arlington Ave","name":""},
  {"lat":33.912096,"lon":-117.439224,"city":"Riverside","state":"CA","address":"3199 Van Buren Blvd","name":""},
  {"lat":33.909601,"lon":-117.464797,"city":"Riverside","state":"CA","address":"10494 Magnolia Ave","name":""},
  {"lat":33.978462,"lon":-117.383754,"city":"Riverside","state":"CA","address":"4407 Brockton Ave","name":""},
  {"lat":33.882692,"lon":-117.364395,"city":"Riverside","state":"CA","address":"17080 Van Buren Blvd","name":""},
  {"lat":33.976055,"lon":-117.338992,"city":"Riverside","state":"CA","address":"1255 University Ave","name":""},
  {"lat":33.917017,"lon":-117.487526,"city":"Riverside","state":"CA","address":"4740 La Sierra Ave","name":""},
  {"lat":33.946243,"lon":-117.469349,"city":"Riverside","state":"CA","address":"9002 Arlington Ave","name":""},
  {"lat":33.953026,"lon":-117.388363,"city":"Riverside","state":"CA","address":"6333 Riverside Ave","name":""},
  {"lat":33.945758,"lon":-117.417506,"city":"Riverside","state":"CA","address":"5290 Arlington Ave","name":""},
  {"lat":33.68546,"lon":-117.367404,"city":"Lake Elsinore","state":"CA","address":"16810 Lakeshore Dr","name":""},
  {"lat":33.695272,"lon":-117.33463,"city":"Lake Elsinore","state":"CA","address":"29245 Central Avenue","name":""},
  {"lat":33.656817,"lon":-117.297622,"city":"Lake Elsinore","state":"CA","address":"31904 Mission Trl","name":""},
  {"lat":34.272198,"lon":-118.691914,"city":"Simi Valley","state":"CA","address":"5197 E. Los Angeles Avenue","name":""},
  {"lat":34.283123,"lon":-118.779396,"city":"Simi Valley","state":"CA","address":"1098 Enchanted Way","name":""},
  {"lat":34.278617,"lon":-118.737041,"city":"Simi Valley","state":"CA","address":"2990 Cochran St","name":""},
  {"lat":33.658314,"lon":-117.741483,"city":"Irvine","state":"CA","address":"59 Technology Drive","name":""},
  {"lat":33.676133,"lon":-117.798192,"city":"Irvine","state":"CA","address":"4820 Barranca Pkwy","name":""},
  {"lat":33.649823,"lon":-117.830799,"city":"Irvine","state":"CA","address":"4547 Campus Dr","name":""},
  {"lat":33.629368,"lon":-117.725173,"city":"Irvine","state":"CA","address":"16211 Lake Forest Dr.","name":""},
  {"lat":33.713325,"lon":-117.76022,"city":"Irvine","state":"CA","address":"4780 Irvine Blvd.","name":""},
  {"lat":33.917464,"lon":-118.009802,"city":"La Mirada","state":"CA","address":"15055 Imperial Hwy","name":""},
  {"lat":33.844249,"lon":-117.225055,"city":"Perris","state":"CA","address":"51 Ramona Expressway","name":""},
  {"lat":33.802026,"lon":-117.2301,"city":"Perris","state":"CA","address":"1688 N. Perris Blvd","name":""},
  {"lat":33.782019,"lon":-117.22037,"city":"Perris","state":"CA","address":"421 E 4th St","name":""},
  {"lat":33.7452,"lon":-117.190592,"city":"Perris","state":"CA","address":"3150 Case Road","name":""},
  {"lat":33.685394,"lon":-117.206381,"city":"Menifee","state":"CA","address":"25900 Newport Road","name":""},
  {"lat":33.684525,"lon":-117.150579,"city":"Menifee","state":"CA","address":"29187 Newport Road","name":""},
  {"lat":33.788191,"lon":-117.874714,"city":"Orange","state":"CA","address":"2043 W Chapman Ave","name":""},
  {"lat":33.787433,"lon":-117.813154,"city":"Orange","state":"CA","address":"3730 E Chapman Ave","name":""},
  {"lat":33.83458,"lon":-117.838446,"city":"Orange","state":"CA","address":"1440 E Lincoln Ave","name":""},
  {"lat":33.809612,"lon":-117.839728,"city":"Orange","state":"CA","address":"1301 E Katella Ave","name":""},
  {"lat":33.832478,"lon":-117.835906,"city":"Orange","state":"CA","address":"2607 N Tustin St","name":""},
  {"lat":32.693164,"lon":-117.133437,"city":"San Diego","state":"CA","address":"2804 Main St","name":""},
  {"lat":32.773243,"lon":-117.153795,"city":"San Diego","state":"CA","address":"7919 Mission Center Court","name":""},
  {"lat":32.752141,"lon":-117.205164,"city":"San Diego","state":"CA","address":"3106 Sports Arena Blvd.","name":""},
  {"lat":32.717646,"lon":-117.154531,"city":"San Diego","state":"CA","address":"1155 B Street","name":""},
  {"lat":32.811309,"lon":-117.201348,"city":"San Diego","state":"CA","address":"3896 Clairemont Dr","name":""},
  {"lat":33.59835,"lon":-117.179987,"city":"Murrieta","state":"CA","address":"27596 Clinton Keith Rd","name":""},
  {"lat":33.640022,"lon":-117.16873,"city":"Murrieta","state":"CA","address":"28055 Scott Road","name":""}]}