{"key":"einstein_bros","displayName":"Einstein Bros","category":"coffee","useLocationName":false,"locations":[{"lat":34.175543,"lon":-103.348068,"city":"Portales","state":"NM","address":"1500 S Ave K","name":""},{"lat":39.976195,"lon":-111.777248,"city":"Santaquin","state":"UT","address":"385 East Main St","name":""},{"lat":37.680574,"lon":-113.077232,"city":"Cedar City","state":"UT","address":"1075 200 North","name":""},{"lat":32.903476,"lon":-96.46496,"city":"Rockwall","state":"TX","address":"2210 Ridge Road","name":""},{"lat":30.477697,"lon":-97.766089,"city":"Austin","state":"TX","address":"9215 W Parmer Lane","name":""},{"lat":33.235499,"lon":-96.790888,"city":"Prosper","state":"TX","address":"100 S Preston Rd","name":""},{"lat":29.648483,"lon":-95.710673,"city":"Richmond","state":"TX","address":"18510 West Airport Blvd","name":""},{"lat":38.281306,"lon":-122.273755,"city":"Napa","state":"CA","address":"110 Soscol Ave","name":""},{"lat":33.325848,"lon":-111.687427,"city":"Gilbert","state":"AZ","address":"4972 S Power Road","name":""},{"lat":36.855399,"lon":-119.786718,"city":"Fresno","state":"CA","address":"228 E River Park Cir","name":""},{"lat":33.059422,"lon":-96.900129,"city":"Lewisville","state":"TX","address":"101 Castle Hills Dr","name":""},{"lat":33.900329,"lon":-84.301589,"city":"Chamblee","state":"GA","address":"5564 Peachtree Blvd","name":""},{"lat":36.860302,"lon":-76.46471,"city":"Suffolk","state":"VA","address":"3575 Bridge Road #4","name":""},{"lat":32.570019,"lon":-97.095452,"city":"Mansfield","state":"TX","address":"2751 E Broad St","name":""},{"lat":32.704812,"lon":-97.023655,"city":"Grand Prairie","state":"TX","address":"2810 South State Highway 161","name":""},{"lat":27.801346,"lon":-82.335303,"city":"Riverview","state":"FL","address":"10442 Stelling Drive","name":""},{"lat":33.954071,"lon":-83.37378,"city":"Athens","state":"GA","address":"320 S Jackson St","name":""},{"lat":38.965291,"lon":-104.787252,"city":"Colorado Springs","state":"CO","address":"9268 Forrest Bluffs View","name":""},{"lat":43.022115,"lon":-88.106409,"city":"Brookfield","state":"WI","address":"880 S Moorland Road","name":""},{"lat":27.960302,"lon":-82.719275,"city":"Clearwater","state":"FL","address":"2849 Gulf to Bay Blvd","name":""},{"lat":41.933855,"lon":-88.766234,"city":"DeKalb","state":"IL","address":"217 Normal Rd","name":""},{"lat":25.932367,"lon":-80.122145,"city":"Sunny Isles Beach","state":"FL","address":"16840 Collins Ave","name":""},{"lat":39.675729,"lon":-104.871987,"city":"Denver","state":"CO","address":"2250 S Parker Road","name":""},{"lat":34.0603,"lon":-117.587337,"city":"Ontario","state":"CA","address":"2900 East Airport Drive","name":""},{"lat":33.225891,"lon":-96.925562,"city":"Aubrey","state":"TX","address":"700 Union Place","name":""},{"lat":28.650504,"lon":-81.205165,"city":"Oviedo","state":"FL","address":"81 Alafaya Woods Blvd, Suite ROD","name":""},{"lat":32.908147,"lon":-97.318339,"city":"Fort Worth","state":"TX","address":"9325 N Fwy","name":""},{"lat":30.540414,"lon":-97.565389,"city":"Hutto","state":"TX","address":"720 US 79 West","name":""},{"lat":33.150363,"lon":-96.891612,"city":"Frisco","state":"TX","address":"8555 FM 423","name":""},{"lat":30.029034,"lon":-97.85066,"city":"Kyle","state":"TX","address":"19220 IH 35 Frontage Rd, Ste 200","name":""},{"lat":43.030263,"lon":-89.409345,"city":"Fitchburg","state":"WI","address":"2839 Fish Hatchery Road","name":""},{"lat":43.217574,"lon":-87.923305,"city":"Mequon","state":"WI","address":"10950 N Port Washington Rd","name":""},{"lat":43.073144,"lon":-89.434236,"city":"Madison","state":"WI","address":"2701 University Ave","name":""},{"lat":43.094802,"lon":-87.887795,"city":"Shorewood","state":"WI","address":"4301 North Oakland Ave","name":""},{"lat":43.037854,"lon":-88.124679,"city":"Brookfield","state":"WI","address":"17000 W Bluemound Road","name":""},{"lat":43.0484,"lon":-87.904937,"city":"Milwaukee","state":"WI","address":"544 East Ogden Ave","name":""},{"lat":42.98819,"lon":-87.948797,"city":"Milwaukee","state":"WI","address":"3129 South 27th Street","name":""},{"lat":32.898791,"lon":-97.042372,"city":"Grapevine","state":"TX","address":"2400 Aviation Drive","name":""},{"lat":36.191014,"lon":-95.887081,"city":"Tulsa","state":"OK","address":"7777 E Apache Street","name":""},{"lat":36.191122,"lon":-95.889804,"city":"Tulsa","state":"OK","address":"7777 E Apache Street","name":""},{"lat":33.942753,"lon":-83.376369,"city":"Athens","state":"GA","address":"130 Carlton Street","name":""},{"lat":33.967526,"lon":-118.422047,"city":"Los Angeles","state":"CA","address":"1 Loyola Marymount Drive","name":""},{"lat":35.177697,"lon":-111.655154,"city":"Flagstaff","state":"AZ","address":"306 East Pine Knoll Drive","name":""},{"lat":33.645542,"lon":-117.840634,"city":"Irvine","state":"CA","address":"G318 Student Center","name":""},{"lat":26.528717,"lon":-80.123351,"city":"Boynton Beach","state":"FL","address":"9929 S Military Trl","name":""},{"lat":26.135104,"lon":-80.287961,"city":"Plantation","state":"FL","address":"989 N Nob Hill Rd","name":""},{"lat":33.322131,"lon":-111.928803,"city":"Tempe","state":"AZ","address":"9880 S Rural Rd","name":""},{"lat":32.84153,"lon":-116.980813,"city":"Santee","state":"CA","address":"9872 Mission Gorge Rd","name":""},{"lat":42.138771,"lon":-88.019595,"city":"Palatine","state":"IL","address":"987 E Dundee Rd","name":""},{"lat":26.369034,"lon":-80.19958,"city":"Boca Raton","state":"FL","address":"9795 Glades Rd","name":""},{"lat":40.418473,"lon":-80.045437,"city":"Pittsburgh","state":"PA","address":"979 Greentree Rd","name":""},{"lat":25.81118,"lon":-80.352681,"city":"Doral","state":"FL","address":"9690 NW 41st St","name":""},{"lat":39.699012,"lon":-104.941119,"city":"Denver","state":"CO","address":"967 S Colorado Blvd","name":""},{"lat":36.115545,"lon":-115.300195,"city":"Las Vegas","state":"NV","address":"9540 W Flamingo Rd","name":""},{"lat":38.841749,"lon":-77.271442,"city":"Fairfax","state":"VA","address":"9490 Main St","name":""},{"lat":36.017583,"lon":-115.117527,"city":"Las Vegas","state":"NV","address":"9480 S Eastern Ave","name":""},{"lat":39.867721,"lon":-105.052481,"city":"Westminster","state":"CO","address":"9392 Sheridan Blvd","name":""},{"lat":39.546245,"lon":-104.943681,"city":"Highlands Ranch","state":"CO","address":"9385 S Colorado Blvd","name":""},{"lat":27.857221,"lon":-82.639157,"city":"Saint Petersburg","state":"FL","address":"9346 4th St N","name":""},{"lat":39.27788,"lon":-76.830374,"city":"Ellicott City","state":"MD","address":"9250 Baltimore National Pike","name":""},{"lat":39.548266,"lon":-104.995631,"city":"Highlands Ranch","state":"CO","address":"9249 S Broadway","name":""},{"lat":39.324496,"lon":-84.433981,"city":"Cincinnati","state":"OH","address":"9216 Allen Road","name":""},{"lat":35.248887,"lon":-91.726455,"city":"Searcy","state":"AR","address":"915 E Market","name":""},{"lat":36.143773,"lon":-115.294312,"city":"Las Vegas","state":"NV","address":"9041 W Sahara Ave","name":""},{"lat":40.116137,"lon":-88.219664,"city":"Urbana","state":"IL","address":"901 W University Ave","name":""},{"lat":41.550411,"lon":-87.505741,"city":"Munster","state":"IN","address":"901 MacArthur Blvd","name":""},{"lat":39.395291,"lon":-76.583796,"city":"Towson","state":"MD","address":"901 Goucher Blvd","name":""},{"lat":33.967419,"lon":-84.023852,"city":"Lawrenceville","state":"GA","address":"900 Duluth Hwy Ste 500","name":""},{"lat":33.366559,"lon":-111.755759,"city":"Gilbert","state":"AZ","address":"899 N Val Vista Dr","name":""},{"lat":41.073144,"lon":-111.980117,"city":"Layton","state":"UT","address":"897 N Main St","name":""},{"lat":39.730152,"lon":-104.941157,"city":"Denver","state":"CO","address":"895 Colorado Blvd","name":""},{"lat":46.727435,"lon":-117.012686,"city":"Moscow","state":"ID","address":"875 Line Street","name":""},{"lat":32.802832,"lon":-117.01263,"city":"San Diego","state":"CA","address":"8736 Lake Murray Blvd","name":""},{"lat":38.886135,"lon":-94.687277,"city":"Overland Park","state":"KS","address":"8700 W 135th St","name":""},{"lat":38.927863,"lon":-94.684048,"city":"Overland Park","state":"KS","address":"8600 College Blvd","name":""},{"lat":38.995453,"lon":-77.077535,"city":"Chevy Chase","state":"MD","address":"8542 Connecticut Ave","name":""},{"lat":26.120067,"lon":-80.262495,"city":"Plantation","state":"FL","address":"8500 W Broward Blvd","name":""},{"lat":38.031627,"lon":-78.510688,"city":"Charlottesville","state":"VA","address":"85 Engineers Way","name":""},{"lat":45.458846,"lon":-122.789276,"city":"Beaverton","state":"OR","address":"8430 SW Nimbus Avenue","name":""},{"lat":38.994047,"lon":-77.032109,"city":"Silver Spring","state":"MD","address":"8397 Colesville Rd","name":""},{"lat":42.578344,"lon":-83.44779,"city":"Commerce Township","state":"MI","address":"8366 Richardson Rd","name":""},{"lat":38.779019,"lon":-77.232379,"city":"Springfield","state":"VA","address":"8317 Old Keene Mill Rd","name":""},{"lat":36.218865,"lon":-115.274825,"city":"Las Vegas","state":"NV","address":"8300 W Cheyenne Ave","name":""},{"lat":39.606867,"lon":-105.090489,"city":"Littleton","state":"CO","address":"8246 W Bowles Ave","name":""},{"lat":38.591995,"lon":-90.338224,"city":"Webster Groves","state":"MO","address":"8127 Big Bend Blvd","name":""},{"lat":36.017824,"lon":-95.885357,"city":"Tulsa","state":"OK","address":"8125 E 101st St","name":""},{"lat":35.147754,"lon":-106.549196,"city":"Albuquerque","state":"NM","address":"8060 Academy Rd NE","name":""},{"lat":33.776742,"lon":-84.384744,"city":"Atlanta","state":"GA","address":"800 Peachtree St NE","name":""},{"lat":32.786781,"lon":-79.938483,"city":"Charleston","state":"SC","address":"80 Saint Philip St","name":""},{"lat":25.912987,"lon":-80.330646,"city":"Miami Lakes","state":"FL","address":"7970 NW 154th St","name":""},{"lat":29.511689,"lon":-98.569518,"city":"San Antonio","state":"TX","address":"7959 Fredericksburg Rd","name":""},{"lat":33.639209,"lon":-112.230327,"city":"Glendale","state":"AZ","address":"7942 W Bell Rd","name":""},{"lat":33.118118,"lon":-96.673455,"city":"Allen","state":"TX","address":"790 W Exchange Pkwy","name":""},{"lat":30.576709,"lon":-84.231976,"city":"Tallahassee","state":"FL","address":"902-904 Wildwood Dr Oglesby Union","name":""},{"lat":47.585697,"lon":-122.233,"city":"Mercer Island","state":"WA","address":"7808 SE 28th St","name":""},{"lat":33.128119,"lon":-96.733104,"city":"McKinney","state":"TX","address":"7645 S Custer Rd","name":""},{"lat":28.451608,"lon":-81.489469,"city":"Orlando","state":"FL","address":"7600 Dr Phillips Blvd","name":""},{"lat":36.195707,"lon":-115.258732,"city":"Las Vegas","state":"NV","address":"7541 W Lake Mead Blvd","name":""},{"lat":42.317064,"lon":-83.271568,"city":"Dearborn","state":"MI","address":"750 N Telegraph Rd","name":""},{"lat":39.58224,"lon":-105.128012,"city":"Littleton","state":"CO","address":"7456 S Simms St","name":""},{"lat":39.757877,"lon":-104.902813,"city":"Denver","state":"CO","address":"7300 E 29th Ave","name":""},{"lat":36.057511,"lon":-115.120755,"city":"Las Vegas","state":"NV","address":"7291 S Eastern Ave","name":""},{"lat":33.422503,"lon":-111.925846,"city":"Tempe","state":"AZ","address":"725 South Rural Road","name":""},{"lat":40.558439,"lon":-111.889123,"city":"Sandy","state":"UT","address":"72 E 10600 S","name":""},{"lat":39.565481,"lon":-104.905454,"city":"Highlands Ranch","state":"CO","address":"7120 E County Line Road","name":""},{"lat":45.394557,"lon":-122.750614,"city":"Portland","state":"OR","address":"7104 SW Hazelfern Rd","name":""},{"lat":33.587856,"lon":-101.87894,"city":"Lubbock","state":"TX","address":"703 Flint Ave","name":""},{"lat":33.072445,"lon":-96.748392,"city":"Plano","state":"TX","address":"7000 Independence Pkwy","name":""},{"lat":29.888548,"lon":-97.938909,"city":"San Marcos","state":"TX","address":"260 Old Main Drive","name":""},{"lat":40.914757,"lon":-90.637322,"city":"Monmouth","state":"IL","address":"770 East Clinton Ave","name":""},{"lat":39.002034,"lon":-94.630052,"city":"Prairie Village","state":"KS","address":"6970 Mission Rd","name":""},{"lat":39.653632,"lon":-104.995508,"city":"Englewood","state":"CO","address":"697 W Hampden Ave","name":""},{"lat":36.063387,"lon":-115.241443,"city":"Las Vegas","state":"NV","address":"6870 S Rainbow Blvd","name":""},{"lat":41.380067,"lon":-81.785017,"city":"Middleburg Heights","state":"OH","address":"6799 Pearl Rd","name":""},{"lat":36.28378,"lon":-115.287233,"city":"Las Vegas","state":"NV","address":"6770 N Durango Dr","name":""},{"lat":40.878769,"lon":-81.432924,"city":"North Canton","state":"OH","address":"6736 Strip Ave NW","name":""},{"lat":39.390902,"lon":-76.6248,"city":"Towson","state":"MD","address":"6701 N Charles St","name":""},{"lat":40.104172,"lon":-83.090565,"city":"Columbus","state":"OH","address":"6700 Sawmill Rd","name":""},{"lat":38.63409,"lon":-90.316095,"city":"Richmond Heights","state":"MO","address":"6682 Clayton Rd","name":""},{"lat":39.595812,"lon":-104.88839,"city":"Greenwood Village","state":"CO","address":"6650 S Yosemite St","name":""},{"lat":42.384871,"lon":-87.970481,"city":"Gurnee","state":"IL","address":"6641 Grand Ave","name":""},{"lat":30.219552,"lon":-97.83539,"city":"Austin","state":"TX","address":"6611 S MoPac Expy","name":""},{"lat":27.93817,"lon":-82.293582,"city":"Brandon","state":"FL","address":"660 W Brandon Blvd","name":""},{"lat":39.905725,"lon":-86.054855,"city":"Indianapolis","state":"IN","address":"6520 E 82nd St","name":""},{"lat":33.62416,"lon":-111.940879,"city":"Scottsdale","state":"AZ","address":"6501 E Greenway Pkwy","name":""},{"lat":42.359215,"lon":-83.46687,"city":"Plymouth","state":"MI","address":"640 Ann Arbor Rd W","name":""},{"lat":45.477784,"lon":-122.696312,"city":"Portland","state":"OR","address":"6366 SW Capitol Hwy","name":""},{"lat":33.364298,"lon":-111.911794,"city":"Tempe","state":"AZ","address":"6350 S McClintock Dr","name":""},{"lat":32.838042,"lon":-96.753445,"city":"Dallas","state":"TX","address":"6333 E Mockingbird Ln","name":""},{"lat":32.783716,"lon":-117.061638,"city":"San Diego","state":"CA","address":"6302 Del Cerro Blvd","name":""},{"lat":26.205559,"lon":-80.107801,"city":"Fort Lauderdale","state":"FL","address":"6256 N Federal Hwy","name":""},{"lat":35.154949,"lon":-106.68134,"city":"Albuquerque","state":"NM","address":"6231 Riverside Plaza Ln","name":""},{"lat":33.529156,"lon":-111.92759,"city":"Scottsdale","state":"AZ","address":"6204 N Scottsdale Rd","name":""},{"lat":27.937906,"lon":-82.506132,"city":"Tampa","state":"FL","address":"619 S Dale Mabry Hwy","name":""},{"lat":34.135452,"lon":-118.132571,"city":"Pasadena","state":"CA","address":"605 S Lake Ave","name":""},{"lat":36.532914,"lon":-87.35401,"city":"Clarksville","state":"TN","address":"603 College Street","name":""},{"lat":34.225573,"lon":-77.873437,"city":"Wilmington","state":"NC","address":"4855 Price Drive","name":""},{"lat":29.775362,"lon":-95.562079,"city":"Houston","state":"TX","address":"600 W Sam Houston Pkwy N","name":""},{"lat":33.04455,"lon":-96.828715,"city":"Plano","state":"TX","address":"5976 W Parker Rd","name":""},{"lat":25.703527,"lon":-80.290078,"city":"South Miami","state":"FL","address":"5946 S Dixie Hwy","name":""},{"lat":33.611152,"lon":-112.185541,"city":"Glendale","state":"AZ","address":"5894 W Thunderbird Rd","name":""},{"lat":32.663389,"lon":-97.421113,"city":"Ft Worth","state":"TX","address":"5811 Bryant Irvin Rd","name":""},{"lat":36.08618,"lon":-115.136982,"city":"Las Vegas","state":"NV","address":"5757 Wayne Newton Blvd","name":""},{"lat":42.331188,"lon":-83.20379,"city":"Dearborn","state":"MI","address":"5700 Mercury Dr","name":""},{"lat":32.773965,"lon":-117.157697,"city":"San Diego","state":"CA","address":"5638 Mission Center Rd","name":""},{"lat":37.225037,"lon":-77.346513,"city":"Fort Lee","state":"VA","address":"562 Quarters Rd","name":""},{"lat":37.588561,"lon":-77.502706,"city":"Richmond","state":"VA","address":"5607 W Broad St","name":""},{"lat":40.649658,"lon":-111.940467,"city":"Taylorsville","state":"UT","address":"5588 S Redwood Rd","name":""},{"lat":40.272817,"lon":-111.682097,"city":"Orem","state":"UT","address":"556 East 1300 South","name":""},{"lat":34.062061,"lon":-118.349785,"city":"Los Angeles","state":"CA","address":"5550 Wilshire Blvd","name":""},{"lat":39.725413,"lon":-104.987876,"city":"Denver","state":"CO","address":"555 N Broadway","name":""},{"lat":39.79705,"lon":-105.078667,"city":"Arvada","state":"CO","address":"5545 Wadsworth Bypass","name":""},{"lat":34.087727,"lon":-84.267273,"city":"Alpharetta","state":"GA","address":"5530 Windward Pkwy","name":""},{"lat":35.222328,"lon":-80.941336,"city":"Charlotte","state":"NC","address":"5501 Josh Birmingham Pkwy","name":""},{"lat":33.124528,"lon":-96.804882,"city":"Frisco","state":"TX","address":"5500 Preston Rd","name":""},{"lat":39.986169,"lon":-105.097945,"city":"Lafayette","state":"CO","address":"548 W South Boulder Rd","name":""},{"lat":41.431283,"lon":-81.390793,"city":"Chagrin Falls","state":"OH","address":"54 Shopping Plz","name":""},{"lat":41.801695,"lon":-87.929497,"city":"Hinsdale","state":"IL","address":"54 S Washington St","name":""},{"lat":27.91553,"lon":-82.730508,"city":"Clearwater","state":"FL","address":"5395 E Bay Dr","name":""},{"lat":32.881179,"lon":-96.962564,"city":"Irving","state":"TX","address":"5330 N MacArthur Blvd","name":""},{"lat":26.212501,"lon":-81.770788,"city":"Naples","state":"FL","address":"5311 Airport Pulling Rd N","name":""},{"lat":39.1446,"lon":-77.219259,"city":"Gaithersburg","state":"MD","address":"531 Quince Orchard Rd","name":""},{"lat":29.725143,"lon":-95.4189,"city":"Houston","state":"TX","address":"5300 Kirby Dr","name":""},{"lat":33.46636,"lon":-112.065917,"city":"Phoenix","state":"AZ","address":"530 E McDowell Rd","name":""},{"lat":39.912403,"lon":-105.052321,"city":"Broomfield","state":"CO","address":"5180 W 120th Ave","name":""},{"lat":39.789948,"lon":-105.111067,"city":"Wheat Ridge","state":"CO","address":"5131 Kipling St","name":""},{"lat":39.033141,"lon":-94.577046,"city":"Kansas City","state":"MO","address":"5100 Rockhill Rd","name":""},{"lat":45.509369,"lon":-122.682948,"city":"Portland","state":"OR","address":"508 SW College St","name":""},{"lat":39.476213,"lon":-119.792434,"city":"Reno","state":"NV","address":"5050 Kietzke Ln","name":""},{"lat":35.105215,"lon":-106.588536,"city":"Albuquerque","state":"NM","address":"5010 Cutler Ave NE","name":""},{"lat":35.222021,"lon":-80.844974,"city":"Charlotte","state":"NC","address":"501 S College St","name":""},{"lat":28.054064,"lon":-82.401165,"city":"Tampa","state":"FL","address":"5003 E Fowler Ave","name":""},{"lat":40.884403,"lon":-111.881137,"city":"Bountiful","state":"UT","address":"498 S Main St","name":""},{"lat":39.625973,"lon":-104.883355,"city":"Greenwood Village","state":"CO","address":"4920 S Yosemite St","name":""},{"lat":40.454551,"lon":-79.946125,"city":"Pittsburgh","state":"PA","address":"4910 Baum Blvd","name":""},{"lat":39.72364,"lon":-105.081114,"city":"Lakewood","state":"CO","address":"490 Wadsworth Blvd","name":""},{"lat":40.769752,"lon":-111.877259,"city":"Salt Lake City","state":"UT","address":"481 E South Temple","name":""},{"lat":33.318899,"lon":-111.979997,"city":"Phoenix","state":"AZ","address":"4803 E Ray Rd","name":""},{"lat":32.879508,"lon":-97.1566,"city":"Colleyville","state":"TX","address":"4725 Colleyville Blvd","name":""},{"lat":32.306649,"lon":-110.891899,"city":"Tucson","state":"AZ","address":"4708 E Sunrise Dr","name":""},{"lat":28.494615,"lon":-81.458833,"city":"Orlando","state":"FL","address":"4667 South Kirkman Road","name":""},{"lat":36.105675,"lon":-115.136963,"city":"Las Vegas","state":"NV","address":"4626 S Maryland Pkwy","name":""},{"lat":30.39921,"lon":-97.742964,"city":"Austin","state":"TX","address":"4501 W Braker Ln","name":""},{"lat":33.570956,"lon":-101.909695,"city":"Lubbock","state":"TX","address":"4525 Marsha Sharp Fwy","name":""},{"lat":39.75808,"lon":-94.784784,"city":"Saint Joseph","state":"MO","address":"4525 Downs Dr","name":""},{"lat":33.790787,"lon":-118.140444,"city":"Long Beach","state":"CA","address":"4508 E Los Coyotes Diagonal","name":""},{"lat":33.878304,"lon":-84.380173,"city":"Atlanta","state":"GA","address":"4502 Roswell Rd NE","name":""},{"lat":32.300893,"lon":-95.300152,"city":"Tyler","state":"TX","address":"4500 S Broadway Ave","name":""},{"lat":28.03665,"lon":-80.650502,"city":"Melbourne","state":"FL","address":"4480 Hollywood Blvd West","name":""},{"lat":37.132931,"lon":-93.295638,"city":"Springfield","state":"MO","address":"4430A S Campbell Ave","name":""},{"lat":33.49448,"lon":-111.986357,"city":"Phoenix","state":"AZ","address":"4401 E Indian School Rd","name":""},{"lat":42.316968,"lon":-71.364014,"city":"Wayland","state":"MA","address":"44 Main St","name":""},{"lat":41.183147,"lon":-111.949595,"city":"Ogden","state":"UT","address":"4387 Harrison Blvd","name":""},{"lat":40.442105,"lon":-79.995265,"city":"Pittsburgh","state":"PA","address":"436 7th Ave","name":""},{"lat":38.894098,"lon":-104.84989,"city":"Colorado Springs","state":"CO","address":"4325 Centennial Blvd","name":""},{"lat":33.848109,"lon":-84.242351,"city":"Tucker","state":"GA","address":"4324 LaVista Road","name":""},{"lat":33.639749,"lon":-112.152509,"city":"Phoenix","state":"AZ","address":"4304 W Bell Rd","name":""},{"lat":32.500803,"lon":-84.942098,"city":"Columbus","state":"GA","address":"4225 University Ave","name":""},{"lat":32.74723,"lon":-117.16128,"city":"San Diego","state":"CA","address":"420 Robinson Ave","name":""},{"lat":32.872961,"lon":-117.217509,"city":"La Jolla","state":"CA","address":"4150 Regents Park Row","name":""},{"lat":42.365899,"lon":-71.260069,"city":"Waltham","state":"MA","address":"415 South St","name":""},{"lat":32.28123,"lon":-110.978693,"city":"Tucson","state":"AZ","address":"4105 N Oracle Rd","name":""},{"lat":39.96121,"lon":-83.000801,"city":"Columbus","state":"OH","address":"41 S High St","name":""},{"lat":42.544388,"lon":-83.284156,"city":"Bloomfield Hills","state":"MI","address":"4089 W Maple Rd","name":""},{"lat":39.029834,"lon":-94.632706,"city":"Fairway","state":"KS","address":"4050 Shawnee Mission Pkwy","name":""},{"lat":33.612319,"lon":-111.9942,"city":"Phoenix","state":"AZ","address":"4030 E Thunderbird Rd","name":""},{"lat":41.889397,"lon":-87.629898,"city":"Chicago","state":"IL","address":"400 N Dearborn St","name":""},{"lat":39.402659,"lon":-104.88288,"city":"Castle Rock","state":"CO","address":"3993 Limelight Ave","name":""},{"lat":40.686371,"lon":-111.795222,"city":"Salt Lake City","state":"UT","address":"3923 S Wasatch Blvd","name":""},{"lat":32.318625,"lon":-95.251374,"city":"Tyler","state":"TX","address":"3900 University Blvd","name":""},{"lat":26.933787,"lon":-80.091791,"city":"Jupiter","state":"FL","address":"3900 E Indiantown Rd","name":""},{"lat":33.793001,"lon":-117.850403,"city":"Orange","state":"CA","address":"386 N Center St","name":""},{"lat":40.273162,"lon":-80.126373,"city":"McMurray","state":"PA","address":"3855 Washington Rd","name":""},{"lat":36.039362,"lon":-115.191184,"city":"Las Vegas","state":"NV","address":"3837 Blue Diamond Rd","name":""},{"lat":40.250309,"lon":-111.658041,"city":"Provo","state":"UT","address":"38 E 1230 N","name":""},{"lat":32.952632,"lon":-96.853351,"city":"Addison","state":"TX","address":"3750 Belt Line Rd","name":""},{"lat":32.639827,"lon":-117.049413,"city":"Chula Vista","state":"CA","address":"374 E H St","name":""},{"lat":34.150947,"lon":-118.072965,"city":"Pasadena","state":"CA","address":"3711 E Foothill Blvd","name":""},{"lat":33.960129,"lon":-84.135953,"city":"Duluth","state":"GA","address":"3675 Satellite Blvd","name":""},{"lat":32.808477,"lon":-117.115133,"city":"San Diego","state":"CA","address":"3675 Murphy Canyon Rd","name":""},{"lat":38.636774,"lon":-90.234956,"city":"Saint Louis","state":"MO","address":"3650 Lindell Blvd","name":""},{"lat":40.508242,"lon":-111.97794,"city":"Riverton","state":"UT","address":"3638 W 13400 S","name":""},{"lat":36.102084,"lon":-115.15683,"city":"Las Vegas","state":"NV","address":"360 E Tropicana Ave","name":""},{"lat":39.628919,"lon":-106.059625,"city":"Dillon","state":"CO","address":"35B Dillon Ridge Rd","name":""},{"lat":38.847871,"lon":-77.120755,"city":"Falls Church","state":"VA","address":"3556D S Jefferson St","name":""},{"lat":32.953802,"lon":-117.23041,"city":"San Diego","state":"CA","address":"3545 Del Mar Heights Rd","name":""},{"lat":39.912124,"lon":-86.219948,"city":"Indianapolis","state":"IN","address":"3450 W 86th St","name":""},{"lat":34.075755,"lon":-83.984555,"city":"Buford","state":"GA","address":"3410 Buford Dr Ste Ste G400","name":""},{"lat":28.666506,"lon":-81.419609,"city":"Altamonte Springs","state":"FL","address":"340 N State Road 434","name":""},{"lat":26.01296,"lon":-80.176142,"city":"Hollywood","state":"FL","address":"340 N Park Rd","name":""},{"lat":26.353967,"lon":-80.086861,"city":"Boca Raton","state":"FL","address":"353 N Federal Hwy","name":""},{"lat":37.647306,"lon":-77.615543,"city":"Glen Allen","state":"VA","address":"3320 Pump Rd","name":""},{"lat":33.025089,"lon":-96.844721,"city":"Carrollton","state":"TX","address":"3320 E Hebron Pkwy","name":""},{"lat":28.073088,"lon":-82.737246,"city":"Palm Harbor","state":"FL","address":"33119 US Highway 19 N","name":""},{"lat":32.747882,"lon":-117.207127,"city":"San Diego","state":"CA","address":"3305 Rosecrans St","name":""},{"lat":40.70018,"lon":-111.854736,"city":"Salt Lake City","state":"UT","address":"3292 S Richmond St, Ste C","name":""},{"lat":26.168832,"lon":-80.116101,"city":"Fort Lauderdale","state":"FL","address":"3200 N Federal Hwy","name":""},{"lat":47.649591,"lon":-122.364509,"city":"Seattle","state":"WA","address":"3310 6th Ave W","name":""},{"lat":33.393222,"lon":-84.764638,"city":"Newnan","state":"GA","address":"311 Bullsboro Drive","name":""},{"lat":26.012564,"lon":-80.249214,"city":"Pembroke Pines","state":"FL","address":"310 N University Dr","name":""},{"lat":30.700041,"lon":-88.174714,"city":"Mobile","state":"AL","address":"5721 USA Drive N","name":""},{"lat":37.537407,"lon":-77.565792,"city":"Richmond","state":"VA","address":"3058 Stony Point Rd","name":""},{"lat":32.706905,"lon":-97.360829,"city":"Fort Worth","state":"TX","address":"3050 S University Dr","name":""},{"lat":42.56241,"lon":-83.168038,"city":"Troy","state":"MI","address":"3043 Crooks Rd","name":""},{"lat":30.361228,"lon":-97.740465,"city":"Austin","state":"TX","address":"3022 W Anderson Ln","name":""},{"lat":37.392075,"lon":-94.702391,"city":"Pittsburg","state":"KS","address":"302 E Cleveland St","name":""},{"lat":41.075949,"lon":-81.51527,"city":"Akron","state":"OH","address":"302 E Buchtel Ave","name":""},{"lat":38.75823,"lon":-93.737466,"city":"Warrensburg","state":"MO","address":"500 South Maguire Street","name":""},{"lat":41.882959,"lon":-87.632918,"city":"Chicago","state":"IL","address":"30 N La Salle St Lbby","name":""},{"lat":40.440081,"lon":-80.002779,"city":"Pittsburgh","state":"PA","address":"3 PPG Pl","name":""},{"lat":33.754163,"lon":-111.990364,"city":"Cave Creek","state":"AZ","address":"29605 N Cave Creek Rd","name":""},{"lat":33.263566,"lon":-111.857293,"city":"Chandler","state":"AZ","address":"2925 S Alma School Rd","name":""},{"lat":42.50444,"lon":-83.223293,"city":"Lathrup Village","state":"MI","address":"29191 Southfield Rd","name":""},{"lat":32.337843,"lon":-111.029971,"city":"Tucson","state":"AZ","address":"2912 W Ina Rd","name":""},{"lat":41.493015,"lon":-81.670341,"city":"Cleveland","state":"OH","address":"2900 Community College Ave","name":""},{"lat":42.179888,"lon":-88.334708,"city":"Lake In The Hills","state":"IL","address":"289 N Randall Rd","name":""},{"lat":33.817607,"lon":-84.311403,"city":"Atlanta","state":"GA","address":"2870 N Druid Hills Rd NE","name":""},{"lat":38.87291,"lon":-104.722156,"city":"Colorado Springs","state":"CO","address":"2848 N Powers Blvd","name":""},{"lat":33.479561,"lon":-111.923955,"city":"Scottsdale","state":"AZ","address":"2825 N Scottsdale Rd","name":""},{"lat":28.57677,"lon":-81.38927,"city":"Orlando","state":"FL","address":"2817 Edgewater Dr","name":""},{"lat":28.552896,"lon":-81.347595,"city":"Orlando","state":"FL","address":"2800 E Colonial Dr","name":""},{"lat":42.105289,"lon":-87.847762,"city":"Glenview","state":"IL","address":"2797 Pfingsten Rd","name":""},{"lat":42.500319,"lon":-83.359544,"city":"Farmington Hills","state":"MI","address":"27841 Orchard Lake Rd","name":""},{"lat":33.653915,"lon":-117.647372,"city":"Mission Viejo","state":"CA","address":"27695 Santa Margarita Pkwy","name":""},{"lat":47.662245,"lon":-122.296785,"city":"Seattle","state":"WA","address":"2746 NE 45th St","name":""},{"lat":42.491524,"lon":-83.161322,"city":"Berkley","state":"MI","address":"27365 Woodward Ave","name":""},{"lat":39.667486,"lon":-104.939108,"city":"Denver","state":"CO","address":"2730 S Colorado Blvd","name":""},{"lat":33.034715,"lon":-97.071342,"city":"Flower Mound","state":"TX","address":"2701 Cross Timbers Rd","name":""},{"lat":47.073041,"lon":-122.975295,"city":"Olympia","state":"WA","address":"2700 Evergreen Pkwy NW","name":""},{"lat":40.041551,"lon":-75.477478,"city":"Paoli","state":"PA","address":"27 Paoli Shopping Ctr","name":""},{"lat":36.132856,"lon":-95.951356,"city":"Tulsa","state":"OK","address":"2660 E 21st St","name":""},{"lat":32.940056,"lon":-97.112118,"city":"Southlake","state":"TX","address":"2600 E Southlake Blvd","name":""},{"lat":36.143342,"lon":-115.207517,"city":"Las Vegas","state":"NV","address":"2570 S Decatur Blvd","name":""},{"lat":33.306587,"lon":-111.889119,"city":"Chandler","state":"AZ","address":"2560 W Chandler Blvd","name":""},{"lat":39.078946,"lon":-108.581277,"city":"Grand Junction","state":"CO","address":"2546 Rimrock Ave","name":""},{"lat":28.012479,"lon":-82.707565,"city":"Clearwater","state":"FL","address":"2519 N McMullen Booth Rd","name":""},{"lat":35.080758,"lon":-106.617812,"city":"Albuquerque","state":"NM","address":"2510 Central Ave SE","name":""},{"lat":26.261224,"lon":-80.249322,"city":"Coral Springs","state":"FL","address":"2465 N University Dr","name":""},{"lat":33.86415,"lon":-84.476316,"city":"Atlanta","state":"GA","address":"2460 Cumberland Pkwy SE","name":""},{"lat":30.462593,"lon":-97.598639,"city":"Pflugerville","state":"TX","address":"2424 FM 685","name":""},{"lat":29.449513,"lon":-98.456349,"city":"San Antonio","state":"TX","address":"2405 Gun Shed Rd","name":""},{"lat":30.287988,"lon":-97.741808,"city":"Austin","state":"TX","address":"2404 Guadalupe St","name":""},{"lat":39.999833,"lon":-105.263051,"city":"Boulder","state":"CO","address":"2400 Baseline Rd","name":""},{"lat":40.624265,"lon":-111.823447,"city":"Salt Lake City","state":"UT","address":"2353 E Fort Union Blvd","name":""},{"lat":39.957016,"lon":-86.115852,"city":"Carmel","state":"IN","address":"2350 E 116th St","name":""},{"lat":33.815087,"lon":-118.350338,"city":"Torrance","state":"CA","address":"23240 Hawthorne Blvd","name":""},{"lat":40.143741,"lon":-105.132302,"city":"Longmont","state":"CO","address":"2311 Clover Basin Dr","name":""},{"lat":33.696919,"lon":-111.924673,"city":"Scottsdale","state":"AZ","address":"23079 N Scottsdale Rd","name":""},{"lat":42.010242,"lon":-87.829818,"city":"Park Ridge","state":"IL","address":"23 S Prospect Ave","name":""},{"lat":35.131344,"lon":-78.994567,"city":"Fort Bragg","state":"NC","address":"2240 Rock Merritt Avenue","name":""},{"lat":38.920141,"lon":-77.071029,"city":"Washington","state":"DC","address":"2233 Wisconsin Ave NW","name":""},{"lat":42.319605,"lon":-83.487057,"city":"Canton","state":"MI","address":"2230 N Canton Center Rd","name":""},{"lat":44.965782,"lon":-93.241213,"city":"Minneapolis","state":"MN","address":"2211 Riverside Ave","name":""},{"lat":47.10976,"lon":-122.552087,"city":"Fort Lewis","state":"WA","address":"9040 Jackson Ave","name":""},{"lat":47.618039,"lon":-122.338976,"city":"Seattle","state":"WA","address":"2201 Westlake Ave","name":""},{"lat":32.834925,"lon":-97.132539,"city":"Bedford","state":"TX","address":"2200 Airport Fwy","name":""},{"lat":41.77167,"lon":-88.148898,"city":"Naperville","state":"IL","address":"22 Jackson Ave","name":""},{"lat":33.18243,"lon":-117.341047,"city":"Oceanside","state":"CA","address":"2183 Vista Way","name":""},{"lat":38.983462,"lon":-76.53955,"city":"Annapolis","state":"MD","address":"2101 Somerville Rd","name":""},{"lat":33.679409,"lon":-111.975249,"city":"Phoenix","state":"AZ","address":"21001 N Tatum Blvd","name":""},{"lat":38.217887,"lon":-85.755282,"city":"Louisville","state":"KY","address":"2100 S Floyd St","name":""},{"lat":42.152925,"lon":-88.135143,"city":"Barrington","state":"IL","address":"208 S Cook St","name":""},{"lat":26.673026,"lon":-81.928081,"city":"Cape Coral","state":"FL","address":"2068 NE Pine Island Rd","name":""},{"lat":32.906936,"lon":-97.037351,"city":"Dallas","state":"TX","address":"2040 International Parkway","name":""},{"lat":40.688194,"lon":-80.102729,"city":"Warrendale","state":"PA","address":"20263 Route 19","name":""},{"lat":41.69922,"lon":-86.218756,"city":"South Bend","state":"IN","address":"2019 South Bend Ave","name":""},{"lat":32.600014,"lon":-97.147583,"city":"Mansfield","state":"TX","address":"2016 Highway","name":""},{"lat":38.218696,"lon":-85.704713,"city":"Louisville","state":"KY","address":"2001 Newburg Rd","name":""},{"lat":33.640868,"lon":-84.429362,"city":"Atlanta","state":"GA","address":"6000 North Terminal Parkway","name":""},{"lat":39.720862,"lon":-104.903239,"city":"Denver","state":"CO","address":"200 Quebec St","name":""},{"lat":39.031937,"lon":-84.464045,"city":"Highland Heights","state":"KY","address":"20 Kenton Dr","name":""},{"lat":36.19192,"lon":-115.305209,"city":"Las Vegas","state":"NV","address":"1990 Village Center Cir","name":""},{"lat":42.421576,"lon":-82.910659,"city":"Grosse Pointe Woods","state":"MI","address":"19341 Mack Ave","name":""},{"lat":37.179269,"lon":-93.277031,"city":"Springfield","state":"MO","address":"1933 S National Ave","name":""},{"lat":42.564699,"lon":-83.109773,"city":"Troy","state":"MI","address":"1925 E Big Beaver Rd","name":""},{"lat":33.380101,"lon":-111.787749,"city":"Mesa","state":"AZ","address":"1919 S Gilbert Rd","name":""},{"lat":41.482265,"lon":-81.833991,"city":"Rocky River","state":"OH","address":"19115 Detroit Rd","name":""},{"lat":43.604911,"lon":-116.206226,"city":"Boise","state":"ID","address":"1910 University Dr","name":""},{"lat":35.221209,"lon":-106.697575,"city":"Rio Rancho","state":"NM","address":"1908 Wellspring Ave SE","name":""},{"lat":36.98292,"lon":-86.456498,"city":"Bowling Green","state":"KY","address":"1906 College Heights Blvd","name":""},{"lat":28.52003,"lon":-81.376156,"city":"Orlando","state":"FL","address":"1901 S Orange Ave","name":""},{"lat":26.705797,"lon":-80.08134,"city":"West Palm Beach","state":"FL","address":"1900 Okeechobee Blvd","name":""},{"lat":26.122953,"lon":-80.138301,"city":"Fort Lauderdale","state":"FL","address":"19 N Federal Hwy","name":""},{"lat":45.534001,"lon":-122.871145,"city":"Hillsboro","state":"OR","address":"1897 NE 106th AVE","name":""},{"lat":42.203754,"lon":-87.931876,"city":"Lincolnshire","state":"IL","address":"185 Milwaukee Ave","name":""},{"lat":26.009235,"lon":-80.390981,"city":"Pembroke Pines","state":"FL","address":"18301 Pines Blvd","name":""},{"lat":38.961044,"lon":-77.356602,"city":"Reston","state":"VA","address":"1825 Fountain Drive","name":""},{"lat":26.439082,"lon":-80.07114,"city":"Delray Beach","state":"FL","address":"1821 S Federal Hwy","name":""},{"lat":39.653338,"lon":-104.776252,"city":"Aurora","state":"CO","address":"18191 E Hampden Ave","name":""},{"lat":33.803434,"lon":-84.413735,"city":"Atlanta","state":"GA","address":"1789 Howell Mill Rd NW","name":""},{"lat":33.675988,"lon":-117.832139,"city":"Irvine","state":"CA","address":"17675 Harvard Ave","name":""},{"lat":30.457425,"lon":-86.549043,"city":"Eglin","state":"FL","address":"1757 Memorial Trl","name":""},{"lat":41.109083,"lon":-81.568922,"city":"Akron","state":"OH","address":"1751 W Exchange St","name":""},{"lat":42.049807,"lon":-87.681488,"city":"Evanston","state":"IL","address":"1745 Sherman Ave","name":""},{"lat":34.549019,"lon":-112.438335,"city":"Prescott","state":"AZ","address":"1741 E State Route 69","name":""},{"lat":39.80216,"lon":-75.505844,"city":"Wilmington","state":"DE","address":"1732 Marsh Rd","name":""},{"lat":36.315165,"lon":-94.182112,"city":"Rogers","state":"AR","address":"1728 S 46th St","name":""},{"lat":35.952738,"lon":-83.929511,"city":"Knoxville","state":"TN","address":"1715 Volunteer Blvd","name":""},{"lat":42.411687,"lon":-83.433657,"city":"Northville","state":"MI","address":"17101 Haggerty Rd","name":""},{"lat":38.932919,"lon":-104.793776,"city":"Colorado Springs","state":"CO","address":"1706 E Woodmen Rd","name":""},{"lat":37.739505,"lon":-84.300339,"city":"Richmond","state":"KY","address":"17 Powell Bldg","name":""},{"lat":33.786463,"lon":-84.38745,"city":"Atlanta","state":"GA","address":"17 14th Street NE","name":""},{"lat":40.016944,"lon":-105.258978,"city":"Boulder","state":"CO","address":"1693 28th St","name":""},{"lat":33.638973,"lon":-112.066123,"city":"Phoenix","state":"AZ","address":"16842 N 7th St","name":""},{"lat":42.389174,"lon":-82.918021,"city":"Grosse Pointe","state":"MI","address":"16828 Kercheval","name":""},{"lat":30.31147,"lon":-81.680353,"city":"Jacksonville","state":"FL","address":"1661 Riverside Ave","name":""},{"lat":39.772436,"lon":-104.797146,"city":"Aurora","state":"CO","address":"16495 East 40th Circle","name":""},{"lat":33.508656,"lon":-112.045695,"city":"Phoenix","state":"AZ","address":"1641 E Camelback Rd","name":""},{"lat":33.726392,"lon":-117.988626,"city":"Westminster","state":"CA","address":"16304 Beach Blvd","name":""},{"lat":40.198061,"lon":-74.863886,"city":"Yardley","state":"PA","address":"1615 Big Oak Rd","name":""},{"lat":29.640151,"lon":-82.344202,"city":"Gainesville","state":"FL","address":"1600 SW Archer Rd","name":""},{"lat":39.74468,"lon":-104.968094,"city":"Denver","state":"CO","address":"1600 E 18th Ave","name":""},{"lat":38.592046,"lon":-90.583743,"city":"Ellisville","state":"MO","address":"15828 Manchester Rd","name":""},{"lat":33.628995,"lon":-111.889043,"city":"Scottsdale","state":"AZ","address":"15768 N Frank Lloyd Wright Blvd","name":""},{"lat":33.002395,"lon":-117.059142,"city":"Poway","state":"CA","address":"15721 Bernardo Heights Pkwy","name":""},{"lat":29.700918,"lon":-98.095526,"city":"New Braunfels","state":"TX","address":"156 S State Highway 46","name":""},{"lat":33.463763,"lon":-112.341557,"city":"Goodyear","state":"AZ","address":"1550 N Dysart Rd","name":""},{"lat":40.736568,"lon":-111.848341,"city":"Salt Lake City","state":"UT","address":"1520 S 1500 E","name":""},{"lat":28.083923,"lon":-80.605484,"city":"Melbourne","state":"FL","address":"1511 S Harbor City Blvd","name":""},{"lat":42.393415,"lon":-83.483077,"city":"Plymouth","state":"MI","address":"15077 N Sheldon Rd","name":""},{"lat":35.214156,"lon":-80.854583,"city":"Charlotte","state":"NC","address":"1501 South Blvd","name":""},{"lat":36.081561,"lon":-94.15608,"city":"Fayetteville","state":"AR","address":"1500 N College Ave","name":""},{"lat":42.284762,"lon":-83.729336,"city":"Ann Arbor","state":"MI","address":"1500 E Medical Center Dr","name":""},{"lat":25.787464,"lon":-80.141415,"city":"Miami Beach","state":"FL","address":"1500 Alton Rd","name":""},{"lat":28.660006,"lon":-81.339529,"city":"Casselberry","state":"FL","address":"150 State Route 436","name":""},{"lat":37.106704,"lon":-113.554807,"city":"Saint George","state":"UT","address":"15 S River Rd","name":""},{"lat":26.100877,"lon":-80.12769,"city":"Fort Lauderdale","state":"FL","address":"1499 SE 17th St","name":""},{"lat":30.527826,"lon":-97.8097,"city":"Cedar Park","state":"TX","address":"1465 E Whitestone Blvd","name":""},{"lat":42.503556,"lon":-90.678027,"city":"Dubuque","state":"IA","address":"1450 Alta Vista","name":""},{"lat":33.306163,"lon":-111.75891,"city":"Gilbert","state":"AZ","address":"1447 E Williams Field Rd","name":""},{"lat":39.733836,"lon":-105.163134,"city":"Lakewood","state":"CO","address":"14401 W Colfax Ave","name":""},{"lat":39.956306,"lon":-104.994256,"city":"Westminster","state":"CO","address":"14315 Orchard Parkway","name":""},{"lat":32.966653,"lon":-96.994144,"city":"Coppell","state":"TX","address":"143 S Denton Tap Rd","name":""},{"lat":42.055136,"lon":-88.045881,"city":"Schaumburg","state":"IL","address":"1422 N Meacham Rd","name":""},{"lat":36.063355,"lon":-115.047196,"city":"Henderson","state":"NV","address":"1405 W Sunset Rd","name":""},{"lat":40.497096,"lon":-88.952206,"city":"Bloomington","state":"IL","address":"1401 N Veteran Parkway","name":""},{"lat":33.641351,"lon":-112.354745,"city":"Surprise","state":"AZ","address":"13746 W Bell Rd","name":""},{"lat":35.057086,"lon":-80.851747,"city":"Charlotte","state":"NC","address":"13736 Conlan Cir","name":""},{"lat":37.605518,"lon":-77.591741,"city":"Richmond","state":"VA","address":"1368 Gaskins Rd","name":""},{"lat":26.103967,"lon":-80.36366,"city":"Weston","state":"FL","address":"1356 Weston Rd","name":""},{"lat":37.954918,"lon":-91.776599,"city":"Rolla","state":"MO","address":"1346 University Dr","name":""},{"lat":46.728273,"lon":-117.147126,"city":"Pullman","state":"WA","address":"1302 NE Cougar Way","name":""},{"lat":47.491297,"lon":-117.581352,"city":"Cheney","state":"WA","address":"130 Tawanka Hall","name":""},{"lat":41.738668,"lon":-111.831227,"city":"Logan","state":"UT","address":"130 E 400 N","name":""},{"lat":40.529319,"lon":-111.853834,"city":"Draper","state":"UT","address":"1297 E Draper Pkwy","name":""},{"lat":33.41749,"lon":-111.934552,"city":"Tempe","state":"AZ","address":"1290 S Normal Ave","name":""},{"lat":29.56262,"lon":-98.593154,"city":"San Antonio","state":"TX","address":"12730 W I-10","name":""},{"lat":30.30589,"lon":-97.93629,"city":"Bee Cave","state":"TX","address":"12532 FM 2244 Rd","name":""},{"lat":42.185059,"lon":-122.692649,"city":"Ashland","state":"OR","address":"1250 Siskiyou Blvd","name":""},{"lat":27.624033,"lon":-80.388923,"city":"Vero Beach","state":"FL","address":"1226 US Highway 1","name":""},{"lat":25.685761,"lon":-80.3934,"city":"Miami","state":"FL","address":"12180 SW 88th St","name":""},{"lat":39.678728,"lon":-104.972965,"city":"Denver","state":"CO","address":"1213 E Evans Ave","name":""},{"lat":26.162317,"lon":-81.797838,"city":"Naples","state":"FL","address":"1210 Tamiami Trl N","name":""},{"lat":33.011867,"lon":-96.609619,"city":"Murphy","state":"TX","address":"121 E FM 544","name":""},{"lat":32.912796,"lon":-96.817997,"city":"Dallas","state":"TX","address":"12050 Inwood Rd","name":""},{"lat":33.019098,"lon":-96.711052,"city":"Plano","state":"TX","address":"1201 Central Expy","name":""},{"lat":32.404395,"lon":-96.852226,"city":"Waxahachie","state":"TX","address":"1200 Sycamore St","name":""},{"lat":28.586632,"lon":-81.364615,"city":"Winter Park","state":"FL","address":"1200 S Orlando Ave","name":""},{"lat":29.757097,"lon":-95.369444,"city":"Houston","state":"TX","address":"1200 Louisiana St","name":""},{"lat":39.71924,"lon":-105.081084,"city":"Lakewood","state":"CO","address":"120 Wadsworth Blvd","name":""},{"lat":39.841855,"lon":-88.974894,"city":"Decatur","state":"IL","address":"1184 W Main St","name":""},{"lat":31.801417,"lon":-85.955916,"city":"Troy","state":"AL","address":"117 Adams Center","name":""},{"lat":35.89406,"lon":-84.17282,"city":"Farragut","state":"TN","address":"11693 Parkside Dr","name":""},{"lat":45.487187,"lon":-122.797159,"city":"Beaverton","state":"OR","address":"11625 SW Beaverton Hillsdale Hwy","name":""},{"lat":34.064023,"lon":-84.171681,"city":"Duluth","state":"GA","address":"11600 Medlock Bridge Rd","name":""},{"lat":36.769587,"lon":-76.22,"city":"Chesapeake","state":"VA","address":"1148 Volvo Pkwy","name":""},{"lat":35.110605,"lon":-106.515875,"city":"Albuquerque","state":"NM","address":"11255 Menaul Blvd NE","name":""},{"lat":27.840053,"lon":-82.79448,"city":"Seminole","state":"FL","address":"11234 Park Blvd","name":""},{"lat":41.504165,"lon":-81.605956,"city":"Cleveland","state":"OH","address":"11100 Euclid Ave","name":""},{"lat":39.34434,"lon":-94.916571,"city":"Fort Leavenworth","state":"KS","address":"100 Stimson Avenue","name":""},{"lat":39.031454,"lon":-94.571655,"city":"Kansas City","state":"MO","address":"1100 Rockhurst Rd","name":""},{"lat":33.91942,"lon":-84.35193,"city":"Atlanta","state":"GA","address":"1100 Hammond Dr","name":""},{"lat":29.278276,"lon":-81.084408,"city":"Ormond Beach","state":"FL","address":"110 S Nova Rd","name":""},{"lat":41.504621,"lon":-81.609869,"city":"Cleveland","state":"OH","address":"10900 Euclid Ave","name":""},{"lat":39.178833,"lon":-76.667971,"city":"Glen Burnie","state":"MD","address":"107 Farm Fuel Road","name":""},{"lat":39.869424,"lon":-86.139373,"city":"Indianapolis","state":"IN","address":"1055 Broad Ripple Ave","name":""},{"lat":26.465985,"lon":-81.772118,"city":"Fort Myers","state":"FL","address":"10501 Florida Gulf Coast University Blvd South Student Union","name":""},{"lat":35.188791,"lon":-111.655416,"city":"Flagstaff","state":"AZ","address":"1050 S Knoles Dr","name":""},{"lat":40.42137,"lon":-105.076464,"city":"Loveland","state":"CO","address":"104 E 29th Street","name":""},{"lat":32.792202,"lon":-117.098305,"city":"San Diego","state":"CA","address":"10460 Friars Rd","name":""},{"lat":35.956192,"lon":-86.80434,"city":"Franklin","state":"TN","address":"103 International Dr","name":""},{"lat":33.580029,"lon":-111.886989,"city":"Scottsdale","state":"AZ","address":"10250 N 90th St","name":""},{"lat":44.317757,"lon":-96.782115,"city":"Brookings","state":"SD","address":"1023 Student Ctr Student Union","name":""},{"lat":35.913581,"lon":-86.829505,"city":"Franklin","state":"TN","address":"1020 Riverside Dr","name":""},{"lat":33.064457,"lon":-117.264117,"city":"Encinitas","state":"CA","address":"1006 N El Camino Real","name":""},{"lat":26.07122,"lon":-80.145739,"city":"Fort Lauderdale","state":"FL","address":"100 Terminal Drive","name":""},{"lat":35.20357,"lon":-97.44088,"city":"Norman","state":"OK","address":"100 E Lindsey St","name":""},{"lat":43.210014,"lon":-71.531033,"city":"Concord","state":"NH","address":"10 Fort Eddy Rd","name":""},{"lat":33.945976,"lon":-118.401009,"city":"Los Angeles","state":"CA","address":"1 World Way","name":""},{"lat":30.271881,"lon":-81.509225,"city":"Jacksonville","state":"FL","address":"1 University of North Florida Drive","name":""},{"lat":29.463278,"lon":-98.482591,"city":"San Antonio","state":"TX","address":"1 Trinity Pl","name":""},{"lat":41.147672,"lon":-81.343243,"city":"Kent","state":"OH","address":"1 Midway Drive","name":""},{"lat":35.30737,"lon":-120.659242,"city":"San Luis Obispo","state":"CA","address":"1 Grand Ave","name":""},{"lat":41.87562,"lon":-88.066499,"city":"Glen Ellyn","state":"IL","address":"443 N Main Street","name":""},{"lat":38.835121,"lon":-104.823735,"city":"Colorado Springs","state":"CO","address":"32 N Tejon Street","name":""},{"lat":33.800063,"lon":-118.124983,"city":"Long Beach","state":"CA","address":"2310 Bellflower Blvd","name":""},{"lat":28.600945,"lon":-81.199338,"city":"Orlando","state":"FL","address":"12744 Pegasus Drive","name":""},{"lat":32.732594,"lon":-117.19622,"city":"San Diego","state":"CA","address":"3665 N Harbor Dr","name":""},{"lat":30.47545,"lon":-87.192846,"city":"Pensacola","state":"FL","address":"2430 Airport Blvd","name":""},{"lat":30.475958,"lon":-87.193657,"city":"Pensacola","state":"FL","address":"2430 Airport Blvd","name":""},{"lat":40.441665,"lon":-79.953943,"city":"Pittsburgh","state":"PA","address":"230 S Bouquet St","name":""},{"lat":40.441702,"lon":-79.954234,"city":"Pittsburgh","state":"PA","address":"230 S Bouquet St","name":""},{"lat":38.309623,"lon":-104.577849,"city":"Pueblo","state":"CO","address":"2200 Bonforte Blvd","name":""},{"lat":32.282999,"lon":-106.747819,"city":"Las Cruces","state":"NM","address":"1600 International Mall Corbett Center","name":""},{"lat":35.085726,"lon":-106.61967,"city":"Albuquerque","state":"NM","address":"1 University of New Mexico","name":""},{"lat":25.797242,"lon":-80.277784,"city":"Miami","state":"FL","address":"2100 NW 42nd Ave","name":""},{"lat":39.778932,"lon":-75.556372,"city":"Wilmington","state":"DE","address":"1600 Rockland Rd","name":""},{"lat":32.232846,"lon":-110.951904,"city":"Tucson","state":"AZ","address":"1303 E University Blvd","name":""},{"lat":44.495392,"lon":-73.164552,"city":"Colchester","state":"VT","address":"1 Winooski Park","name":""},{"lat":40.585559,"lon":-122.356391,"city":"Redding","state":"CA","address":"913 Dana Dr","name":""},{"lat":34.176279,"lon":-119.215564,"city":"Port Hueneme","state":"CA","address":"585 W Channel Islands Blvd","name":""},{"lat":34.170636,"lon":-118.570026,"city":"Woodland Hills","state":"CA","address":"20048 Ventura Blvd","name":""},{"lat":34.143297,"lon":-118.394085,"city":"Studio City","state":"CA","address":"12046 Ventura Blvd","name":""},{"lat":45.058603,"lon":-93.316344,"city":"Brooklyn Center","state":"MN","address":"1180 Shingle Creek Parkway","name":""},{"lat":44.976939,"lon":-93.261924,"city":"Minneapolis","state":"MN","address":"550 S 4th Street","name":""},{"lat":44.076973,"lon":-103.231565,"city":"Rapid City","state":"SD","address":"902 Mount Rushmore Road","name":""},{"lat":42.988851,"lon":-88.223851,"city":"Waukesha","state":"WI","address":"180 East Sunset Drive","name":""},{"lat":40.60982,"lon":-112.023698,"city":"West Jordan","state":"UT","address":"5542 West 7800 South","name":""},{"lat":33.217901,"lon":-96.770947,"city":"Frisco","state":"TX","address":"12025 University Drive","name":""},{"lat":32.374645,"lon":-97.419197,"city":"Cleburne","state":"TX","address":"2825 Nolan River Road","name":""},{"lat":35.684043,"lon":-114.467205,"city":"White Hills","state":"AZ","address":"19210 N US HWY 93","name":""},{"lat":28.449504,"lon":-81.31267,"city":"Orlando","state":"FL","address":"1 Jeff Fuqua Blvd","name":""},{"lat":33.150125,"lon":-97.105982,"city":"Denton","state":"TX","address":"4500 Teasley Lane","name":""},{"lat":42.520871,"lon":-83.068643,"city":"Warren","state":"MI","address":"31025 Ryan Road","name":""},{"lat":39.838111,"lon":-104.670669,"city":"Denver","state":"CO","address":"8500 Pena Blvd","name":""},{"lat":36.253796,"lon":-94.153057,"city":"Lowell","state":"AR","address":"101 monument","name":""},{"lat":40.532961,"lon":-112.016746,"city":"Herriman","state":"UT","address":"11977 S Herriman Main Street","name":""},{"lat":39.711436,"lon":-104.818483,"city":"Aurora","state":"CO","address":"14535 East Alameda Avenue","name":""},{"lat":33.255877,"lon":-111.6387,"city":"Queen Creek","state":"AZ","address":"21202 South Ellsworth Loop Road","name":""},{"lat":39.844239,"lon":-105.082346,"city":"Arvada","state":"CO","address":"8071 Wadsworth Blvd","name":""},{"lat":42.558277,"lon":-87.835504,"city":"Kenosha","state":"WI","address":"8004 22nd Avenue","name":""},{"lat":32.814833,"lon":-96.809626,"city":"Dallas","state":"TX","address":"4113 Lemmon Ave","name":""},{"lat":30.205732,"lon":-95.453482,"city":"Shenandoah","state":"TX","address":"17201 I-45 S","name":""},{"lat":36.132647,"lon":-86.795767,"city":"Nashville","state":"TN","address":"2001 Belmont Blvd","name":""},{"lat":41.44586,"lon":-81.50161,"city":"Highland Hills","state":"OH","address":"4250 Richmond Road","name":""},{"lat":41.37854,"lon":-83.641732,"city":"Bowling Green","state":"OH","address":"705 Ridge St","name":""},{"lat":29.709908,"lon":-95.399722,"city":"Houston","state":"TX","address":"6565 Fannin Street","name":""},{"lat":28.100061,"lon":-82.693471,"city":"Palm Harbor","state":"FL","address":"4840 Ridgemoor Blvd","name":""},{"lat":38.88446,"lon":-94.820726,"city":"Olathe","state":"KS","address":"295 North Kansas","name":""},{"lat":30.287092,"lon":-81.460273,"city":"Jacksonville","state":"FL","address":"13546 Beach Boulevard","name":""},{"lat":33.459556,"lon":-117.652781,"city":"San Clemente","state":"CA","address":"628 Camino De Los Mares","name":""},{"lat":30.053784,"lon":-95.580809,"city":"Tomball","state":"TX","address":"7302 Boudreaux Road","name":""},{"lat":33.664,"lon":-117.857044,"city":"Newport Beach","state":"CA","address":"4551 Jamboree Road","name":""},{"lat":33.408126,"lon":-86.805982,"city":"Vestavia Hills","state":"AL","address":"1543 Montgomery Highway","name":""},{"lat":39.116475,"lon":-84.438286,"city":"Cincinnati","state":"OH","address":"3515 Columbia Parkway","name":""},{"lat":33.428318,"lon":-86.705854,"city":"Birmingham","state":"AL","address":"450 Cahaba Park Circle","name":""},{"lat":39.231978,"lon":-84.376323,"city":"Blue Ash","state":"OH","address":"9590 Kenwood Road","name":""},{"lat":39.141944,"lon":-84.51966,"city":"Cincinnati","state":"OH","address":"3317 Clifton Avenue","name":""},{"lat":34.20724,"lon":-110.020617,"city":"Show Low","state":"AZ","address":"4641 South White Mountain Road","name":""},{"lat":33.482979,"lon":-117.097356,"city":"Temecula","state":"CA","address":"32120 California 79","name":""},{"lat":36.735271,"lon":-119.785144,"city":"Fresno","state":"CA","address":"2343 Kern Street","name":""},{"lat":39.188375,"lon":-84.363601,"city":"Cincinnati","state":"OH","address":"7005 Miami Avenue","name":""},{"lat":28.259124,"lon":-81.605057,"city":"Davenport","state":"FL","address":"400 Legacy Village Drive","name":""},{"lat":36.056595,"lon":-114.967123,"city":"Henderson","state":"NV","address":"907 East Lake Mead Parkway","name":""},{"lat":36.277692,"lon":-115.135736,"city":"North Las Vegas","state":"NV","address":"6485 North 5th Street","name":""},{"lat":40.368319,"lon":-111.765164,"city":"Pleasant Grove","state":"UT","address":"1737 West State Street","name":""},{"lat":34.08454,"lon":-84.554949,"city":"Woodstock","state":"GA","address":"310 Lanier Circle","name":""},{"lat":32.648611,"lon":-116.966068,"city":"Chula Vista","state":"CA","address":"970 Eastlake Parkway","name":""},{"lat":29.750647,"lon":-95.477529,"city":"Houston","state":"TX","address":"5706 San Felipe Street","name":""},{"lat":30.089916,"lon":-95.634667,"city":"Tomball","state":"TX","address":"14090 FM 2920 RD","name":""},{"lat":33.377488,"lon":-112.011865,"city":"Phoenix","state":"AZ","address":"3211 East Baseline Road","name":""},{"lat":33.855643,"lon":-117.924572,"city":"Fullerton","state":"CA","address":"1577 South Harbor Boulevard","name":""},{"lat":34.038028,"lon":-118.145128,"city":"Monterey Park","state":"CA","address":"2206 South Atlantic Boulevard","name":""},{"lat":39.941369,"lon":-82.793398,"city":"Reynoldsburg","state":"OH","address":"2087 Baltimore-Reynoldsburg Road","name":""},{"lat":33.774493,"lon":-117.993222,"city":"Garden Grove","state":"CA","address":"12979 Beach Blvd","name":""},{"lat":30.101778,"lon":-81.714163,"city":"Fleming Island","state":"FL","address":"1581 County Road 220","name":""},{"lat":34.027288,"lon":-117.837209,"city":"Walnut","state":"CA","address":"515 North Grand Avenue","name":""},{"lat":32.874081,"lon":-97.37646,"city":"Saginaw","state":"TX","address":"1005 N Saginaw Blvd","name":""},{"lat":29.742299,"lon":-95.778159,"city":"Katy","state":"TX","address":"23701 Cinco Ranch Boulevard","name":""},{"lat":35.654399,"lon":-97.583097,"city":"Oklahoma City","state":"OK","address":"18000 Grove Parkway","name":""},{"lat":33.803927,"lon":-118.011293,"city":"Cypress","state":"CA","address":"6931 Katella Avenue","name":""},{"lat":28.34447,"lon":-81.486728,"city":"Kissimmee","state":"FL","address":"3260 Vineland Road","name":""},{"lat":30.279067,"lon":-95.467842,"city":"Conroe","state":"TX","address":"449 South Loop 336 West","name":""},{"lat":28.183392,"lon":-82.354573,"city":"Wesley Chapel","state":"FL","address":"1821 Bruce B Downs Boulevard","name":""},{"lat":29.560718,"lon":-98.326372,"city":"Universal City","state":"TX","address":"3142 Pat Booker Rd","name":""},{"lat":29.815954,"lon":-95.77297,"city":"Katy","state":"TX","address":"2815 West Grand Parkway North","name":""},{"lat":29.814213,"lon":-95.687232,"city":"Houston","state":"TX","address":"3111 Barker Cypress Road","name":""},{"lat":33.894466,"lon":-84.140995,"city":"Lilburn","state":"GA","address":"4805 Lawrenceville Hwy","name":""},{"lat":34.005269,"lon":-84.173423,"city":"Duluth","state":"GA","address":"3455 Peachtree Industrial Blvd","name":""},{"lat":39.763207,"lon":-86.333061,"city":"Avon","state":"IN","address":"10665 East US Highway 36","name":""},{"lat":27.791692,"lon":-82.728792,"city":"St Petersburg","state":"FL","address":"2216 66th St N","name":""},{"lat":36.613534,"lon":-88.321462,"city":"Murray","state":"KY","address":"205 Waterfield Library","name":""},{"lat":39.152171,"lon":-108.73683,"city":"Fruita","state":"CO","address":"401 B Jurassic Ave","name":""},{"lat":32.891701,"lon":-97.036025,"city":"Dallas","state":"TX","address":"2330 N International Pkwy","name":""},{"lat":37.350154,"lon":-79.181879,"city":"Lynchburg","state":"VA","address":"1971 University Blvd","name":""},{"lat":32.934815,"lon":-97.237784,"city":"Keller","state":"TX","address":"751 Keller Pkwy","name":""},{"lat":36.842342,"lon":-76.132259,"city":"Virginia Beach","state":"VA","address":"1 Columbus Center","name":""},{"lat":41.368969,"lon":-81.764927,"city":"Parma","state":"OH","address":"11000 Pleasant Valley Road","name":""},{"lat":36.098849,"lon":-115.176542,"city":"Las Vegas","state":"NV","address":"3850 Las Vegas Blvd S","name":""},{"lat":41.788214,"lon":-87.740513,"city":"Chicago","state":"IL","address":"5757 South Cicero","name":""},{"lat":39.641202,"lon":-104.828368,"city":"Aurora","state":"CO","address":"4090 South Parker Road","name":""},{"lat":40.187787,"lon":-92.582683,"city":"Kirksville","state":"MO","address":"901 S Franklin St","name":""},{"lat":34.183368,"lon":-117.325121,"city":"San Bernardino","state":"CA","address":"5500 University Sciences Building","name":""},{"lat":36.190241,"lon":-95.889581,"city":"Tulsa","state":"OK","address":"7777 E Apache Street","name":""},{"lat":28.551135,"lon":-81.5308,"city":"Ocoee","state":"FL","address":"10300 West Colonial Drive","name":""},{"lat":33.192327,"lon":-117.253875,"city":"Vista","state":"CA","address":"251 South Melrose Drive","name":""},{"lat":33.982147,"lon":-84.430457,"city":"Marietta","state":"GA","address":"4101 Roswell Road","name":""},{"lat":38.674597,"lon":-90.357294,"city":"Universal City","state":"MO","address":"8615 Olive Boulevard","name":""},{"lat":38.812853,"lon":-94.488731,"city":"Raymore","state":"MO","address":"1838 West Foxwood Drive","name":""},{"lat":33.025905,"lon":-97.287318,"city":"Fort Worth","state":"TX","address":"3400 TX-114","name":""},{"lat":33.786946,"lon":-84.619418,"city":"Lithia Springs","state":"GA","address":"639 Thornton Road","name":""},{"lat":30.589716,"lon":-97.859404,"city":"Leander","state":"TX","address":"145 South Brook, Suite 100","name":""},{"lat":39.576116,"lon":-119.740934,"city":"Sparks","state":"NV","address":"151 Disc Drive","name":""},{"lat":30.163108,"lon":-81.748122,"city":"Orange Park","state":"FL","address":"410 Blanding Boulevard","name":""},{"lat":33.642267,"lon":-84.013921,"city":"Conyers","state":"GA","address":"1810 Hwy 20","name":""},{"lat":39.914529,"lon":-104.97504,"city":"Thornton","state":"CO","address":"951 E 120th Ave","name":""},{"lat":34.036106,"lon":-117.91263,"city":"West Covina","state":"CA","address":"2260 South Azusa Avenue","name":""},{"lat":33.806443,"lon":-117.22682,"city":"Perris","state":"CA","address":"1850 North Perris Boulevard","name":""},{"lat":34.106723,"lon":-117.193981,"city":"Highland","state":"CA","address":"27993 Greenspot Road","name":""},{"lat":34.075113,"lon":-117.545731,"city":"Ontario","state":"CA","address":"990 Ontario Mills Dr","name":""},{"lat":30.20216,"lon":-97.66849,"city":"Austin","state":"TX","address":"3600 Presidential Blvd","name":""},{"lat":32.910391,"lon":-97.189494,"city":"North Richland Hills","state":"TX","address":"8633 Davis Boulevard","name":""},{"lat":33.847167,"lon":-118.389195,"city":"Redondo Beach","state":"CA","address":"403 N Pacific Coast Highway","name":""},{"lat":29.811109,"lon":-95.156015,"city":"Houston","state":"TX","address":"15755 Wallisville Rd","name":""},{"lat":33.84445,"lon":-112.13377,"city":"Anthem","state":"AZ","address":"39508 N Daisy Mountain Drive","name":""},{"lat":33.450501,"lon":-111.802962,"city":"Mesa","state":"AZ","address":"1229 E McKellips Rd","name":""},{"lat":33.536702,"lon":-84.576159,"city":"Fairburn","state":"GA","address":"8026 Senoia Road","name":""},{"lat":38.956982,"lon":-94.723968,"city":"Lenexa","state":"KS","address":"11910 West 95th Street","name":""},{"lat":35.958846,"lon":-83.927018,"city":"Knoxville","state":"TN","address":"1311 Cumberland Ave","name":""},{"lat":29.598942,"lon":-98.280662,"city":"Schertz","state":"TX","address":"17331 I-35 N","name":""},{"lat":29.483997,"lon":-98.729141,"city":"San Antonio","state":"TX","address":"11988 Alamo Ranch Parkway","name":""},{"lat":32.53934,"lon":-97.331739,"city":"Burleson","state":"TX","address":"425 SW Wilshire Blvd","name":""},{"lat":34.0002,"lon":-84.58289,"city":"Kennesaw","state":"GA","address":"1155 Ernest Barrett Pkwy Suite 104","name":""},{"lat":33.346061,"lon":-96.567771,"city":"Anna","state":"TX","address":"601 South Ferguson Parkway","name":""},{"lat":40.582442,"lon":-105.056183,"city":"Fort Collins","state":"CO","address":"1281 East Magnolia Street","name":""},{"lat":34.12036,"lon":-84.077574,"city":"Sugar Hill","state":"GA","address":"5965 Cumming Highway Northeast","name":""},{"lat":33.007406,"lon":-96.768185,"city":"Plano","state":"TX","address":"565 Coit Road","name":""},{"lat":26.006225,"lon":-80.312772,"city":"Pembroke Pines","state":"FL","address":"150 South Flamingo Road","name":""},{"lat":36.26205,"lon":-115.206752,"city":"North Las Vegas","state":"NV","address":"4770 West Ann Road","name":""},{"lat":41.242298,"lon":-111.978463,"city":"Ogden","state":"UT","address":"1339 Wall Avenue","name":""},{"lat":30.673929,"lon":-97.70336,"city":"Georgetown","state":"TX","address":"3920 Williams Drive","name":""},{"lat":28.067071,"lon":-82.41974,"city":"Tampa","state":"FL","address":"13330 USF Laurel Drive","name":""},{"lat":40.287771,"lon":-111.879172,"city":"Saratoga Springs","state":"UT","address":"127 West Lake Drive","name":""},{"lat":33.609821,"lon":-112.417503,"city":"Surprise","state":"AZ","address":"16430 West Waddell Road","name":""},{"lat":30.47997,"lon":-97.670237,"city":"Round Rock","state":"TX","address":"119 Louis Henna Boulevard","name":""},{"lat":39.538907,"lon":-104.768422,"city":"Parker","state":"CO","address":"9700 South Parker Road","name":""},{"lat":41.307127,"lon":-112.019809,"city":"Pleasant View","state":"UT","address":"1738 W 2700 North","name":""},{"lat":32.776986,"lon":-108.282566,"city":"Silver City","state":"NM","address":"1000 West College Ave","name":""},{"lat":32.931606,"lon":-96.683374,"city":"Richardson","state":"TX","address":"2191 W Buckingham Rd","name":""},{"lat":28.194997,"lon":-82.592879,"city":"Odessa","state":"FL","address":"13480 Pine Gap Spur","name":""},{"lat":33.217782,"lon":-96.666736,"city":"McKinney","state":"TX","address":"4040 W University Dr","name":""}]}