{"key":"embassy_suites","displayName":"Embassy Suites","category":"hotels","useLocationName":false,"locations":[
  {"lat":21.27927,"lon":-157.831345,"city":"Honolulu","state":"HI","address":"201 Beachwalk Street","name":""},
  {"lat":21.330469,"lon":-158.074882,"city":"Kapolei","state":"HI","address":"725 Manawai St.","name":""},
  {"lat":33.6844,"lon":-117.8501,"city":"Irvine","state":"CA","address":"2120 Main Street","name":""},
  {"lat":33.6787,"lon":-116.3027,"city":"La Quinta","state":"CA","address":"50-777 Santa Rosa Plaza","name":""},
  {"lat":33.721537,"lon":-116.36107,"city":"Palm Desert","state":"CA","address":"74-700 Highway 111","name":""},
  {"lat":32.712025,"lon":-117.170486,"city":"San Diego","state":"CA","address":"601 Pacific Highway","name":""},
  {"lat":32.87458,"lon":-117.208603,"city":"San Diego","state":"CA","address":"4550 La Jolla Village Drive","name":""},
  {"lat":33.708937,"lon":-117.85356,"city":"Santa Ana","state":"CA","address":"1325 East Dyer Road","name":""},
  {"lat":33.5018,"lon":-117.1494,"city":"Temecula","state":"CA","address":"29345 Rancho California Road","name":""},
  {"lat":33.943,"lon":-118.134,"city":"Downey","state":"CA","address":"8425 Firestone Boulevard","name":""},
  {"lat":33.930573,"lon":-118.400742,"city":"El Segundo","state":"CA","address":"1440 East Imperial Avenue","name":""},
  {"lat":34.157749,"lon":-118.257675,"city":"Glendale","state":"CA","address":"800 North Central Avenue","name":""},
  {"lat":34.655758,"lon":-120.458778,"city":"Lompoc","state":"CA","address":"1117 North H Street","name":""},
  {"lat":33.946953,"lon":-118.386505,"city":"Los Angeles","state":"CA","address":"9801 Airport Boulevard","name":""},
  {"lat":34.5974,"lon":-118.14,"city":"Palmdale","state":"CA","address":"39375 5th St. West","name":""},
  {"lat":35.259108,"lon":-120.674716,"city":"San Luis Obispo","state":"CA","address":"333 Madonna Road","name":""},
  {"lat":34.4426,"lon":-118.6004,"city":"Valencia","state":"CA","address":"28508 Westinghouse Place","name":""},
  {"lat":37.59161,"lon":-122.348061,"city":"Burlingame","state":"CA","address":"150 Anza Boulevard","name":""},
  {"lat":37.655647,"lon":-122.401254,"city":"South San Francisco","state":"CA","address":"250 Gateway Boulevard","name":""},
  {"lat":37.434776,"lon":-121.892044,"city":"Milpitas","state":"CA","address":"901 East Calaveras Boulevard","name":""},
  {"lat":37.3834,"lon":-121.9794,"city":"Santa Clara","state":"CA","address":"2885 Lakeside Drive","name":""},
  {"lat":36.606642,"lon":-121.855668,"city":"Seaside","state":"CA","address":"1441 Canyon Del Rey","name":""},
  {"lat":37.927189,"lon":-122.058037,"city":"Walnut Creek","state":"CA","address":"1345 Treat Boulevard","name":""},
  {"lat":38.005007,"lon":-122.53249,"city":"San Rafael","state":"CA","address":"101 McInnis Parkway","name":""},
  {"lat":38.3001,"lon":-122.3006,"city":"Napa","state":"CA","address":"1075 California Boulevard","name":""},
  {"lat":38.5798,"lon":-121.5068,"city":"Sacramento","state":"CA","address":"100 Capitol Mall","name":""},
  {"lat":33.846263,"lon":-117.85433,"city":"Anaheim","state":"CA","address":"3100 East Frontera","name":""},
  {"lat":34.140187,"lon":-118.02663,"city":"Arcadia","state":"CA","address":"211 East Huntington Drive","name":""},
  {"lat":33.917381,"lon":-117.887497,"city":"Brea","state":"CA","address":"900 East Birch Street","name":""},
  {"lat":33.79106,"lon":-117.916489,"city":"Garden Grove","state":"CA","address":"11767 Harbor Boulevard","name":""},
  {"lat":34.065483,"lon":-117.572906,"city":"Ontario","state":"CA","address":"3663 East Guasti Road","name":""},
  {"lat":33.79438,"lon":-117.890114,"city":"Orange","state":"CA","address":"400 N. State College Boulevard","name":""},
  {"lat":36.123966,"lon":-115.153893,"city":"Las Vegas","state":"NV","address":"3600 Paradise Road","name":""},
  {"lat":36.11087,"lon":-115.151382,"city":"Las Vegas","state":"NV","address":"4315 University Center Drive","name":""},
  {"lat":33.509695,"lon":-112.024837,"city":"Phoenix","state":"AZ","address":"2630 East Camelback Road","name":""},
  {"lat":33.480798,"lon":-112.072371,"city":"Phoenix","state":"AZ","address":"10 East Thomas Road","name":""},
  {"lat":33.598778,"lon":-111.98774,"city":"Phoenix","state":"AZ","address":"4415 E. Paradise Village Pkwy South","name":""},
  {"lat":33.510086,"lon":-111.925618,"city":"Scottsdale","state":"AZ","address":"5001 N. Scottsdale Road","name":""},
  {"lat":33.384354,"lon":-111.927956,"city":"Tempe","state":"AZ","address":"4400 South Rural Road","name":""},
  {"lat":32.236054,"lon":-110.853565,"city":"Tucson","state":"AZ","address":"6555 E Speedway Blvd","name":""},
  {"lat":32.321777,"lon":-110.92708,"city":"Tucson","state":"AZ","address":"3110 East Skyline Drive","name":""},
  {"lat":31.780754,"lon":-106.409671,"city":"El Paso","state":"TX","address":"6100 Gateway East","name":""},
  {"lat":33.534828,"lon":-101.924767,"city":"Lubbock","state":"TX","address":"5215 South Loop 289","name":""},
  {"lat":27.717622,"lon":-97.390585,"city":"Corpus Christi","state":"TX","address":"4337 South Padre Island Drive","name":""},
  {"lat":27.555109,"lon":-99.494919,"city":"Laredo","state":"TX","address":"110 Calle Del Norte","name":""},
  {"lat":26.198733,"lon":-98.260722,"city":"McAllen","state":"TX","address":"800 Convention Center Blvd.","name":""},
  {"lat":29.530274,"lon":-98.483695,"city":"San Antonio","state":"TX","address":"10110 US-281","name":""},
  {"lat":29.349761,"lon":-98.446432,"city":"San Antonio","state":"TX","address":"7610 South New Braunfels","name":""},
  {"lat":29.587663,"lon":-98.594966,"city":"San Antonio","state":"TX","address":"5615 Landmark Parkway","name":""},
  {"lat":29.426895,"lon":-98.492897,"city":"San Antonio","state":"TX","address":"125 E. Houston Street","name":""},
  {"lat":30.386652,"lon":-97.737686,"city":"Austin","state":"TX","address":"9505 Stonelake Boulevard","name":""},
  {"lat":30.320172,"lon":-97.706647,"city":"Austin","state":"TX","address":"5901 North IH-35","name":""},
  {"lat":30.258514,"lon":-97.747299,"city":"Austin","state":"TX","address":"300 South Congress Avenue","name":""},
  {"lat":30.629908,"lon":-96.334645,"city":"College Station","state":"TX","address":"201 University Drive East","name":""},
  {"lat":29.784018,"lon":-95.667438,"city":"Houston","state":"TX","address":"16435 Katy Freeway","name":""},
  {"lat":30.569676,"lon":-97.687807,"city":"Round Rock","state":"TX","address":"270 Bass Pro Drive","name":""},
  {"lat":29.8389,"lon":-97.97,"city":"San Marcos","state":"TX","address":"1001 E. McCarty Lane","name":""},
  {"lat":33.22582,"lon":-97.16996,"city":"Denton","state":"TX","address":"3100 Town Center Trail","name":""},
  {"lat":32.75383,"lon":-97.33004,"city":"Fort Worth","state":"TX","address":"600 Commerce Street","name":""},
  {"lat":32.956048,"lon":-97.0447,"city":"Grapevine","state":"TX","address":"2401 Bass Pro Drive","name":""},
  {"lat":32.861343,"lon":-96.853394,"city":"Dallas","state":"TX","address":"3880 West Northwest Highway","name":""},
  {"lat":32.807636,"lon":-96.844925,"city":"Dallas","state":"TX","address":"2727 N. Stemmons Freeway","name":""},
  {"lat":32.938362,"lon":-96.818825,"city":"Dallas","state":"TX","address":"14021 Noel Road","name":""},
  {"lat":32.927437,"lon":-96.762885,"city":"Dallas","state":"TX","address":"13131 North Central Expressway","name":""},
  {"lat":32.835149,"lon":-97.021258,"city":"Irving","state":"TX","address":"4650 West Airport Freeway","name":""},
  {"lat":32.889069,"lon":-96.956724,"city":"Irving","state":"TX","address":"771 W John Carpenter Freeway","name":""},
  {"lat":33.100929,"lon":-96.81637,"city":"Frisco","state":"TX","address":"7600 John Q. Hammons Drive","name":""},
  {"lat":29.752944,"lon":-95.361382,"city":"Houston","state":"TX","address":"1515 Dallas Street","name":""},
  {"lat":29.7852,"lon":-95.5918,"city":"Houston","state":"TX","address":"11730 Katy Freeway","name":""},
  {"lat":29.735176,"lon":-95.466541,"city":"Houston","state":"TX","address":"2911 Sage Road","name":""},
  {"lat":30.1709,"lon":-95.470111,"city":"The Woodlands","state":"TX","address":"1855 Hughes Landing Boulevard","name":""},
  {"lat":30.421183,"lon":-91.133163,"city":"Baton Rouge","state":"LA","address":"4914 Constitution Avenue","name":""},
  {"lat":29.945082,"lon":-90.066261,"city":"New Orleans","state":"LA","address":"315 Julia Street","name":""},
  {"lat":32.4405,"lon":-90.1497,"city":"Ridgeland","state":"MS","address":"200 Township Place","name":""},
  {"lat":35.191864,"lon":-111.658722,"city":"Flagstaff","state":"AZ","address":"706 South Milton Road","name":""},
  {"lat":35.091718,"lon":-106.636136,"city":"Albuquerque","state":"NM","address":"1000 Woodward Place NE","name":""},
  {"lat":35.207484,"lon":-101.832591,"city":"Amarillo","state":"TX","address":"550 S Buchanan Street","name":""},
  {"lat":38.936798,"lon":-104.814949,"city":"Colorado Springs","state":"CO","address":"7290 Commerce Center Drive","name":""},
  {"lat":40.563373,"lon":-111.901215,"city":"South Jordan","state":"UT","address":"10333 S Jordan Gateway","name":""},
  {"lat":40.696,"lon":-111.960614,"city":"West Valley City","state":"UT","address":"3524 South Market Street","name":""},
  {"lat":40.018,"lon":-105.260209,"city":"Boulder","state":"CO","address":"2601 Canyon Boulevard","name":""},
  {"lat":39.591545,"lon":-104.869011,"city":"Centennial","state":"CO","address":"10250 East Costilla Avenue","name":""},
  {"lat":39.779644,"lon":-104.86588,"city":"Denver","state":"CO","address":"4444 North Havana Street","name":""},
  {"lat":39.7442,"lon":-104.9953,"city":"Denver","state":"CO","address":"1420 Stout Street","name":""},
  {"lat":39.8238,"lon":-104.7745,"city":"Denver","state":"CO","address":"7001 Yampa Street","name":""},
  {"lat":40.4406,"lon":-104.99,"city":"Loveland","state":"CO","address":"4705 Clydesdale Parkway","name":""},
  {"lat":35.2461,"lon":-97.4786,"city":"Norman","state":"OK","address":"2501 Conference Drive","name":""},
  {"lat":35.475139,"lon":-97.49971,"city":"Oklahoma City","state":"OK","address":"741 North Phillips Avenue","name":""},
  {"lat":35.530685,"lon":-97.573572,"city":"Oklahoma City","state":"OK","address":"3233 NW Expressway","name":""},
  {"lat":35.44701,"lon":-97.602203,"city":"Oklahoma City","state":"OK","address":"1815 South Meridian","name":""},
  {"lat":36.116037,"lon":-95.890762,"city":"Tulsa","state":"OK","address":"3332 South 79th East Avenue","name":""},
  {"lat":34.510563,"lon":-93.048356,"city":"Hot Springs","state":"AR","address":"400 Convention Boulevard","name":""},
  {"lat":36.2997,"lon":-94.1916,"city":"Rogers","state":"AR","address":"3303 Pinnacle Hills Parkway","name":""},
  {"lat":35.845385,"lon":-90.667227,"city":"Jonesboro","state":"AR","address":"223 Red Wolf Blvd.","name":""},
  {"lat":34.7466,"lon":-92.4001,"city":"Little Rock","state":"AR","address":"11301 Financial Centre Parkway","name":""},
  {"lat":39.275261,"lon":-94.666641,"city":"Kansas City","state":"MO","address":"7640 NW Tiffany Springs Parkway","name":""},
  {"lat":38.940354,"lon":-94.796722,"city":"Olathe","state":"KS","address":"10401 S. Ridgeview Rd","name":""},
  {"lat":38.936555,"lon":-94.667494,"city":"Overland Park","state":"KS","address":"10601 Metcalf Avenue at I-435","name":""},
  {"lat":38.741646,"lon":-90.399544,"city":"Bridgeton","state":"MO","address":"11237 Lone Eagle Drive","name":""},
  {"lat":38.770869,"lon":-90.50206,"city":"St. Charles","state":"MO","address":"Two Convention Center Plaza","name":""},
  {"lat":38.630537,"lon":-90.190425,"city":"St. Louis","state":"MO","address":"610 North 7th Street","name":""},
  {"lat":41.1802,"lon":-96.1088,"city":"La Vista","state":"NE","address":"12520 Westport Parkway","name":""},
  {"lat":40.814937,"lon":-96.706358,"city":"Lincoln","state":"NE","address":"1040 P Street","name":""},
  {"lat":41.255157,"lon":-95.928581,"city":"Omaha","state":"NE","address":"555 South 10th Street","name":""},
  {"lat":41.588299,"lon":-93.61557,"city":"Des Moines","state":"IA","address":"101 East Locust Street","name":""},
  {"lat":44.859661,"lon":-93.316048,"city":"Bloomington","state":"MN","address":"2800 American Boulevard West","name":""},
  {"lat":44.860199,"lon":-93.221992,"city":"Bloomington","state":"MN","address":"7901 34th Avenue South","name":""},
  {"lat":44.978673,"lon":-93.272933,"city":"Minneapolis","state":"MN","address":"12 Sixth Street South","name":""},
  {"lat":61.19273,"lon":-149.871658,"city":"Anchorage","state":"AK","address":"600 East Benson Boulevard","name":""},
  {"lat":47.580792,"lon":-122.133891,"city":"Bellevue","state":"WA","address":"3225 158th Avenue SE","name":""},
  {"lat":45.545755,"lon":-122.88314,"city":"Hillsboro","state":"OR","address":"9355 NE Tanasbourne Drive","name":""},
  {"lat":47.8121,"lon":-122.2926,"city":"Lynnwood","state":"WA","address":"20610 44th Ave West","name":""},
  {"lat":45.579975,"lon":-122.573279,"city":"Portland","state":"OR","address":"7900 NE 82nd Avenue","name":""},
  {"lat":45.521817,"lon":-122.67402,"city":"Portland","state":"OR","address":"319 SW Pine Street","name":""},
  {"lat":47.597969,"lon":-122.331035,"city":"Seattle","state":"WA","address":"255 South King Street","name":""},
  {"lat":47.460342,"lon":-122.243752,"city":"Seattle","state":"WA","address":"15920 West Valley Highway","name":""},
  {"lat":45.453719,"lon":-122.78233,"city":"Tigard","state":"OR","address":"9000 SW Washington Square Road","name":""},
  {"lat":45.0685,"lon":-93.3054,"city":"Brooklyn Center","state":"MN","address":"6300 Earle Brown Drive","name":""},
  {"lat":26.433,"lon":-81.7813,"city":"Estero","state":"FL","address":"10450 Corkscrew Commons Drive","name":""},
  {"lat":27.338295,"lon":-82.546543,"city":"Sarasota","state":"FL","address":"202 North Tamiami Trail","name":""},
  {"lat":27.9488,"lon":-82.5239,"city":"Tampa","state":"FL","address":"555 North Westshore Boulevard","name":""},
  {"lat":27.941572,"lon":-82.332237,"city":"Tampa","state":"FL","address":"10220 Palm River Road","name":""},
  {"lat":27.942247,"lon":-82.455063,"city":"Tampa","state":"FL","address":"513 South Florida Avenue","name":""},
  {"lat":28.056147,"lon":-82.421636,"city":"Tampa","state":"FL","address":"3705 Spectrum Boulevard","name":""},
  {"lat":25.806836,"lon":-80.261543,"city":"Miami","state":"FL","address":"3974 NW South River Drive","name":""},
  {"lat":26.397335,"lon":-80.09639,"city":"Boca Raton","state":"FL","address":"661 NW 53rd Street","name":""},
  {"lat":26.306,"lon":-80.0774,"city":"Deerfield Beach","state":"FL","address":"950 South Ocean Drive","name":""},
  {"lat":26.099663,"lon":-80.131638,"city":"Fort Lauderdale","state":"FL","address":"1100 SE 17th Street","name":""},
  {"lat":26.691988,"lon":-80.07592,"city":"West Palm Beach","state":"FL","address":"1601 Belvedere Road","name":""},
  {"lat":26.838166,"lon":-80.104643,"city":"Palm Beach Gardens","state":"FL","address":"4350 PGA Boulevard","name":""},
  {"lat":30.248841,"lon":-87.691112,"city":"Gulf Shores","state":"AL","address":"112 West Beach Boulevard","name":""},
  {"lat":30.375565,"lon":-86.358067,"city":"Destin","state":"FL","address":"570 Scenic Gulf Drive","name":""},
  {"lat":30.215101,"lon":-85.874801,"city":"Panama City Beach","state":"FL","address":"16006 Front Beach Road","name":""},
  {"lat":33.209813,"lon":-87.56858,"city":"Tuscaloosa","state":"AL","address":"2410 University Boulevard","name":""},
  {"lat":33.628067,"lon":-84.463379,"city":"Atlanta","state":"GA","address":"4700 Southport Road","name":""},
  {"lat":33.489088,"lon":-86.787274,"city":"Birmingham","state":"AL","address":"2300 Woodcrest Place","name":""},
  {"lat":33.3695,"lon":-86.8161,"city":"Birmingham","state":"AL","address":"2960 John Hawkins Parkway","name":""},
  {"lat":33.660761,"lon":-84.422531,"city":"Hapeville","state":"GA","address":"3450 International Blvd","name":""},
  {"lat":32.379684,"lon":-86.313812,"city":"Montgomery","state":"AL","address":"300 Tallapoosa Street","name":""},
  {"lat":30.220032,"lon":-81.56501,"city":"Jacksonville","state":"FL","address":"9300 Baymeadows Road","name":""},
  {"lat":28.340333,"lon":-81.611583,"city":"Kissimmee","state":"FL","address":"3151 Sunset Walk Drive","name":""},
  {"lat":28.66482,"lon":-81.385808,"city":"Altamonte Springs","state":"FL","address":"225 Shorecrest Drive","name":""},
  {"lat":28.336264,"lon":-81.480865,"city":"Kissimmee","state":"FL","address":"4955 Kyngs Heath Road","name":""},
  {"lat":28.460634,"lon":-81.305676,"city":"Orlando","state":"FL","address":"5835 T. G. Lee Boulevard","name":""},
  {"lat":28.541767,"lon":-81.375504,"city":"Orlando","state":"FL","address":"191 East Pine Street","name":""},
  {"lat":28.4371,"lon":-81.4727,"city":"Orlando","state":"FL","address":"8978 International Drive","name":""},
  {"lat":28.446888,"lon":-81.473145,"city":"Orlando","state":"FL","address":"8250 Jamaican Court","name":""},
  {"lat":28.39118,"lon":-81.494318,"city":"Orlando","state":"FL","address":"8100 Lake Street","name":""},
  {"lat":29.858203,"lon":-81.266843,"city":"St. Augustine","state":"FL","address":"300 A1A Beach Boulevard","name":""},
  {"lat":31.218687,"lon":-81.487129,"city":"Brunswick","state":"GA","address":"500 Mall Boulevard","name":""},
  {"lat":32.146,"lon":-81.2464,"city":"Savannah","state":"GA","address":"145 W. Mulberry Blvd","name":""},
  {"lat":32.07876,"lon":-81.099547,"city":"Savannah","state":"GA","address":"605 West Oglethorpe Avenue","name":""},
  {"lat":32.787708,"lon":-79.935905,"city":"Charleston","state":"SC","address":"337 Meeting Street","name":""},
  {"lat":32.800253,"lon":-79.904068,"city":"Mt. Pleasant","state":"SC","address":"100 Ferry Wharf Road","name":""},
  {"lat":32.866859,"lon":-80.017207,"city":"North Charleston","state":"SC","address":"5055 International Boulevard","name":""},
  {"lat":35.1043,"lon":-89.8591,"city":"Memphis","state":"TN","address":"1022 South Shady Grove Road","name":""},
  {"lat":34.7245,"lon":-86.5905,"city":"Huntsville","state":"AL","address":"800 Monroe Street","name":""},
  {"lat":33.760731,"lon":-84.394638,"city":"Atlanta","state":"GA","address":"267 Marietta Street","name":""},
  {"lat":33.882767,"lon":-84.457725,"city":"Atlanta","state":"GA","address":"2815 Akers Mill Road SE","name":""},
  {"lat":33.790872,"lon":-84.398402,"city":"Atlanta","state":"GA","address":"290 17th Street NW","name":""},
  {"lat":35.052546,"lon":-85.311075,"city":"Chattanooga","state":"TN","address":"345 Broad Street","name":""},
  {"lat":35.041248,"lon":-85.151405,"city":"Chattanooga","state":"TN","address":"2321 Lifestyle Way","name":""},
  {"lat":34.036,"lon":-84.5703,"city":"Kennesaw","state":"GA","address":"620 Chastain Road","name":""},
  {"lat":35.945,"lon":-86.81,"city":"Franklin","state":"TN","address":"820 Crescent Centre Drive","name":""},
  {"lat":35.8656,"lon":-86.452,"city":"Murfreesboro","state":"TN","address":"1200 Conference Center Boulevard","name":""},
  {"lat":36.144836,"lon":-86.687675,"city":"Nashville","state":"TN","address":"10 Century Boulevard","name":""},
  {"lat":36.151009,"lon":-86.795731,"city":"Nashville","state":"TN","address":"1811 Broadway","name":""},
  {"lat":36.157572,"lon":-86.78041,"city":"Nashville","state":"TN","address":"708 Demonbreun Street","name":""},
  {"lat":36.968705,"lon":-86.406367,"city":"Bowling Green","state":"KY","address":"556 Hub Boulevard","name":""},
  {"lat":39.255135,"lon":-84.3815,"city":"Blue Ash","state":"OH","address":"4554 Lake Forest Drive","name":""},
  {"lat":39.089884,"lon":-84.511152,"city":"Covington","state":"KY","address":"10 East Rivercenter Boulevard","name":""},
  {"lat":37.995738,"lon":-84.525215,"city":"Lexington","state":"KY","address":"245 Lexington Green Circle","name":""},
  {"lat":38.093265,"lon":-84.487329,"city":"Lexington","state":"KY","address":"1801 Newtown Pike","name":""},
  {"lat":38.250988,"lon":-85.757439,"city":"Louisville","state":"KY","address":"501 South Fourth Street","name":""},
  {"lat":38.2635,"lon":-85.574,"city":"Louisville","state":"KY","address":"9940 Corporate Campus Drive","name":""},
  {"lat":34.112504,"lon":-84.223524,"city":"Alpharetta","state":"GA","address":"6430 Market Street","name":""},
  {"lat":34.051459,"lon":-84.282544,"city":"Alpharetta","state":"GA","address":"5955 North Point Parkway","name":""},
  {"lat":33.844778,"lon":-84.36924,"city":"Atlanta","state":"GA","address":"3285 Peachtree Road NE","name":""},
  {"lat":33.930471,"lon":-84.346284,"city":"Atlanta","state":"GA","address":"1030 Crown Pointe Parkway","name":""},
  {"lat":33.987699,"lon":-84.090844,"city":"Duluth","state":"GA","address":"2029 Satellite Blvd","name":""},
  {"lat":34.847833,"lon":-82.403212,"city":"Greenville","state":"SC","address":"250 Riverplace","name":""},
  {"lat":34.825529,"lon":-82.324266,"city":"Greenville","state":"SC","address":"670 Verdae Boulevard","name":""},
  {"lat":35.703477,"lon":-83.517798,"city":"Gatlinburg","state":"TN","address":"604 Airport Rd","name":""},
  {"lat":35.964828,"lon":-83.918171,"city":"Knoxville","state":"TN","address":"507 South Gay St","name":""},
  {"lat":35.913315,"lon":-84.106621,"city":"Knoxville","state":"TN","address":"9621 Parkside Drive","name":""},
  {"lat":35.804134,"lon":-83.559447,"city":"Pigeon Forge","state":"TN","address":"395 Jake Thomas Road","name":""},
  {"lat":35.595642,"lon":-82.55953,"city":"Asheville","state":"NC","address":"192 Haywood Street","name":""},
  {"lat":35.136955,"lon":-80.93023,"city":"Charlotte","state":"NC","address":"1917 Ayrsley Town Boulevard","name":""},
  {"lat":35.079395,"lon":-78.965292,"city":"Fayetteville","state":"NC","address":"4760 Lake Valley Drive","name":""},
  {"lat":33.769135,"lon":-78.775333,"city":"Myrtle Beach","state":"SC","address":"9800 Queensway Boulevard","name":""},
  {"lat":33.77285,"lon":-78.779575,"city":"Myrtle Beach","state":"SC","address":"9800 Queensway Boulevard","name":""},
  {"lat":35.179939,"lon":-80.891006,"city":"Charlotte","state":"NC","address":"4800 South Tryon Street","name":""},
  {"lat":35.221618,"lon":-80.842627,"city":"Charlotte","state":"NC","address":"401 East Martin Luther King Jr.","name":""},
  {"lat":35.3627,"lon":-80.6994,"city":"Concord","state":"NC","address":"5400 John Q. Hammons Drive NW","name":""},
  {"lat":36.099335,"lon":-80.247505,"city":"Winston-Salem","state":"NC","address":"460 North Cherry Street","name":""},
  {"lat":35.831445,"lon":-78.768308,"city":"Cary","state":"NC","address":"201 Harrison Oaks Boulevard","name":""},
  {"lat":36.084689,"lon":-79.963279,"city":"Greensboro","state":"NC","address":"204 Centreport Drive","name":""},
  {"lat":35.9073,"lon":-78.7775,"city":"Raleigh","state":"NC","address":"8001 Arco Corporate Drive","name":""},
  {"lat":38.353421,"lon":-81.634624,"city":"Charleston","state":"WV","address":"300 Court Street","name":""},
  {"lat":40.6835,"lon":-89.5907,"city":"East Peoria","state":"IL","address":"100 Conference Center Drive","name":""},
  {"lat":41.891402,"lon":-87.619993,"city":"Chicago","state":"IL","address":"511 North Columbus Drive","name":""},
  {"lat":41.892735,"lon":-87.628838,"city":"Chicago","state":"IL","address":"600 North State Street","name":""},
  {"lat":42.152887,"lon":-87.863708,"city":"Deerfield","state":"IL","address":"1445 Lake Cook Road","name":""},
  {"lat":41.838344,"lon":-87.999392,"city":"Lombard","state":"IL","address":"707 Butterfield Road","name":""},
  {"lat":41.804232,"lon":-88.129578,"city":"Naperville","state":"IL","address":"1823 Abriter Court","name":""},
  {"lat":41.977056,"lon":-87.862855,"city":"Rosemont","state":"IL","address":"5500 North River Road","name":""},
  {"lat":42.066162,"lon":-88.04277,"city":"Schaumburg","state":"IL","address":"1939 North Meacham Road","name":""},
  {"lat":39.767559,"lon":-86.160408,"city":"Indianapolis","state":"IN","address":"110 West Washington Street","name":""},
  {"lat":39.915119,"lon":-86.225867,"city":"Indianapolis","state":"IN","address":"3912 Vincennes Road","name":""},
  {"lat":39.992924,"lon":-85.920876,"city":"Noblesville","state":"IN","address":"13700 Conference Center Drive South","name":""},
  {"lat":39.675035,"lon":-86.36622,"city":"Plainfield","state":"IN","address":"6089 Clarks Creek Road","name":""},
  {"lat":41.692554,"lon":-86.234171,"city":"South Bend","state":"IN","address":"1140 E. Angela Blvd","name":""},
  {"lat":43.020263,"lon":-88.106071,"city":"Brookfield","state":"WI","address":"1200 South Moorland Road","name":""},
  {"lat":43.07405,"lon":-89.38041,"city":"Madison","state":"WI","address":"231 S. Pinckney Street","name":""},
  {"lat":42.267775,"lon":-89.09688,"city":"Rockford","state":"IL","address":"416 S. Main Street","name":""},
  {"lat":42.975985,"lon":-85.672156,"city":"Grand Rapids","state":"MI","address":"710 Monroe Avenue NW","name":""},
  {"lat":40.098,"lon":-83.1266,"city":"Dublin","state":"OH","address":"5100 Upper Metro Place","name":""},
  {"lat":40.103287,"lon":-82.94438,"city":"Columbus","state":"OH","address":"2700 Corporate Exchange Drive","name":""},
  {"lat":39.9994,"lon":-82.9326,"city":"Columbus","state":"OH","address":"2886 Airport Drive","name":""},
  {"lat":41.3997,"lon":-81.6455,"city":"Independence","state":"OH","address":"5800 Rockside Woods Boulevard","name":""},
  {"lat":41.462444,"lon":-81.494117,"city":"Beachwood","state":"OH","address":"3775 Park East Drive","name":""},
  {"lat":40.894966,"lon":-81.42794,"city":"North Canton","state":"OH","address":"7883 Freedom Avenue, N.W.","name":""},
  {"lat":40.441226,"lon":-79.998172,"city":"Pittsburgh","state":"PA","address":"535 Smithfield Street","name":""},
  {"lat":42.430744,"lon":-83.423912,"city":"Livonia","state":"MI","address":"19525 Victor Parkway","name":""},
  {"lat":42.242268,"lon":-83.348984,"city":"Romulus","state":"MI","address":"8600 Wickham Road","name":""},
  {"lat":42.596699,"lon":-83.164102,"city":"Troy","state":"MI","address":"850 Tower Drive","name":""},
  {"lat":42.8899,"lon":-78.877,"city":"Buffalo","state":"NY","address":"200 Delaware Avenue","name":""},
  {"lat":35.8448,"lon":-78.6797,"city":"Raleigh","state":"NC","address":"4700 Creedmoor Road","name":""},
  {"lat":34.242045,"lon":-77.951909,"city":"Wilmington","state":"NC","address":"9 Estell Lee Place","name":""},
  {"lat":37.609005,"lon":-77.521202,"city":"Richmond","state":"VA","address":"2925 Emerywood Parkway","name":""},
  {"lat":37.037144,"lon":-76.384132,"city":"Hampton","state":"VA","address":"1700 Coliseum Drive","name":""},
  {"lat":36.869328,"lon":-75.980647,"city":"Virginia Beach","state":"VA","address":"4101 Atlantic Avenue","name":""},
  {"lat":37.286997,"lon":-76.719664,"city":"Williamsburg","state":"VA","address":"3006 Mooretown Road","name":""},
  {"lat":39.014065,"lon":-77.462003,"city":"Dulles","state":"VA","address":"44610 Waxpool Road","name":""},
  {"lat":38.952736,"lon":-77.406815,"city":"Herndon","state":"VA","address":"13341 Woodland Park Road","name":""},
  {"lat":38.805518,"lon":-77.061368,"city":"Alexandria","state":"VA","address":"1900 Diagonal Road","name":""},
  {"lat":38.8607,"lon":-77.0535,"city":"Arlington","state":"VA","address":"1393 S Eads St","name":""},
  {"lat":39.022346,"lon":-77.138232,"city":"Bethesda","state":"MD","address":"6711 Democracy Blvd.","name":""},
  {"lat":39.206208,"lon":-76.690353,"city":"Linthicum","state":"MD","address":"1300 Concourse Drive","name":""},
  {"lat":38.739,"lon":-77.188504,"city":"Springfield","state":"VA","address":"8100 Loisdale Road","name":""},
  {"lat":38.92031,"lon":-77.233529,"city":"Vienna","state":"VA","address":"8517 Leesburg Pike","name":""},
  {"lat":38.960965,"lon":-77.083815,"city":"Washington","state":"DC","address":"4300 Military Road NW","name":""},
  {"lat":38.901961,"lon":-77.026101,"city":"Washington","state":"DC","address":"900 10th Street NW","name":""},
  {"lat":38.905989,"lon":-77.048875,"city":"Washington","state":"DC","address":"1250 22nd Street NW","name":""},
  {"lat":39.497017,"lon":-76.662381,"city":"Hunt Valley","state":"MD","address":"213 International Circle","name":""},
  {"lat":39.660296,"lon":-75.75184,"city":"Newark","state":"DE","address":"654 South College Avenue","name":""},
  {"lat":39.887306,"lon":-75.248506,"city":"Philadelphia","state":"PA","address":"9000 Bartram Avenue","name":""},
  {"lat":40.068,"lon":-75.4613,"city":"Wayne","state":"PA","address":"888 Chesterbrook Boulevard","name":""},
  {"lat":40.662315,"lon":-74.416689,"city":"Berkeley Heights","state":"NJ","address":"250 Connell Drive","name":""},
  {"lat":40.6633,"lon":-74.1773,"city":"Elizabeth","state":"NJ","address":"95 International Boulevard","name":""},
  {"lat":40.751308,"lon":-73.985798,"city":"New York City","state":"NY","address":"60 West 37th Street","name":""},
  {"lat":40.542773,"lon":-74.50191,"city":"Piscataway","state":"NJ","address":"121 Centennial Avenue","name":""},
  {"lat":40.873451,"lon":-74.422066,"city":"Parsippany","state":"NJ","address":"909 Parsippany Boulevard","name":""},
  {"lat":43.092695,"lon":-76.084459,"city":"East Syracuse","state":"NY","address":"6646 Old Collamer Road South","name":""},
  {"lat":43.067074,"lon":-76.169537,"city":"Syracuse","state":"NY","address":"311 Hiawatha Blvd. W","name":""},
  {"lat":43.079202,"lon":-73.790413,"city":"Saratoga Springs","state":"NY","address":"86 Congress St","name":""},
  {"lat":42.370132,"lon":-71.031142,"city":"Boston","state":"MA","address":"207 Porter Street","name":""},
  {"lat":42.340278,"lon":-71.584289,"city":"Marlborough","state":"MA","address":"123 Boston Post Road West","name":""},
  {"lat":42.396967,"lon":-71.265072,"city":"Waltham","state":"MA","address":"550 Winter Street","name":""},
  {"lat":43.651035,"lon":-70.310612,"city":"Portland","state":"ME","address":"1050 Westbrook Street","name":""}]}