{"key":"fogo_de_chao","displayName":"Fogo de Chão","category":"restaurant","useLocationName":false,"locations":[
  {"lat":33.529899,"lon":-111.926476,"city":"Scottsdale","state":"AZ","address":"6300 N. Scottsdale Rd.","name":""},
  {"lat":34.068573,"lon":-118.376614,"city":"Beverly Hills","state":"CA","address":"133 N. La Cienega Blvd.","name":""},
  {"lat":33.652213,"lon":-117.743696,"city":"Irvine","state":"AL","address":"623 Spectrum Center Drive","name":""},
  {"lat":34.047665,"lon":-118.261219,"city":"Los Angeles","state":"CA","address":"800 S. Figueroa","name":""},
  {"lat":32.712316,"lon":-117.159506,"city":"San Diego","state":"CA","address":"668 Sixth Ave","name":""},
  {"lat":37.785019,"lon":-122.400233,"city":"San Francisco","state":"CA","address":"201 S. 3rd Street Suite 100","name":""},
  {"lat":37.320267,"lon":-121.949846,"city":"San Jose","state":"CA","address":"377 Santana Row #1090","name":""},
  {"lat":39.751219,"lon":-105.002088,"city":"Denver","state":"CO","address":"1513 Wynkoop St.","name":""},
  {"lat":39.56207,"lon":-104.879249,"city":"Lone Tree","state":"CO","address":"8419 Park Meadows Center Dr.","name":""},
  {"lat":30.25613,"lon":-81.530222,"city":"Jacksonville","state":"FL","address":"4784 Town Center Pkwy.","name":""},
  {"lat":25.769632,"lon":-80.13668,"city":"Miami Beach","state":"FL","address":"836 1st St.","name":""},
  {"lat":28.445831,"lon":-81.471698,"city":"Orlando","state":"FL","address":"8282 International Dr.","name":""},
  {"lat":33.840613,"lon":-84.369372,"city":"Atlanta","state":"GA","address":"3101 Piedmont Rd","name":""},
  {"lat":33.930973,"lon":-84.337048,"city":"Dunwoody","state":"GA","address":"4671 Ashford Dunwoody Road","name":""},
  {"lat":41.894125,"lon":-87.632324,"city":"Chicago","state":"IL","address":"661 N. LaSalle Dr","name":""},
  {"lat":41.804281,"lon":-88.128928,"city":"Naperville","state":"IL","address":"1824 Abriter Court","name":""},
  {"lat":41.977383,"lon":-87.868263,"city":"Rosemont","state":"IL","address":"5460 Park Place","name":""},
  {"lat":39.766712,"lon":-86.155547,"city":"Indianapolis","state":"IN","address":"117 E. Washington St.","name":""},
  {"lat":29.952544,"lon":-90.068888,"city":"New Orleans","state":"LA","address":"614 Canal Street","name":""},
  {"lat":39.287067,"lon":-76.607346,"city":"Baltimore","state":"MD","address":"600 E. Pratt St. #102","name":""},
  {"lat":39.049351,"lon":-77.118883,"city":"North Bethesda","state":"MD","address":"11600 Old Georgetown Road","name":""},
  {"lat":42.348617,"lon":-71.07722,"city":"Boston","state":"MA","address":"200 Dartmouth St","name":""},
  {"lat":42.561182,"lon":-83.152631,"city":"Troy","state":"MI","address":"301 W. Big Beaver Rd.","name":""},
  {"lat":44.978058,"lon":-93.274208,"city":"Minneapolis","state":"MN","address":"645 Hennepin Ave","name":""},
  {"lat":39.042487,"lon":-94.589954,"city":"Kansas City","state":"MO","address":"222 West 47th St.","name":""},
  {"lat":36.115052,"lon":-115.15645,"city":"Las Vegas","state":"NV","address":"360 E. Flamingo Road","name":""},
  {"lat":40.742736,"lon":-73.618062,"city":"Carle Place","state":"NY","address":"235 Old Country Rd.","name":""},
  {"lat":40.761077,"lon":-73.977771,"city":"","state":"NY","address":"40 W 53rd St.","name":""},
  {"lat":41.03331,"lon":-73.76613,"city":"White Plains","state":"NY","address":"235 Main St.","name":""},
  {"lat":45.517121,"lon":-122.679346,"city":"Portland","state":"OR","address":"930 SW 6th Ave","name":""},
  {"lat":40.083506,"lon":-75.404332,"city":"King of Prussia","state":"PA","address":"155 Main Street Building L","name":""},
  {"lat":39.950917,"lon":-75.162971,"city":"Philadelphia","state":"PA","address":"1337 Chestnut Street","name":""},
  {"lat":40.440742,"lon":-79.998439,"city":"Pittsburgh","state":"PA","address":"525 Smithfield Street","name":""},
  {"lat":32.953782,"lon":-96.837738,"city":"Addison","state":"TX","address":"4300 Belt Line Rd","name":""},
  {"lat":30.264164,"lon":-97.740671,"city":"Austin","state":"TX","address":"200 Congress Avenue","name":""},
  {"lat":32.797064,"lon":-96.801801,"city":"Dallas","state":"TX","address":"2619 McKinney Avenue Suite 150","name":""},
  {"lat":29.738065,"lon":-95.511909,"city":"Houston","state":"TX","address":"8250 Westheimer Rd","name":""},
  {"lat":33.083861,"lon":-96.825726,"city":"Plano","state":"TX","address":"5908 Headquarters Dr. Ste. K150","name":""},
  {"lat":29.423994,"lon":-98.484619,"city":"San Antonio","state":"TX","address":"849 E. Commerce St. #393","name":""},
  {"lat":30.170998,"lon":-95.471411,"city":"The Woodlands","state":"TX","address":"1900 Hughes Landing Blvd. Suite 400","name":""},
  {"lat":38.923841,"lon":-77.221587,"city":"Tysons","state":"VA","address":"1775 Tysons Boulevard Suite 50","name":""},
  {"lat":47.614534,"lon":-122.201274,"city":"Bellevue","state":"WA","address":"440 Bellevue Way NE","name":""},
  {"lat":38.895508,"lon":-77.027562,"city":"","state":"DC","address":"1101 Pennsylvania Ave NW","name":""}]}