{"key":"four_points","displayName":"Four Points","category":"hotels","useLocationName":false,"locations":[
  {"lat":61.214867,"lon":-149.888369,"city":"Anchorage","state":"AK","address":"325 West 8th Avenue","name":""},
  {"lat":58.299707,"lon":-134.40981,"city":"Juneau","state":"AK","address":"51 Egan Drive","name":""},
  {"lat":33.447358,"lon":-86.831572,"city":"Homewood","state":"AL","address":"492 Wildwood Circle North","name":""},
  {"lat":34.651159,"lon":-86.773152,"city":"Huntsville","state":"AL","address":"1000 Glenn Hearn Boulevard SW","name":""},
  {"lat":36.336575,"lon":-94.208237,"city":"Bentonville","state":"AR","address":"211 SE Walton Boulevard","name":""},
  {"lat":34.743756,"lon":-92.339925,"city":"Little Rock","state":"AR","address":"925 South University Avenue","name":""},
  {"lat":33.30716,"lon":-111.6887,"city":"Mesa","state":"AZ","address":"6850 East Williams Field Road","name":""},
  {"lat":32.124091,"lon":-110.934724,"city":"Tucson","state":"AZ","address":"7060 South Tucson Boulevard","name":""},
  {"lat":32.691048,"lon":-114.583801,"city":"Yuma","state":"AZ","address":"2030 S Avenue 3E","name":""},
  {"lat":33.817352,"lon":-117.916237,"city":"Anaheim","state":"CA","address":"1221 South Harbor Boulevard","name":""},
  {"lat":35.361839,"lon":-119.05973,"city":"Bakersfield","state":"CA","address":"5101 California Avenue","name":""},
  {"lat":33.9835,"lon":-118.3944,"city":"Culver City","state":"CA","address":"5990 Green Valley Circle","name":""},
  {"lat":37.838315,"lon":-122.294508,"city":"Emeryville","state":"CA","address":"1603 Powell Street","name":""},
  {"lat":37.698927,"lon":-121.904704,"city":"Pleasanton","state":"CA","address":"5115 Hopyard Road","name":""},
  {"lat":34.105528,"lon":-117.544262,"city":"Rancho Cucamonga","state":"CA","address":"11960 Foothill Boulevard","name":""},
  {"lat":38.654633,"lon":-121.538894,"city":"Sacramento","state":"CA","address":"4900 Duckhorn Drive","name":""},
  {"lat":32.810028,"lon":-117.150495,"city":"San Diego","state":"CA","address":"8110 Aero Drive","name":""},
  {"lat":37.332123,"lon":-121.888193,"city":"San Jose","state":"CA","address":"211 S. First Street","name":""},
  {"lat":38.008722,"lon":-122.545616,"city":"San Rafael","state":"CA","address":"1010 Northgate Drive","name":""},
  {"lat":37.0538,"lon":-122.0126,"city":"Scotts Valley","state":"CA","address":"5030 Scotts Valley Drive","name":""},
  {"lat":37.648105,"lon":-122.405326,"city":"South San Francisco","state":"CA","address":"264 South Airport Boulevard","name":""},
  {"lat":34.2495,"lon":-119.261716,"city":"Ventura","state":"CA","address":"1050 Schooner Drive","name":""},
  {"lat":39.57629,"lon":-104.84434,"city":"Englewood","state":"CO","address":"7770 South Peoria Street","name":""},
  {"lat":39.662523,"lon":-75.664006,"city":"Newark","state":"DE","address":"56 South Old Baltimore Pike","name":""},
  {"lat":28.355199,"lon":-80.608399,"city":"Cocoa Beach","state":"FL","address":"4001 N. Atlantic Avenue","name":""},
  {"lat":25.735467,"lon":-80.257573,"city":"Coral Gables","state":"FL","address":"3861 S.W. 40th Street","name":""},
  {"lat":26.049408,"lon":-80.163011,"city":"Dania Beach","state":"FL","address":"1900 Stirling Road","name":""},
  {"lat":26.09889,"lon":-80.136222,"city":"Fort Lauderdale","state":"FL","address":"1800 South Federal Highway","name":""},
  {"lat":30.395372,"lon":-86.595676,"city":"Fort Walton Beach","state":"FL","address":"1325 Miracle Strip Parkway SE","name":""},
  {"lat":30.219939,"lon":-81.580664,"city":"Jacksonville","state":"FL","address":"8520 Baymeadows Road","name":""},
  {"lat":30.289403,"lon":-81.389374,"city":"Jacksonville Beach","state":"FL","address":"11 1st Street North","name":""},
  {"lat":25.807974,"lon":-80.31813,"city":"Miami","state":"FL","address":"3570 NW 74th Avenue","name":""},
  {"lat":28.462787,"lon":-81.461391,"city":"Orlando","state":"FL","address":"5905 International Drive","name":""},
  {"lat":28.419865,"lon":-81.465561,"city":"Orlando","state":"FL","address":"6435 Westwood Boulevard","name":""},
  {"lat":26.938369,"lon":-82.052658,"city":"Punta Gorda","state":"FL","address":"33 Tamiami Trail","name":""},
  {"lat":30.445248,"lon":-84.284996,"city":"Tallahassee","state":"FL","address":"316 West Tennessee Street","name":""},
  {"lat":27.952063,"lon":-82.518154,"city":"Tampa","state":"FL","address":"4400 West Cypress Street","name":""},
  {"lat":33.657564,"lon":-84.495693,"city":"Atlanta","state":"GA","address":"3520 North Desert Drive","name":""},
  {"lat":31.224641,"lon":-81.524803,"city":"Brunswick","state":"GA","address":"5308 New Jesup Highway","name":""},
  {"lat":33.61413,"lon":-84.44013,"city":"College Park","state":"GA","address":"1556 Phoenix Boulevard","name":""},
  {"lat":32.135284,"lon":-81.238346,"city":"Savannah","state":"GA","address":"110 Stephen S Green Drive","name":""},
  {"lat":42.154003,"lon":-87.953685,"city":"Buffalo Grove","state":"IL","address":"900 West Lake Cook Road","name":""},
  {"lat":42.025213,"lon":-87.94146,"city":"Mount Prospect","state":"IL","address":"2200 South Elmhurst Road","name":""},
  {"lat":40.695372,"lon":-89.590063,"city":"Peoria","state":"IL","address":"500 Hamilton Boulevard","name":""},
  {"lat":42.040855,"lon":-88.052398,"city":"Schaumburg","state":"IL","address":"1100 East Higgins Road","name":""},
  {"lat":41.957185,"lon":-87.882941,"city":"Schiller Park","state":"IL","address":"10249 West Irving Park Road","name":""},
  {"lat":41.847144,"lon":-87.908528,"city":"Westchester","state":"IL","address":"2222 Enterprise Drive","name":""},
  {"lat":41.734644,"lon":-85.971208,"city":"Elkhart","state":"IN","address":"3254 Cassopolis Street","name":""},
  {"lat":38.937932,"lon":-94.799321,"city":"Olathe","state":"KS","address":"10574 S. Ridgeview Rd.","name":""},
  {"lat":38.20207,"lon":-85.751081,"city":"Louisville","state":"KY","address":"2850 Crittenden Drive","name":""},
  {"lat":31.312508,"lon":-92.473344,"city":"Alexandria","state":"LA","address":"2301 N. MacArthur Drive","name":""},
  {"lat":29.957891,"lon":-90.066637,"city":"New Orleans","state":"LA","address":"541 Bourbon Street","name":""},
  {"lat":41.845631,"lon":-69.9848,"city":"Eastham","state":"MA","address":"3800 State Highway","name":""},
  {"lat":42.356639,"lon":-71.187254,"city":"Newton","state":"MA","address":"320 Washington Street","name":""},
  {"lat":42.177398,"lon":-71.192179,"city":"Norwood","state":"MA","address":"1125 Boston Providence Turnpike","name":""},
  {"lat":42.429075,"lon":-71.015306,"city":"Revere","state":"MA","address":"407 Squire Road","name":""},
  {"lat":42.514661,"lon":-71.041428,"city":"Wakefield","state":"MA","address":"One Audubon Road","name":""},
  {"lat":42.259778,"lon":-85.534733,"city":"Kalamazoo","state":"MI","address":"3600 East Cork Street Court","name":""},
  {"lat":42.488919,"lon":-83.478934,"city":"Novi","state":"MI","address":"27000 South Karevich Drive","name":""},
  {"lat":43.478735,"lon":-83.962805,"city":"Saginaw","state":"MI","address":"4960 Towne Centre Road","name":""},
  {"lat":44.863344,"lon":-93.288095,"city":"Richfield","state":"MN","address":"7745 Lyndale Avenue South","name":""},
  {"lat":39.306402,"lon":-94.684095,"city":"Kansas City","state":"MO","address":"11832 NW Plaza Circle","name":""},
  {"lat":35.599278,"lon":-82.551201,"city":"Asheville","state":"NC","address":"22 Woodfin Street","name":""},
  {"lat":35.237065,"lon":-80.91857,"city":"Charlotte","state":"NC","address":"3101 Scott Futrell Drive","name":""},
  {"lat":35.077687,"lon":-78.96214,"city":"Fayetteville","state":"NC","address":"1706 Skibo Road","name":""},
  {"lat":36.076485,"lon":-79.960604,"city":"Greensboro","state":"NC","address":"7619 Thorndike Road","name":""},
  {"lat":35.44111,"lon":-80.871863,"city":"Huntersville","state":"NC","address":"16508 Northcross Drive","name":""},
  {"lat":35.854852,"lon":-78.823105,"city":"Morrisville","state":"NC","address":"1200 Claren Circle","name":""},
  {"lat":35.08916,"lon":-80.880714,"city":"Pineville","state":"NC","address":"9705 Leitner Drive","name":""},
  {"lat":35.798222,"lon":-78.725431,"city":"Raleigh","state":"NC","address":"1200 Hurricane Alley Way","name":""},
  {"lat":46.843726,"lon":-96.870221,"city":"Fargo","state":"ND","address":"5064 23rd Avenue South","name":""},
  {"lat":48.214097,"lon":-103.628153,"city":"Williston","state":"ND","address":"7115 2nd Avenue West","name":""},
  {"lat":41.262497,"lon":-95.957061,"city":"Omaha","state":"NE","address":"330 North 30th Street","name":""},
  {"lat":42.94098,"lon":-71.46847,"city":"Bedford","state":"NH","address":"250 South River Road","name":""},
  {"lat":42.629535,"lon":-73.774546,"city":"Albany","state":"NY","address":"3 Mount Hope Way","name":""},
  {"lat":40.764933,"lon":-73.832304,"city":"Flushing","state":"NY","address":"33-68 Farrington St","name":""},
  {"lat":40.707407,"lon":-74.00621,"city":"New York City","state":"NY","address":"6 Platt Street","name":""},
  {"lat":40.754993,"lon":-73.998357,"city":"New York City","state":"NY","address":"444 10th Avenue, Entrance on corner of 35th St 10th Ave","name":""},
  {"lat":40.72725,"lon":-74.0064,"city":"New York City","state":"NY","address":"66 Charlton Street","name":""},
  {"lat":40.756446,"lon":-73.991871,"city":"New York City","state":"NY","address":"326 West 40th Street","name":""},
  {"lat":40.141178,"lon":-82.967621,"city":"Columbus","state":"OH","address":"8505 Pulsar Place","name":""},
  {"lat":41.637203,"lon":-81.439097,"city":"Eastlake","state":"OH","address":"35000 Curtis Boulevard","name":""},
  {"lat":35.45944,"lon":-97.60386,"city":"Oklahoma City","state":"OK","address":"4708 West I-40 Service Road","name":""},
  {"lat":35.61076,"lon":-97.574845,"city":"Oklahoma City","state":"OK","address":"3117 NW 137th Street","name":""},
  {"lat":45.536571,"lon":-122.477395,"city":"Portland","state":"OR","address":"1919 NE 181st Avenue","name":""},
  {"lat":40.575625,"lon":-75.530058,"city":"Allentown","state":"PA","address":"3712 Hamilton Boulevard","name":""},
  {"lat":39.95581,"lon":-75.159047,"city":"Philadelphia","state":"PA","address":"1201 Race Street","name":""},
  {"lat":39.887006,"lon":-75.232021,"city":"Philadelphia","state":"PA","address":"4101A Island Avenue","name":""},
  {"lat":40.081112,"lon":-75.028087,"city":"Philadelphia","state":"PA","address":"9461 Roosevelt Boulevard","name":""},
  {"lat":39.987627,"lon":-76.727814,"city":"York","state":"PA","address":"1650 Toronita Street","name":""},
  {"lat":33.713863,"lon":-78.923769,"city":"Myrtle Beach","state":"SC","address":"101 Fantasy Harbour Boulevard","name":""},
  {"lat":34.966367,"lon":-82.003725,"city":"Spartanburg","state":"SC","address":"9027 Fairforest Road","name":""},
  {"lat":44.379341,"lon":-103.727064,"city":"Deadwood","state":"SD","address":"575 Main Street","name":""},
  {"lat":35.10263,"lon":-89.866375,"city":"Memphis","state":"TN","address":"5877 Poplar Avenue","name":""},
  {"lat":35.036743,"lon":-89.798225,"city":"Memphis","state":"TN","address":"4090 Stansell Court","name":""},
  {"lat":36.144642,"lon":-86.662621,"city":"Nashville","state":"TN","address":"800 Royal Parkway","name":""},
  {"lat":35.193584,"lon":-101.816057,"city":"Amarillo","state":"TX","address":"1911 East Interstate 40","name":""},
  {"lat":32.749161,"lon":-97.065521,"city":"Arlington","state":"TX","address":"2451 East Randol Mill Road","name":""},
  {"lat":30.21753,"lon":-97.68847,"city":"Austin","state":"TX","address":"7800 East Riverside Drive","name":""},
  {"lat":32.927057,"lon":-96.996728,"city":"Coppell","state":"TX","address":"1580 Point West Boulevard","name":""},
  {"lat":32.869445,"lon":-97.315277,"city":"Fort Worth","state":"TX","address":"6828 North Freeway","name":""},
  {"lat":29.831373,"lon":-95.560702,"city":"Houston","state":"TX","address":"11191 Clay Road","name":""},
  {"lat":29.784664,"lon":-95.701942,"city":"Houston","state":"TX","address":"18861 Katy Freeway","name":""},
  {"lat":29.937716,"lon":-95.36291,"city":"Houston","state":"TX","address":"1450 North Sam Houston Parkway East","name":""},
  {"lat":29.731319,"lon":-95.422592,"city":"Houston","state":"TX","address":"2828 Southwest Freeway","name":""},
  {"lat":29.663919,"lon":-95.259989,"city":"Houston","state":"TX","address":"8720 Gulf Freeway","name":""},
  {"lat":31.963081,"lon":-102.14517,"city":"Midland","state":"TX","address":"5518 Starboard Drive","name":""},
  {"lat":33.062958,"lon":-96.831519,"city":"Plano","state":"TX","address":"6624 Communications Parkway","name":""},
  {"lat":40.772509,"lon":-112.022107,"city":"Salt Lake City","state":"UT","address":"200 N Admiral Byrd Road","name":""},
  {"lat":37.524132,"lon":-77.354156,"city":"Richmond","state":"VA","address":"4700 South Laburnum Avenue","name":""},
  {"lat":37.505699,"lon":-77.581777,"city":"Richmond","state":"VA","address":"9901 Midlothian Turnpike","name":""},
  {"lat":36.841331,"lon":-75.972771,"city":"Virginia Beach","state":"VA","address":"1211 Atlantic Avenue","name":""},
  {"lat":48.743189,"lon":-122.465948,"city":"Bellingham","state":"WA","address":"714 Lakeway Drive","name":""},
  {"lat":47.400629,"lon":-122.296834,"city":"Des Moines","state":"WA","address":"22406 Pacific Highway South","name":""},
  {"lat":47.625499,"lon":-122.344764,"city":"Seattle","state":"WA","address":"601 Roy St.","name":""},
  {"lat":44.26428,"lon":-88.472059,"city":"Appleton","state":"WI","address":"300 North Mall Drive","name":""},
  {"lat":43.178483,"lon":-87.958404,"city":"Milwaukee","state":"WI","address":"8900 North Kildeer Court","name":""},
  {"lat":38.349751,"lon":-81.638398,"city":"Charleston","state":"WV","address":"600 Kanawha Boulevard East","name":""},
  {"lat":41.5811,"lon":-109.25782,"city":"Rock Springs","state":"WY","address":"2518 Foothill Boulevard","name":""}]}