{"key":"freddys","displayName":"Freddy's","category":"restaurant","useLocationName":false,"locations":[
  {"lat":71.298115,"lon":-156.753954,"city":"Barrow","state":"AK","address":"5421 North Star Street","name":""},
  {"lat":37.722513,"lon":-97.442439,"city":"Wichita","state":"KS","address":"8621 W 21st N","name":""},
  {"lat":37.690967,"lon":-97.244093,"city":"Wichita","state":"KS","address":"310 N Rock Rd","name":""},
  {"lat":37.817121,"lon":-96.872708,"city":"El Dorado","state":"KS","address":"1809 W Central","name":""},
  {"lat":37.708123,"lon":-97.203826,"city":"Wichita","state":"KS","address":"11525 E 13th St N","name":""},
  {"lat":37.56929,"lon":-97.243774,"city":"Derby","state":"KS","address":"2100 N Rock Rd Ste 1000","name":""},
  {"lat":38.883287,"lon":-94.671153,"city":"Overland Park","state":"KS","address":"7301 W. 135th St","name":""},
  {"lat":39.245304,"lon":-94.458675,"city":"Kansas City","state":"MO","address":"9800 NE Barry Rd.","name":""},
  {"lat":37.677679,"lon":-97.425587,"city":"Wichita","state":"KS","address":"420 S Ridge Rd Ste 100","name":""},
  {"lat":38.914615,"lon":-94.760624,"city":"Olathe","state":"KS","address":"11775 S Black Bob Rd","name":""},
  {"lat":38.935086,"lon":-94.640152,"city":"Overland Park","state":"KS","address":"10690 Roe Ave","name":""},
  {"lat":38.916805,"lon":-94.401131,"city":"Lee's Summit","state":"MO","address":"194 NW Oldham Pkwy","name":""},
  {"lat":38.927103,"lon":-94.717608,"city":"Overland Park","state":"KS","address":"11301 College Blvd","name":""},
  {"lat":38.85436,"lon":-94.805556,"city":"Olathe","state":"KS","address":"19020 W 151st Terrace","name":""},
  {"lat":39.186556,"lon":-94.577234,"city":"Kansas City","state":"MO","address":"5150 N. Oak Trafficway","name":""},
  {"lat":38.574149,"lon":-89.925465,"city":"Shiloh","state":"IL","address":"3320 Green Mount Crossing","name":""},
  {"lat":38.813806,"lon":-94.505773,"city":"Belton","state":"MO","address":"1822 E North Ave","name":""},
  {"lat":39.242322,"lon":-94.656861,"city":"Kansas City","state":"MO","address":"8071 NW Roanridge Rd","name":""},
  {"lat":38.98735,"lon":-94.466016,"city":"Raytown","state":"MO","address":"10019 E 350 Hwy","name":""},
  {"lat":39.127987,"lon":-94.807559,"city":"Kansas City","state":"KS","address":"1931 N 98th Street","name":""},
  {"lat":38.674704,"lon":-90.013192,"city":"Collinsville","state":"IL","address":"301 N Bluff Rd","name":""},
  {"lat":38.673758,"lon":-90.410766,"city":"Creve Coeur","state":"MO","address":"10457 Olive Blvd","name":""},
  {"lat":37.631879,"lon":-97.3701,"city":"Wichita","state":"KS","address":"3450 S Meridian Ave","name":""},
  {"lat":38.785746,"lon":-89.950436,"city":"Edwardsville","state":"IL","address":"2204 Troy Rd.","name":""},
  {"lat":39.014482,"lon":-94.688923,"city":"Merriam","state":"KS","address":"8817 Shawnee Mission Pkwy","name":""},
  {"lat":38.313317,"lon":-88.957433,"city":"Mt Vernon","state":"IL","address":"101 Potomac Blvd","name":""},
  {"lat":38.525495,"lon":-90.359831,"city":"St. Louis","state":"MO","address":"5479 S. Southfield Center","name":""},
  {"lat":38.839256,"lon":-94.680542,"city":"Overland Park","state":"KS","address":"7831 W 159th St","name":""},
  {"lat":38.735334,"lon":-90.40164,"city":"St. Ann","state":"MO","address":"947 Northwest Plaza Drive","name":""},
  {"lat":38.071789,"lon":-97.9018,"city":"Hutchinson","state":"KS","address":"1501 E 17th Ave","name":""},
  {"lat":39.048643,"lon":-95.760883,"city":"Topeka","state":"KS","address":"1050 SW Wanamaker Rd","name":""},
  {"lat":39.189966,"lon":-96.555362,"city":"Manhattan","state":"KS","address":"229 McCall Rd","name":""},
  {"lat":38.369429,"lon":-97.627605,"city":"McPherson","state":"KS","address":"202 S Champlin St","name":""},
  {"lat":36.720556,"lon":-95.935728,"city":"Bartlesville","state":"OK","address":"2103 SE Washington Blvd","name":""},
  {"lat":39.254128,"lon":-94.900496,"city":"Lansing","state":"KS","address":"237 N Main St","name":""},
  {"lat":37.754301,"lon":-100.03837,"city":"Dodge City","state":"KS","address":"1800 W Wyatt Earp","name":""},
  {"lat":39.027823,"lon":-95.725416,"city":"Topeka","state":"KS","address":"2135 SW Gage Blvd","name":""},
  {"lat":38.028578,"lon":-97.339029,"city":"Newton","state":"KS","address":"520 SE 14th St","name":""},
  {"lat":36.391891,"lon":-97.922435,"city":"Enid","state":"OK","address":"624 W Garriott","name":""},
  {"lat":35.653259,"lon":-97.454748,"city":"Edmond","state":"OK","address":"1925 E 2nd St","name":""},
  {"lat":35.324931,"lon":-97.491035,"city":"Moore","state":"OK","address":"1525 S. Service Rd","name":""},
  {"lat":35.37676,"lon":-97.529611,"city":"Oklahoma City","state":"OK","address":"9000 S Western Ave.","name":""},
  {"lat":35.579605,"lon":-97.637371,"city":"Oklahoma City","state":"OK","address":"7010 W Hefner Road","name":""},
  {"lat":35.601609,"lon":-97.548885,"city":"Oklahoma City","state":"OK","address":"12900 North Pennsylvania Ave","name":""},
  {"lat":35.481463,"lon":-97.76097,"city":"Yukon","state":"OK","address":"1680 Garth Brooks Blvd Suite 115","name":""},
  {"lat":35.218965,"lon":-97.477231,"city":"Norman","state":"OK","address":"2403 W Main St. Suite 110","name":""},
  {"lat":36.73275,"lon":-97.066693,"city":"Ponca City","state":"OK","address":"2407 N. 14th St.","name":""},
  {"lat":35.391223,"lon":-97.714303,"city":"Mustang","state":"OK","address":"540 E State Hwy 152","name":""},
  {"lat":36.550193,"lon":-82.494099,"city":"Kingsport","state":"TN","address":"2624 E Stone Drive","name":""},
  {"lat":36.324204,"lon":-82.394296,"city":"Johnson City","state":"TN","address":"928 N State of Franklin Rd","name":""},
  {"lat":35.438546,"lon":-97.370184,"city":"Midwest City","state":"OK","address":"2824 S Douglas Blvd","name":""},
  {"lat":35.377673,"lon":-96.930432,"city":"Shawnee","state":"OK","address":"4520 Marketplace Blvd","name":""},
  {"lat":36.193544,"lon":-83.359926,"city":"Morristown","state":"TN","address":"140 Hatfield Dr Suite 101","name":""},
  {"lat":36.007555,"lon":-84.256771,"city":"Oak Ridge","state":"TN","address":"347 S Illinois Ave.","name":""},
  {"lat":35.460974,"lon":-97.622255,"city":"Oklahoma City","state":"OK","address":"6100 SW 3rd St","name":""},
  {"lat":35.907015,"lon":-83.834811,"city":"Knoxville","state":"TN","address":"7614 Chapman Hwy","name":""},
  {"lat":35.211147,"lon":-84.861129,"city":"Cleveland","state":"TN","address":"688 Paul Huff Pkwy","name":""},
  {"lat":35.823477,"lon":-84.27284,"city":"Lenoir City","state":"TN","address":"956 US321","name":""},
  {"lat":36.344397,"lon":-82.248039,"city":"Elizabethton","state":"TN","address":"1512 West Elk Ave","name":""},
  {"lat":29.576489,"lon":-98.321375,"city":"Selma","state":"TX","address":"8379 Agora Parkway","name":""},
  {"lat":29.71613,"lon":-98.103928,"city":"New Braunfels","state":"TX","address":"841 N Loop 337","name":""},
  {"lat":29.496026,"lon":-98.480174,"city":"San Antonio","state":"TX","address":"255 E Basse Road #1050","name":""},
  {"lat":29.593702,"lon":-98.471964,"city":"San Antonio","state":"TX","address":"16522 San Pedro/Hwy 281","name":""},
  {"lat":29.3522,"lon":-98.532329,"city":"San Antonio","state":"TX","address":"7707 IH35 South","name":""},
  {"lat":29.601273,"lon":-98.562546,"city":"San Antonio","state":"TX","address":"4059 N Loop 1604 West","name":""},
  {"lat":29.517047,"lon":-98.506265,"city":"San Antonio","state":"TX","address":"6626 Blanco Rd","name":""},
  {"lat":29.444827,"lon":-98.661154,"city":"San Antonio","state":"TX","address":"8843 Potranco","name":""},
  {"lat":30.527859,"lon":-97.809476,"city":"Cedar Park","state":"TX","address":"1465 E Whitestone","name":""},
  {"lat":30.448869,"lon":-97.654979,"city":"Pflugerville","state":"TX","address":"2602 W Pecan St","name":""},
  {"lat":30.510002,"lon":-97.688486,"city":"Round Rock","state":"TX","address":"727 Round Rock Ave","name":""},
  {"lat":29.605039,"lon":-98.599943,"city":"San Antonio","state":"TX","address":"17303 W IH10","name":""},
  {"lat":29.488045,"lon":-98.709299,"city":"San Antonio","state":"TX","address":"5415 W Loop 1604 North","name":""},
  {"lat":30.423204,"lon":-97.845332,"city":"Austin","state":"TX","address":"8300 N. FM 620 Bldg C","name":""},
  {"lat":26.194969,"lon":-98.204196,"city":"Pharr","state":"TX","address":"2033 W Interstate 2","name":""},
  {"lat":29.870844,"lon":-97.93575,"city":"San Marcos","state":"TX","address":"310 N IH 35 Ste 101","name":""},
  {"lat":26.194114,"lon":-98.253645,"city":"McAllen","state":"TX","address":"2624 Expressway 83","name":""},
  {"lat":26.183946,"lon":-97.720896,"city":"Harlingen","state":"TX","address":"902 Dixieland Rd Suite 101","name":""},
  {"lat":30.082795,"lon":-97.823602,"city":"Buda","state":"TX","address":"15530 S IH 35","name":""},
  {"lat":25.952407,"lon":-97.506274,"city":"Brownsville","state":"TX","address":"2435 N. Expressway","name":""},
  {"lat":27.721777,"lon":-97.397352,"city":"Corpus Christi","state":"TX","address":"4018 S Padre Island Dr","name":""},
  {"lat":33.638741,"lon":-112.167274,"city":"Glendale","state":"AZ","address":"4929 W. Bell Rd.","name":""},
  {"lat":33.378446,"lon":-111.787247,"city":"Gilbert","state":"AZ","address":"2065 E. Baseline Rd","name":""},
  {"lat":35.175089,"lon":-111.664019,"city":"Flagstaff","state":"AZ","address":"2675 S. Beulah Blvd","name":""},
  {"lat":33.461408,"lon":-112.358806,"city":"Goodyear","state":"AZ","address":"1340 N. Litchfield Rd","name":""},
  {"lat":33.638697,"lon":-112.224189,"city":"Glendale","state":"AZ","address":"7670 W. Bell Road","name":""},
  {"lat":32.613084,"lon":-85.40039,"city":"Opelika","state":"AL","address":"1701 Capps Landing","name":""},
  {"lat":34.468122,"lon":-117.349276,"city":"Victorville","state":"CA","address":"12032 Amargosa Rd.","name":""},
  {"lat":36.011099,"lon":-115.119317,"city":"Las Vegas","state":"NV","address":"9809 S Eastern Ave","name":""},
  {"lat":36.056821,"lon":-115.04147,"city":"Henderson","state":"NV","address":"1290 W Warm Springs Rd.","name":""},
  {"lat":36.158624,"lon":-115.204757,"city":"Las Vegas","state":"NV","address":"4675 W Charleston Blvd","name":""},
  {"lat":36.086211,"lon":-115.242338,"city":"Las Vegas","state":"NV","address":"5628 South Rainbow Blvd","name":""},
  {"lat":37.395046,"lon":-94.705385,"city":"Pittsburg","state":"KS","address":"1314 South Broadway","name":""},
  {"lat":37.056229,"lon":-94.47891,"city":"Joplin","state":"MO","address":"3118 South Range Line Rd","name":""},
  {"lat":39.622854,"lon":-105.020242,"city":"Littleton","state":"CO","address":"2660 West Belleview Ave.","name":""},
  {"lat":39.695776,"lon":-104.864624,"city":"Aurora","state":"CO","address":"1103 S Iola St.","name":""},
  {"lat":39.593634,"lon":-104.805017,"city":"Aurora","state":"CO","address":"15705 E. Briarwood Circle","name":""},
  {"lat":39.566748,"lon":-105.109428,"city":"Littleton","state":"CO","address":"8234 S Kipling Pkwy.","name":""},
  {"lat":39.549638,"lon":-104.999791,"city":"Highlands Ranch","state":"CO","address":"900 Sgt Jon Stiles Dr","name":""},
  {"lat":39.412262,"lon":-104.874582,"city":"Castle Rock","state":"CO","address":"1346 New Beale Street","name":""},
  {"lat":39.928333,"lon":-105.140926,"city":"Broomfield","state":"CO","address":"2300 Coalton Rd","name":""},
  {"lat":39.736091,"lon":-105.155546,"city":"Lakewood","state":"CO","address":"14005 W Colfax Drive","name":""},
  {"lat":39.954769,"lon":-104.986394,"city":"Thornton","state":"CO","address":"14255 Lincoln Street","name":""},
  {"lat":39.513319,"lon":-104.773187,"city":"Parker","state":"CO","address":"11140 S Twenty Mile Road","name":""},
  {"lat":39.78694,"lon":-104.882268,"city":"Denver","state":"CO","address":"4952 Central Park Blvd","name":""},
  {"lat":39.557298,"lon":-104.776297,"city":"Parker","state":"CO","address":"18424 Cottonwood Drive","name":""},
  {"lat":39.704104,"lon":-104.915957,"city":"Denver","state":"CO","address":"6240 Leetsdale Drive","name":""},
  {"lat":39.566932,"lon":-104.903891,"city":"Centennial","state":"CO","address":"8260 South Quebec St","name":""},
  {"lat":38.796907,"lon":-97.613751,"city":"Salina","state":"KS","address":"2420 South 9th St","name":""},
  {"lat":38.895173,"lon":-99.318436,"city":"Hays","state":"KS","address":"3505 Vine St","name":""},
  {"lat":38.405246,"lon":-96.197764,"city":"Emporia","state":"KS","address":"1400 W 6th Ave.","name":""},
  {"lat":37.985469,"lon":-100.833705,"city":"Garden City","state":"KS","address":"3112 East Kansas Ave.","name":""},
  {"lat":38.943184,"lon":-95.259833,"city":"Lawrence","state":"KS","address":"2030 W 23rd Street","name":""},
  {"lat":39.022209,"lon":-96.818311,"city":"Junction City","state":"KS","address":"802 E Chestnut St","name":""},
  {"lat":41.135101,"lon":-96.02545,"city":"Papillion","state":"NE","address":"11674 S. 73rd St","name":""},
  {"lat":40.929878,"lon":-98.382556,"city":"Grand Island","state":"NE","address":"1140 Allen Drive","name":""},
  {"lat":41.224071,"lon":-95.837671,"city":"Council Bluffs","state":"IA","address":"3607 Metro Dr.","name":""},
  {"lat":41.289921,"lon":-96.177931,"city":"Omaha","state":"NE","address":"3465 N 168th Ct","name":""},
  {"lat":41.204691,"lon":-96.126814,"city":"Omaha","state":"NE","address":"5210 S. 136th St (136th & Q)","name":""},
  {"lat":41.231453,"lon":-96.196832,"city":"Omaha","state":"NE","address":"2920 S 180th St","name":""},
  {"lat":41.297573,"lon":-96.024706,"city":"Omaha","state":"NE","address":"7201 Military Ave.","name":""},
  {"lat":41.258717,"lon":-96.02793,"city":"Omaha","state":"NE","address":"7419 Dodge St","name":""},
  {"lat":33.305912,"lon":-111.786877,"city":"Gilbert","state":"AZ","address":"129 E Williams Field Road","name":""},
  {"lat":33.298106,"lon":-111.900246,"city":"Chandler","state":"AZ","address":"3476 W Frye Rd.","name":""},
  {"lat":33.180984,"lon":-111.582943,"city":"San Tan Valley","state":"AZ","address":"1746 W Hunt Hwy","name":""},
  {"lat":33.349661,"lon":-111.910163,"city":"Tempe","state":"AZ","address":"1818 E Elliot Rd","name":""},
  {"lat":33.390885,"lon":-111.683202,"city":"Mesa","state":"AZ","address":"6846 E Hampton Ave","name":""},
  {"lat":33.0742,"lon":-112.042384,"city":"Maricopa","state":"AZ","address":"21467 N John Wayne Parkway","name":""},
  {"lat":32.698113,"lon":-114.602147,"city":"Yuma","state":"AZ","address":"1785 E 16th Street","name":""},
  {"lat":33.84359,"lon":-112.13202,"city":"Anthem","state":"AZ","address":"39520 N Daisy Mountain","name":""},
  {"lat":33.374891,"lon":-111.84186,"city":"Gilbert","state":"AZ","address":"1405 North Arizona Ave","name":""},
  {"lat":33.711384,"lon":-112.26993,"city":"Peoria","state":"AZ","address":"9790 W Happy Valley Road","name":""},
  {"lat":33.510191,"lon":-112.340288,"city":"Litchfield Park","state":"AZ","address":"5125 North Dysart Road","name":""},
  {"lat":33.655663,"lon":-111.927198,"city":"Phoenix","state":"AZ","address":"7000 East Mayo Blvd #5","name":""},
  {"lat":40.199296,"lon":-105.102005,"city":"Longmont","state":"CO","address":"2250 Main St.","name":""},
  {"lat":40.406807,"lon":-105.027821,"city":"Loveland","state":"CO","address":"3479 Mountain Lion Dr","name":""},
  {"lat":40.519956,"lon":-104.991026,"city":"Timnath","state":"CO","address":"4805 Weitzel St.","name":""},
  {"lat":40.455413,"lon":-105.078164,"city":"Loveland","state":"CO","address":"155 W 64th St.","name":""},
  {"lat":40.397753,"lon":-104.756788,"city":"Greeley","state":"CO","address":"4735 W 25th St.","name":""},
  {"lat":41.309035,"lon":-105.553803,"city":"Laramie","state":"WY","address":"3225 E. Grand Ave","name":""},
  {"lat":40.572644,"lon":-105.084025,"city":"Fort Collins","state":"CO","address":"1101 Center Ave Mall","name":""},
  {"lat":36.066573,"lon":-95.77809,"city":"Broken Arrow","state":"OK","address":"1151 E Hillside Dr","name":""},
  {"lat":36.290694,"lon":-95.84072,"city":"Owasso","state":"OK","address":"9053 N 121st East Ave.","name":""},
  {"lat":36.013558,"lon":-95.885976,"city":"Bixby","state":"OK","address":"10305 S Memorial Dr","name":""},
  {"lat":36.046036,"lon":-96.004949,"city":"Tulsa","state":"OK","address":"8112 S Olympia Ave","name":""},
  {"lat":36.164637,"lon":-95.760719,"city":"Catoosa","state":"OK","address":"19341 Haynes Rd.","name":""},
  {"lat":38.362178,"lon":-98.779916,"city":"Great Bend","state":"KS","address":"3008 10th St","name":""},
  {"lat":37.060196,"lon":-100.923093,"city":"Liberal","state":"KS","address":"1980 N Kansas Ave","name":""},
  {"lat":36.672091,"lon":-93.227433,"city":"Branson","state":"MO","address":"1185 Branson Hills Pkwy","name":""},
  {"lat":37.133151,"lon":-93.299266,"city":"Springfield","state":"MO","address":"615 W El Camino Alto St.","name":""},
  {"lat":36.335647,"lon":-94.180453,"city":"Rogers","state":"AR","address":"4507 W Walnut St.","name":""},
  {"lat":36.07811,"lon":-94.20887,"city":"Fayetteville","state":"AR","address":"1049 N Salem Road","name":""},
  {"lat":37.14471,"lon":-93.256359,"city":"Springfield","state":"MO","address":"3757 S. Glenstone","name":""},
  {"lat":33.135081,"lon":-117.120156,"city":"San Marcos","state":"CA","address":"767 Center Dr","name":""},
  {"lat":36.176013,"lon":-94.202147,"city":"Springdale","state":"AR","address":"6800 W Sunset","name":""},
  {"lat":37.004023,"lon":-93.22596,"city":"Ozark","state":"MO","address":"1915 W Marler Ln","name":""},
  {"lat":37.238136,"lon":-93.261565,"city":"Springfield","state":"MO","address":"2305 N Glenstone Ave","name":""},
  {"lat":38.580691,"lon":-92.205645,"city":"Jefferson City","state":"MO","address":"2103 Missouri Blvd Ste A","name":""},
  {"lat":38.709023,"lon":-93.267753,"city":"Sedalia","state":"MO","address":"3171 W. Broadway","name":""},
  {"lat":38.948154,"lon":-92.295286,"city":"Columbia","state":"MO","address":"100 Brickton Rd Suite 110","name":""},
  {"lat":38.754944,"lon":-90.586788,"city":"St. Peters","state":"MO","address":"1365 Jungermann Rd","name":""},
  {"lat":38.747327,"lon":-90.635779,"city":"Cottleville","state":"MO","address":"6031 Mid Rivers Mall Dr","name":""},
  {"lat":37.822009,"lon":-92.146367,"city":"St. Robert","state":"MO","address":"180 Old Rte 66","name":""},
  {"lat":38.003411,"lon":-87.492854,"city":"Evansville","state":"IN","address":"2848 North Green River Road","name":""},
  {"lat":38.770189,"lon":-90.700641,"city":"O'Fallon","state":"MO","address":"2675 Hwy K","name":""},
  {"lat":37.724765,"lon":-87.12294,"city":"Owensboro","state":"KY","address":"4641 Frederica St","name":""},
  {"lat":38.792012,"lon":-90.563884,"city":"St. Peters","state":"MO","address":"3889 Veterans Memorial Pkwy","name":""},
  {"lat":37.74295,"lon":-88.965752,"city":"Marion","state":"IL","address":"2700 West Deyoung St #1","name":""},
  {"lat":37.731005,"lon":-89.185136,"city":"Carbondale","state":"IL","address":"500 N Giant City Rd.","name":""},
  {"lat":37.974735,"lon":-87.642196,"city":"Evansville","state":"IN","address":"5501 Pearl Dr","name":""},
  {"lat":38.90704,"lon":-92.33393,"city":"Columbia","state":"MO","address":"3922 South Providence Rd","name":""},
  {"lat":36.82706,"lon":-87.472044,"city":"Hopkinsville","state":"KY","address":"120 Clinic Dr","name":""},
  {"lat":35.690526,"lon":-88.856714,"city":"Jackson","state":"TN","address":"2841 Hwy 45","name":""},
  {"lat":37.078321,"lon":-88.683313,"city":"Paducah","state":"KY","address":"5005 Hinkleville Rd","name":""},
  {"lat":38.800878,"lon":-90.315555,"city":"Florissant","state":"MO","address":"1955 N Hwy 67","name":""},
  {"lat":38.026775,"lon":-84.409162,"city":"Lexington","state":"KY","address":"2500 Polo Club Blvd.","name":""},
  {"lat":39.200969,"lon":-85.965057,"city":"Columbus","state":"IN","address":"3660 Jonathan Moore Pike","name":""},
  {"lat":39.504786,"lon":-86.070204,"city":"Franklin","state":"IN","address":"2306 N Morton Street","name":""},
  {"lat":38.957326,"lon":-85.85682,"city":"Seymour","state":"IN","address":"1940 East Tipton St","name":""},
  {"lat":39.163519,"lon":-86.576545,"city":"Bloomington","state":"IN","address":"3307 West 3rd St","name":""},
  {"lat":38.008475,"lon":-84.518409,"city":"Lexington","state":"KY","address":"2217 Nicholasville Rd","name":""},
  {"lat":38.592197,"lon":-90.576602,"city":"Ellisville","state":"MO","address":"15676 Manchester Rd","name":""},
  {"lat":39.063323,"lon":-104.849065,"city":"Monument","state":"CO","address":"15778 Jackson Creek Pkwy","name":""},
  {"lat":38.910412,"lon":-104.718142,"city":"Colorado Springs","state":"CO","address":"5825 Stetson Hills Blvd Ste 150","name":""},
  {"lat":38.991655,"lon":-104.805724,"city":"Colorado Springs","state":"CO","address":"1264 Interquest Pkwy","name":""},
  {"lat":30.165368,"lon":-81.748064,"city":"Orange Park","state":"FL","address":"386 Blanding Boulevard","name":""},
  {"lat":30.263459,"lon":-81.529257,"city":"Jacksonville","state":"FL","address":"4458 Town Center Pkwy.","name":""},
  {"lat":38.768344,"lon":-104.784228,"city":"Colorado Springs","state":"CO","address":"4445 Venetucci Blvd.","name":""},
  {"lat":30.674232,"lon":-96.337937,"city":"Bryan","state":"TX","address":"930 N Earl Rudder Fwy","name":""},
  {"lat":31.101317,"lon":-97.804888,"city":"Killeen","state":"TX","address":"3811 S Clear Creek Road","name":""},
  {"lat":31.06548,"lon":-97.666189,"city":"Harker Heights","state":"TX","address":"490 East FM 2410","name":""},
  {"lat":31.481876,"lon":-97.208728,"city":"Waco","state":"TX","address":"1515 Hewitt Drive","name":""},
  {"lat":31.546338,"lon":-97.126074,"city":"Waco","state":"TX","address":"817 S. Jack Kultgen Expy","name":""},
  {"lat":31.118422,"lon":-97.417202,"city":"Temple","state":"TX","address":"7036 W Adams Ave","name":""},
  {"lat":32.717231,"lon":-96.32483,"city":"Terrell","state":"TX","address":"1370 FM 148","name":""},
  {"lat":30.556677,"lon":-96.262497,"city":"College Station","state":"TX","address":"913 William D Fitch Pkwy Ste 100","name":""},
  {"lat":36.13385,"lon":-97.061816,"city":"Stillwater","state":"OK","address":"1015 N Boomer Rd","name":""},
  {"lat":35.770294,"lon":-95.36758,"city":"Muskogee","state":"OK","address":"530 W Shawnee St","name":""},
  {"lat":34.623826,"lon":-98.480516,"city":"Lawton","state":"OK","address":"7201 NW Cache Road","name":""},
  {"lat":34.180478,"lon":-97.166715,"city":"Ardmore","state":"OK","address":"401 Holiday Dr","name":""},
  {"lat":34.007579,"lon":-96.399438,"city":"Durant","state":"OK","address":"1051 Westside Dr","name":""},
  {"lat":33.871975,"lon":-98.545001,"city":"Wichita Falls","state":"TX","address":"4002 Call Field Rd","name":""},
  {"lat":29.784406,"lon":-95.791418,"city":"Katy","state":"TX","address":"24433 Katy Fwy Suite 100","name":""},
  {"lat":30.049025,"lon":-95.430025,"city":"Spring","state":"TX","address":"19370 N Freeway Service Rd","name":""},
  {"lat":30.218984,"lon":-95.567532,"city":"Magnolia","state":"TX","address":"32910 F.M. 2978","name":""},
  {"lat":29.92228,"lon":-95.60304,"city":"Houston","state":"TX","address":"12407 FM1960 W","name":""},
  {"lat":29.561625,"lon":-95.694888,"city":"Richmond","state":"TX","address":"20450 Southwest Freeway","name":""},
  {"lat":29.780664,"lon":-95.606915,"city":"Houston","state":"TX","address":"1111 Dairy Ashford Rd.","name":""},
  {"lat":29.82082,"lon":-94.896537,"city":"Baytown","state":"TX","address":"10520 I-10 E Service Road","name":""},
  {"lat":30.079077,"lon":-95.517956,"city":"Spring","state":"TX","address":"21420 Kuykendahl Rd","name":""},
  {"lat":29.641529,"lon":-95.157909,"city":"Pasadena","state":"TX","address":"4637 E Sam Houston Pkwy S","name":""},
  {"lat":29.559552,"lon":-95.260261,"city":"Pearland","state":"TX","address":"2620 Pearland Pkwy","name":""},
  {"lat":29.469385,"lon":-95.094615,"city":"League City","state":"TX","address":"2795 Gulf Freeway S","name":""},
  {"lat":29.695875,"lon":-95.841771,"city":"Richmond","state":"TX","address":"26806 FM 1093","name":""},
  {"lat":30.051594,"lon":-95.181885,"city":"Kingwood","state":"TX","address":"4519 Kingwood Drive","name":""},
  {"lat":30.130376,"lon":-95.233684,"city":"New Caney","state":"TX","address":"12007 N Grand Pkwy E.","name":""},
  {"lat":29.790865,"lon":-95.719349,"city":"Katy","state":"TX","address":"1705-B Fry Rd.","name":""},
  {"lat":29.811555,"lon":-95.164753,"city":"Houston","state":"TX","address":"6125 East Sam Houston Pkwy North Ste A","name":""},
  {"lat":30.709653,"lon":-95.565317,"city":"Huntsville","state":"TX","address":"231 IH 45 South","name":""},
  {"lat":35.173529,"lon":-106.578805,"city":"Albuquerque","state":"NM","address":"6240 Paseo Del Norte N.E.","name":""},
  {"lat":35.204798,"lon":-106.647626,"city":"Albuquerque","state":"NM","address":"10701 Corrales Road NW Suite A-1","name":""},
  {"lat":35.072389,"lon":-106.534398,"city":"Albuquerque","state":"NM","address":"10201 Central Ave NE","name":""},
  {"lat":36.765536,"lon":-108.152566,"city":"Farmington","state":"NM","address":"4530 E Main Street","name":""},
  {"lat":36.013784,"lon":-106.065143,"city":"Espanola","state":"NM","address":"1408 N Riverside Dr","name":""},
  {"lat":35.081951,"lon":-106.711417,"city":"Albuquerque","state":"NM","address":"131 Coors Blvd. NW","name":""},
  {"lat":35.080782,"lon":-106.617384,"city":"Albuquerque","state":"NM","address":"2550 Central Ave SE Suite 200","name":""},
  {"lat":32.314012,"lon":-106.742377,"city":"Las Cruces","state":"NM","address":"601 South Telshor Blvd","name":""},
  {"lat":31.758775,"lon":-106.270556,"city":"El Paso","state":"TX","address":"1860 N Zaragoza Rd","name":""},
  {"lat":31.883984,"lon":-106.579991,"city":"El Paso","state":"TX","address":"6450 N Desert Blvd Bldg K","name":""},
  {"lat":32.879044,"lon":-97.098153,"city":"Euless","state":"TX","address":"2820 Highway 121","name":""},
  {"lat":32.93505,"lon":-97.219699,"city":"Keller","state":"TX","address":"1471 Keller Parkway","name":""},
  {"lat":33.074255,"lon":-97.077703,"city":"Highland Village","state":"TX","address":"3040 Justin Road","name":""},
  {"lat":33.010563,"lon":-96.583809,"city":"Wylie","state":"TX","address":"2814 W. FM 544","name":""},
  {"lat":33.152542,"lon":-96.73046,"city":"McKinney","state":"TX","address":"8850 W Stacy Rd","name":""},
  {"lat":35.953668,"lon":-78.990975,"city":"Durham","state":"NC","address":"3303 Watkins Rd","name":""},
  {"lat":36.032922,"lon":-79.957238,"city":"High Point","state":"NC","address":"4106 Brian Jordan Pl","name":""},
  {"lat":36.068574,"lon":-79.513774,"city":"Burlington","state":"NC","address":"1421 Boone Station Dr","name":""},
  {"lat":35.127408,"lon":-78.879708,"city":"Fayetteville","state":"NC","address":"4825 Ramsey St","name":""},
  {"lat":35.37434,"lon":-80.725058,"city":"Concord","state":"NC","address":"8475 Pit Stop Court NW","name":""},
  {"lat":35.664555,"lon":-78.845187,"city":"Holly Springs","state":"NC","address":"221 Grand Hill Place","name":""},
  {"lat":36.102339,"lon":-79.822999,"city":"Greensboro","state":"NC","address":"2322 Battleground Avenue","name":""},
  {"lat":34.977104,"lon":-80.981944,"city":"Rock Hill","state":"SC","address":"249 Harwich St","name":""},
  {"lat":36.041378,"lon":-78.898986,"city":"Durham","state":"NC","address":"3812 N Roxboro St","name":""},
  {"lat":34.997466,"lon":-80.854613,"city":"Indian Land","state":"SC","address":"9612 Red Stone Dr","name":""},
  {"lat":35.966026,"lon":-78.543703,"city":"Wake Forest","state":"NC","address":"11708 Retail Drive","name":""},
  {"lat":35.326467,"lon":-80.943884,"city":"Charlotte","state":"NC","address":"3811 Corning Place","name":""},
  {"lat":35.960068,"lon":-77.822617,"city":"Rocky Mount","state":"NC","address":"980 Tarrytown Center","name":""},
  {"lat":33.423715,"lon":-84.185897,"city":"McDonough","state":"GA","address":"1410 Hwy 20 West","name":""},
  {"lat":33.914779,"lon":-83.448557,"city":"Athens","state":"GA","address":"2050 Oconee Connector","name":""},
  {"lat":33.634736,"lon":-84.014883,"city":"Conyers","state":"GA","address":"2121 Hwy 20 SE","name":""},
  {"lat":34.020879,"lon":-84.122012,"city":"Duluth","state":"GA","address":"2230 Peachtree Industrial Blvd","name":""},
  {"lat":33.87941,"lon":-84.011303,"city":"Snellville","state":"GA","address":"1770 Scenic Highway N.","name":""},
  {"lat":34.173532,"lon":-84.777381,"city":"Cartersville","state":"GA","address":"120 Main Street Marketplace","name":""},
  {"lat":33.996495,"lon":-84.590296,"city":"Kennesaw","state":"GA","address":"1360 Earnest Barrett Pkwy","name":""},
  {"lat":33.951457,"lon":-84.662747,"city":"Marietta","state":"GA","address":"3705 Dallas Hwy SW","name":""},
  {"lat":34.349548,"lon":-84.047473,"city":"Dawsonville","state":"GA","address":"254 Crossroads Blvd.","name":""},
  {"lat":33.473786,"lon":-84.441001,"city":"Fayetteville","state":"GA","address":"1215 Highway 85 North","name":""},
  {"lat":33.378193,"lon":-84.754823,"city":"Newnan","state":"GA","address":"1456 Newnan Crossing Blvd E","name":""},
  {"lat":34.016221,"lon":-84.492372,"city":"Marietta","state":"GA","address":"2716 Sandy Plains Rd","name":""},
  {"lat":36.944653,"lon":-86.421853,"city":"Bowling Green","state":"KY","address":"2940 Scottsville Rd","name":""},
  {"lat":37.006724,"lon":-85.924875,"city":"Glasgow","state":"KY","address":"306 NL Rogers Wells Blvd","name":""},
  {"lat":36.563591,"lon":-87.312543,"city":"Clarksville","state":"TN","address":"2100 Wilma Rudolph Blvd","name":""},
  {"lat":39.483736,"lon":-88.334521,"city":"Mattoon","state":"IL","address":"917 E Charleston Ave","name":""},
  {"lat":39.802444,"lon":-89.605563,"city":"Springfield","state":"IL","address":"3205 E Clear Lake Ave","name":""},
  {"lat":39.755953,"lon":-89.72424,"city":"Springfield","state":"IL","address":"3784 Wabash Avenue","name":""},
  {"lat":40.142459,"lon":-88.250111,"city":"Champaign","state":"IL","address":"420 W Towncenter Blvd","name":""},
  {"lat":38.863266,"lon":-77.291291,"city":"Fairfax","state":"VA","address":"10030 Fairfax Blvd","name":""},
  {"lat":38.343262,"lon":-77.49435,"city":"Fredericksburg","state":"VA","address":"28 S Gateway Dr","name":""},
  {"lat":38.298421,"lon":-77.483828,"city":"Fredericksburg","state":"VA","address":"1611 Emancipation Highway","name":""},
  {"lat":44.74723,"lon":-93.378609,"city":"Savage","state":"MN","address":"14165 Hwy 13 S.","name":""},
  {"lat":45.09235,"lon":-93.426321,"city":"Maple Grove","state":"MN","address":"11600 Fountains Drive","name":""},
  {"lat":44.716073,"lon":-93.175916,"city":"Lakeville","state":"MN","address":"16076 Pilot Knob Rd.","name":""},
  {"lat":45.13462,"lon":-93.357006,"city":"Brooklyn Park","state":"MN","address":"9901 Xenia Avenue North","name":""},
  {"lat":45.553017,"lon":-94.208919,"city":"St. Cloud","state":"MN","address":"4100 W Division St., Ste 400","name":""},
  {"lat":45.193353,"lon":-93.553586,"city":"Rogers","state":"MN","address":"13145 Main Street","name":""},
  {"lat":39.967587,"lon":-75.360106,"city":"Broomall","state":"PA","address":"2084 Sproul Road","name":""},
  {"lat":39.905991,"lon":-75.56838,"city":"West Chester","state":"PA","address":"1302 Wilmington Pike","name":""},
  {"lat":40.054877,"lon":-75.66347,"city":"Exton","state":"PA","address":"221 Eagleview Blvd.","name":""},
  {"lat":39.879177,"lon":-75.396767,"city":"Brookhaven","state":"PA","address":"5051 Edgmont Ave","name":""},
  {"lat":34.825388,"lon":-82.544834,"city":"Easley","state":"SC","address":"4845 Calhoun Memorial Hwy","name":""},
  {"lat":38.97165,"lon":-94.774357,"city":"Lenexa","state":"KS","address":"16300 W 87th St","name":""},
  {"lat":39.768274,"lon":-94.80422,"city":"St. Joseph","state":"MO","address":"228 N Belt Highway","name":""},
  {"lat":38.582192,"lon":-95.267179,"city":"Ottawa","state":"KS","address":"2121 S. Princeton","name":""},
  {"lat":34.78979,"lon":-92.219093,"city":"North Little Rock","state":"AR","address":"4305 E McCain Blvd","name":""},
  {"lat":34.748749,"lon":-92.408069,"city":"Little Rock","state":"AR","address":"610 S Bowman Rd","name":""},
  {"lat":35.351489,"lon":-94.3468,"city":"Fort Smith","state":"AR","address":"7719 Rogers Avenue","name":""},
  {"lat":34.604587,"lon":-92.540668,"city":"Benton","state":"AR","address":"20240 Interstate 30 N","name":""},
  {"lat":35.09209,"lon":-92.419243,"city":"Conway","state":"AR","address":"820 E Oak St","name":""},
  {"lat":35.4647,"lon":-94.356051,"city":"Van Buren","state":"AR","address":"1906 Fayetteville Rd.","name":""},
  {"lat":34.45624,"lon":-93.062589,"city":"Hot Springs","state":"AR","address":"102 Buena Vista Rd","name":""},
  {"lat":36.181399,"lon":-94.507677,"city":"Siloam Springs","state":"AR","address":"3511 Hwy 412 East","name":""},
  {"lat":35.819025,"lon":-90.677452,"city":"Jonesboro","state":"AR","address":"2104 S Caraway Rd.","name":""},
  {"lat":32.265045,"lon":-95.30816,"city":"Tyler","state":"TX","address":"7707 S. Broadway","name":""},
  {"lat":30.390935,"lon":-91.061438,"city":"Baton Rouge","state":"LA","address":"6464 Siegen Lane","name":""},
  {"lat":30.157617,"lon":-92.046494,"city":"Lafayette","state":"LA","address":"2507 Kaliste Saloom Rd","name":""},
  {"lat":30.212864,"lon":-92.046092,"city":"Lafayette","state":"LA","address":"521 Bertrand Dr.","name":""},
  {"lat":30.439612,"lon":-91.025198,"city":"Baton Rouge","state":"LA","address":"13636 Millerville Greens Blvd.","name":""},
  {"lat":30.283296,"lon":-90.955134,"city":"Gonzales","state":"LA","address":"14659 Airline Hwy","name":""},
  {"lat":42.034121,"lon":-91.682067,"city":"Cedar Rapids","state":"IA","address":"2745 Blairs Ferry Rd NE","name":""},
  {"lat":42.468431,"lon":-92.32351,"city":"Waterloo","state":"IA","address":"2046 Sovia Drive","name":""},
  {"lat":41.952874,"lon":-91.716678,"city":"Cedar Rapids","state":"IA","address":"2460 Edgewood Road SW Ste 100 (Westdale Mall)","name":""},
  {"lat":42.022632,"lon":-93.64919,"city":"Ames","state":"IA","address":"2420 Lincoln Way Ste 102","name":""},
  {"lat":42.520299,"lon":-90.74088,"city":"Dubuque","state":"IA","address":"2589 NW Arterial","name":""},
  {"lat":41.560508,"lon":-90.583608,"city":"Davenport","state":"IA","address":"916 W Kimberly Rd","name":""},
  {"lat":41.667774,"lon":-91.561599,"city":"Coralville","state":"IA","address":"61 2nd St.","name":""},
  {"lat":40.785248,"lon":-96.654541,"city":"Lincoln","state":"NE","address":"2711 S 48th St","name":""},
  {"lat":40.726154,"lon":-96.676718,"city":"Lincoln","state":"NE","address":"8510 S. 30th","name":""},
  {"lat":40.684168,"lon":-99.086574,"city":"Kearney","state":"NE","address":"1010 3rd Ave, Ste G","name":""},
  {"lat":40.844425,"lon":-96.681647,"city":"Lincoln","state":"NE","address":"3220 N 27th St","name":""},
  {"lat":40.813142,"lon":-96.642307,"city":"Lincoln","state":"NE","address":"5717 O St.","name":""},
  {"lat":40.618602,"lon":-98.381873,"city":"Hastings","state":"NE","address":"3204 Osborne Drive East","name":""},
  {"lat":41.43918,"lon":-97.371957,"city":"Columbus","state":"NE","address":"3606 23rd St.","name":""},
  {"lat":46.90987,"lon":-114.036727,"city":"Missoula","state":"MT","address":"4855 N. Reserve","name":""},
  {"lat":35.147685,"lon":-89.796024,"city":"Cordova","state":"TN","address":"825 N Germantown Pkwy","name":""},
  {"lat":34.965111,"lon":-89.845751,"city":"Olive Branch","state":"MS","address":"8115 Camp Creek Rd.","name":""},
  {"lat":35.045781,"lon":-89.690765,"city":"Collierville","state":"TN","address":"849 W Poplar Avenue","name":""},
  {"lat":34.964227,"lon":-90.003242,"city":"Horn Lake","state":"MS","address":"7160 Interstate Blvd.","name":""},
  {"lat":35.205915,"lon":-89.837206,"city":"Bartlett","state":"TN","address":"6780 Stage Rd","name":""},
  {"lat":35.115971,"lon":-89.905437,"city":"Memphis","state":"TN","address":"4700 Poplar Ave.","name":""},
  {"lat":43.032,"lon":-85.627548,"city":"Grand Rapids","state":"MI","address":"3777 Plainfield Ave. NE","name":""},
  {"lat":42.972878,"lon":-85.785525,"city":"Grand Rapids","state":"MI","address":"25 Lake Michigan Dr","name":""},
  {"lat":42.912404,"lon":-85.519501,"city":"Grand Rapids","state":"MI","address":"6006 28th St SE","name":""},
  {"lat":33.408057,"lon":-86.665748,"city":"Birmingham","state":"AL","address":"301 Doug Baker Blvd.","name":""},
  {"lat":33.197498,"lon":-87.532071,"city":"Tuscaloosa","state":"AL","address":"315 15th St. E","name":""},
  {"lat":33.358399,"lon":-86.854148,"city":"Hoover","state":"AL","address":"5634 Grove Blvd","name":""},
  {"lat":33.609225,"lon":-86.629517,"city":"Birmingham","state":"AL","address":"3720 Mary Taylor Road","name":""},
  {"lat":32.549288,"lon":-83.68995,"city":"Kathleen","state":"GA","address":"678 Lake Joy Rd.","name":""},
  {"lat":32.8813,"lon":-83.766678,"city":"Macon","state":"GA","address":"6239 Zebulon Road","name":""},
  {"lat":39.110871,"lon":-108.541725,"city":"Grand Junction","state":"CO","address":"737 Horizon Dr","name":""},
  {"lat":39.083354,"lon":-108.592442,"city":"Grand Junction","state":"CO","address":"2489 Hwy 6 and 50","name":""},
  {"lat":38.464472,"lon":-107.86674,"city":"Montrose","state":"CO","address":"2018 South Townsend Ave","name":""},
  {"lat":37.226971,"lon":-107.86118,"city":"Durango","state":"CO","address":"1250 Escalante Drive","name":""},
  {"lat":40.000899,"lon":-86.114542,"city":"Carmel","state":"IN","address":"2740 E 146th St.","name":""},
  {"lat":39.637156,"lon":-86.079282,"city":"Indianapolis","state":"IN","address":"5235 Noggle Way","name":""},
  {"lat":39.928009,"lon":-86.229883,"city":"Carmel","state":"IN","address":"9703 N Michigan Road","name":""},
  {"lat":39.80194,"lon":-86.2737,"city":"Speedway","state":"IN","address":"2525 Founders Square Dr","name":""},
  {"lat":34.139885,"lon":-80.952609,"city":"Columbia","state":"SC","address":"457 Killian Rd","name":""},
  {"lat":34.005077,"lon":-81.118853,"city":"West Columbia","state":"SC","address":"2879 Sunset Blvd","name":""},
  {"lat":34.122537,"lon":-81.213089,"city":"Irmo","state":"SC","address":"10611 Broad River Rd","name":""},
  {"lat":34.156392,"lon":-79.751094,"city":"Florence","state":"SC","address":"1104 Pamplico Hwy","name":""},
  {"lat":34.797755,"lon":-77.413851,"city":"Jacksonville","state":"NC","address":"4133 Western Blvd","name":""},
  {"lat":36.872344,"lon":-76.422887,"city":"Suffolk","state":"VA","address":"1007 University Blvd","name":""},
  {"lat":35.767723,"lon":-91.641401,"city":"Batesville","state":"AR","address":"1190 South Saint Louis Street","name":""},
  {"lat":35.251096,"lon":-91.701335,"city":"Searcy","state":"AR","address":"2812 E Race Ave.","name":""},
  {"lat":40.262881,"lon":-75.32167,"city":"Towamencin","state":"PA","address":"220 Forty Foot Road","name":""},
  {"lat":33.521727,"lon":-101.957698,"city":"Lubbock","state":"TX","address":"7732 Milwaukee Ave.","name":""},
  {"lat":33.578351,"lon":-101.951323,"city":"Lubbock","state":"TX","address":"6208 19th Street","name":""},
  {"lat":35.150558,"lon":-101.919541,"city":"Amarillo","state":"TX","address":"5225 South Coulter St","name":""},
  {"lat":31.437207,"lon":-100.49343,"city":"San Angelo","state":"TX","address":"2702 Southwest Blvd.","name":""},
  {"lat":40.552978,"lon":-81.49648,"city":"Dover","state":"OH","address":"3020 N Wooster Avenue","name":""},
  {"lat":40.983986,"lon":-81.491552,"city":"Akron","state":"OH","address":"863 Arlington Ridge E.","name":""},
  {"lat":39.980256,"lon":-82.017148,"city":"Zanesville","state":"OH","address":"3182 Maple Ave","name":""},
  {"lat":40.860929,"lon":-81.424228,"city":"Canton","state":"OH","address":"5441 Whipple Avenue NW","name":""},
  {"lat":43.826969,"lon":-111.777748,"city":"Rexburg","state":"ID","address":"42 North 2nd East","name":""},
  {"lat":43.607748,"lon":-116.355387,"city":"Meridian","state":"ID","address":"3180 East Lanark St","name":""},
  {"lat":43.596269,"lon":-116.513809,"city":"Nampa","state":"ID","address":"1305 North Happy Valley Rd","name":""},
  {"lat":43.4993,"lon":-111.999517,"city":"Idaho Falls","state":"ID","address":"355 North Woodruff Ave","name":""},
  {"lat":43.634323,"lon":-116.644872,"city":"Caldwell","state":"ID","address":"5009 Cleveland Blvd","name":""},
  {"lat":42.911773,"lon":-112.463768,"city":"Chubbuck","state":"ID","address":"210 Bullock St","name":""},
  {"lat":43.684611,"lon":-116.318763,"city":"Eagle","state":"ID","address":"2864 East State St","name":""},
  {"lat":43.584547,"lon":-116.193668,"city":"Boise","state":"ID","address":"2143 S. Broadway Avenue","name":""},
  {"lat":40.46798,"lon":-86.959142,"city":"West Lafayette","state":"IN","address":"2850 US Highway 52 West","name":""},
  {"lat":44.261277,"lon":-88.459881,"city":"Appleton","state":"WI","address":"3633 W College Ave","name":""},
  {"lat":34.747298,"lon":-86.767168,"city":"Madison","state":"AL","address":"1075 Balch Road","name":""},
  {"lat":40.618766,"lon":-74.251186,"city":"Linden","state":"NJ","address":"810 W Edgar Rd","name":""},
  {"lat":37.835999,"lon":-85.935395,"city":"Radcliff","state":"KY","address":"333 South Dixie Blvd","name":""},
  {"lat":37.996395,"lon":-85.707806,"city":"Sheperdsville","state":"KY","address":"450 Conestoga Parkway","name":""},
  {"lat":32.322628,"lon":-111.044615,"city":"Tucson","state":"AZ","address":"3725 West Orange Grove Rd","name":""},
  {"lat":32.220565,"lon":-110.839795,"city":"Tucson","state":"AZ","address":"7120 East Broadway Blvd.","name":""},
  {"lat":32.088967,"lon":-110.774804,"city":"Tucson","state":"AZ","address":"10205 East Old Vail Rd.","name":""},
  {"lat":32.408375,"lon":-110.944558,"city":"Oro Valley","state":"AZ","address":"11143 N Oracle Road","name":""},
  {"lat":33.608706,"lon":-112.362022,"city":"Surprise","state":"AZ","address":"14029 West Waddell Rd","name":""},
  {"lat":37.124805,"lon":-113.523325,"city":"St. George","state":"UT","address":"969 North 3050 East","name":""},
  {"lat":40.437818,"lon":-109.566363,"city":"Vernal","state":"UT","address":"2001 W. Highway 40","name":""},
  {"lat":41.243927,"lon":-111.974652,"city":"Ogden","state":"UT","address":"235 12th St","name":""},
  {"lat":40.712829,"lon":-112.022626,"city":"West Valley City","state":"UT","address":"5502 W High Market Drive","name":""},
  {"lat":40.619983,"lon":-111.910656,"city":"Midvale","state":"UT","address":"716 West Blue Vista Lane","name":""},
  {"lat":40.52787,"lon":-111.858209,"city":"Draper","state":"UT","address":"1146 E Draper Parkway","name":""},
  {"lat":30.6744,"lon":-87.851503,"city":"Spanish Fort","state":"AL","address":"30860 State Highway 181","name":""},
  {"lat":27.44364,"lon":-82.464635,"city":"Bradenton","state":"FL","address":"7376 52nd Place E","name":""},
  {"lat":29.152856,"lon":-82.181603,"city":"Ocala","state":"FL","address":"3558 SW College Road","name":""},
  {"lat":27.388004,"lon":-82.503044,"city":"Sarasota","state":"FL","address":"6224 N Lockwood Ridge Road","name":""},
  {"lat":30.529039,"lon":-87.274317,"city":"Pensacola","state":"FL","address":"9002 Pensacola Blvd.","name":""},
  {"lat":30.495574,"lon":-87.191961,"city":"Pensacola","state":"FL","address":"2670 Creighton Road","name":""},
  {"lat":39.051261,"lon":-84.251051,"city":"Amelia","state":"OH","address":"3792 Waterford Pkwy","name":""},
  {"lat":39.190559,"lon":-84.253579,"city":"Milford","state":"OH","address":"907 State Route 28","name":""},
  {"lat":39.235471,"lon":-84.509889,"city":"Cincinnati","state":"OH","address":"9301 Winton Rd","name":""},
  {"lat":39.659842,"lon":-84.109938,"city":"Centerville","state":"OH","address":"5501 Wilmington Pike","name":""},
  {"lat":39.146288,"lon":-84.405258,"city":"Cincinnati","state":"OH","address":"3939 Red Bank Rd","name":""},
  {"lat":39.368039,"lon":-84.370658,"city":"West Chester","state":"OH","address":"7615 Trailside Drive","name":""},
  {"lat":39.259448,"lon":-84.801998,"city":"Harrison","state":"OH","address":"10927 New Haven Rd.","name":""},
  {"lat":28.386882,"lon":-81.487666,"city":"Orlando","state":"FL","address":"8107 Vineland Ave.","name":""},
  {"lat":39.954202,"lon":-104.778378,"city":"Brighton","state":"CO","address":"2203 Prairie Center Pkwy","name":""},
  {"lat":39.573805,"lon":-104.990045,"city":"Littleton","state":"CO","address":"111 W Mineral Ave","name":""},
  {"lat":38.826803,"lon":-97.595475,"city":"Salina","state":"KS","address":"916 E Crawford St","name":""},
  {"lat":40.479083,"lon":-104.886278,"city":"Windsor","state":"CO","address":"435 E Main St","name":""},
  {"lat":38.824845,"lon":-90.873682,"city":"Wentzville","state":"MO","address":"1510 Wentzville Parkway","name":""},
  {"lat":33.842165,"lon":-83.907935,"city":"Loganville","state":"GA","address":"4218 US-78","name":""},
  {"lat":35.278226,"lon":-93.107736,"city":"Russellville","state":"AR","address":"2220 E Main St","name":""},
  {"lat":35.980559,"lon":-86.560562,"city":"Smyrna","state":"TN","address":"590 Sam Ridley Pkwy","name":""},
  {"lat":33.098752,"lon":-96.104561,"city":"Greenville","state":"TX","address":"7001 I-30 Frontage Rd","name":""},
  {"lat":34.5556,"lon":-87.000189,"city":"Decatur","state":"AL","address":"2804 Spring Ave SW","name":""},
  {"lat":32.958076,"lon":-80.160444,"city":"Summerville","state":"SC","address":"4540 Ladson Rd","name":""},
  {"lat":41.239034,"lon":-81.348351,"city":"Streetsboro","state":"OH","address":"1240 SR 303","name":""},
  {"lat":41.322547,"lon":-81.837077,"city":"Strongsville","state":"OH","address":"12380 Pearl Rd","name":""},
  {"lat":37.833885,"lon":-94.323097,"city":"Nevada","state":"MO","address":"305 S Johnson Drive","name":""},
  {"lat":35.385338,"lon":-119.11024,"city":"Bakersfield","state":"CA","address":"2649 Calloway Dr","name":""},
  {"lat":37.720036,"lon":-97.363534,"city":"Wichita","state":"KS","address":"2021 N Amidon Ave. Suite #100","name":""},
  {"lat":36.2395,"lon":-115.130282,"city":"North Las Vegas","state":"NV","address":"1025 E. Craig Rd","name":""},
  {"lat":37.732231,"lon":-84.281411,"city":"Richmond","state":"KY","address":"853 Eastern Bypass","name":""},
  {"lat":38.811367,"lon":-94.914425,"city":"Gardner","state":"KS","address":"632 E Main St.","name":""},
  {"lat":33.632697,"lon":-97.156058,"city":"Gainesville","state":"TX","address":"901 N I-35","name":""},
  {"lat":39.092439,"lon":-108.454125,"city":"Clifton","state":"CO","address":"3232 I-70 Business Loop","name":""},
  {"lat":36.812934,"lon":-76.06761,"city":"Virginia Beach","state":"VA","address":"796 Lynnhaven Pkwy","name":""},
  {"lat":34.978175,"lon":-92.028542,"city":"Cabot","state":"AR","address":"1200 W Main","name":""},
  {"lat":40.387973,"lon":-86.840633,"city":"Lafayette","state":"IN","address":"2800 S Creasy Ln","name":""},
  {"lat":30.815002,"lon":-88.100954,"city":"Saraland","state":"AL","address":"70 Shell Road","name":""},
  {"lat":38.243231,"lon":-85.511705,"city":"Middletown","state":"KY","address":"12929 Highway US-60","name":""},
  {"lat":46.839251,"lon":-96.862689,"city":"Fargo","state":"ND","address":"2635 45th St S","name":""},
  {"lat":33.2511,"lon":-111.562622,"city":"Queen Creek","state":"AZ","address":"41020 North Ironwood Dr","name":""},
  {"lat":30.075825,"lon":-95.628466,"city":"Tomball","state":"TX","address":"27645 Tomball Pkwy","name":""},
  {"lat":43.543209,"lon":-96.654834,"city":"Sioux Falls","state":"SD","address":"610 S Highline Pl","name":""},
  {"lat":33.608995,"lon":-86.280542,"city":"Pell City","state":"AL","address":"190 Vaughan Ln","name":""},
  {"lat":32.220731,"lon":-110.931185,"city":"Tucson","state":"AZ","address":"2744 E Broadway Blvd","name":""},
  {"lat":33.509962,"lon":-112.238206,"city":"Glendale","state":"AZ","address":"5052 N 83rd Ave","name":""},
  {"lat":36.512817,"lon":-87.24193,"city":"Clarksville","state":"TN","address":"900 MLK Blvd","name":""},
  {"lat":35.164984,"lon":-79.422131,"city":"Southern Pines","state":"NC","address":"10757 US 15-501","name":""},
  {"lat":36.745534,"lon":-76.243927,"city":"Chesapeake","state":"VA","address":"721 N Battlefield Blvd","name":""},
  {"lat":33.282935,"lon":-86.850924,"city":"Helena","state":"AL","address":"2556 Helena Rd.","name":""},
  {"lat":41.688987,"lon":-93.770454,"city":"Grimes","state":"IA","address":"2151 E 1st Str","name":""},
  {"lat":43.509144,"lon":-96.771631,"city":"Sioux Falls","state":"SD","address":"4005 S. Louise Ave","name":""},
  {"lat":38.868427,"lon":-104.679053,"city":"Colorado Springs","state":"CO","address":"7578 Silicon Heights","name":""},
  {"lat":37.041428,"lon":-76.386568,"city":"Hampton","state":"VA","address":"1123 West Mercury Boulevard","name":""},
  {"lat":32.549071,"lon":-93.708734,"city":"Bossier City","state":"LA","address":"2578 Airline Dr","name":""},
  {"lat":33.974302,"lon":-81.224334,"city":"Lexington","state":"SC","address":"111 Swartz Rd.","name":""},
  {"lat":37.292898,"lon":-76.724009,"city":"Williamsburg","state":"VA","address":"1611 Richmond Rd.","name":""},
  {"lat":38.764992,"lon":-90.782089,"city":"Lake St. Louis","state":"MO","address":"1021 Southern Ridge Lane","name":""},
  {"lat":32.335566,"lon":-96.614405,"city":"Ennis","state":"TX","address":"1211 East Ennis Ave.","name":""},
  {"lat":38.881977,"lon":-94.602921,"city":"Kansas City","state":"MO","address":"13628 Washington Street","name":""},
  {"lat":33.940646,"lon":-83.75267,"city":"Bethlehem","state":"GA","address":"503 Carl-Bethlehem Road","name":""},
  {"lat":36.059815,"lon":-90.516442,"city":"Paragould","state":"AR","address":"2307 W Kings Highway","name":""},
  {"lat":33.843972,"lon":-87.249986,"city":"Jasper","state":"AL","address":"2059 E HWY 78","name":""},
  {"lat":39.292079,"lon":-84.295628,"city":"Loveland","state":"OH","address":"4047 W US-22/OH 3","name":""},
  {"lat":37.830291,"lon":-85.476595,"city":"Bardstown","state":"KY","address":"1125 Morton Ave.","name":""},
  {"lat":41.467225,"lon":-82.014518,"city":"Avon","state":"OH","address":"35815 Chester Rd","name":""},
  {"lat":38.524249,"lon":-90.032956,"city":"Belleville","state":"IL","address":"5570 Belleville Crossing St.","name":""},
  {"lat":35.881661,"lon":-83.572445,"city":"Sevierville","state":"TN","address":"760 Winfield Dunn Pkwy","name":""},
  {"lat":34.937465,"lon":-85.207215,"city":"Ft Oglethorpe","state":"GA","address":"3561 Battlefield Pkwy","name":""},
  {"lat":33.493531,"lon":-81.955476,"city":"North Augusta","state":"SC","address":"505 E. Martintown Rd.","name":""},
  {"lat":33.975888,"lon":-81.07553,"city":"West Columbia","state":"SC","address":"1309 Charleston Highway","name":""},
  {"lat":32.517538,"lon":-92.154665,"city":"West Monroe","state":"LA","address":"3112 Cypress St.","name":""},
  {"lat":39.754734,"lon":-84.052478,"city":"Beavercreek","state":"OH","address":"3227 Kemp Rd","name":""},
  {"lat":32.4505,"lon":-100.4427,"city":"Sweetwater","state":"TX","address":"9438 N I H 20","name":""},
  {"lat":27.612147,"lon":-99.464585,"city":"Laredo","state":"TX","address":"2604 Bob Bullock Loop 20","name":""},
  {"lat":26.167145,"lon":-98.009993,"city":"Weslaco","state":"TX","address":"716 E Hwy 2","name":""},
  {"lat":34.856152,"lon":-117.085518,"city":"Barstow","state":"CA","address":"2569 Commerce Pkwy","name":""},
  {"lat":27.884142,"lon":-97.317946,"city":"Portland","state":"TX","address":"1131 US-181 Frontage Rd","name":""},
  {"lat":41.125947,"lon":-100.762454,"city":"North Platte","state":"NE","address":"919 South Dewey","name":""},
  {"lat":71.299097,"lon":-156.753613,"city":"Barrow","state":"AK","address":"5422 North Star Street","name":""},
  {"lat":41.164706,"lon":-104.802984,"city":"Cheyenne","state":"WY","address":"1616 Prairie Avenue","name":""},
  {"lat":39.96292,"lon":-74.188627,"city":"Toms River","state":"NJ","address":"149 Route 37 East","name":""},
  {"lat":44.457473,"lon":-87.988232,"city":"Bellevue","state":"WI","address":"2415 Costco Way","name":""},
  {"lat":36.046029,"lon":-84.005733,"city":"Powell","state":"TN","address":"221 E Emory Rd Suite 101","name":""},
  {"lat":33.216004,"lon":-96.880181,"city":"Frisco","state":"TX","address":"16555 FM 423","name":""},
  {"lat":34.06926,"lon":-117.453151,"city":"Fontana","state":"CA","address":"10149 Citrus Ave","name":""},
  {"lat":31.312735,"lon":-94.71777,"city":"Lufkin","state":"TX","address":"4103 S. Medford Drive","name":""},
  {"lat":31.728827,"lon":-98.982194,"city":"Brownwood","state":"TX","address":"305 W Commerce","name":""},
  {"lat":38.155425,"lon":-85.58921,"city":"Louisville","state":"KY","address":"6209 Bardstown Rd","name":""},
  {"lat":30.395276,"lon":-87.683315,"city":"Foley","state":"AL","address":"1009 South Mckenzie St. Foley Al.","name":""},
  {"lat":33.451597,"lon":-112.271878,"city":"Tolleson","state":"AZ","address":"405 North 99th Ave","name":""},
  {"lat":33.439527,"lon":-112.425318,"city":"Goodyear","state":"AZ","address":"773 S. Cotton Ln","name":""},
  {"lat":32.536607,"lon":-97.335751,"city":"Burleson","state":"TX","address":"608 SW Wilshire Blvd","name":""},
  {"lat":38.942404,"lon":-104.608593,"city":"Falcon","state":"CO","address":"7575 Falcon Marketplace","name":""},
  {"lat":37.594791,"lon":-93.428886,"city":"Bolivar","state":"MO","address":"1725 W Durango","name":""},
  {"lat":39.303942,"lon":-84.525347,"city":"Fairfield","state":"OH","address":"601 Meijer Dr.","name":""},
  {"lat":41.420786,"lon":-82.208305,"city":"Lorain","state":"OH","address":"5301 N. Leavitt Rd","name":""},
  {"lat":40.19805,"lon":-75.525069,"city":"Royersford","state":"PA","address":"70 Buckwalter Road","name":""},
  {"lat":40.219823,"lon":-111.657097,"city":"Provo","state":"UT","address":"1025 S. University Ave","name":""},
  {"lat":31.638723,"lon":-94.653208,"city":"Nacogdoches","state":"TX","address":"3720 North St.","name":""},
  {"lat":33.622042,"lon":-83.838553,"city":"Covington","state":"GA","address":"12200 Town Center Drive","name":""},
  {"lat":32.438894,"lon":-97.766192,"city":"Granbury","state":"TX","address":"1430 E. US HWY 377","name":""},
  {"lat":35.931214,"lon":-84.010666,"city":"Knoxville","state":"TN","address":"6502 Kingston Pike","name":""},
  {"lat":38.568964,"lon":-90.476255,"city":"Valley Park","state":"MO","address":"2945 Dougherty Ferry Road","name":""},
  {"lat":40.669359,"lon":-89.582235,"city":"East Peoria","state":"IL","address":"134 Spinder Drive","name":""},
  {"lat":30.049793,"lon":-99.138416,"city":"Kerrville","state":"TX","address":"500 Sidney Baker St","name":""},
  {"lat":38.391261,"lon":-85.36542,"city":"La Grange","state":"KY","address":"1101 Julian Drive","name":""},
  {"lat":39.92565,"lon":-86.022652,"city":"Indianapolis","state":"IN","address":"8235 E 96th St Suite 110","name":""},
  {"lat":35.783175,"lon":-80.257876,"city":"Lexington","state":"NC","address":"81 Plaza Parkway","name":""},
  {"lat":30.789725,"lon":-81.654074,"city":"Kingsland","state":"GA","address":"1321 King Ave E","name":""},
  {"lat":28.808355,"lon":-96.981541,"city":"Victoria","state":"TX","address":"2111 Houston Hwy","name":""},
  {"lat":32.880016,"lon":-111.69934,"city":"Casa Grande","state":"AZ","address":"2038 E Florence Blvd","name":""},
  {"lat":27.952585,"lon":-81.619514,"city":"Lake Wales","state":"FL","address":"23525 US HWY 27","name":""},
  {"lat":41.574482,"lon":-90.505834,"city":"Davenport","state":"IA","address":"4521 E 53rd St","name":""},
  {"lat":33.179018,"lon":-96.523955,"city":"Princeton","state":"TX","address":"1251 W Princeton Dr.","name":""},
  {"lat":40.03009,"lon":-74.821539,"city":"Burlington","state":"NJ","address":"2325 Mt Holly Rd","name":""},
  {"lat":30.331894,"lon":-95.482246,"city":"Conroe","state":"TX","address":"1413 N Loop 336 W","name":""},
  {"lat":34.759411,"lon":-79.470202,"city":"Laurinburg","state":"NC","address":"1402 S Main Street","name":""},
  {"lat":39.013519,"lon":-84.637292,"city":"Florence","state":"KY","address":"95 Meijer Drive","name":""},
  {"lat":33.222641,"lon":-96.9681,"city":"Aubrey","state":"TX","address":"26561 East University St","name":""},
  {"lat":39.047802,"lon":-94.354846,"city":"Independence","state":"MO","address":"19007 E 39th St South","name":""},
  {"lat":33.934442,"lon":-117.557244,"city":"Norco","state":"CA","address":"3541 Hammer Avenue","name":""},
  {"lat":39.761234,"lon":-104.770086,"city":"Aurora","state":"CO","address":"18680 E. 32nd Parkway","name":""},
  {"lat":38.784943,"lon":-77.521268,"city":"Manassas","state":"VA","address":"8074 Ashton Avenue","name":""},
  {"lat":32.18392,"lon":-110.94991,"city":"Tucson","state":"AZ","address":"1385 East Tucson Marketplace Blvd","name":""},
  {"lat":38.508199,"lon":-90.441744,"city":"Fenton","state":"MO","address":"677 Gravois Bluffs Blvd","name":""},
  {"lat":39.875758,"lon":-83.040057,"city":"Grove City","state":"OH","address":"4264 Buckeye Pkwy","name":""},
  {"lat":42.448185,"lon":-96.329319,"city":"Sioux City","state":"IA","address":"5842 Sunnybrook Drive","name":""},
  {"lat":39.998973,"lon":-74.991937,"city":"Cinnaminson","state":"NJ","address":"1107 Route 130","name":""},
  {"lat":34.708935,"lon":-86.677263,"city":"Huntsville","state":"AL","address":"7003 Cabela Dr NW","name":""},
  {"lat":32.354272,"lon":-90.025263,"city":"Flowood","state":"MS","address":"421 W Pineview Dr.","name":""},
  {"lat":34.990845,"lon":-78.967547,"city":"Fayetteville","state":"NC","address":"2860 Hope Mills Rd","name":""},
  {"lat":41.610153,"lon":-93.853751,"city":"Waukee","state":"IA","address":"440 SE Alice's Rd","name":""},
  {"lat":39.864088,"lon":-84.286528,"city":"Englewood","state":"OH","address":"910 S Main St","name":""},
  {"lat":33.056338,"lon":-80.09852,"city":"Summerville","state":"SC","address":"2501 N. Main Street","name":""},
  {"lat":33.422808,"lon":-111.936883,"city":"Tempe","state":"AZ","address":"702 S Forrest Ave Suite 101","name":""},
  {"lat":31.278751,"lon":-92.472259,"city":"Alexandria","state":"LA","address":"1802 A MacArthur Dr","name":""},
  {"lat":40.025642,"lon":-76.20669,"city":"Lancaster","state":"PA","address":"2347 Lincoln Highway East","name":""},
  {"lat":36.0221,"lon":-115.242192,"city":"Las Vegas","state":"NV","address":"9230 S. Rainbow Blvd.","name":""},
  {"lat":33.511825,"lon":-82.04858,"city":"Augusta","state":"GA","address":"109 Charlestowne Way","name":""},
  {"lat":39.985662,"lon":-83.152522,"city":"Hilliard","state":"OH","address":"1719 Hilliard Rome Rd","name":""},
  {"lat":34.897611,"lon":-95.758261,"city":"McAlester","state":"OK","address":"1102 S George Nigh Expressway","name":""},
  {"lat":31.493783,"lon":-82.849539,"city":"Douglas","state":"GA","address":"1200 S. Madison Ave","name":""},
  {"lat":32.666665,"lon":-114.444361,"city":"Yuma","state":"AZ","address":"11340 S Fortuna Road","name":""},
  {"lat":32.997549,"lon":-96.667233,"city":"Plano","state":"TX","address":"3435 Renner Road","name":""},
  {"lat":44.012996,"lon":-88.583737,"city":"OshKosh","state":"WI","address":"525 S Washburn St","name":""},
  {"lat":34.12839,"lon":-117.829765,"city":"Glendora","state":"CA","address":"1834 E Route 66","name":""},
  {"lat":40.509101,"lon":-111.986958,"city":"Riverton","state":"UT","address":"13331 South Old Liberty Way","name":""},
  {"lat":32.553942,"lon":-94.349591,"city":"Marshall","state":"TX","address":"916 East End Blvd. N","name":""},
  {"lat":33.78036,"lon":-78.983958,"city":"Conway","state":"SC","address":"2889 Hwy 501","name":""},
  {"lat":32.570085,"lon":-97.117247,"city":"Mansfield","state":"TX","address":"500 N US 287 Frontage","name":""},
  {"lat":31.788092,"lon":-106.400934,"city":"El Paso","state":"TX","address":"6500 Montana Ave","name":""},
  {"lat":44.102002,"lon":-103.19615,"city":"Rapid City","state":"SD","address":"916 Eglin St","name":""},
  {"lat":41.721888,"lon":-85.974354,"city":"Elkhart","state":"IN","address":"2701 Cassopolis St","name":""},
  {"lat":71.298115,"lon":-156.753954,"city":"Barrow","state":"AK","address":"5421 North Star Street","name":""},
  {"lat":71.298115,"lon":-156.753954,"city":"Barrow","state":"AK","address":"5421 North Star Street","name":""},
  {"lat":42.036754,"lon":-91.548864,"city":"Marion","state":"IA","address":"6001 Carlson Way","name":""},
  {"lat":35.12897,"lon":-106.553033,"city":"Albuquerque","state":"NM","address":"4315 Wyoming Blvd NE","name":""},
  {"lat":42.018565,"lon":-97.427209,"city":"Norfolk","state":"NE","address":"1202 S 13th St","name":""},
  {"lat":35.786632,"lon":-83.987859,"city":"Alcoa","state":"TN","address":"1143 Franck St","name":""},
  {"lat":32.613726,"lon":-97.406825,"city":"Fort Worth","state":"TX","address":"9212 Summercreek Drive","name":""},
  {"lat":40.443272,"lon":-74.502136,"city":"North Brunswick","state":"NJ","address":"2418 Route 1","name":""},
  {"lat":31.690964,"lon":-106.259416,"city":"El Paso","state":"TX","address":"12651 Rojas Dr","name":""},
  {"lat":31.357667,"lon":-92.418936,"city":"Pineville","state":"LA","address":"2909 Monroe Hwy","name":""},
  {"lat":33.162571,"lon":-97.107574,"city":"Denton","state":"TX","address":"3812 Teasley Ln","name":""},
  {"lat":39.935697,"lon":-91.354316,"city":"Quincy","state":"IL","address":"3819 Broadway St","name":""},
  {"lat":36.089817,"lon":-95.919275,"city":"Tulsa","state":"OK","address":"5119 E 51st S","name":""},
  {"lat":30.667125,"lon":-88.224801,"city":"Mobile","state":"AL","address":"1073 Schillinger Rd","name":""},
  {"lat":30.685781,"lon":-97.722269,"city":"Georgetown","state":"TX","address":"4620 Williams Drive","name":""},
  {"lat":40.335022,"lon":-104.972429,"city":"Johnstown","state":"CO","address":"4585 Ledge Rock Drive","name":""},
  {"lat":31.236616,"lon":-85.432333,"city":"Dothan","state":"AL","address":"3265 Ross Clark Circle","name":""},
  {"lat":40.412069,"lon":-74.145819,"city":"Holmdel","state":"NJ","address":"2136 Route 35 South - Unit 200","name":""},
  {"lat":47.701515,"lon":-117.027187,"city":"Post Falls","state":"ID","address":"498 South Beck Rd","name":""},
  {"lat":40.827195,"lon":-97.596329,"city":"York","state":"NE","address":"3627 S Lincoln Ave","name":""},
  {"lat":33.212281,"lon":-96.662354,"city":"McKinney","state":"TX","address":"1530 N Hardin Blvd","name":""},
  {"lat":37.678419,"lon":-97.126674,"city":"Andover","state":"KS","address":"646 E Cloud Avenue","name":""},
  {"lat":26.265961,"lon":-98.204513,"city":"Edinburg","state":"TX","address":"3100 W Trenton Rd","name":""},
  {"lat":36.279667,"lon":-115.135458,"city":"North Las Vegas","state":"NV","address":"6545 N 5th Street","name":""},
  {"lat":30.122743,"lon":-94.155767,"city":"Beaumont","state":"TX","address":"4490 Crow Road","name":""},
  {"lat":37.720043,"lon":-85.898614,"city":"Elizabethtown","state":"KY","address":"1151 Ring Rd","name":""},
  {"lat":39.447809,"lon":-75.731714,"city":"Middletown","state":"DE","address":"645 S Ridge Rd","name":""},
  {"lat":36.670832,"lon":-87.443801,"city":"Oak Grove","state":"KY","address":"211 CLAIRE AVE","name":""},
  {"lat":38.044199,"lon":-84.753565,"city":"Versailles","state":"KY","address":"1031 Tyrone Pike","name":""},
  {"lat":32.490495,"lon":-96.82295,"city":"Waxahachie","state":"TX","address":"1970 N Hwy US 77","name":""},
  {"lat":37.963259,"lon":-91.765236,"city":"Rolla","state":"MO","address":"2004 N Bishop Ave","name":""},
  {"lat":33.791637,"lon":-79.018722,"city":"Conway","state":"SC","address":"1934 Hwy 544","name":""},
  {"lat":32.328464,"lon":-95.343036,"city":"Tyler","state":"TX","address":"3743 Earl Campbell Pkwy","name":""},
  {"lat":34.790536,"lon":-96.666689,"city":"Ada","state":"OK","address":"1000 Lonnie Abbott Blvd","name":""}]}