{"key":"guitar_center","displayName":"Guitar Center","category":"shopping","useLocationName":false,"locations":[
  {"lat":35.110025,"lon":-106.57673,"city":"Albuquerque","state":"NM","address":"6001 Menaul Blvd. NE, Suite B","name":""},
  {"lat":31.781261,"lon":-106.401369,"city":"El Paso","state":"TX","address":"6440 Gateway Blvd. E., Suite 100","name":""},
  {"lat":38.332959,"lon":-104.620902,"city":"Pueblo","state":"CO","address":"5759 N. Elizabeth St Suite 150","name":""},
  {"lat":35.177295,"lon":-101.940423,"city":"Amarillo","state":"TX","address":"3350 S. Soncy Rd., Suite 176","name":""},
  {"lat":38.845441,"lon":-104.756022,"city":"Colorado Springs","state":"CO","address":"535 North Academy Blvd.","name":""},
  {"lat":33.535957,"lon":-101.919385,"city":"Lubbock","state":"TX","address":"4930 S. Loop 289, Suite 220","name":""},
  {"lat":39.091709,"lon":-108.600904,"city":"Grand Junction","state":"CO","address":"2424 Highway 6 and 50","name":""},
  {"lat":32.220782,"lon":-110.891149,"city":"Tucson","state":"AZ","address":"4720 E. Broadway Blvd.","name":""},
  {"lat":33.385333,"lon":-111.75597,"city":"Mesa","state":"AZ","address":"1652 S. Val Vista Dr., Suite 118","name":""},
  {"lat":32.321218,"lon":-111.043526,"city":"Tucson","state":"AZ","address":"3830 W. River Rd., Suite 110","name":""},
  {"lat":33.536452,"lon":-111.889251,"city":"Scottsdale","state":"AZ","address":"8949 E. Indian Bend Rd.","name":""},
  {"lat":39.568918,"lon":-104.875544,"city":"Englewood","state":"CO","address":"9647 E County Line Road","name":""},
  {"lat":33.33697,"lon":-111.970181,"city":"Tempe","state":"AZ","address":"8538 S. Emerald Dr.","name":""},
  {"lat":33.583506,"lon":-112.119455,"city":"Phoenix","state":"AZ","address":"2750 W. Peoria Ave.","name":""},
  {"lat":39.68794,"lon":-104.942102,"city":"Denver","state":"CO","address":"1585 S Colorado Blvd","name":""},
  {"lat":33.463792,"lon":-112.276403,"city":"Avondale","state":"AZ","address":"9945 W. McDowell Rd., Suite 108","name":""},
  {"lat":39.853101,"lon":-105.054189,"city":"Arvada","state":"CO","address":"8601 Sheridan Blvd, Suite G","name":""},
  {"lat":40.521197,"lon":-105.062134,"city":"Fort Collins","state":"CO","address":"813 E. Harmony Rd.","name":""},
  {"lat":40.272152,"lon":-111.693601,"city":"Orem","state":"UT","address":"64 E. 1300 South","name":""},
  {"lat":40.646779,"lon":-111.942654,"city":"Taylorsville","state":"UT","address":"5752 S. Redwood Rd.","name":""},
  {"lat":36.068672,"lon":-115.178819,"city":"Las Vegas","state":"NV","address":"6587 S. Las Vegas Blvd. Suite b172","name":""},
  {"lat":36.157601,"lon":-115.280888,"city":"Summerlin","state":"NV","address":"8621 W. Charleston Blvd., Suite 110","name":""},
  {"lat":41.164307,"lon":-112.020856,"city":"Riverdale","state":"UT","address":"5430 S. Freeway Park Dr.","name":""},
  {"lat":35.530572,"lon":-97.567424,"city":"Oklahoma City","state":"OK","address":"2940 NW 59th St.","name":""},
  {"lat":35.245676,"lon":-97.481682,"city":"Norman","state":"OK","address":"2202 24th Ave. NW","name":""},
  {"lat":37.674305,"lon":-97.39446,"city":"Wichita","state":"KS","address":"4448 W. Kellogg Dr.","name":""},
  {"lat":32.903069,"lon":-97.323725,"city":"Fort Worth","state":"TX","address":"8957 Tehama Ridge Pkwy.","name":""},
  {"lat":32.67188,"lon":-97.402061,"city":"Fort Worth","state":"TX","address":"5250 S. Hulen St.","name":""},
  {"lat":33.232103,"lon":-97.163159,"city":"Denton","state":"TX","address":"2610 W. University Dr., Suite 1210","name":""},
  {"lat":33.7261,"lon":-116.4049,"city":"Palm Desert","state":"CA","address":"72-399 California Hwy. 111","name":""},
  {"lat":32.764025,"lon":-97.097964,"city":"Arlington","state":"TX","address":"721 Ryan Plaza Drive","name":""},
  {"lat":32.999812,"lon":-96.962855,"city":"Lewisville","state":"TX","address":"2601 S. Stemmons Fwy., Suite 400","name":""},
  {"lat":32.926779,"lon":-96.830829,"city":"Farmers Branch","state":"TX","address":"4519 LBJ Freeway","name":""},
  {"lat":32.605834,"lon":-96.931212,"city":"Cedar Hill","state":"TX","address":"971 N. Hwy. 67, #500","name":""},
  {"lat":31.089293,"lon":-97.725193,"city":"Killeen","state":"TX","address":"1600 Lowes Blvd., Suite 100","name":""},
  {"lat":33.033092,"lon":-96.708514,"city":"Plano","state":"TX","address":"2333 N Central Expressway, Suite 101","name":""},
  {"lat":32.858759,"lon":-96.76939,"city":"Dallas","state":"TX","address":"7814 N Central Expressway","name":""},
  {"lat":32.813104,"lon":-96.630744,"city":"Mesquite","state":"TX","address":"2021 N. Town East Blvd., Suite 400","name":""},
  {"lat":31.526109,"lon":-97.169851,"city":"Waco","state":"TX","address":"4314 W. Waco Dr.","name":""},
  {"lat":34.067965,"lon":-117.265478,"city":"San Bernardino","state":"CA","address":"925 East Hospitality Lane","name":""},
  {"lat":36.063791,"lon":-95.865968,"city":"Tulsa","state":"OK","address":"9919 E 71st Street","name":""},
  {"lat":30.488647,"lon":-97.679545,"city":"Round Rock","state":"TX","address":"2200 S. IH-35, Suite B4","name":""},
  {"lat":33.942475,"lon":-117.288461,"city":"Riverside","state":"CA","address":"2550 Canyon Springs Pkwy., Suite A","name":""},
  {"lat":33.56748,"lon":-117.21387,"city":"Murrieta","state":"CA","address":"24370 Village Walk","name":""},
  {"lat":29.516102,"lon":-98.500398,"city":"San Antonio","state":"TX","address":"7325 San Pedro Ave., Suite 105","name":""},
  {"lat":30.358662,"lon":-97.737697,"city":"Austin","state":"TX","address":"2817 W Anderson Ln","name":""},
  {"lat":30.233837,"lon":-97.827876,"city":"Austin","state":"TX","address":"5300 S Mo Pac Expy, Suite 103","name":""},
  {"lat":33.134169,"lon":-117.124131,"city":"San Marcos","state":"CA","address":"712 Center Drive","name":""},
  {"lat":32.777645,"lon":-117.006677,"city":"La Mesa","state":"CA","address":"8825 Murray Drive","name":""},
  {"lat":32.545274,"lon":-117.036702,"city":"San Ysidro","state":"CA","address":"4548 Camino de la Plaza","name":""},
  {"lat":29.726013,"lon":-98.073585,"city":"New Braunfels","state":"TX","address":"233 Creekside Crossing","name":""},
  {"lat":34.103037,"lon":-117.533578,"city":"Rancho Cucamonga","state":"CA","address":"12479 E. Foothill Blvd.","name":""},
  {"lat":33.618,"lon":-117.707019,"city":"Lake Forest","state":"CA","address":"23811 El Toro Road, Suite A","name":""},
  {"lat":34.117381,"lon":-117.830862,"city":"Glendora","state":"CA","address":"1241 S. Lone Hill Ave.","name":""},
  {"lat":33.910606,"lon":-117.902335,"city":"Brea","state":"CA","address":"606 S Brea Blvd","name":""},
  {"lat":33.99487,"lon":-117.924122,"city":"City of Industry","state":"CA","address":"1480 S. Azusa Avenue","name":""},
  {"lat":33.78417,"lon":-117.89363,"city":"Orange","state":"CA","address":"20 City Blvd. W, Suite 907D","name":""},
  {"lat":33.696691,"lon":-117.935335,"city":"Fountain Valley","state":"CA","address":"18361 Euclid Street","name":""},
  {"lat":34.60293,"lon":-118.148383,"city":"Palmdale","state":"CA","address":"1011 W. Ave. P","name":""},
  {"lat":34.145845,"lon":-118.095534,"city":"Pasadena","state":"CA","address":"2660 E. Colorado Blvd.","name":""},
  {"lat":34.037111,"lon":-118.102482,"city":"Monterey Park","state":"CA","address":"3000 Market Place Dr.","name":""},
  {"lat":33.867471,"lon":-118.096096,"city":"Cerritos","state":"CA","address":"11155 183rd St.","name":""},
  {"lat":40.738614,"lon":-96.680748,"city":"Lincoln","state":"NE","address":"2801 Pine Lake Rd., Suite P2","name":""},
  {"lat":34.098206,"lon":-118.352062,"city":"Hollywood","state":"CA","address":"7425 Sunset Blvd.","name":""},
  {"lat":27.554536,"lon":-99.504289,"city":"Laredo","state":"TX","address":"5708 San Bernardo Ave.","name":""},
  {"lat":33.873187,"lon":-118.3556,"city":"Lawndale","state":"CA","address":"4525 Artesia Blvd","name":""},
  {"lat":34.150211,"lon":-118.442845,"city":"Sherman Oaks","state":"CA","address":"14209 Ventura Blvd","name":""},
  {"lat":30.624814,"lon":-96.309732,"city":"College Station","state":"TX","address":"1003 Harvey Rd., Suite 100","name":""},
  {"lat":34.383298,"lon":-118.573096,"city":"Stevenson Ranch","state":"CA","address":"24961 Pico Canyon Rd.","name":""},
  {"lat":34.234773,"lon":-118.558185,"city":"Northridge","state":"CA","address":"19510 Nordhoff St.","name":""},
  {"lat":32.248118,"lon":-95.304615,"city":"Tyler","state":"TX","address":"8966 S. Broadway, Suite 160","name":""},
  {"lat":34.14862,"lon":-118.79367,"city":"Westlake Village","state":"CA","address":"30730 Russell Ranch Rd","name":""},
  {"lat":35.340515,"lon":-119.041015,"city":"Bakersfield","state":"CA","address":"3428 Ming Ave.","name":""},
  {"lat":36.125363,"lon":-94.154216,"city":"Fayetteville","state":"AR","address":"160 E. Joyce Blvd.","name":""},
  {"lat":41.228506,"lon":-96.130085,"city":"Omaha","state":"NE","address":"3115 Oakview Dr.","name":""},
  {"lat":38.913607,"lon":-94.663361,"city":"Overland Park","state":"KS","address":"6700 W. 119th St.","name":""},
  {"lat":34.225536,"lon":-119.154264,"city":"Oxnard","state":"CA","address":"1741 E Ventura Blvd, Suite E","name":""},
  {"lat":36.291805,"lon":-119.310469,"city":"Visalia","state":"CA","address":"4254 S. Mooney Blvd.","name":""},
  {"lat":39.260079,"lon":-94.658012,"city":"Kansas City","state":"MO","address":"9188 NW Skyview Ave.","name":""},
  {"lat":39.047544,"lon":-94.367353,"city":"Independence","state":"MO","address":"3911 Bolger Rd.","name":""},
  {"lat":29.783433,"lon":-95.79471,"city":"Katy","state":"TX","address":"24429 Katy Freeway","name":""},
  {"lat":29.99904,"lon":-95.58367,"city":"Houston","state":"TX","address":"21503 State Hwy. 249","name":""},
  {"lat":30.161235,"lon":-95.449034,"city":"Oak Ridge North","state":"TX","address":"27500 Interstate 45 N","name":""},
  {"lat":30.010603,"lon":-95.429141,"city":"Houston","state":"TX","address":"16745 N. Freeway, Suite A","name":""},
  {"lat":36.814289,"lon":-119.789196,"city":"Fresno","state":"CA","address":"5330 N. Blackstone Ave.","name":""},
  {"lat":27.726488,"lon":-97.379872,"city":"Corpus Christi","state":"TX","address":"4127 S. Staples St.","name":""},
  {"lat":29.740013,"lon":-95.513345,"city":"Houston","state":"TX","address":"8390 Westheimer Road","name":""},
  {"lat":29.635004,"lon":-95.588396,"city":"Stafford","state":"TX","address":"12790 Fountain Lake Circle","name":""},
  {"lat":29.77497,"lon":-95.400336,"city":"Houston","state":"TX","address":"195 Yale Street, Suite 200","name":""},
  {"lat":37.149686,"lon":-93.256398,"city":"Springfield","state":"MO","address":"3500 S. Glenstone Ave.","name":""},
  {"lat":32.436926,"lon":-93.716935,"city":"Shreveport","state":"LA","address":"7460 Youree Dr., Suite T","name":""},
  {"lat":29.647395,"lon":-95.163046,"city":"Pasadena","state":"TX","address":"5140 Fairmont Pkwy.","name":""},
  {"lat":29.531598,"lon":-95.130225,"city":"Webster","state":"TX","address":"1020 W. Nasa Rd. One, Suite 138","name":""},
  {"lat":34.925659,"lon":-120.425501,"city":"Santa Maria","state":"CA","address":"443 Betteravia Rd.","name":""},
  {"lat":43.618179,"lon":-116.253057,"city":"Boise","state":"ID","address":"5761 Fairview Ave.","name":""},
  {"lat":39.465892,"lon":-119.785714,"city":"Reno","state":"NV","address":"6663 S. Virginia St.","name":""},
  {"lat":43.514095,"lon":-96.772738,"city":"Sioux Falls","state":"SD","address":"3709 W. 41st St.","name":""},
  {"lat":26.196135,"lon":-98.257535,"city":"McAllen","state":"TX","address":"3300 W. Expressway 83, Suite 800","name":""},
  {"lat":30.118374,"lon":-94.169414,"city":"Beaumont","state":"TX","address":"4025 Dowlen Rd.","name":""},
  {"lat":34.752406,"lon":-92.414333,"city":"Little Rock","state":"AR","address":"12315 Chenal Parkway, Suite A","name":""},
  {"lat":37.688078,"lon":-120.993009,"city":"Modesto","state":"CA","address":"3440 McHenry Ave.","name":""},
  {"lat":41.59931,"lon":-93.758587,"city":"West Des Moines","state":"IA","address":"3910 University Ave.","name":""},
  {"lat":25.938225,"lon":-97.495877,"city":"Brownsville","state":"TX","address":"1601 Price Road, Suite H","name":""},
  {"lat":38.781857,"lon":-121.272042,"city":"Roseville","state":"CA","address":"5781 Five Star Dr.","name":""},
  {"lat":38.597231,"lon":-121.416708,"city":"Sacramento","state":"CA","address":"2120 Alta Arden Expressway","name":""},
  {"lat":37.25751,"lon":-121.874317,"city":"San Jose","state":"CA","address":"5140 Cherry Ave, Suite 10","name":""},
  {"lat":37.7053,"lon":-121.853548,"city":"Dublin","state":"CA","address":"2880 Dublin Blvd.","name":""},
  {"lat":37.324179,"lon":-121.965352,"city":"Santa Clara","state":"CA","address":"3677 Stevens Creek Blvd","name":""},
  {"lat":37.967061,"lon":-122.052582,"city":"Concord","state":"CA","address":"1280 Willow Pass Rd, Suite A","name":""},
  {"lat":37.53514,"lon":-122.298685,"city":"San Mateo","state":"CA","address":"53 W. Hillsdale Blvd., Suite A","name":""},
  {"lat":37.841014,"lon":-122.293572,"city":"Emeryville","state":"CA","address":"5925 Shellmound St.","name":""},
  {"lat":39.724517,"lon":-121.810775,"city":"Chico","state":"CA","address":"2027 Martin Luther King Jr Pkwy, Suite 119","name":""},
  {"lat":37.790785,"lon":-122.422683,"city":"San Francisco","state":"CA","address":"1645 Van Ness Ave.","name":""},
  {"lat":30.176014,"lon":-92.077459,"city":"Lafayette","state":"LA","address":"5702 Johnston St., Suite 102","name":""},
  {"lat":38.748173,"lon":-90.420471,"city":"Bridgeton","state":"MO","address":"11977 St. Charles Rock Rd., Suite 100 Bldg. H","name":""},
  {"lat":38.560708,"lon":-90.373566,"city":"St. Louis","state":"MO","address":"9177 Watson Rd.","name":""},
  {"lat":42.023619,"lon":-91.621592,"city":"Cedar Rapids","state":"IA","address":"4651 1st Ave. SE","name":""},
  {"lat":35.206695,"lon":-89.79561,"city":"Bartlett","state":"TN","address":"8000 US Hwy. 64","name":""},
  {"lat":38.602705,"lon":-89.991293,"city":"Fairview Heights","state":"IL","address":"79 Ludwig Drive","name":""},
  {"lat":30.455084,"lon":-91.090125,"city":"Baton Rouge","state":"LA","address":"9001 Florida Blvd., Suite B","name":""},
  {"lat":46.857482,"lon":-96.842827,"city":"South Fargo","state":"ND","address":"1615 38th St. S., Suite 103","name":""},
  {"lat":32.397986,"lon":-90.132973,"city":"Jackson","state":"MS","address":"1189 E. County Line Rd.","name":""},
  {"lat":44.859125,"lon":-93.305359,"city":"Bloomington","state":"MN","address":"7971 Southtown Center","name":""},
  {"lat":41.558006,"lon":-90.529475,"city":"Davenport","state":"IA","address":"3860 Elmore Ave.","name":""},
  {"lat":45.091036,"lon":-93.427294,"city":"Maple Grove","state":"MN","address":"11561 Fountain Dr. N","name":""},
  {"lat":45.015008,"lon":-93.168374,"city":"Roseville","state":"MN","address":"1641 W. County Rd. B2","name":""},
  {"lat":44.951488,"lon":-92.937027,"city":"Oakdale","state":"MN","address":"8316 Third St.","name":""},
  {"lat":40.766087,"lon":-89.644982,"city":"Peoria","state":"IL","address":"2601 W. Lake Ave.","name":""},
  {"lat":42.355185,"lon":-122.867136,"city":"Medford","state":"OR","address":"2570 Crater Lake Hwy.","name":""},
  {"lat":29.958968,"lon":-90.183926,"city":"Harahan","state":"LA","address":"1000 S Clearview Pkwy, Suite 1040","name":""},
  {"lat":47.709803,"lon":-117.409597,"city":"Spokane","state":"WA","address":"5702 N. Division St.","name":""},
  {"lat":40.142774,"lon":-88.257167,"city":"Champaign","state":"IL","address":"712 W. Towne Center Blvd.","name":""},
  {"lat":43.091786,"lon":-89.525433,"city":"Middleton","state":"WI","address":"1661 Deming Way, Suite 110","name":""},
  {"lat":42.26427,"lon":-89.010389,"city":"Rockford","state":"IL","address":"5425 E. State St.","name":""},
  {"lat":46.567723,"lon":-120.480919,"city":"Union Gap","state":"WA","address":"2507 Main St.","name":""},
  {"lat":44.094277,"lon":-123.096179,"city":"Eugene","state":"OR","address":"1015 Green Acres Rd.","name":""},
  {"lat":37.978561,"lon":-87.477189,"city":"Evansville","state":"IN","address":"6220 E. Lloyd Expy.","name":""},
  {"lat":41.578292,"lon":-88.155631,"city":"Joliet","state":"IL","address":"2785 Plainfield Rd.","name":""},
  {"lat":41.771454,"lon":-88.208834,"city":"Aurora","state":"IL","address":"996 N Route 59","name":""},
  {"lat":45.429356,"lon":-122.577325,"city":"Clackamas","state":"OR","address":"13029 South East 84th Ave","name":""},
  {"lat":45.012116,"lon":-122.999704,"city":"Keizer","state":"OR","address":"6325 Ulali Dr.","name":""},
  {"lat":42.17382,"lon":-88.334616,"city":"Algonquin","state":"IL","address":"195 S. Randall Rd.","name":""},
  {"lat":45.450789,"lon":-122.786174,"city":"Beaverton","state":"OR","address":"9575 S W Cascade Ave","name":""},
  {"lat":45.593983,"lon":-122.67911,"city":"Portland","state":"OR","address":"1147 Hayden Meadows Dr.","name":""},
  {"lat":41.860834,"lon":-87.983929,"city":"Villa Park","state":"IL","address":"298 W Roosevelt Road","name":""},
  {"lat":42.042496,"lon":-87.982399,"city":"Arlington Heights","state":"IL","address":"2375 S Arlington Heights Road","name":""},
  {"lat":30.675176,"lon":-88.13673,"city":"Mobile","state":"AL","address":"3725 Airport Blvd., Suite J","name":""},
  {"lat":35.964511,"lon":-86.800899,"city":"Brentwood","state":"TN","address":"8105 Moores Lane, Suite 1400","name":""},
  {"lat":41.583864,"lon":-87.71934,"city":"Country Club Hills","state":"IL","address":"4271 W. 167th Street","name":""},
  {"lat":36.111447,"lon":-86.764969,"city":"Nashville","state":"TN","address":"721 Thompson Lane","name":""},
  {"lat":41.760711,"lon":-87.743038,"city":"Bedford Park","state":"IL","address":"7250 S Cicero Ave., Suite C","name":""},
  {"lat":36.30263,"lon":-86.69757,"city":"Goodlettsville","state":"TN","address":"1000 Rivergate Pkwy., Suite 1550","name":""},
  {"lat":42.155672,"lon":-87.802557,"city":"Highland Park","state":"IL","address":"143 South Skokie Valley Rd.","name":""},
  {"lat":41.930137,"lon":-87.648479,"city":"Chicago","state":"IL","address":"2633 N. Halsted St.","name":""},
  {"lat":34.742251,"lon":-86.665988,"city":"Huntsville","state":"AL","address":"5900 University Dr. NW, Suite A","name":""},
  {"lat":43.035213,"lon":-88.124554,"city":"Brookfield","state":"WI","address":"17135 W. Bluemound Rd., Suite A","name":""},
  {"lat":41.472998,"lon":-87.310854,"city":"Merrillville","state":"IN","address":"2108 E. 80th Ave.","name":""},
  {"lat":33.388445,"lon":-86.808147,"city":"Hoover","state":"AL","address":"1694 Montgomery Hwy.","name":""},
  {"lat":44.268166,"lon":-88.477057,"city":"Grand Chute","state":"WI","address":"775 N. Casaloma Dr.","name":""},
  {"lat":39.630749,"lon":-86.1236,"city":"Greenwood","state":"IN","address":"1256 US 31 N.","name":""},
  {"lat":47.224613,"lon":-122.474473,"city":"Tacoma","state":"WA","address":"2919 S. 38th St., Suite A","name":""},
  {"lat":30.496601,"lon":-87.190536,"city":"Pensacola","state":"FL","address":"6927 N. 9th Ave.","name":""},
  {"lat":39.909484,"lon":-86.070563,"city":"Indianapolis","state":"IN","address":"8475 Castleton Corner Dr.","name":""},
  {"lat":47.456414,"lon":-122.253156,"city":"Tukwila","state":"WA","address":"230 Andover Park W","name":""},
  {"lat":47.671215,"lon":-122.12021,"city":"Redmond","state":"WA","address":"7430 164th Ave. NE, Suite B205","name":""},
  {"lat":38.249275,"lon":-85.629997,"city":"Louisville","state":"KY","address":"4600 Shelbyville Rd., Suite 613","name":""},
  {"lat":47.674693,"lon":-122.317055,"city":"Seattle","state":"WA","address":"6308 Roosevelt Way NE","name":""},
  {"lat":32.347401,"lon":-86.223966,"city":"Montgomery","state":"AL","address":"2572 Eastern Blvd.","name":""},
  {"lat":47.831365,"lon":-122.279685,"city":"Lynnwood","state":"WA","address":"18420 33rd Ave. West, Suite D","name":""},
  {"lat":41.713045,"lon":-86.190631,"city":"Mishawaka","state":"IN","address":"5825 Grape Rd.","name":""},
  {"lat":35.037304,"lon":-85.154762,"city":"Chattanooga","state":"TN","address":"2200 Hamilton Place Blvd.","name":""},
  {"lat":42.232929,"lon":-85.59007,"city":"Portage","state":"MI","address":"5800 S. Westnedge Ave.","name":""},
  {"lat":39.015136,"lon":-84.641209,"city":"Florence","state":"KY","address":"4999 Houston Road","name":""},
  {"lat":37.985387,"lon":-84.531885,"city":"Lexington","state":"KY","address":"3801 Mall Rd.","name":""},
  {"lat":48.785686,"lon":-122.482641,"city":"Bellingham","state":"WA","address":"3960 Meridian St., Suite 101","name":""},
  {"lat":42.911129,"lon":-85.593156,"city":"Kentwood","state":"MI","address":"2891 Radcliff Ave. SE","name":""},
  {"lat":39.290485,"lon":-84.457712,"city":"Springdale","state":"OH","address":"640 Kemper Commons Circle","name":""},
  {"lat":33.998865,"lon":-84.591891,"city":"Kennesaw","state":"GA","address":"1570 Crater Lake Dr. NW, Bldg. 200","name":""},
  {"lat":33.905674,"lon":-84.487754,"city":"Marietta","state":"GA","address":"1901 Terrell Mill RD, Suite 600","name":""},
  {"lat":39.633682,"lon":-84.220963,"city":"Dayton","state":"OH","address":"2700 Miamisburg Centerville Rd, Suite 570","name":""},
  {"lat":35.918357,"lon":-84.085361,"city":"Knoxville","state":"TN","address":"8917 Town and Country Circle","name":""},
  {"lat":33.470942,"lon":-84.448649,"city":"Fayetteville","state":"GA","address":"186 Banks Crossing","name":""},
  {"lat":33.827409,"lon":-84.33358,"city":"Atlanta","state":"GA","address":"2480 Briarcliff Rd. NE, Suite 13","name":""},
  {"lat":34.049866,"lon":-84.284398,"city":"Alpharetta","state":"GA","address":"970 North Point Dr., Suite A120","name":""},
  {"lat":33.939824,"lon":-84.123393,"city":"Lawrenceville","state":"GA","address":"1455 Pleasant Hill Rd.","name":""},
  {"lat":42.739013,"lon":-84.507533,"city":"Lansing","state":"MI","address":"517 Mall Court","name":""},
  {"lat":41.614584,"lon":-83.702189,"city":"Holland","state":"OH","address":"1578 Spring Meadows Dr.","name":""},
  {"lat":33.916242,"lon":-83.455685,"city":"Athens","state":"GA","address":"1791 Oconee Connector, Suite 450","name":""},
  {"lat":32.821889,"lon":-83.715362,"city":"Macon","state":"GA","address":"4551 Billy Williamson Dr., Suite 160","name":""},
  {"lat":30.47557,"lon":-84.291376,"city":"Tallahassee","state":"FL","address":"2415 N. Monroe St., Suite 600","name":""},
  {"lat":40.06226,"lon":-82.96385,"city":"Columbus","state":"OH","address":"4661 Morse Centre Dr.","name":""},
  {"lat":43.470517,"lon":-83.973847,"city":"Saginaw","state":"MI","address":"4360 Bay Rd.","name":""},
  {"lat":42.985934,"lon":-83.751784,"city":"Flint","state":"MI","address":"G3640 Miller Rd.","name":""},
  {"lat":42.322662,"lon":-83.429272,"city":"Canton Township","state":"MI","address":"39415 Ford Rd.","name":""},
  {"lat":42.504552,"lon":-83.31664,"city":"Southfield","state":"MI","address":"29555 Northwestern Hwy.","name":""},
  {"lat":42.279448,"lon":-83.211269,"city":"Allen Park","state":"MI","address":"23133 Outer Dr., Unit D","name":""},
  {"lat":35.582878,"lon":-82.524985,"city":"Asheville","state":"NC","address":"4 South Tunnel Rd, Suite 430","name":""},
  {"lat":36.352377,"lon":-82.396854,"city":"Johnson City","state":"TN","address":"3023 Peoples St.","name":""},
  {"lat":42.530814,"lon":-82.91099,"city":"Roseville","state":"MI","address":"31940 Gratiot Ave.","name":""},
  {"lat":34.827002,"lon":-82.34592,"city":"Greenville","state":"SC","address":"2463 Laurens Rd.","name":""},
  {"lat":34.936084,"lon":-81.983394,"city":"Spartanburg","state":"SC","address":"1487 W. O. Ezell Blvd.","name":""},
  {"lat":41.419134,"lon":-81.918456,"city":"North Olmsted","state":"OH","address":"26635 Brookpark Rd. Ext.","name":""},
  {"lat":33.523203,"lon":-82.020976,"city":"Augusta","state":"GA","address":"808 Cabela Dr.","name":""},
  {"lat":41.13537,"lon":-81.632149,"city":"Fairlawn","state":"OH","address":"3750 W. Market Street, Unit R","name":""},
  {"lat":35.706678,"lon":-81.308691,"city":"Hickory","state":"NC","address":"1718 Highway 70 SE Suite 101","name":""},
  {"lat":41.51948,"lon":-81.470377,"city":"Mayfield Heights","state":"OH","address":"1547 Golden Gate Plaza, Unit 109A","name":""},
  {"lat":34.071258,"lon":-81.153774,"city":"Columbia","state":"SC","address":"253 Park Terrace Dr.","name":""},
  {"lat":35.092112,"lon":-80.878206,"city":"Pineville","state":"NC","address":"10408 Centrum Pkwy.","name":""},
  {"lat":35.312998,"lon":-80.754871,"city":"Charlotte","state":"NC","address":"8813 J.W.Clay Blvd, Suite A","name":""},
  {"lat":29.624129,"lon":-82.379041,"city":"Gainesville","state":"FL","address":"3210 SW 35th Blvd.","name":""},
  {"lat":41.022647,"lon":-80.664511,"city":"Boardman","state":"OH","address":"7380 Market Street","name":""},
  {"lat":36.060672,"lon":-80.310125,"city":"Winston-Salem","state":"NC","address":"3459 Burke Mill Rd.","name":""},
  {"lat":32.006921,"lon":-81.114623,"city":"Savannah","state":"GA","address":"7700 Abercorn St.","name":""},
  {"lat":30.19927,"lon":-81.742465,"city":"Jacksonville","state":"FL","address":"6000 Lake Gray Blvd., Suite 45","name":""},
  {"lat":29.146046,"lon":-82.187069,"city":"Ocala","state":"FL","address":"3920 SW 42nd St., Space B-2","name":""},
  {"lat":40.452395,"lon":-80.16227,"city":"Pittsburgh","state":"PA","address":"1020 Park Manor Blvd.","name":""},
  {"lat":27.96633,"lon":-82.727738,"city":"Clearwater","state":"FL","address":"21335 US Hwy. 19 North","name":""},
  {"lat":30.319876,"lon":-81.555786,"city":"Jacksonville","state":"FL","address":"9365 Atlantic Blvd., Suite 1","name":""},
  {"lat":27.994503,"lon":-82.50976,"city":"Tampa","state":"FL","address":"3968 W. Hillsborough Ave","name":""},
  {"lat":36.039988,"lon":-79.832421,"city":"Greensboro","state":"NC","address":"2221 Vanstory St.","name":""},
  {"lat":42.067591,"lon":-80.096222,"city":"Erie","state":"PA","address":"5800 Peach St., Suite 375","name":""},
  {"lat":40.4358,"lon":-79.785283,"city":"Monroeville","state":"PA","address":"384 Mall Blvd.","name":""},
  {"lat":27.391723,"lon":-82.451453,"city":"UniversityPark","state":"FL","address":"8223 Cooper Creek Blvd.","name":""},
  {"lat":28.082423,"lon":-81.965414,"city":"Lakeland","state":"FL","address":"3165 US Hwy. 98 N","name":""},
  {"lat":32.941679,"lon":-80.038797,"city":"North Charleston","state":"SC","address":"7620 Rivers Ave., Unit 140","name":""},
  {"lat":28.632122,"lon":-81.362678,"city":"Winter Park","state":"FL","address":"520 N Orlando Ave, Suite 130","name":""},
  {"lat":29.19418,"lon":-81.071585,"city":"Daytona","state":"FL","address":"220 Daytona Blvd., Suite B-200","name":""},
  {"lat":28.384125,"lon":-81.405661,"city":"Orlando","state":"FL","address":"12402 S Orange Blossom Trail, Suite 1","name":""},
  {"lat":35.844916,"lon":-78.884837,"city":"Cary","state":"NC","address":"7123 O Kelly Chapel Rd.","name":""},
  {"lat":35.051859,"lon":-78.971466,"city":"Fayetteville","state":"NC","address":"2093 Skibo Rd.","name":""},
  {"lat":35.821326,"lon":-78.589416,"city":"Raleigh","state":"NC","address":"3100 Capitol Blvd","name":""},
  {"lat":26.598711,"lon":-81.863498,"city":"Ft. Myers","state":"FL","address":"4440 Fowler St.","name":""},
  {"lat":42.983979,"lon":-78.82349,"city":"Tonawanda","state":"NY","address":"1092 Niagara Falls Blvd","name":""},
  {"lat":42.906037,"lon":-78.753908,"city":"Cheektowaga","state":"NY","address":"3385 Union Rd., Suite 300","name":""},
  {"lat":26.296406,"lon":-81.803989,"city":"Naples","state":"FL","address":"13585 Tamiami Trail North, Unit 8","name":""},
  {"lat":33.838775,"lon":-78.665013,"city":"North Myrtle Beach","state":"SC","address":"1240 Hwy 17 N.","name":""},
  {"lat":39.65632,"lon":-77.752456,"city":"Hagerstown","state":"MD","address":"17730 Garland Groh Blvd.","name":""},
  {"lat":37.413512,"lon":-77.641173,"city":"Midlothian","state":"VA","address":"13357 Rittenhouse Dr.","name":""},
  {"lat":37.638393,"lon":-77.551284,"city":"Richmond","state":"VA","address":"9128 W. Broad St.","name":""},
  {"lat":38.294675,"lon":-77.515155,"city":"Fredericksburg","state":"VA","address":"215 Spotsylvania Mall","name":""},
  {"lat":38.851808,"lon":-77.326856,"city":"Fairfax","state":"VA","address":"11051 Lee Hwy.","name":""},
  {"lat":27.313455,"lon":-80.404314,"city":"Port St. Lucie","state":"FL","address":"1707 NW St Lucie West Blvd, Suite 142","name":""},
  {"lat":38.871799,"lon":-77.152253,"city":"Falls Church","state":"VA","address":"6272 Arlington Blvd","name":""},
  {"lat":43.088928,"lon":-77.607147,"city":"Rochester","state":"NY","address":"1100 Jefferson Rd.","name":""},
  {"lat":39.058797,"lon":-77.117716,"city":"Rockville","state":"MD","address":"12401 Twinbrook Pkwy","name":""},
  {"lat":38.80908,"lon":-77.085316,"city":"Alexandria","state":"VA","address":"3155 Duke St.","name":""},
  {"lat":39.094651,"lon":-76.855249,"city":"Laurel","state":"MD","address":"14804 Baltimore Ave.","name":""},
  {"lat":40.311132,"lon":-76.80569,"city":"Harrisburg","state":"PA","address":"5082 Jonestown Rd.","name":""},
  {"lat":26.708318,"lon":-80.120331,"city":"West Palm Beach","state":"FL","address":"5025 Okeechobee Blvd.","name":""},
  {"lat":39.201857,"lon":-76.613886,"city":"Glen Burnie","state":"MD","address":"6320 Ritchie Hwy.","name":""},
  {"lat":39.397201,"lon":-76.569957,"city":"Towson","state":"MD","address":"1524 E Joppa Road","name":""},
  {"lat":26.284742,"lon":-80.187111,"city":"Coconut Creek","state":"FL","address":"4449 Lyons Rd., Suite J-106","name":""},
  {"lat":26.438296,"lon":-80.078139,"city":"Delray Beach","state":"FL","address":"510 Linton Blvd., Suite 105","name":""},
  {"lat":25.856373,"lon":-80.319512,"city":"Hialeah","state":"FL","address":"3886 w 18th AVE","name":""},
  {"lat":40.026715,"lon":-76.32623,"city":"Lancaster","state":"PA","address":"1292-A Millersville Pike","name":""},
  {"lat":25.983474,"lon":-80.164793,"city":"Hallandale","state":"FL","address":"1101 W Hallandale Beach Blvd.","name":""},
  {"lat":25.687983,"lon":-80.320697,"city":"Miami","state":"FL","address":"7736 N Kendall Drive","name":""},
  {"lat":36.851226,"lon":-76.171762,"city":"Virginia Beach","state":"VA","address":"5483 Virginia Beach Blvd","name":""},
  {"lat":42.1249,"lon":-75.975578,"city":"Johnson City","state":"NY","address":"665 Harry L Dr.","name":""},
  {"lat":43.053557,"lon":-76.07681,"city":"Syracuse","state":"NY","address":"3150 Erie Blvd. East","name":""},
  {"lat":41.361623,"lon":-75.674392,"city":"Moosic","state":"PA","address":"3001 Shoppes Blvd.","name":""},
  {"lat":39.83168,"lon":-75.53867,"city":"Wilmington","state":"DE","address":"5141 Brandywine Parkway","name":""},
  {"lat":40.633519,"lon":-75.476781,"city":"Whitehall","state":"PA","address":"720 Lehigh Valley Mall","name":""},
  {"lat":40.104621,"lon":-75.291061,"city":"Plymouth Meeting","state":"PA","address":"2620 Chemical Rd.","name":""},
  {"lat":39.941956,"lon":-75.020316,"city":"Cherry Hill","state":"NJ","address":"2100 Route 38, Suite 1A","name":""},
  {"lat":40.177256,"lon":-74.876949,"city":"Langhorne","state":"PA","address":"2335 East Lincoln Hwy","name":""},
  {"lat":39.445424,"lon":-74.626587,"city":"Mays Landing","state":"NJ","address":"560 Hamilton Commons","name":""},
  {"lat":40.575981,"lon":-74.63039,"city":"Raritan","state":"NJ","address":"401 NJ-28","name":""},
  {"lat":40.432226,"lon":-74.385962,"city":"East Brunswick","state":"NJ","address":"666 Route 18","name":""},
  {"lat":40.68636,"lon":-74.318513,"city":"Springfield","state":"NJ","address":"160 Route 22","name":""},
  {"lat":40.892879,"lon":-74.222438,"city":"Totowa","state":"NJ","address":"1 US-46 West","name":""},
  {"lat":40.231203,"lon":-74.045915,"city":"Ocean","state":"NJ","address":"2323 Route 66","name":""},
  {"lat":40.934931,"lon":-74.067721,"city":"Paramus","state":"NJ","address":"240 N. State Rt. 17, Suite 3","name":""},
  {"lat":40.736783,"lon":-73.994848,"city":"Manhattan","state":"NY","address":"25 West 14th Street","name":""},
  {"lat":40.688886,"lon":-73.981547,"city":"Brooklyn","state":"NY","address":"536 Fulton St.","name":""},
  {"lat":40.753036,"lon":-73.914337,"city":"Long Island City","state":"NY","address":"34-17 48th St.","name":""},
  {"lat":40.965071,"lon":-73.856233,"city":"Yonkers","state":"NY","address":"214 Market St.","name":""},
  {"lat":42.719146,"lon":-73.8051,"city":"Colonie","state":"NY","address":"145 Wolf Rd.","name":""},
  {"lat":40.744105,"lon":-73.618886,"city":"Carle Place","state":"NY","address":"111 Old Country Rd.","name":""},
  {"lat":41.377053,"lon":-73.486701,"city":"Danbury","state":"CT","address":"15 Backus Ave.","name":""},
  {"lat":40.80789,"lon":-73.285842,"city":"Commack","state":"NY","address":"8 Garet Place","name":""},
  {"lat":40.86409,"lon":-73.051135,"city":"Selden","state":"NY","address":"201 Independence Plaza","name":""},
  {"lat":41.279646,"lon":-72.984238,"city":"Orange","state":"CT","address":"50 Boston Post Rd.","name":""},
  {"lat":41.640267,"lon":-72.871394,"city":"Southington","state":"CT","address":"839 Queen St.","name":""},
  {"lat":44.446395,"lon":-73.110058,"city":"Williston","state":"VT","address":"21A Hawthorne Street","name":""},
  {"lat":42.129576,"lon":-72.623459,"city":"West Springfield","state":"MA","address":"935 Riverdale St.","name":""},
  {"lat":41.80956,"lon":-72.529733,"city":"Manchester","state":"CT","address":"120-B Hale Rd.","name":""},
  {"lat":41.37208,"lon":-72.118287,"city":"New London","state":"CT","address":"351 N. Frontage Rd., Space F-3","name":""},
  {"lat":42.196815,"lon":-71.77666,"city":"Millbury","state":"MA","address":"70 Worcester Providence TPKE, Suite 410","name":""},
  {"lat":41.706003,"lon":-71.49431,"city":"Warwick","state":"RI","address":"1245 Bald Hill Rd.","name":""},
  {"lat":42.707298,"lon":-71.439213,"city":"Nashua","state":"NH","address":"258 Daniel Webster Hwy., Suite 4","name":""},
  {"lat":42.960781,"lon":-71.440511,"city":"Manchester","state":"NH","address":"1051 S. Willow St.","name":""},
  {"lat":42.304026,"lon":-71.379654,"city":"Natick","state":"MA","address":"321-F Speen St","name":""},
  {"lat":41.933756,"lon":-71.352933,"city":"North Attleboro","state":"MA","address":"1505 S Washington Street","name":""},
  {"lat":42.345365,"lon":-71.096103,"city":"Boston","state":"MA","address":"1255 Boylston Street","name":""},
  {"lat":42.212052,"lon":-70.998238,"city":"Braintree","state":"MA","address":"255 Grossman Dr.","name":""},
  {"lat":42.555796,"lon":-70.967218,"city":"Danvers","state":"MA","address":"120 Andover St.","name":""},
  {"lat":43.089011,"lon":-70.792298,"city":"Portsmouth","state":"NH","address":"1600 Woodbury Ave.","name":""},
  {"lat":43.639804,"lon":-70.332746,"city":"Portland","state":"ME","address":"198 Maine Mall Rd.","name":""},
  {"lat":61.194775,"lon":-149.870931,"city":"Anchorage","state":"AK","address":"2880 Seward Hwy.","name":""},
  {"lat":21.397374,"lon":-157.978625,"city":"Pearl City","state":"HI","address":"1000 Kamehameha Hwy., Suite 200","name":""}]}