{"key":"hannaford","displayName":"Hannaford","category":"grocery","useLocationName":false,"locations":[
  {"lat":42.581585,"lon":-72.262898,"city":"Athol","state":"MA","address":"150 New Athol Rd","name":""},
  {"lat":42.595946,"lon":-71.757681,"city":"Lunenburg","state":"MA","address":"333 Mass Ave","name":""},
  {"lat":42.628812,"lon":-71.278181,"city":"Lowell","state":"MA","address":"777 Rogers Street","name":""},
  {"lat":42.552692,"lon":-71.77793,"city":"Leominster","state":"MA","address":"927 Merriam Avenue","name":""},
  {"lat":42.521278,"lon":-71.753343,"city":"Leominster","state":"MA","address":"118 Lancaster St","name":""},
  {"lat":42.569024,"lon":-71.992846,"city":"Gardner","state":"MA","address":"21 Timpany Blvd","name":""},
  {"lat":42.664373,"lon":-71.311921,"city":"Dracut","state":"MA","address":"301 Pleasant St","name":""},
  {"lat":42.424372,"lon":-71.687808,"city":"Clinton","state":"MA","address":"333 Brook St","name":""},
  {"lat":42.623738,"lon":-71.360831,"city":"Chelmsford","state":"MA","address":"66 Drum Hill #2","name":""},
  {"lat":44.035292,"lon":-69.510503,"city":"Damariscotta","state":"ME","address":"469 Main Street","name":""},
  {"lat":44.39491,"lon":-69.567594,"city":"China","state":"ME","address":"33 Hannaford Drive","name":""},
  {"lat":46.861242,"lon":-68.008729,"city":"Caribou","state":"ME","address":"114 High Street","name":""},
  {"lat":44.200972,"lon":-69.078745,"city":"Camden","state":"ME","address":"145 Elm Street","name":""},
  {"lat":43.615734,"lon":-70.523791,"city":"Buxton","state":"ME","address":"21 Hannaford Drive","name":""},
  {"lat":44.570536,"lon":-68.785336,"city":"Bucksport","state":"ME","address":"370 Main Street","name":""},
  {"lat":43.90519,"lon":-69.917478,"city":"Brunswick","state":"ME","address":"8 Gurnet Road Suite 1","name":""},
  {"lat":44.445699,"lon":-73.113724,"city":"Williston","state":"VT","address":"78 Marshall Avenue","name":""},
  {"lat":44.922696,"lon":-73.111422,"city":"Swanton","state":"VT","address":"139 First Street","name":""},
  {"lat":44.840531,"lon":-73.079121,"city":"St. Albans","state":"VT","address":"290 Highgate Commons Road","name":""},
  {"lat":44.44167,"lon":-73.209725,"city":"South Burlington","state":"VT","address":"935 Shelburne Road","name":""},
  {"lat":44.462103,"lon":-73.183996,"city":"South Burlington","state":"VT","address":"217 Dorset St","name":""},
  {"lat":43.585839,"lon":-72.970955,"city":"Rutland","state":"VT","address":"318 South Main St","name":""},
  {"lat":44.572735,"lon":-72.596817,"city":"Morrisville","state":"VT","address":"80 Fairgrounds Plaza Route 100","name":""},
  {"lat":44.623649,"lon":-73.122374,"city":"Milton","state":"VT","address":"259 Route 7 South","name":""},
  {"lat":44.001044,"lon":-73.155459,"city":"Middlebury","state":"VT","address":"260 Court St Unit 6","name":""},
  {"lat":44.507211,"lon":-73.083859,"city":"Essex Junction","state":"VT","address":"21 Essex Way Suite A","name":""},
  {"lat":44.912588,"lon":-72.795701,"city":"Enosburg Falls","state":"VT","address":"71 Jay View Drive","name":""},
  {"lat":44.506278,"lon":-73.246775,"city":"Burlington","state":"VT","address":"1127 North Avenue Suite 11","name":""},
  {"lat":42.879442,"lon":-72.561263,"city":"Brattleboro","state":"VT","address":"896 Putney Rd Unit 5","name":""},
  {"lat":43.797171,"lon":-73.08936,"city":"Brandon","state":"VT","address":"71 Supermarket Drive","name":""},
  {"lat":43.984184,"lon":-72.122697,"city":"Bradford","state":"VT","address":"586 Lower Plain","name":""},
  {"lat":42.906845,"lon":-73.222291,"city":"Bennington","state":"VT","address":"141 Hannaford Sq Ste 2","name":""},
  {"lat":44.174181,"lon":-72.506139,"city":"Barre","state":"VT","address":"456 South Barre Road","name":""},
  {"lat":42.697423,"lon":-73.649957,"city":"Wynantskill","state":"NY","address":"40 Main Avenue","name":""},
  {"lat":42.643358,"lon":-73.607031,"city":"West Sand","state":"NY","address":"3703 Route 43","name":""},
  {"lat":42.005402,"lon":-74.105017,"city":"West Hurley","state":"NY","address":"295 State Route 375","name":""},
  {"lat":43.972999,"lon":-75.953684,"city":"Watertown","state":"NY","address":"21110 US Route 3","name":""},
  {"lat":41.589957,"lon":-73.906323,"city":"Wappingers Falls","state":"NY","address":"1490 Route 9","name":""},
  {"lat":41.565206,"lon":-74.191833,"city":"Walden","state":"NY","address":"78 Oak Street","name":""},
  {"lat":42.648599,"lon":-73.924191,"city":"Voorheesville","state":"NY","address":"5 Maple Rd","name":""},
  {"lat":42.427739,"lon":-73.690494,"city":"Valatie","state":"NY","address":"2967 Route 9 Suite 400","name":""},
  {"lat":43.090334,"lon":-75.224636,"city":"Utica","state":"NY","address":"1122 Mohawk Street","name":""},
  {"lat":42.74389,"lon":-73.652017,"city":"Troy","state":"NY","address":"9 Lord Avenue","name":""},
  {"lat":42.789144,"lon":-73.671353,"city":"Troy","state":"NY","address":"9 126th Street","name":""},
  {"lat":43.285774,"lon":-73.638394,"city":"South Glens Falls","state":"NY","address":"27-41 Gansevoort Rd","name":""},
  {"lat":42.782862,"lon":-73.943519,"city":"Schenectady","state":"NY","address":"1400 Altamont Ave","name":""},
  {"lat":43.096806,"lon":-73.747039,"city":"Saratoga Springs","state":"NY","address":"95 Weibel Ave","name":""},
  {"lat":43.237297,"lon":-75.453415,"city":"Rome","state":"NY","address":"808 West Chestnut Street","name":""},
  {"lat":41.979982,"lon":-73.881427,"city":"Red Hook","state":"NY","address":"35 Hannaford Drive","name":""},
  {"lat":43.331004,"lon":-73.65641,"city":"Queensbury","state":"NY","address":"190 Quaker Rd","name":""},
  {"lat":44.701154,"lon":-73.495776,"city":"Plattsburgh","state":"NY","address":"7 Pyramid Drive","name":""},
  {"lat":41.605237,"lon":-74.297215,"city":"Pine Bush","state":"NY","address":"31 Ted Drive","name":""},
  {"lat":41.536866,"lon":-73.58297,"city":"Pawling","state":"NY","address":"162 Route 22","name":""},
  {"lat":42.446542,"lon":-75.057196,"city":"Oneonta","state":"NY","address":"705 State Highway 28","name":""},
  {"lat":42.783378,"lon":-73.891003,"city":"Niskayuna","state":"NY","address":"3333 Consaul Rd","name":""},
  {"lat":41.452619,"lon":-74.056378,"city":"New Windsor","state":"NY","address":"2636 Route 32","name":""},
  {"lat":43.053469,"lon":-75.277913,"city":"New Hartford","state":"NY","address":"50 Kellogg Road","name":""},
  {"lat":43.088177,"lon":-75.316405,"city":"New Hartford","state":"NY","address":"4593 Commercial Dr","name":""},
  {"lat":41.665939,"lon":-74.106184,"city":"Modena","state":"NY","address":"2066 Route 32","name":""},
  {"lat":41.465234,"lon":-74.371282,"city":"Middletown","state":"NY","address":"30 Tower Drive","name":""},
  {"lat":42.755699,"lon":-73.76066,"city":"Latham","state":"NY","address":"579 Troy Schenectady Road","name":""},
  {"lat":44.297328,"lon":-73.999232,"city":"Lake Placid","state":"NY","address":"45 Hadjis Way Suite 6","name":""},
  {"lat":41.968082,"lon":-73.990644,"city":"Kingston","state":"NY","address":"1261 Ulster Ave","name":""},
  {"lat":41.936632,"lon":-74.015927,"city":"Kingston","state":"NY","address":"100 Plaza Road","name":""},
  {"lat":42.174436,"lon":-73.759518,"city":"Hudson","state":"NY","address":"32 Route 82","name":""},
  {"lat":43.319988,"lon":-73.570757,"city":"Hudson Falls","state":"NY","address":"3758 Burgoyne Avenue","name":""},
  {"lat":41.702261,"lon":-73.966013,"city":"Highland","state":"NY","address":"3650 Route 9W","name":""},
  {"lat":43.029673,"lon":-74.981263,"city":"Herkimer","state":"NY","address":"401 East Albany St","name":""},
  {"lat":43.104263,"lon":-73.514996,"city":"Greenwich","state":"NY","address":"1165 Route 29","name":""},
  {"lat":43.060626,"lon":-74.321791,"city":"Gloversville","state":"NY","address":"235 Fifth Ave Ext","name":""},
  {"lat":42.869788,"lon":-73.930588,"city":"Glenville","state":"NY","address":"262 Saratoga Rd","name":""},
  {"lat":43.304105,"lon":-73.661811,"city":"Glens Falls","state":"NY","address":"175 Broad St","name":""},
  {"lat":42.761663,"lon":-74.248588,"city":"Esperance","state":"NY","address":"11140 Western Turnpike","name":""},
  {"lat":42.596866,"lon":-73.710883,"city":"East Greenbush","state":"NY","address":"592 Columbia Turnpike #600","name":""},
  {"lat":42.628149,"lon":-73.810679,"city":"Delmar","state":"NY","address":"180 Delaware Plaza","name":""},
  {"lat":42.717581,"lon":-73.812473,"city":"Colonie","state":"NY","address":"96 Wolf Rd","name":""},
  {"lat":43.042123,"lon":-75.387206,"city":"Clinton","state":"NY","address":"55 Meadow Street","name":""},
  {"lat":42.858553,"lon":-73.78318,"city":"Clifton Park","state":"NY","address":"19 Clifton Country Road Suite 16","name":""},
  {"lat":42.292943,"lon":-73.990375,"city":"Cairo","state":"NY","address":"223 Main Street","name":""},
  {"lat":42.992305,"lon":-73.848807,"city":"Ballston Spa","state":"NY","address":"3 Via Rossi Way","name":""},
  {"lat":43.047456,"lon":-73.852528,"city":"Ballston Spa","state":"NY","address":"11 Trieble Ave","name":""},
  {"lat":42.934369,"lon":-73.812135,"city":"Ballston","state":"NY","address":"43 Round Lake Rd","name":""},
  {"lat":42.967717,"lon":-74.185572,"city":"Amsterdam","state":"NY","address":"115 Hannaford Plaza","name":""},
  {"lat":42.716504,"lon":-73.933361,"city":"Altamont","state":"NY","address":"5239 Western Trnpike","name":""},
  {"lat":42.679837,"lon":-73.792397,"city":"Albany","state":"NY","address":"900 Central Ave","name":""},
  {"lat":43.636023,"lon":-72.317199,"city":"West Lebanon","state":"NH","address":"8 Market Street","name":""},
  {"lat":43.320903,"lon":-70.974655,"city":"Rochester","state":"NH","address":"11 Milton Rd #2","name":""},
  {"lat":43.309746,"lon":-70.994282,"city":"Rochester","state":"NH","address":"290 North Main St","name":""},
  {"lat":42.740822,"lon":-72.039681,"city":"Rindge","state":"NH","address":"752 Route 202","name":""},
  {"lat":43.038065,"lon":-71.161167,"city":"Raymond","state":"NH","address":"2 Freetown Road","name":""},
  {"lat":43.068338,"lon":-70.771423,"city":"Portsmouth","state":"NH","address":"800 Islington Street","name":""},
  {"lat":43.768732,"lon":-71.716702,"city":"Plymouth","state":"NH","address":"389 Tenney Mountain Hwy","name":""},
  {"lat":42.724473,"lon":-71.318226,"city":"Pelham","state":"NH","address":"150 Bridge St","name":""},
  {"lat":43.195894,"lon":-71.151612,"city":"Northwood","state":"NH","address":"174 1st New Hampshire Turnpike","name":""},
  {"lat":44.020016,"lon":-71.112013,"city":"North Conway","state":"NH","address":"32 Mountain Valley Blvd","name":""},
  {"lat":43.42293,"lon":-72.003381,"city":"New London","state":"NH","address":"295 Newport Road","name":""},
  {"lat":42.760638,"lon":-71.498714,"city":"Nashua","state":"NH","address":"175 Coliseum Ave","name":""},
  {"lat":43.660925,"lon":-71.497597,"city":"Meredith","state":"NH","address":"50 NH Route 25 Unit 5","name":""},
  {"lat":42.984939,"lon":-71.428449,"city":"Manchester","state":"NH","address":"859 Hanover St","name":""},
  {"lat":43.020884,"lon":-71.449314,"city":"Manchester","state":"NH","address":"140 Bicentennial Dr","name":""},
  {"lat":42.957664,"lon":-71.441991,"city":"Manchester","state":"NH","address":"201 John E Devine Dr","name":""},
  {"lat":42.866145,"lon":-71.34347,"city":"Londonderry","state":"NH","address":"6 Hampton Drive","name":""},
  {"lat":42.935108,"lon":-72.29572,"city":"Keene","state":"NH","address":"481 West Street","name":""},
  {"lat":42.774673,"lon":-71.443077,"city":"Hudson","state":"NH","address":"77 Derry Rd","name":""},
  {"lat":42.946127,"lon":-70.835869,"city":"Hampton","state":"NH","address":"630 Lafayette Rd","name":""},
  {"lat":42.998394,"lon":-71.511321,"city":"Goffstown","state":"NH","address":"605 Mast Road","name":""},
  {"lat":43.561695,"lon":-71.444049,"city":"Gilford","state":"NH","address":"1425 Lake Shore Road Unit D","name":""},
  {"lat":43.449091,"lon":-71.623902,"city":"Franklin","state":"NH","address":"952 Central St","name":""},
  {"lat":42.989304,"lon":-70.930464,"city":"Exeter","state":"NH","address":"141 Portsmouth Ave","name":""},
  {"lat":42.892515,"lon":-71.142549,"city":"East Hampstead","state":"NH","address":"305 Sandown Road","name":""},
  {"lat":43.133558,"lon":-70.926063,"city":"Durham","state":"NH","address":"7 Mill Road","name":""},
  {"lat":43.217194,"lon":-70.878221,"city":"Dover","state":"NH","address":"833 Central Ave","name":""},
  {"lat":43.167235,"lon":-70.89469,"city":"Dover","state":"NH","address":"30 Grapevine Drive","name":""},
  {"lat":42.900301,"lon":-71.337331,"city":"Derry","state":"NH","address":"35 Manchester Rd","name":""},
  {"lat":43.212969,"lon":-71.532829,"city":"Concord","state":"NH","address":"73 Fort Eddy Rd","name":""},
  {"lat":43.37067,"lon":-72.32383,"city":"Claremont","state":"NH","address":"220 Washington St","name":""},
  {"lat":43.701508,"lon":-71.110321,"city":"Center Ossipee","state":"NH","address":"891 NH-16","name":""},
  {"lat":43.584469,"lon":-71.750006,"city":"Bristol","state":"NH","address":"505 Pleasant Street","name":""},
  {"lat":42.958056,"lon":-71.480766,"city":"Bedford","state":"NH","address":"7 Kilton Road","name":""},
  {"lat":42.922055,"lon":-71.535754,"city":"Bedford","state":"NH","address":"4 Jenkins Road","name":""},
  {"lat":43.453848,"lon":-71.211059,"city":"Alton","state":"NH","address":"80 Wolfeboro Highway","name":""},
  {"lat":43.152346,"lon":-70.668853,"city":"York","state":"ME","address":"5 Hannaford Drive","name":""},
  {"lat":43.805453,"lon":-70.179811,"city":"Yarmouth","state":"ME","address":"756 Route #1","name":""},
  {"lat":44.306237,"lon":-69.959216,"city":"Winthrop","state":"ME","address":"399 Main Street","name":""},
  {"lat":43.675986,"lon":-70.355144,"city":"Westbrook","state":"ME","address":"7 Hannaford Drive","name":""},
  {"lat":43.301902,"lon":-70.582967,"city":"Wells","state":"ME","address":"107 Wells Plaza","name":""},
  {"lat":44.540351,"lon":-69.651816,"city":"Waterville","state":"ME","address":"190 Kennedy Memorial Dr","name":""},
  {"lat":44.568696,"lon":-69.641496,"city":"Waterville","state":"ME","address":"140 Elm Plaza","name":""},
  {"lat":44.100592,"lon":-69.385426,"city":"Waldoboro","state":"ME","address":"17 Kalers Corner","name":""},
  {"lat":44.251424,"lon":-70.260873,"city":"Turner","state":"ME","address":"23 Snell Hill Road","name":""},
  {"lat":43.939471,"lon":-69.978734,"city":"Topsham","state":"ME","address":"49 Topsham Fair Mall Suite 1","name":""},
  {"lat":43.729705,"lon":-70.544476,"city":"Standish","state":"ME","address":"71 Colonial Drive","name":""},
  {"lat":43.634514,"lon":-70.328405,"city":"South Portland","state":"ME","address":"415 Philbrook Ave","name":""},
  {"lat":43.637852,"lon":-70.250353,"city":"South Portland","state":"ME","address":"50 Cottage Road","name":""},
  {"lat":44.780814,"lon":-69.727903,"city":"Skowhegan","state":"ME","address":"100 Fairgrounds Marketplace","name":""},
  {"lat":43.61998,"lon":-70.35047,"city":"Scarborough","state":"ME","address":"417 Payne Road","name":""},
  {"lat":43.595008,"lon":-70.331541,"city":"Scarborough","state":"ME","address":"31 Hannaford Dr Route 1","name":""},
  {"lat":43.445091,"lon":-70.782592,"city":"Sanford","state":"ME","address":"800 Main St","name":""},
  {"lat":43.511725,"lon":-70.435251,"city":"Saco","state":"ME","address":"532 Main Street","name":""},
  {"lat":44.55516,"lon":-70.550289,"city":"Rumford","state":"ME","address":"520 Waldo Street","name":""},
  {"lat":44.11759,"lon":-69.10557,"city":"Rockland","state":"ME","address":"75 Maverick St","name":""},
  {"lat":43.701837,"lon":-70.319641,"city":"Portland","state":"ME","address":"787 Riverside St","name":""},
  {"lat":43.663952,"lon":-70.268152,"city":"Portland","state":"ME","address":"295 Forest Avenue","name":""},
  {"lat":44.19608,"lon":-70.524678,"city":"Oxford","state":"ME","address":"1603 Main Street","name":""},
  {"lat":44.926091,"lon":-68.66608,"city":"Old Town","state":"ME","address":"500 Stillwater Ave","name":""},
  {"lat":43.84071,"lon":-70.441315,"city":"North Windham","state":"ME","address":"797 Roosevelt Trail","name":""},
  {"lat":43.298821,"lon":-70.744555,"city":"North Berwick","state":"ME","address":"23 Somersworth Rd","name":""},
  {"lat":44.838642,"lon":-69.285805,"city":"Newport","state":"ME","address":"44 Moosehead Trail","name":""},
  {"lat":45.65852,"lon":-68.687984,"city":"Millinocket","state":"ME","address":"843 Central Street","name":""},
  {"lat":44.07816,"lon":-70.415581,"city":"Mechanic Falls","state":"ME","address":"50 Pigeon Hill Road","name":""},
  {"lat":44.797358,"lon":-69.872175,"city":"Madison","state":"ME","address":"225 Upper Main St","name":""},
  {"lat":47.355116,"lon":-68.347592,"city":"Madawaska","state":"ME","address":"58 Main Street","name":""},
  {"lat":44.705497,"lon":-67.465934,"city":"Machias","state":"ME","address":"149 Dublin Street","name":""},
  {"lat":45.360806,"lon":-68.51643,"city":"Lincoln","state":"ME","address":"22 Goding Avenue","name":""},
  {"lat":44.103959,"lon":-70.178978,"city":"Lewiston","state":"ME","address":"692 Sabattus St","name":""},
  {"lat":43.396956,"lon":-70.527626,"city":"Kennebunk","state":"ME","address":"65 Portland Road Suite 9","name":""},
  {"lat":44.505615,"lon":-70.214591,"city":"Jay","state":"ME","address":"15 Jay Plaza Lane","name":""},
  {"lat":46.142126,"lon":-67.845324,"city":"Houlton","state":"ME","address":"33 Ludlow Road","name":""},
  {"lat":44.743733,"lon":-68.845187,"city":"Hampden","state":"ME","address":"77 Western Ave","name":""},
  {"lat":43.903063,"lon":-70.343553,"city":"Gray","state":"ME","address":"130 Shaker Road","name":""},
  {"lat":43.679624,"lon":-70.438298,"city":"Gorham","state":"ME","address":"99 Main St","name":""},
  {"lat":44.231573,"lon":-69.773302,"city":"Gardiner","state":"ME","address":"40 Main Avenue","name":""},
  {"lat":47.249599,"lon":-68.5941,"city":"Fort Kent","state":"ME","address":"62 W. Main Street Suite 101","name":""},
  {"lat":44.650857,"lon":-70.15131,"city":"Farmington","state":"ME","address":"131 Hannaford Drive","name":""},
  {"lat":43.734191,"lon":-70.294434,"city":"Falmouth","state":"ME","address":"65 Gray Road","name":""},
  {"lat":44.531044,"lon":-68.409042,"city":"Ellsworth","state":"ME","address":"225 High Street Suite 1","name":""},
  {"lat":43.571336,"lon":-70.684174,"city":"East Waterboro","state":"ME","address":"20 Sokokis Trail HC 72","name":""},
  {"lat":45.025766,"lon":-69.288504,"city":"Dexter","state":"ME","address":"37 Church Street","name":""},
  {"lat":43.911953,"lon":-69.966782,"city":"Brunswick","state":"ME","address":"35 Elm St","name":""},
  {"lat":44.045894,"lon":-70.702864,"city":"Bridgton","state":"ME","address":"109 Portland Road","name":""},
  {"lat":44.783037,"lon":-68.753923,"city":"Brewer","state":"ME","address":"383 Wilson St","name":""},
  {"lat":43.860207,"lon":-69.626919,"city":"Boothbay Harbor","state":"ME","address":"180 Townsend Avenue","name":""},
  {"lat":44.406184,"lon":-68.598096,"city":"Blue Hill","state":"ME","address":"15 South Street","name":""},
  {"lat":43.486958,"lon":-70.465261,"city":"Biddeford","state":"ME","address":"299 Elm Street","name":""},
  {"lat":44.42036,"lon":-69.018141,"city":"Belfast","state":"ME","address":"93 Lincolnville Ave","name":""},
  {"lat":44.388311,"lon":-68.210681,"city":"Bar Harbor","state":"ME","address":"86 Cottage St","name":""},
  {"lat":44.834589,"lon":-68.747852,"city":"Bangor","state":"ME","address":"773 Stillwater Ave","name":""},
  {"lat":44.818914,"lon":-68.812202,"city":"Bangor","state":"ME","address":"1133 Union St","name":""},
  {"lat":44.82507,"lon":-68.777386,"city":"Bangor","state":"ME","address":"653 Broadway","name":""},
  {"lat":44.31556,"lon":-69.764262,"city":"Augusta","state":"ME","address":"118 Cony Street","name":""},
  {"lat":44.313591,"lon":-69.812209,"city":"Augusta","state":"ME","address":"29 Whitten Rd","name":""},
  {"lat":44.096317,"lon":-70.229894,"city":"Auburn","state":"ME","address":"95 Spring Street","name":""},
  {"lat":42.375791,"lon":-71.244516,"city":"Waltham","state":"MA","address":"55 Russell St","name":""},
  {"lat":42.082031,"lon":-71.639078,"city":"Uxbridge","state":"MA","address":"158 North Main St","name":""},
  {"lat":42.648402,"lon":-71.660058,"city":"Townsend","state":"MA","address":"18 Main St","name":""},
  {"lat":41.886256,"lon":-71.12162,"city":"Taunton","state":"MA","address":"255 Joseph E Warner Blvd","name":""},
  {"lat":42.266592,"lon":-72.083368,"city":"North Brookfield","state":"MA","address":"5 Gilbert St","name":""},
  {"lat":41.882812,"lon":-70.911896,"city":"Middleboro","state":"MA","address":"8 Merchants Way","name":""}]}