{"key":"hilton_garden_inn","displayName":"Hilton Garden Inn","category":"hotels","useLocationName":false,"locations":[
  {"lat":21.278778,"lon":-157.825143,"city":"Honolulu","state":"HI","address":"2330 Kuhio Avenue","name":""},
  {"lat":22.042591,"lon":-159.337027,"city":"Kapaa","state":"HI","address":"3-5920 Kuhio Highway","name":""},
  {"lat":33.121851,"lon":-117.32718,"city":"Carlsbad","state":"CA","address":"6450 Carlsbad Blvd","name":""},
  {"lat":33.46378,"lon":-117.681244,"city":"Dana Point","state":"CA","address":"34402 Pacific Coast Highway","name":""},
  {"lat":33.671967,"lon":-117.65847,"city":"Foothill Ranch","state":"CA","address":"27082 Towne Centre Drive","name":""},
  {"lat":33.680477,"lon":-117.84877,"city":"Irvine","state":"CA","address":"2381 Morse Avenue","name":""},
  {"lat":33.626343,"lon":-117.716985,"city":"Lake Forest","state":"CA","address":"23131 Lake Center Drive","name":""},
  {"lat":33.742815,"lon":-116.413547,"city":"Rancho Mirage","state":"CA","address":"71-700 Highway 111","name":""},
  {"lat":32.9171,"lon":-117.2288,"city":"San Diego","state":"CA","address":"3939 Ocean Bluff Ave","name":""},
  {"lat":32.725906,"lon":-117.171778,"city":"San Diego","state":"CA","address":"2137 Pacific Highway Suite A","name":""},
  {"lat":32.811792,"lon":-117.115945,"city":"San Diego","state":"CA","address":"3805 Murphy Canyon Road","name":""},
  {"lat":32.75835,"lon":-117.198006,"city":"San Diego","state":"CA","address":"4200 Taylor Street","name":""},
  {"lat":33.026188,"lon":-117.074938,"city":"San Diego","state":"CA","address":"17240 Bernardo Center Drive","name":""},
  {"lat":33.502098,"lon":-117.153994,"city":"Temecula","state":"CA","address":"28210 Jefferson Ave.","name":""},
  {"lat":32.7266,"lon":-114.6197,"city":"Yuma","state":"AZ","address":"310 N Madison Ave","name":""},
  {"lat":35.380119,"lon":-119.048767,"city":"Bakersfield","state":"CA","address":"3625 Marriott Drive","name":""},
  {"lat":34.178238,"lon":-118.305885,"city":"Burbank","state":"CA","address":"401 S. San Fernando Blvd","name":""},
  {"lat":34.151436,"lon":-118.64856,"city":"Calabasas","state":"CA","address":"24150 Park Sorrento","name":""},
  {"lat":33.9234,"lon":-118.3877,"city":"El Segundo","state":"CA","address":"2100 East Mariposa Avenue","name":""},
  {"lat":34.43054,"lon":-119.868842,"city":"Goleta","state":"CA","address":"6878 Hollister Avenue","name":""},
  {"lat":34.657416,"lon":-120.458826,"city":"Lompoc","state":"CA","address":"1201 North H Street","name":""},
  {"lat":33.946,"lon":-118.372,"city":"Los Angeles","state":"CA","address":"5249 W Century Blvd","name":""},
  {"lat":34.106613,"lon":-118.337975,"city":"Los Angeles","state":"CA","address":"2005 N. Highland Avenue","name":""},
  {"lat":33.985229,"lon":-118.455185,"city":"Marina del Rey","state":"CA","address":"4200 Admiralty Way","name":""},
  {"lat":34.026876,"lon":-118.13477,"city":"Montebello","state":"CA","address":"801 Via San Clemente","name":""},
  {"lat":34.221138,"lon":-119.144058,"city":"Oxnard","state":"CA","address":"2000 Solar Drive","name":""},
  {"lat":34.6085,"lon":-118.1546,"city":"Palmdale","state":"CA","address":"1309 W. Rancho Vista Blvd","name":""},
  {"lat":35.136723,"lon":-120.620567,"city":"Pismo Beach","state":"CA","address":"601 James Way","name":""},
  {"lat":33.893848,"lon":-118.366566,"city":"Redondo Beach","state":"CA","address":"2410 Marine Avenue","name":""},
  {"lat":34.423958,"lon":-118.585,"city":"Valencia","state":"CA","address":"27710 The Old Road","name":""},
  {"lat":36.328516,"lon":-119.388658,"city":"Visalia","state":"CA","address":"8715 West Hillsdale Avenue","name":""},
  {"lat":37.657598,"lon":-122.397377,"city":"South San Francisco","state":"CA","address":"670 Gateway Blvd","name":""},
  {"lat":37.3342,"lon":-122.0147,"city":"Cupertino","state":"CA","address":"10741 North Wolfe Road","name":""},
  {"lat":37.838058,"lon":-122.297813,"city":"Emeryville","state":"CA","address":"1800 Powell Street","name":""},
  {"lat":37.494642,"lon":-121.931637,"city":"Fremont","state":"CA","address":"45976 Warm Springs Blvd","name":""},
  {"lat":36.988434,"lon":-121.559555,"city":"Gilroy","state":"CA","address":"6070 Monterey Road","name":""},
  {"lat":37.701,"lon":-121.8172,"city":"Livermore","state":"CA","address":"2801 Constitution Drive","name":""},
  {"lat":37.425172,"lon":-121.922885,"city":"Milpitas","state":"CA","address":"30 Ranch Drive","name":""},
  {"lat":36.59051,"lon":-121.87975,"city":"Monterey","state":"CA","address":"1000 Aguajito Road","name":""},
  {"lat":37.409182,"lon":-122.122719,"city":"Palo Alto","state":"CA","address":"4216 El Camino Real","name":""},
  {"lat":37.363167,"lon":-121.908117,"city":"San Jose","state":"CA","address":"101 E Gish Rd","name":""},
  {"lat":37.686463,"lon":-122.13351,"city":"San Leandro","state":"CA","address":"510 Lewelling Boulevard","name":""},
  {"lat":37.563491,"lon":-122.28182,"city":"San Mateo","state":"CA","address":"2000 Bridgepointe Circle","name":""},
  {"lat":37.394735,"lon":-122.029552,"city":"Sunnyvale","state":"CA","address":"767 N. Mathilda","name":""},
  {"lat":37.914235,"lon":-122.064275,"city":"Walnut Creek","state":"CA","address":"490 Lawrence Way","name":""},
  {"lat":38.513382,"lon":-122.781937,"city":"Santa Rosa","state":"CA","address":"417 Aviation Blvd","name":""},
  {"lat":38.542579,"lon":-121.739601,"city":"Davis","state":"CA","address":"110 F St.","name":""},
  {"lat":38.422581,"lon":-121.397583,"city":"Elk Grove","state":"CA","address":"9241 Laguna Springs Drive","name":""},
  {"lat":38.259835,"lon":-122.06002,"city":"Fairfield","state":"CA","address":"2200 Gateway Court","name":""},
  {"lat":38.6419,"lon":-121.1861,"city":"Folsom","state":"CA","address":"221 Iron Point Road","name":""},
  {"lat":38.32352,"lon":-122.31184,"city":"Napa","state":"CA","address":"3585 Solano Avenue","name":""},
  {"lat":38.763641,"lon":-121.256706,"city":"Roseville","state":"CA","address":"1951 Taylor Road","name":""},
  {"lat":38.650652,"lon":-121.529083,"city":"Sacramento","state":"CA","address":"20 Advantage Ct.","name":""},
  {"lat":38.611715,"lon":-121.51556,"city":"Sacramento","state":"CA","address":"2540 Venture Oaks Way","name":""},
  {"lat":36.8083,"lon":-119.7213,"city":"Clovis","state":"CA","address":"520 West Shaw Ave","name":""},
  {"lat":37.273726,"lon":-120.434511,"city":"Merced","state":"CA","address":"1001 S Coffee Street","name":""},
  {"lat":33.811727,"lon":-117.912614,"city":"Anaheim","state":"CA","address":"1441 S Manchester Ave","name":""},
  {"lat":34.141727,"lon":-118.026115,"city":"Arcadia","state":"CA","address":"199 North Second Avenue","name":""},
  {"lat":34.062206,"lon":-117.434334,"city":"Fontana","state":"CA","address":"10543 Sierra Avenue","name":""},
  {"lat":33.7905,"lon":-117.915,"city":"Garden Grove","state":"CA","address":"11777 Harbor Blvd","name":""},
  {"lat":34.035179,"lon":-117.760478,"city":"Pomona","state":"CA","address":"2027 Rancho Valley Drive","name":""},
  {"lat":34.078754,"lon":-117.554474,"city":"Rancho Cucamonga","state":"CA","address":"11481 Mission Vista Drive","name":""},
  {"lat":34.069416,"lon":-117.27813,"city":"San Bernardino","state":"CA","address":"1755 S Waterman Ave","name":""},
  {"lat":34.479141,"lon":-117.337227,"city":"Victorville","state":"CA","address":"12603 Mariposa Road","name":""},
  {"lat":36.0569,"lon":-115.043,"city":"Henderson","state":"NV","address":"1340 West Warm Springs Road","name":""},
  {"lat":36.105506,"lon":-115.182081,"city":"Las Vegas","state":"NV","address":"4655 Dean Martin Dr.","name":""},
  {"lat":36.047134,"lon":-115.170647,"city":"Las Vegas","state":"NV","address":"7830 South Las Vegas Boulevard","name":""},
  {"lat":37.076838,"lon":-113.583499,"city":"St. George","state":"UT","address":"1731 South Convention Center Drive","name":""},
  {"lat":44.045586,"lon":-121.314072,"city":"Bend","state":"OR","address":"425 SW Bluff Drive","name":""},
  {"lat":44.55808,"lon":-123.279199,"city":"Corvallis","state":"OR","address":"2500 SW Western Boulevard","name":""},
  {"lat":42.314141,"lon":-122.846503,"city":"Medford","state":"OR","address":"1000 Welcome Way","name":""},
  {"lat":40.537804,"lon":-122.3517,"city":"Redding","state":"CA","address":"5050 Bechelli Lane","name":""},
  {"lat":39.4401,"lon":-119.7588,"city":"Reno","state":"NV","address":"9920 Double R Boulevard","name":""},
  {"lat":44.085096,"lon":-123.041796,"city":"Springfield","state":"OR","address":"3528 Gateway Street","name":""},
  {"lat":43.616357,"lon":-116.210466,"city":"Boise","state":"ID","address":"348 S. 13th. Street","name":""},
  {"lat":43.587563,"lon":-116.2752,"city":"Boise","state":"ID","address":"7699 West Spectrum Street","name":""},
  {"lat":43.687183,"lon":-116.35382,"city":"Eagle","state":"ID","address":"145 E. Riverside Drive","name":""},
  {"lat":42.592785,"lon":-114.47097,"city":"Twin Falls","state":"ID","address":"1741 Harrison Street North","name":""},
  {"lat":33.457645,"lon":-112.304936,"city":"Avondale","state":"AZ","address":"11460 West Hilton Way","name":""},
  {"lat":33.301649,"lon":-111.841528,"city":"Chandler","state":"AZ","address":"150 South Arizona Avenue","name":""},
  {"lat":33.6739,"lon":-111.9829,"city":"Phoenix","state":"AZ","address":"4425 East Irma Lane","name":""},
  {"lat":33.414803,"lon":-112.00851,"city":"Phoenix","state":"AZ","address":"3422 E. Elwood St","name":""},
  {"lat":33.451603,"lon":-111.997429,"city":"Phoenix","state":"AZ","address":"3838 East Van Buren Street","name":""},
  {"lat":33.450179,"lon":-112.073453,"city":"Phoenix","state":"AZ","address":"15 East Monroe Street","name":""},
  {"lat":33.699615,"lon":-112.101448,"city":"Phoenix","state":"AZ","address":"1940 West Pinnacle Peak Road","name":""},
  {"lat":33.646057,"lon":-111.896469,"city":"Scottsdale","state":"AZ","address":"8550 East Princess Drive","name":""},
  {"lat":33.495537,"lon":-111.923386,"city":"Scottsdale","state":"AZ","address":"7324 East Indian School Road","name":""},
  {"lat":33.63548,"lon":-112.378603,"city":"Surprise","state":"AZ","address":"16601 North Stadium Way","name":""},
  {"lat":33.354298,"lon":-111.895183,"city":"Tempe","state":"AZ","address":"7290 Price Road","name":""},
  {"lat":33.43016,"lon":-111.89821,"city":"Tempe","state":"AZ","address":"86 S Rockford Dr.","name":""},
  {"lat":32.132996,"lon":-110.92514,"city":"Tucson","state":"AZ","address":"6575 South Country Club Road","name":""},
  {"lat":31.77269,"lon":-106.501009,"city":"El Paso","state":"TX","address":"111 West University Avenue","name":""},
  {"lat":31.779447,"lon":-106.39543,"city":"El Paso","state":"TX","address":"6650 Gateway Blvd East","name":""},
  {"lat":32.752289,"lon":-103.17141,"city":"Hobbs","state":"NM","address":"4620 Lovington Highway","name":""},
  {"lat":32.288822,"lon":-106.737663,"city":"Las Cruces","state":"NM","address":"2550 Don Roser Drive","name":""},
  {"lat":33.552811,"lon":-101.946033,"city":"Lubbock","state":"TX","address":"6027 45th Street","name":""},
  {"lat":31.993,"lon":-102.153275,"city":"Midland","state":"TX","address":"1301 N Loop 250 W","name":""},
  {"lat":31.9032,"lon":-102.3377,"city":"Odessa","state":"TX","address":"5221 JBS Parkway","name":""},
  {"lat":27.695929,"lon":-97.350929,"city":"Corpus Christi","state":"TX","address":"6717 South Padre Island Drive","name":""},
  {"lat":26.199424,"lon":-97.724214,"city":"Harlingen","state":"TX","address":"751 Harlingen Heights Dr.","name":""},
  {"lat":26.188771,"lon":-98.228909,"city":"McAllen","state":"TX","address":"617 West Expressway 83","name":""},
  {"lat":26.142,"lon":-97.1721,"city":"South Padre Island","state":"TX","address":"7010 Padre Boulevard","name":""},
  {"lat":29.5574,"lon":-98.4832,"city":"San Antonio","state":"TX","address":"12828 San Pedro Avenue","name":""},
  {"lat":29.519323,"lon":-98.464373,"city":"San Antonio","state":"TX","address":"8505 Broadway","name":""},
  {"lat":29.602792,"lon":-98.597781,"city":"San Antonio","state":"TX","address":"5730 Rim Pass","name":""},
  {"lat":29.426368,"lon":-98.48827,"city":"San Antonio","state":"TX","address":"408 East Houston Street","name":""},
  {"lat":30.221828,"lon":-97.68838,"city":"Austin","state":"TX","address":"7610 John Glenn Way","name":""},
  {"lat":30.338273,"lon":-97.697001,"city":"Austin","state":"TX","address":"860 E Anderson Lane","name":""},
  {"lat":30.265322,"lon":-97.735561,"city":"Austin","state":"TX","address":"500 N Interstate 35","name":""},
  {"lat":30.408117,"lon":-97.677727,"city":"Austin","state":"TX","address":"12400 North IH-35 Building C","name":""},
  {"lat":30.393115,"lon":-97.719626,"city":"Austin","state":"TX","address":"2600 Brockton Dr.","name":""},
  {"lat":30.415262,"lon":-97.744225,"city":"Austin","state":"TX","address":"11617 Research Boulevard","name":""},
  {"lat":30.279449,"lon":-97.741508,"city":"Austin","state":"TX","address":"301 West 17th Street","name":""},
  {"lat":30.474817,"lon":-97.781284,"city":"Austin","state":"TX","address":"13501 Lyndhurst St. Building 1","name":""},
  {"lat":30.646589,"lon":-96.302036,"city":"Bryan","state":"TX","address":"3081 University Drive East","name":""},
  {"lat":29.7814,"lon":-95.8098,"city":"Katy","state":"TX","address":"2409 Texmati Drive","name":""},
  {"lat":29.563196,"lon":-98.331038,"city":"Live Oak","state":"TX","address":"8101 Pat Booker Rd","name":""},
  {"lat":29.7089,"lon":-98.0904,"city":"New Braunfels","state":"TX","address":"1501 IH-35 North","name":""},
  {"lat":30.533761,"lon":-97.693969,"city":"Round Rock","state":"TX","address":"2310 North IH35","name":""},
  {"lat":29.903488,"lon":-97.904268,"city":"San Marcos","state":"TX","address":"2131 N. HWY 35","name":""},
  {"lat":29.6075,"lon":-95.6439,"city":"Sugar Land","state":"TX","address":"722 Bonaventure Way","name":""},
  {"lat":28.859964,"lon":-96.994087,"city":"Victoria","state":"TX","address":"123 Huvar St.","name":""},
  {"lat":32.396156,"lon":-99.764381,"city":"Abilene","state":"TX","address":"4449 Ridgemont Drive","name":""},
  {"lat":31.0784,"lon":-97.368,"city":"Temple","state":"TX","address":"1749 Scott Boulevard","name":""},
  {"lat":31.491823,"lon":-97.159781,"city":"Waco","state":"TX","address":"5800 Legend Lake Parkway","name":""},
  {"lat":32.7613,"lon":-97.0721,"city":"Arlington","state":"TX","address":"2190 E. Lamar Boulevard","name":""},
  {"lat":32.680283,"lon":-97.101212,"city":"Arlington","state":"TX","address":"521 East Interstate 20","name":""},
  {"lat":33.182756,"lon":-97.099153,"city":"Denton","state":"TX","address":"3110 Colorado Blvd","name":""},
  {"lat":32.972146,"lon":-97.308311,"city":"Fort Worth","state":"TX","address":"2600 WestPort Parkway","name":""},
  {"lat":32.734566,"lon":-97.351484,"city":"Fort Worth","state":"TX","address":"912 Northton Street","name":""},
  {"lat":32.821702,"lon":-97.312225,"city":"Fort Worth","state":"TX","address":"4400 North Freeway","name":""},
  {"lat":32.442173,"lon":-97.779895,"city":"Granbury","state":"TX","address":"635 East Pearl Street","name":""},
  {"lat":32.92007,"lon":-97.079755,"city":"Grapevine","state":"TX","address":"205 W State Hwy 114","name":""},
  {"lat":32.955744,"lon":-97.050452,"city":"Grapevine","state":"TX","address":"2240 Bass Pro Court","name":""},
  {"lat":32.84184,"lon":-97.191901,"city":"Hurst","state":"TX","address":"1615 Campus Drive","name":""},
  {"lat":32.953,"lon":-96.8436,"city":"Addison","state":"TX","address":"4090 Belt Line Rd.","name":""},
  {"lat":32.8023,"lon":-96.8325,"city":"Dallas","state":"TX","address":"2325 North Stemmons Freeway","name":""},
  {"lat":32.781988,"lon":-96.798992,"city":"Dallas","state":"TX","address":"1600 Pacific Avenue","name":""},
  {"lat":32.886645,"lon":-96.768795,"city":"Dallas","state":"TX","address":"10350 N Central Expy","name":""},
  {"lat":32.6632,"lon":-96.9048,"city":"Duncanville","state":"TX","address":"800 North Main Street","name":""},
  {"lat":32.703,"lon":-97.028,"city":"Grand Prairie","state":"TX","address":"2935 S State Highway 161","name":""},
  {"lat":32.834373,"lon":-97.023018,"city":"Irving","state":"TX","address":"2001 Valley View Lane","name":""},
  {"lat":32.910662,"lon":-96.954949,"city":"Irving","state":"TX","address":"7516 Las Colinas Boulevard","name":""},
  {"lat":32.996,"lon":-96.9661,"city":"Lewisville","state":"TX","address":"785 State Highway 121","name":""},
  {"lat":33.0026,"lon":-96.7416,"city":"Richardson","state":"TX","address":"1001 W President George Bush","name":""},
  {"lat":33.093019,"lon":-96.680013,"city":"Allen","state":"TX","address":"705 Central Expressway South","name":""},
  {"lat":33.709398,"lon":-96.591516,"city":"Denison","state":"TX","address":"5015 US 75","name":""},
  {"lat":33.102104,"lon":-96.819243,"city":"Frisco","state":"TX","address":"7550 Gaylord Parkway","name":""},
  {"lat":29.807513,"lon":-94.983821,"city":"Baytown","state":"TX","address":"4910 E. Chase St.","name":""},
  {"lat":29.782514,"lon":-95.604009,"city":"Houston","state":"TX","address":"12245 Katy Freeway","name":""},
  {"lat":29.653268,"lon":-95.264468,"city":"Houston","state":"TX","address":"8001 Monroe Boulevard","name":""},
  {"lat":29.704625,"lon":-95.385447,"city":"Houston","state":"TX","address":"6840 Almeda Rd.","name":""},
  {"lat":29.86835,"lon":-95.544953,"city":"Houston","state":"TX","address":"14919 Northwest Freeway","name":""},
  {"lat":29.964163,"lon":-95.54879,"city":"Houston","state":"TX","address":"7979 Willow Chase Boulevard","name":""},
  {"lat":29.941799,"lon":-95.330513,"city":"Houston","state":"TX","address":"15400 John F. Kennedy Boulevard","name":""},
  {"lat":29.734243,"lon":-95.466095,"city":"Houston","state":"TX","address":"3201 Sage Road","name":""},
  {"lat":29.5773,"lon":-95.4065,"city":"Pearland","state":"TX","address":"12101 Shadow Creek Pkwy","name":""},
  {"lat":30.10488,"lon":-95.428728,"city":"Spring","state":"TX","address":"23535 Northgate Crossing Blvd.","name":""},
  {"lat":30.169593,"lon":-95.461903,"city":"The Woodlands","state":"TX","address":"9301 Six Pines Drive","name":""},
  {"lat":29.5469,"lon":-95.1353,"city":"Webster","state":"TX","address":"750 W. Texas Avenue","name":""},
  {"lat":30.043017,"lon":-94.151404,"city":"Beaumont","state":"TX","address":"3755 IH-10 South","name":""},
  {"lat":30.520181,"lon":-91.157532,"city":"Baton Rouge","state":"LA","address":"3330 Harding Boulevard","name":""},
  {"lat":30.431913,"lon":-90.087113,"city":"Covington","state":"LA","address":"350 Holiday Square Boulevard","name":""},
  {"lat":30.219985,"lon":-92.041119,"city":"Lafayette","state":"LA","address":"2350 West Congress Street","name":""},
  {"lat":29.941747,"lon":-90.065837,"city":"New Orleans","state":"LA","address":"1001 S. Peters Street","name":""},
  {"lat":29.952457,"lon":-90.0718,"city":"New Orleans","state":"LA","address":"821 Gravier Street","name":""},
  {"lat":32.5182,"lon":-93.710806,"city":"Bossier City","state":"LA","address":"2015 Old Minden Road","name":""},
  {"lat":32.548296,"lon":-94.73245,"city":"Longview","state":"TX","address":"905 East Hawkins Parkway","name":""},
  {"lat":32.452021,"lon":-93.85634,"city":"Shreveport","state":"LA","address":"5971 Financial Plaza","name":""},
  {"lat":33.4586,"lon":-94.076185,"city":"Texarkana","state":"TX","address":"2910 South Cowhorn Creek Loop","name":""},
  {"lat":32.280638,"lon":-95.303478,"city":"Tyler","state":"TX","address":"220 East Grande","name":""},
  {"lat":32.328313,"lon":-90.324332,"city":"Clinton","state":"MS","address":"5007 Hampstead Boulevard","name":""},
  {"lat":32.338053,"lon":-90.072784,"city":"Flowood","state":"MS","address":"118 Laurel Park Cove","name":""},
  {"lat":32.300171,"lon":-90.190559,"city":"Jackson","state":"MS","address":"235 West Capitol Street","name":""},
  {"lat":32.472641,"lon":-90.1435,"city":"Madison","state":"MS","address":"320 New Mannsdale Road","name":""},
  {"lat":32.267071,"lon":-90.145455,"city":"Pearl","state":"MS","address":"438 Riverwind Drive","name":""},
  {"lat":32.5101,"lon":-92.1842,"city":"West Monroe","state":"LA","address":"400 Mane Street","name":""},
  {"lat":35.179596,"lon":-111.66198,"city":"Flagstaff","state":"AZ","address":"350 West Forest Meadows St.","name":""},
  {"lat":35.527465,"lon":-108.765924,"city":"Gallup","state":"NM","address":"1530 West Maloney Avenue","name":""},
  {"lat":34.545473,"lon":-112.470425,"city":"Prescott","state":"AZ","address":"300 N Montezuma St","name":""},
  {"lat":35.053425,"lon":-106.622711,"city":"Albuquerque","state":"NM","address":"2601 Yale Boulevard SE","name":""},
  {"lat":35.083317,"lon":-106.645088,"city":"Albuquerque","state":"NM","address":"222 Central Ave. SE","name":""},
  {"lat":35.100872,"lon":-106.572185,"city":"Albuquerque","state":"NM","address":"6510 Americas Parkway NE","name":""},
  {"lat":35.159763,"lon":-106.58305,"city":"Albuquerque","state":"NM","address":"5320 San Antonio Drive NE","name":""},
  {"lat":35.1876,"lon":-101.9418,"city":"Amarillo","state":"TX","address":"9000 Interstate 40 West","name":""},
  {"lat":38.801117,"lon":-104.731567,"city":"Colorado Springs","state":"CO","address":"2035 Aerotech Drive","name":""},
  {"lat":38.836528,"lon":-104.824881,"city":"Colorado Springs","state":"CO","address":"125 N. Cascade Ave.","name":""},
  {"lat":38.965328,"lon":-104.79603,"city":"Colorado Springs","state":"CO","address":"1810 Briargate Parkway","name":""},
  {"lat":35.225542,"lon":-106.66091,"city":"Rio Rancho","state":"NM","address":"1771 Rio Rancho Blvd.","name":""},
  {"lat":37.173478,"lon":-104.506515,"city":"Trinidad","state":"CO","address":"201 Americana Rd.","name":""},
  {"lat":43.4975,"lon":-112.0451,"city":"Idaho Falls","state":"ID","address":"700 Lindsay Blvd","name":""},
  {"lat":41.083881,"lon":-111.980164,"city":"Layton","state":"UT","address":"762 West Heritage Park Blvd","name":""},
  {"lat":40.428984,"lon":-111.884614,"city":"Lehi","state":"UT","address":"3150 N Hotel Loop","name":""},
  {"lat":41.225275,"lon":-111.970422,"city":"Ogden","state":"UT","address":"2271 S. Washington Blvd.","name":""},
  {"lat":40.772923,"lon":-112.009537,"city":"Salt Lake City","state":"UT","address":"4975 Wiley Post Way","name":""},
  {"lat":40.756893,"lon":-111.898613,"city":"Salt Lake City","state":"UT","address":"250 West 600 South","name":""},
  {"lat":40.56842,"lon":-111.898369,"city":"Sandy","state":"UT","address":"277 West Sego Lily Drive","name":""},
  {"lat":39.796414,"lon":-105.081877,"city":"Arvada","state":"CO","address":"5455 Olde Wadsworth Blvd","name":""},
  {"lat":39.7715,"lon":-104.7964,"city":"Aurora","state":"CO","address":"16475 East 40th Circle","name":""},
  {"lat":40.018025,"lon":-105.259385,"city":"Boulder","state":"CO","address":"2701 Canyon Boulevard","name":""},
  {"lat":39.927904,"lon":-105.130021,"city":"Broomfield","state":"CO","address":"576 Flatiron Blvd.","name":""},
  {"lat":42.862729,"lon":-106.332698,"city":"Casper","state":"WY","address":"1150 N. Poplar Street","name":""},
  {"lat":39.815935,"lon":-104.770308,"city":"Denver","state":"CO","address":"18600 East 66th Avenue","name":""},
  {"lat":39.742718,"lon":-104.993149,"city":"Denver","state":"CO","address":"1400 Welton Street","name":""},
  {"lat":39.6286,"lon":-104.901,"city":"Denver","state":"CO","address":"7675 East Union Ave.","name":""},
  {"lat":39.757718,"lon":-104.999264,"city":"Denver","state":"CO","address":"1999 Chestnut Place","name":""},
  {"lat":39.7055,"lon":-104.9404,"city":"Denver","state":"CO","address":"600 S. Colorado Blvd.","name":""},
  {"lat":39.543161,"lon":-104.86601,"city":"Englewood","state":"CO","address":"9290 Meridian Boulevard","name":""},
  {"lat":40.5231,"lon":-105.0264,"city":"Fort Collins","state":"CO","address":"2821 East Harmony Road","name":""},
  {"lat":39.556541,"lon":-104.999298,"city":"Highlands Ranch","state":"CO","address":"1050 Plaza Drive","name":""},
  {"lat":41.30943,"lon":-105.564427,"city":"Laramie","state":"WY","address":"2229 Grand Ave.","name":""},
  {"lat":40.15379,"lon":-105.091524,"city":"Longmont","state":"CO","address":"470 South Martin Street","name":""},
  {"lat":44.107156,"lon":-103.198142,"city":"Rapid City","state":"SD","address":"815 E. Mall Drive","name":""},
  {"lat":39.955367,"lon":-104.98626,"city":"Thornton","state":"CO","address":"14275 Lincoln St","name":""},
  {"lat":34.186589,"lon":-97.163038,"city":"Ardmore","state":"OK","address":"710 Premier Pkwy","name":""},
  {"lat":36.075202,"lon":-95.794321,"city":"Broken Arrow","state":"OK","address":"420 West Albany Street","name":""},
  {"lat":35.683,"lon":-97.423,"city":"Edmond","state":"OK","address":"2833 Conference Drive","name":""},
  {"lat":34.6108,"lon":-98.3904,"city":"Lawton","state":"OK","address":"135 NW 2nd Street","name":""},
  {"lat":35.226261,"lon":-97.487656,"city":"Norman","state":"OK","address":"700 Copperfield Drive","name":""},
  {"lat":35.455377,"lon":-97.601367,"city":"Oklahoma City","state":"OK","address":"801 S. Meridian Ave.","name":""},
  {"lat":35.466263,"lon":-97.506044,"city":"Oklahoma City","state":"OK","address":"328 East Sheridan Avenue","name":""},
  {"lat":35.5262,"lon":-97.5634,"city":"Oklahoma City","state":"OK","address":"2809 Northwest Expressway","name":""},
  {"lat":35.611015,"lon":-97.574049,"city":"Oklahoma City","state":"OK","address":"3201 N. W. 137th Street","name":""},
  {"lat":36.184205,"lon":-95.890489,"city":"Tulsa","state":"OK","address":"7728 E. Virgin Court","name":""},
  {"lat":36.092319,"lon":-95.924919,"city":"Tulsa","state":"OK","address":"4518 E Skelly Drive","name":""},
  {"lat":36.0462,"lon":-95.8662,"city":"Tulsa","state":"OK","address":"8202 South 100th East Avenue","name":""},
  {"lat":38.902378,"lon":-99.322649,"city":"Hays","state":"KS","address":"221 West 43rd Street","name":""},
  {"lat":36.751114,"lon":-95.979088,"city":"Bartlesville","state":"OK","address":"205 SW Frank Phillips Blvd.","name":""},
  {"lat":38.074221,"lon":-97.896289,"city":"Hutchinson","state":"KS","address":"1715 N Waldron Street","name":""},
  {"lat":39.175956,"lon":-96.560349,"city":"Manhattan","state":"KS","address":"410 South 3rd Street","name":""},
  {"lat":38.780056,"lon":-97.613004,"city":"Salina","state":"KS","address":"3320 South 9th Street","name":""},
  {"lat":39.042932,"lon":-95.76692,"city":"Topeka","state":"KS","address":"1351 SW Arvonia Pl","name":""},
  {"lat":37.721448,"lon":-97.241733,"city":"Wichita","state":"KS","address":"2041 North Bradley Fair Parkway","name":""},
  {"lat":37.666915,"lon":-97.426392,"city":"Wichita","state":"KS","address":"1523 S Ridge Rd","name":""},
  {"lat":37.685825,"lon":-97.333964,"city":"Wichita","state":"KS","address":"401 E Douglas Ave","name":""},
  {"lat":36.33474,"lon":-94.187743,"city":"Bentonville","state":"AR","address":"2204 S.E. Walton Blvd","name":""},
  {"lat":36.0807,"lon":-94.200268,"city":"Fayetteville","state":"AR","address":"1325 N Shiloh Dr.","name":""},
  {"lat":35.089561,"lon":-92.416188,"city":"Conway","state":"AR","address":"805 Amity Road","name":""},
  {"lat":35.8118,"lon":-90.6735,"city":"Jonesboro","state":"AR","address":"2840 South Caraway Road","name":""},
  {"lat":34.744958,"lon":-92.2675,"city":"Little Rock","state":"AR","address":"322 Rock Street","name":""},
  {"lat":34.743505,"lon":-92.395372,"city":"Little Rock","state":"AR","address":"10914 Kanis Road","name":""},
  {"lat":35.142117,"lon":-90.050342,"city":"Memphis","state":"TN","address":"201 Union Avenue","name":""},
  {"lat":34.7899,"lon":-92.2148,"city":"North Little Rock","state":"AR","address":"4100 Glover Lane","name":""},
  {"lat":39.041241,"lon":-94.348259,"city":"Independence","state":"MO","address":"19677 East Jackson Drive","name":""},
  {"lat":39.290127,"lon":-94.680051,"city":"Kansas City","state":"MO","address":"10920 N Ambassador Dr","name":""},
  {"lat":39.115585,"lon":-94.621855,"city":"Kansas City","state":"KS","address":"520 Minnesota Avenue","name":""},
  {"lat":38.911278,"lon":-94.769707,"city":"Olathe","state":"KS","address":"12080 South Strang Line Road","name":""},
  {"lat":38.927463,"lon":-94.65132,"city":"Overland Park","state":"KS","address":"5800 College Boulevard","name":""},
  {"lat":39.162748,"lon":-94.636202,"city":"Riverside","state":"MO","address":"5006 Teal Rising Way","name":""},
  {"lat":37.1374,"lon":-93.2531,"city":"Springfield","state":"MO","address":"4155 South Nature Center Way","name":""},
  {"lat":38.6657,"lon":-90.5756,"city":"Chesterfield","state":"MO","address":"16631 Chesterfield Grove Rd","name":""},
  {"lat":38.975,"lon":-92.29,"city":"Columbia","state":"MO","address":"3300 Vandiver Drive","name":""},
  {"lat":38.7516,"lon":-90.7517,"city":"O'Fallon","state":"MO","address":"2310 Technology Dr.","name":""},
  {"lat":38.7222,"lon":-90.3173,"city":"St. Louis","state":"MO","address":"4450 Evans Place","name":""},
  {"lat":41.2407,"lon":-95.8839,"city":"Council Bluffs","state":"IA","address":"2702 Mid America Drive","name":""},
  {"lat":40.817,"lon":-96.709986,"city":"Lincoln","state":"NE","address":"801 R Street","name":""},
  {"lat":41.239981,"lon":-96.016875,"city":"Omaha","state":"NE","address":"6737 Frances St.","name":""},
  {"lat":41.259611,"lon":-95.929431,"city":"Omaha","state":"NE","address":"1005 Dodge Street","name":""},
  {"lat":41.2622,"lon":-96.1952,"city":"Omaha","state":"NE","address":"17879 Chicago Street","name":""},
  {"lat":42.491,"lon":-96.422,"city":"Sioux City","state":"IA","address":"1132 Larsen Park Road","name":""},
  {"lat":43.5486,"lon":-96.725,"city":"Sioux Falls","state":"SD","address":"201 E 8th Street","name":""},
  {"lat":43.4979,"lon":-96.7721,"city":"Sioux Falls","state":"SD","address":"5300 South Grand Circle","name":""},
  {"lat":42.0135,"lon":-93.6813,"city":"Ames","state":"IA","address":"1325 Dickinson Ave","name":""},
  {"lat":41.522491,"lon":-93.646317,"city":"Des Moines","state":"IA","address":"6800 Fleur Drive","name":""},
  {"lat":41.653378,"lon":-93.739191,"city":"Johnston","state":"IA","address":"8600 Northpark Drive","name":""},
  {"lat":41.567932,"lon":-93.797117,"city":"West Des Moines","state":"IA","address":"205 South 64th Street","name":""},
  {"lat":41.538731,"lon":-90.518636,"city":"Bettendorf","state":"IA","address":"959 Middle Road","name":""},
  {"lat":42.027805,"lon":-91.705224,"city":"Cedar Rapids","state":"IA","address":"4640 North River Blvd NE","name":""},
  {"lat":41.657207,"lon":-91.534373,"city":"Iowa City","state":"IA","address":"328 S. Clinton St.","name":""},
  {"lat":44.859175,"lon":-93.252241,"city":"Bloomington","state":"MN","address":"1601 East American Blvd","name":""},
  {"lat":44.857,"lon":-93.3479,"city":"Bloomington","state":"MN","address":"5140 American Blvd West","name":""},
  {"lat":44.788563,"lon":-93.206467,"city":"Eagan","state":"MN","address":"1975 Rahncliff Court","name":""},
  {"lat":44.889915,"lon":-93.420469,"city":"Eden Prairie","state":"MN","address":"6330 Point Chase","name":""},
  {"lat":44.1659,"lon":-94.0053,"city":"Mankato","state":"MN","address":"20 Civic Center Plaza","name":""},
  {"lat":44.970216,"lon":-93.26997,"city":"Minneapolis","state":"MN","address":"1101 4th Avenue South","name":""},
  {"lat":44.971192,"lon":-93.222724,"city":"Minneapolis","state":"MN","address":"511 Huron Blvd. SE","name":""},
  {"lat":42.4725,"lon":-92.4477,"city":"Cedar Falls","state":"IA","address":"7213 Nordic Drive","name":""},
  {"lat":42.51658,"lon":-90.645547,"city":"Dubuque","state":"IA","address":"1801 Greyhound Park Drive","name":""},
  {"lat":44.020805,"lon":-92.463486,"city":"Rochester","state":"MN","address":"225 South Broadway","name":""},
  {"lat":61.1801,"lon":-149.8834,"city":"Anchorage","state":"AK","address":"4555 Union Square Drive","name":""},
  {"lat":45.527607,"lon":-122.835732,"city":"Beaverton","state":"OR","address":"15520 NW Gateway Court","name":""},
  {"lat":47.618961,"lon":-122.196938,"city":"Bellevue","state":"WA","address":"10777 NE 10th St","name":""},
  {"lat":47.795405,"lon":-122.217231,"city":"Bothell","state":"WA","address":"22600 Bothell Everett Highway","name":""},
  {"lat":45.430902,"lon":-122.566944,"city":"Clackamas","state":"OR","address":"12566 SE 93rd Ave","name":""},
  {"lat":47.546368,"lon":-122.064903,"city":"Issaquah","state":"WA","address":"1800 NW Gilman Blvd","name":""},
  {"lat":45.417876,"lon":-122.74194,"city":"Lake Oswego","state":"OR","address":"14850 Kruse Oaks Dr.","name":""},
  {"lat":47.029551,"lon":-122.893177,"city":"Olympia","state":"WA","address":"2101 Henderson Park Lane SE","name":""},
  {"lat":45.567039,"lon":-122.53592,"city":"Portland","state":"OR","address":"12048 Northeast Airport Way","name":""},
  {"lat":47.67326,"lon":-122.118533,"city":"Redmond","state":"WA","address":"16630 Redmond Way","name":""},
  {"lat":47.46613,"lon":-122.22029,"city":"Renton","state":"WA","address":"1801 E. Valley Road","name":""},
  {"lat":47.434894,"lon":-122.292764,"city":"SeaTac","state":"WA","address":"3056 South 188th Street","name":""},
  {"lat":47.616144,"lon":-122.3318,"city":"Seattle","state":"WA","address":"1821 Boren Avenue","name":""},
  {"lat":47.242424,"lon":-122.437872,"city":"Tacoma","state":"WA","address":"2102 S C Street","name":""},
  {"lat":45.297149,"lon":-122.76836,"city":"Wilsonville","state":"OR","address":"30800 SW Parkway Avenue","name":""},
  {"lat":46.217723,"lon":-119.219639,"city":"Kennewick","state":"WA","address":"701 North Young Street","name":""},
  {"lat":47.426731,"lon":-120.308755,"city":"Wenatchee","state":"WA","address":"25 N. Worthen Street","name":""},
  {"lat":46.603687,"lon":-120.501213,"city":"Yakima","state":"WA","address":"401 East Yakima Avenue","name":""},
  {"lat":47.819682,"lon":-122.284478,"city":"Lynnwood","state":"WA","address":"3801 Alderwood Mall Blvd.","name":""},
  {"lat":47.922562,"lon":-122.290001,"city":"Mukilteo","state":"WA","address":"8401 Paine Field Blvd","name":""},
  {"lat":48.1793,"lon":-114.3023,"city":"Kalispell","state":"MT","address":"1840 Highway 93 South","name":""},
  {"lat":46.905064,"lon":-114.037246,"city":"Missoula","state":"MT","address":"3720 North Reserve Street","name":""},
  {"lat":47.6433,"lon":-117.5373,"city":"Spokane","state":"WA","address":"9015 W HIGHWAY 2","name":""},
  {"lat":45.752409,"lon":-108.576379,"city":"Billings","state":"MT","address":"2465 Grant Road","name":""},
  {"lat":45.699485,"lon":-111.063318,"city":"Bozeman","state":"MT","address":"2023 Commerce Way","name":""},
  {"lat":46.8552,"lon":-96.8551,"city":"Fargo","state":"ND","address":"4351 17th Ave S.","name":""},
  {"lat":47.919863,"lon":-97.091201,"city":"Grand Forks","state":"ND","address":"4301 James Ray Drive","name":""},
  {"lat":47.4799,"lon":-111.3386,"city":"Great Falls","state":"MT","address":"2520 14th Street SW","name":""},
  {"lat":45.07034,"lon":-93.449786,"city":"Maple Grove","state":"MN","address":"6350 Vinewood Lane","name":""},
  {"lat":45.060539,"lon":-93.144524,"city":"Shoreview","state":"MN","address":"1050 Gramsie Road","name":""},
  {"lat":45.552982,"lon":-94.223736,"city":"Waite Park","state":"MN","address":"550 Division Street","name":""},
  {"lat":24.570317,"lon":-81.753137,"city":"Key West","state":"FL","address":"3850 North Roosevelt Boulevard","name":""},
  {"lat":26.558468,"lon":-81.884445,"city":"Fort Myers","state":"FL","address":"12600 University Drive","name":""},
  {"lat":26.494679,"lon":-81.78533,"city":"Fort Myers","state":"FL","address":"16410 Corporate Commerce Way","name":""},
  {"lat":27.995998,"lon":-82.015556,"city":"Lakeland","state":"FL","address":"3839 Don Emerson Drive","name":""},
  {"lat":28.034712,"lon":-82.654961,"city":"Oldsmar","state":"FL","address":"4052 Tampa Road","name":""},
  {"lat":27.9096,"lon":-82.3462,"city":"Riverview","state":"FL","address":"4328 Garden Vista Drive","name":""},
  {"lat":27.393328,"lon":-82.563187,"city":"Sarasota","state":"FL","address":"8270 N Tamiami Trail","name":""},
  {"lat":27.732713,"lon":-82.746826,"city":"St. Pete Beach","state":"FL","address":"6100 Gulf Blvd","name":""},
  {"lat":27.9585,"lon":-82.533,"city":"Tampa","state":"FL","address":"5312 Avion Park Drive","name":""},
  {"lat":27.983267,"lon":-82.32917,"city":"Tampa","state":"FL","address":"10309 Highland Manor Drive","name":""},
  {"lat":27.962009,"lon":-82.439842,"city":"Tampa","state":"FL","address":"1700 East 9th Avenue","name":""},
  {"lat":28.0674,"lon":-82.3593,"city":"Temple Terrace","state":"FL","address":"13305 Tampa Oaks Blvd","name":""},
  {"lat":26.049108,"lon":-80.159726,"city":"Dania","state":"FL","address":"180 SW 18th Avenue","name":""},
  {"lat":25.480752,"lon":-80.437321,"city":"Homestead","state":"FL","address":"2601 NE 9th Court","name":""},
  {"lat":25.8093,"lon":-80.3173,"city":"Miami","state":"FL","address":"3550 NW 74th Ave","name":""},
  {"lat":25.751036,"lon":-80.203457,"city":"Miami","state":"FL","address":"2500 Brickell Avenue","name":""},
  {"lat":25.9866,"lon":-80.3407,"city":"Miramar","state":"FL","address":"14501 Hotel Road","name":""},
  {"lat":25.789554,"lon":-80.375589,"city":"Sweetwater","state":"FL","address":"1695 NW 111th Ave, Suite A","name":""},
  {"lat":26.421251,"lon":-80.093077,"city":"Boca Raton","state":"FL","address":"8201 Congress Avenue","name":""},
  {"lat":25.805804,"lon":-80.124809,"city":"Miami Beach","state":"FL","address":"2940 Collins Avenue","name":""},
  {"lat":26.696922,"lon":-80.074379,"city":"West Palm Beach","state":"FL","address":"1611 Worthington Road","name":""},
  {"lat":27.310524,"lon":-80.42141,"city":"Port St. Lucie","state":"FL","address":"8540 Commerce Centre Drive","name":""},
  {"lat":26.8478,"lon":-80.0904,"city":"Palm Beach Gardens","state":"FL","address":"3505 Kyoto Gardens Drive","name":""},
  {"lat":26.724647,"lon":-80.083217,"city":"West Palm Beach","state":"FL","address":"1675 Palm Beach Lakes Blvd","name":""},
  {"lat":30.393233,"lon":-88.883573,"city":"Biloxi","state":"MS","address":"648 Beach Boulevard","name":""},
  {"lat":30.654412,"lon":-87.911179,"city":"Daphne","state":"AL","address":"29546 North Main Street","name":""},
  {"lat":30.415945,"lon":-89.076248,"city":"Gulfport","state":"MS","address":"14108 Airport Rd","name":""},
  {"lat":30.692062,"lon":-88.043512,"city":"Mobile","state":"AL","address":"15 N. Conception St.","name":""},
  {"lat":30.674273,"lon":-88.129288,"city":"Mobile","state":"AL","address":"828 W. I-65 Service Road South","name":""},
  {"lat":30.258354,"lon":-87.630762,"city":"Orange Beach","state":"AL","address":"23092 Perdido Beach Boulevard","name":""},
  {"lat":30.373173,"lon":-88.53586,"city":"Pascagoula","state":"MS","address":"2703 Denny Avenue","name":""},
  {"lat":30.480102,"lon":-87.217729,"city":"Pensacola","state":"FL","address":"1144 Airport Boulevard","name":""},
  {"lat":30.414513,"lon":-87.203977,"city":"Pensacola","state":"FL","address":"8 S 9th Avenue","name":""},
  {"lat":30.395177,"lon":-86.597576,"city":"Fort Walton Beach","state":"FL","address":"1297 Miracle Strip Parkway SE","name":""},
  {"lat":30.376018,"lon":-86.352553,"city":"Miramar Beach","state":"FL","address":"220 Scenic Gulf Drive","name":""},
  {"lat":30.188421,"lon":-85.643223,"city":"Panama City","state":"FL","address":"1101 US Highway 231","name":""},
  {"lat":30.335682,"lon":-85.797879,"city":"Panama City","state":"FL","address":"5625 Venture Crossings Blvd","name":""},
  {"lat":31.327255,"lon":-89.355278,"city":"Hattiesburg","state":"MS","address":"133 Plaza Dr","name":""},
  {"lat":32.3686,"lon":-88.6734,"city":"Meridian","state":"MS","address":"109 US Highway 11 and 80","name":""},
  {"lat":33.4833,"lon":-88.7941,"city":"Starkville","state":"MS","address":"975 HWY 12 East","name":""},
  {"lat":33.1684,"lon":-87.5497,"city":"Tuscaloosa","state":"AL","address":"800 Hollywood Blvd.","name":""},
  {"lat":33.6619,"lon":-84.4303,"city":"Atlanta","state":"GA","address":"3437 Bobby Brown Parkway","name":""},
  {"lat":32.605092,"lon":-85.430321,"city":"Auburn","state":"AL","address":"2555 Hilton Garden Drive","name":""},
  {"lat":33.482119,"lon":-86.702364,"city":"Birmingham","state":"AL","address":"2090 Urban Center Parkway","name":""},
  {"lat":33.4468,"lon":-86.8291,"city":"Birmingham","state":"AL","address":"520 Wildwood Circle Drive North","name":""},
  {"lat":33.599,"lon":-86.6465,"city":"Birmingham","state":"AL","address":"3230 Edwards Lake Parkway","name":""},
  {"lat":33.50895,"lon":-86.806962,"city":"Birmingham","state":"AL","address":"250 18th Street South","name":""},
  {"lat":33.624837,"lon":-84.463916,"city":"College Park","state":"GA","address":"2301 Sullivan Road","name":""},
  {"lat":32.5351,"lon":-84.9777,"city":"Columbus","state":"GA","address":"1500 Bradley Lake Boulevard","name":""},
  {"lat":31.2697,"lon":-85.4447,"city":"Dothan","state":"AL","address":"171 Hospitality Lane","name":""},
  {"lat":33.351985,"lon":-86.847856,"city":"Hoover","state":"AL","address":"540 Emery Drive West","name":""},
  {"lat":32.361259,"lon":-86.157387,"city":"Montgomery","state":"AL","address":"7665 EastChase Parkway","name":""},
  {"lat":32.360922,"lon":-86.242836,"city":"Montgomery","state":"AL","address":"1600 Interstate Park Drive","name":""},
  {"lat":33.6123,"lon":-85.7922,"city":"Oxford","state":"AL","address":"280 Colonial Drive","name":""},
  {"lat":33.4045,"lon":-84.5981,"city":"Peachtree City","state":"GA","address":"2010 North Commerce Drive","name":""},
  {"lat":29.6227,"lon":-82.3844,"city":"Gainesville","state":"FL","address":"4075 SW 33rd Place","name":""},
  {"lat":30.482301,"lon":-81.651383,"city":"Jacksonville","state":"FL","address":"13503 Ranch Road","name":""},
  {"lat":30.312596,"lon":-81.653273,"city":"Jacksonville","state":"FL","address":"1201 Kings Avenue","name":""},
  {"lat":28.188966,"lon":-82.540101,"city":"Lutz","state":"FL","address":"2155 NorthPointe Parkway","name":""},
  {"lat":29.186624,"lon":-82.135651,"city":"Ocala","state":"FL","address":"120 East Silver Springs Blvd.","name":""},
  {"lat":30.1889,"lon":-81.7032,"city":"Orange Park","state":"FL","address":"145 Park Avenue","name":""},
  {"lat":30.499512,"lon":-84.251672,"city":"Tallahassee","state":"FL","address":"3333 Thomasville Road","name":""},
  {"lat":30.429653,"lon":-84.250145,"city":"Tallahassee","state":"FL","address":"1330 Blairstone Road","name":""},
  {"lat":30.842438,"lon":-83.324637,"city":"Valdosta","state":"GA","address":"1702 Gornto Drive","name":""},
  {"lat":28.186224,"lon":-82.374155,"city":"Wesley Chapel","state":"FL","address":"26640 Silver Maple Pkwy","name":""},
  {"lat":28.67275,"lon":-81.49953,"city":"Apopka","state":"FL","address":"580 E. Main Street","name":""},
  {"lat":28.398153,"lon":-80.612939,"city":"Cape Canaveral","state":"FL","address":"150 Imperial Blvd","name":""},
  {"lat":28.343241,"lon":-80.607032,"city":"Cocoa Beach","state":"FL","address":"2080 North Atlantic Avenue","name":""},
  {"lat":29.1924,"lon":-81.0622,"city":"Daytona Beach","state":"FL","address":"189 Midway Avenue","name":""},
  {"lat":29.263842,"lon":-81.026038,"city":"Daytona Beach","state":"FL","address":"2560 N. Atlantic Avenue","name":""},
  {"lat":28.758856,"lon":-81.360977,"city":"Lake Mary","state":"FL","address":"705 Currency Circle","name":""},
  {"lat":28.262558,"lon":-80.732811,"city":"Melbourne","state":"FL","address":"5655 Fresh Springs Lane","name":""},
  {"lat":28.392851,"lon":-81.492858,"city":"Orlando","state":"FL","address":"11400 Marbella Palm Ct.","name":""},
  {"lat":28.458227,"lon":-81.308006,"city":"Orlando","state":"FL","address":"7300 Augusta National Drive","name":""},
  {"lat":28.410363,"lon":-81.471899,"city":"Orlando","state":"FL","address":"6850 Westwood Boulevard","name":""},
  {"lat":28.547901,"lon":-81.376605,"city":"Orlando","state":"FL","address":"401 North Magnolia Avenue","name":""},
  {"lat":28.570222,"lon":-81.207421,"city":"Orlando","state":"FL","address":"1959 N. Alafaya Trail","name":""},
  {"lat":28.480468,"lon":-81.44381,"city":"Orlando","state":"FL","address":"5058 Millenia Place Drive","name":""},
  {"lat":28.4647,"lon":-81.461,"city":"Orlando","state":"FL","address":"5877 American Way","name":""},
  {"lat":29.4771,"lon":-81.1949,"city":"Palm Coast","state":"FL","address":"55 Town Center Boulevard","name":""},
  {"lat":28.606127,"lon":-81.366142,"city":"Winter Park","state":"FL","address":"1275 Lee Road","name":""},
  {"lat":30.261017,"lon":-81.555624,"city":"Jacksonville","state":"FL","address":"9745 Gate Pkwy N","name":""},
  {"lat":30.205085,"lon":-81.383874,"city":"Ponte Vedra Beach","state":"FL","address":"45 TPC Boulevard","name":""},
  {"lat":29.851812,"lon":-81.267349,"city":"St. Augustine","state":"FL","address":"401 A1A Beach Boulevard","name":""},
  {"lat":29.907218,"lon":-81.321095,"city":"St. Augustine","state":"FL","address":"1600 N Ponce De Leon Blvd","name":""},
  {"lat":33.5082,"lon":-81.7175,"city":"Aiken","state":"SC","address":"350 Eastgate Drive","name":""},
  {"lat":31.576225,"lon":-84.149727,"city":"Albany","state":"GA","address":"101 S Front Street","name":""},
  {"lat":33.514091,"lon":-82.043861,"city":"Augusta","state":"GA","address":"1065 Stevens Creek Road","name":""},
  {"lat":33.6988,"lon":-84.0921,"city":"Lithonia","state":"GA","address":"7890 Mall Ring Road","name":""},
  {"lat":32.8266,"lon":-83.6553,"city":"Macon","state":"GA","address":"1220 Stadium Drive","name":""},
  {"lat":33.4266,"lon":-84.1854,"city":"McDonough","state":"GA","address":"95 Highway 81 West","name":""},
  {"lat":32.468162,"lon":-83.743863,"city":"Perry","state":"GA","address":"112 Hampton Court","name":""},
  {"lat":31.4466,"lon":-83.5343,"city":"Tifton","state":"GA","address":"201 Boo Drive","name":""},
  {"lat":32.617,"lon":-83.6951,"city":"Warner Robins","state":"GA","address":"207 North Willie Lee Pkwy","name":""},
  {"lat":31.24622,"lon":-81.502745,"city":"Brunswick","state":"GA","address":"475 Millennium Boulevard","name":""},
  {"lat":32.23552,"lon":-80.80516,"city":"Hilton Head Island","state":"SC","address":"1575 Fording Island Road","name":""},
  {"lat":32.1393,"lon":-81.2369,"city":"Savannah","state":"GA","address":"80 Clyde E. Martin Drive","name":""},
  {"lat":32.081836,"lon":-81.094861,"city":"Savannah","state":"GA","address":"321 West Bay Street","name":""},
  {"lat":32.0221,"lon":-81.1105,"city":"Savannah","state":"GA","address":"5711 Abercorn Street","name":""},
  {"lat":32.441,"lon":-80.6894,"city":"Beaufort","state":"SC","address":"1500 Queen Street","name":""},
  {"lat":32.782301,"lon":-79.954846,"city":"Charleston","state":"SC","address":"45 Lockwood Drive","name":""},
  {"lat":32.804767,"lon":-79.894797,"city":"Mount Pleasant","state":"SC","address":"300 Wingo Way","name":""},
  {"lat":33.69998,"lon":-78.924106,"city":"Myrtle Beach","state":"SC","address":"2383 Coastal Grand Circle","name":""},
  {"lat":32.868429,"lon":-80.024438,"city":"North Charleston","state":"SC","address":"5265 International Boulevard","name":""},
  {"lat":33.044589,"lon":-80.150654,"city":"Summerville","state":"SC","address":"406 Sigma Drive","name":""},
  {"lat":35.188388,"lon":-89.798617,"city":"Cordova","state":"TN","address":"7955 Ikea Way","name":""},
  {"lat":35.096508,"lon":-89.836748,"city":"Germantown","state":"TN","address":"6811 TraVure South","name":""},
  {"lat":35.662289,"lon":-88.861649,"city":"Jackson","state":"TN","address":"1324 Vann Drive","name":""},
  {"lat":34.965258,"lon":-89.852286,"city":"Olive Branch","state":"MS","address":"7890 Craft-Goodman Frontage Rd.","name":""},
  {"lat":34.957688,"lon":-89.997135,"city":"Southaven","state":"MS","address":"6671 Towne Center Loop","name":""},
  {"lat":34.257615,"lon":-88.699504,"city":"Tupelo","state":"MS","address":"363 East Main Street","name":""},
  {"lat":34.6699,"lon":-86.5784,"city":"Huntsville","state":"AL","address":"301 Boulevard South SW","name":""},
  {"lat":34.715282,"lon":-86.638924,"city":"Huntsville","state":"AL","address":"4801 Governors House Drive","name":""},
  {"lat":34.671539,"lon":-86.750633,"city":"Madison","state":"AL","address":"145 Graphics Dr","name":""},
  {"lat":33.761734,"lon":-84.395595,"city":"Atlanta","state":"GA","address":"275 Baker Street NW","name":""},
  {"lat":33.906834,"lon":-84.463959,"city":"Atlanta","state":"GA","address":"3045 Windy Hill Road","name":""},
  {"lat":33.782157,"lon":-84.390358,"city":"Atlanta","state":"GA","address":"97 10th Street NW","name":""},
  {"lat":34.1677,"lon":-84.7823,"city":"Cartersville","state":"GA","address":"24 Liberty Drive","name":""},
  {"lat":35.053188,"lon":-85.312294,"city":"Chattanooga","state":"TN","address":"311 Chestnut Street","name":""},
  {"lat":35.045033,"lon":-85.156578,"city":"Chattanooga","state":"TN","address":"2343 Shallowford Village Drive","name":""},
  {"lat":34.763744,"lon":-85.003152,"city":"Dalton","state":"GA","address":"879 College Drive","name":""},
  {"lat":34.010894,"lon":-84.574832,"city":"Kennesaw","state":"GA","address":"895 Cobb Place Boulevard","name":""},
  {"lat":33.769,"lon":-84.6,"city":"Lithia Springs","state":"GA","address":"110 Interstate West Parkway","name":""},
  {"lat":36.029399,"lon":-86.788309,"city":"Brentwood","state":"TN","address":"217 Centerview Drive","name":""},
  {"lat":35.9607,"lon":-86.8002,"city":"Franklin","state":"TN","address":"9150 Carothers Parkway","name":""},
  {"lat":36.373292,"lon":-86.48214,"city":"Gallatin","state":"TN","address":"1460 Tulip Poplar Drive","name":""},
  {"lat":36.165478,"lon":-86.517955,"city":"Mount Juliet","state":"TN","address":"1975 Providence Parkway","name":""},
  {"lat":35.864151,"lon":-86.450616,"city":"Murfreesboro","state":"TN","address":"1335 Conference Center Boulevard","name":""},
  {"lat":36.223265,"lon":-86.696195,"city":"Nashville","state":"TN","address":"124 Music City Circle","name":""},
  {"lat":36.157355,"lon":-86.77368,"city":"Nashville","state":"TN","address":"305 Korean Veterans Boulevard","name":""},
  {"lat":36.153,"lon":-86.7942,"city":"Nashville","state":"TN","address":"1715 Broadway","name":""},
  {"lat":36.139263,"lon":-86.820823,"city":"Nashville","state":"TN","address":"100 Murphy CT","name":""},
  {"lat":35.971958,"lon":-86.571503,"city":"Smyrna","state":"TN","address":"2631 Highwood Boulevard","name":""},
  {"lat":36.600048,"lon":-87.279343,"city":"Clarksville","state":"TN","address":"290 Alfred Thun Road","name":""},
  {"lat":37.97464,"lon":-87.456467,"city":"Evansville","state":"IN","address":"220 Eagle Crest Drive","name":""},
  {"lat":38.5879,"lon":-89.9398,"city":"O'Fallon","state":"IL","address":"360 Regency Park Drive","name":""},
  {"lat":36.968811,"lon":-86.430122,"city":"Bowling Green","state":"KY","address":"1020 Wilkinson Trace","name":""},
  {"lat":37.709414,"lon":-85.832118,"city":"Elizabethtown","state":"KY","address":"203 Commerce Dr","name":""},
  {"lat":39.168029,"lon":-86.534918,"city":"Bloomington","state":"IN","address":"245 North College Avenue","name":""},
  {"lat":39.3112,"lon":-85.9595,"city":"Edinburgh","state":"IN","address":"12210 N Executive Dr","name":""},
  {"lat":39.144357,"lon":-84.459337,"city":"Cincinnati","state":"OH","address":"2145 Dana Avenue","name":""},
  {"lat":39.012763,"lon":-84.636602,"city":"Florence","state":"KY","address":"205 Meijer Drive","name":""},
  {"lat":38.2256,"lon":-84.5407,"city":"Georgetown","state":"KY","address":"110 Grandstand Drive","name":""},
  {"lat":38.346007,"lon":-85.708816,"city":"Jeffersonville","state":"IN","address":"4900 Water Tower Road","name":""},
  {"lat":38.020298,"lon":-84.413239,"city":"Lexington","state":"KY","address":"1973 Plaudit Place","name":""},
  {"lat":38.20394,"lon":-85.75068,"city":"Louisville","state":"KY","address":"2735 Crittenden Drive","name":""},
  {"lat":38.248732,"lon":-85.757624,"city":"Louisville","state":"KY","address":"350 West Chestnut Street","name":""},
  {"lat":38.2207,"lon":-85.5367,"city":"Louisville","state":"KY","address":"1530 Alliant Avenue","name":""},
  {"lat":38.247515,"lon":-85.627127,"city":"Louisville","state":"KY","address":"400 Sherburn Lane","name":""},
  {"lat":38.3092,"lon":-85.5794,"city":"Louisville","state":"KY","address":"9850 Park Plaza Avenue","name":""},
  {"lat":39.273087,"lon":-84.438972,"city":"Sharonville","state":"OH","address":"11149 Dowlin Drive","name":""},
  {"lat":39.321,"lon":-84.429329,"city":"West Chester","state":"OH","address":"9306 Schulze Drive","name":""},
  {"lat":34.092749,"lon":-84.240041,"city":"Alpharetta","state":"GA","address":"4025 Windward Plaza","name":""},
  {"lat":34.047237,"lon":-84.284037,"city":"Alpharetta","state":"GA","address":"10975 Georgia Lane","name":""},
  {"lat":33.847323,"lon":-84.369996,"city":"Atlanta","state":"GA","address":"3342 Peachtree Road, NE","name":""},
  {"lat":33.916172,"lon":-84.339238,"city":"Atlanta","state":"GA","address":"1501 Lake Hearn Drive","name":""},
  {"lat":33.986,"lon":-84.0884,"city":"Duluth","state":"GA","address":"2040 Sugarloaf Circle","name":""},
  {"lat":34.28456,"lon":-83.846036,"city":"Gainesville","state":"GA","address":"1735 Browns Bridge Road","name":""},
  {"lat":34.06486,"lon":-84.16793,"city":"Johns Creek","state":"GA","address":"11695 Medlock Bridge Road","name":""},
  {"lat":34.572685,"lon":-82.70713,"city":"Anderson","state":"SC","address":"115 Destination Boulevard","name":""},
  {"lat":34.825255,"lon":-82.307053,"city":"Greenville","state":"SC","address":"108 Carolina Point Parkway","name":""},
  {"lat":34.942478,"lon":-81.998651,"city":"Spartanburg","state":"SC","address":"805 Spartan Boulevard","name":""},
  {"lat":35.7117,"lon":-83.5216,"city":"Gatlinburg","state":"TN","address":"635 River Road","name":""},
  {"lat":35.938379,"lon":-84.006281,"city":"Knoxville","state":"TN","address":"6200 Papermill Drive","name":""},
  {"lat":35.915726,"lon":-84.094681,"city":"Knoxville","state":"TN","address":"216 Peregrine Way","name":""},
  {"lat":35.810724,"lon":-83.574982,"city":"Pigeon Forge","state":"TN","address":"2481 Teaster Lane","name":""},
  {"lat":35.59695,"lon":-82.546379,"city":"Asheville","state":"NC","address":"309 College Street","name":""},
  {"lat":35.53464,"lon":-82.604137,"city":"Asheville","state":"NC","address":"9 Rocky Ridge Road","name":""},
  {"lat":35.052991,"lon":-80.765913,"city":"Charlotte","state":"NC","address":"7415 Waverly Walk Avenue","name":""},
  {"lat":35.138172,"lon":-80.930618,"city":"Charlotte","state":"NC","address":"1920 Ayrsley Town Blvd","name":""},
  {"lat":35.146319,"lon":-80.832277,"city":"Charlotte","state":"NC","address":"4808 Sharon Road","name":""},
  {"lat":34.003922,"lon":-81.026084,"city":"Columbia","state":"SC","address":"1200 Pickens Street","name":""},
  {"lat":34.087166,"lon":-81.163361,"city":"Columbia","state":"SC","address":"434 Columbiana Drive","name":""},
  {"lat":34.1062,"lon":-80.9526,"city":"Columbia","state":"SC","address":"8910 Farrow Road","name":""},
  {"lat":35.081645,"lon":-80.883266,"city":"Pineville","state":"NC","address":"425 Towne Centre Boulevard","name":""},
  {"lat":34.9436,"lon":-80.975337,"city":"Rock Hill","state":"SC","address":"650 Tinsley Way","name":""},
  {"lat":34.004496,"lon":-81.109087,"city":"West Columbia","state":"SC","address":"110 McSwain Drive","name":""},
  {"lat":35.074509,"lon":-78.955841,"city":"Fayetteville","state":"NC","address":"4025 Sycamore Dairy Road","name":""},
  {"lat":34.187355,"lon":-79.835213,"city":"Florence","state":"SC","address":"2671 Hospitality Boulevard","name":""},
  {"lat":34.265059,"lon":-79.699714,"city":"Florence","state":"SC","address":"2111 Florence Harllee Blvd","name":""},
  {"lat":35.199302,"lon":-80.917001,"city":"Charlotte","state":"NC","address":"2400 Cascade Pointe Boulevard","name":""},
  {"lat":35.348368,"lon":-80.842279,"city":"Charlotte","state":"NC","address":"9315 Statesville Road","name":""},
  {"lat":35.220978,"lon":-80.842641,"city":"Charlotte","state":"NC","address":"508 E Martin Luther King Jr. Blvd","name":""},
  {"lat":35.3701,"lon":-80.71,"city":"Concord","state":"NC","address":"7831 Gateway Lane","name":""},
  {"lat":35.264156,"lon":-81.132959,"city":"Gastonia","state":"NC","address":"444 Cox Road","name":""},
  {"lat":35.709645,"lon":-81.308361,"city":"Hickory","state":"NC","address":"1320 17th Street Drive Southeast","name":""},
  {"lat":35.5566,"lon":-80.8561,"city":"Mooresville","state":"NC","address":"159 Gateway Boulevard","name":""},
  {"lat":35.776316,"lon":-80.865469,"city":"Statesville","state":"NC","address":"1017 Gateway Crossing Drive","name":""},
  {"lat":36.065624,"lon":-80.328606,"city":"Winston-Salem","state":"NC","address":"1325 Creekshire Way","name":""},
  {"lat":35.156451,"lon":-79.422049,"city":"Aberdeen","state":"NC","address":"155 South Hill Road","name":""},
  {"lat":35.902367,"lon":-78.938499,"city":"Durham","state":"NC","address":"7007 Fayetteville Road","name":""},
  {"lat":36.006819,"lon":-78.924991,"city":"Durham","state":"NC","address":"2102 West Main Street","name":""},
  {"lat":35.893093,"lon":-78.848793,"city":"Durham","state":"NC","address":"4620 South Miami Blvd.","name":""},
  {"lat":36.0586,"lon":-79.8907,"city":"Greensboro","state":"NC","address":"4307 Big Tree Way","name":""},
  {"lat":36.072303,"lon":-79.959785,"city":"Greensboro","state":"NC","address":"238 NC Highway 68 South Airport","name":""},
  {"lat":35.851105,"lon":-78.79615,"city":"Morrisville","state":"NC","address":"1500 RDU Center Drive","name":""},
  {"lat":39.2695,"lon":-84.3701,"city":"Blue Ash","state":"OH","address":"5300 Cornell Road","name":""},
  {"lat":36.630037,"lon":-82.117605,"city":"Bristol","state":"VA","address":"325 Village Circle","name":""},
  {"lat":39.2254,"lon":-84.2834,"city":"Loveland","state":"OH","address":"6288 Tri Ridge Blvd","name":""},
  {"lat":39.3007,"lon":-84.318,"city":"Mason","state":"OH","address":"5200 Natorp Blvd","name":""},
  {"lat":37.221,"lon":-80.4415,"city":"Blacksburg","state":"VA","address":"900 Plantation Rd","name":""},
  {"lat":39.2613,"lon":-80.2862,"city":"Clarksburg","state":"WV","address":"606 Emily Drive","name":""},
  {"lat":37.344849,"lon":-79.187187,"city":"Lynchburg","state":"VA","address":"4025 Wards Road","name":""},
  {"lat":37.229011,"lon":-79.973534,"city":"Roanoke","state":"VA","address":"4500 South Peak Blvd.","name":""},
  {"lat":39.760916,"lon":-89.607266,"city":"Springfield","state":"IL","address":"3100 S. Dirksen Parkway","name":""},
  {"lat":40.0992,"lon":-88.247,"city":"Champaign","state":"IL","address":"1501 S. Neil Street","name":""},
  {"lat":39.4829,"lon":-88.30987,"city":"Mattoon","state":"IL","address":"100 Coles Centre Parkway","name":""},
  {"lat":39.466535,"lon":-87.406376,"city":"Terre Haute","state":"IN","address":"750 Wabash Avenue","name":""},
  {"lat":41.9365,"lon":-88.0394,"city":"Addison","state":"IL","address":"551 North Swift Road","name":""},
  {"lat":41.7739,"lon":-87.7423,"city":"Bedford Park","state":"IL","address":"6530 S. Cicero Avenue","name":""},
  {"lat":41.686521,"lon":-88.070068,"city":"Bolingbrook","state":"IL","address":"135 Remington Blvd.","name":""},
  {"lat":41.878433,"lon":-87.634947,"city":"Chicago","state":"IL","address":"245 S. Franklin St.","name":""},
  {"lat":41.886835,"lon":-87.625694,"city":"Chicago","state":"IL","address":"66 East Wacker Place","name":""},
  {"lat":41.869078,"lon":-87.625658,"city":"Chicago","state":"IL","address":"55 E 11th Street","name":""},
  {"lat":41.892021,"lon":-87.62751,"city":"Chicago","state":"IL","address":"10 E. Grand Avenue","name":""},
  {"lat":41.852705,"lon":-87.622584,"city":"Chicago","state":"IL","address":"123 East Cermak, Suite 300","name":""},
  {"lat":42.001306,"lon":-87.864101,"city":"Des Plaines","state":"IL","address":"2930 South River Road","name":""},
  {"lat":42.050516,"lon":-87.68481,"city":"Evanston","state":"IL","address":"1818 Maple Avenue","name":""},
  {"lat":42.0687,"lon":-88.1426,"city":"Hoffman Estates","state":"IL","address":"2425 Barrington Road","name":""},
  {"lat":41.475216,"lon":-87.315491,"city":"Merrillville","state":"IN","address":"7775 Mississippi St","name":""},
  {"lat":41.85952,"lon":-87.95168,"city":"Oakbrook Terrace","state":"IL","address":"1000 Drury Lane","name":""},
  {"lat":41.922,"lon":-88.2541,"city":"St. Charles","state":"IL","address":"4070 East Main Street","name":""},
  {"lat":42.043248,"lon":-88.050511,"city":"Schaumburg","state":"IL","address":"1191 Woodfield Road","name":""},
  {"lat":41.5589,"lon":-87.8521,"city":"Tinley Park","state":"IL","address":"18335 LaGrange Rd","name":""},
  {"lat":41.8013,"lon":-88.1747,"city":"Warrenville","state":"IL","address":"28351 Dodge Drive","name":""},
  {"lat":39.977747,"lon":-86.155374,"city":"Carmel","state":"IN","address":"13090 Pennsylvania Street","name":""},
  {"lat":39.930439,"lon":-86.023576,"city":"Fishers","state":"IN","address":"9785 North by Northeast Blvd","name":""},
  {"lat":39.6795,"lon":-86.3223,"city":"Indianapolis","state":"IN","address":"8910 Hatfield Dr.","name":""},
  {"lat":39.768605,"lon":-86.15658,"city":"Indianapolis","state":"IN","address":"10 East Market Street","name":""},
  {"lat":39.8791,"lon":-86.2741,"city":"Indianapolis","state":"IN","address":"6930 Intech Blvd","name":""},
  {"lat":39.6384,"lon":-86.0779,"city":"Indianapolis","state":"IN","address":"5255 Noggle Way","name":""},
  {"lat":40.420639,"lon":-86.899963,"city":"West Lafayette","state":"IN","address":"356 East State Street","name":""},
  {"lat":42.074215,"lon":-86.428554,"city":"Benton Harbor","state":"MI","address":"1300 Cinema Way","name":""},
  {"lat":41.5761,"lon":-87.0455,"city":"Chesterton","state":"IN","address":"501 Gateway Boulevard","name":""},
  {"lat":41.737061,"lon":-85.976448,"city":"Elkhart","state":"IN","address":"3401 Plaza Court","name":""},
  {"lat":41.70878,"lon":-86.250324,"city":"South Bend","state":"IN","address":"53995 Indiana State Route 933","name":""},
  {"lat":41.0326,"lon":-85.2552,"city":"Fort Wayne","state":"IN","address":"8615 US 24 West","name":""},
  {"lat":41.180114,"lon":-85.092969,"city":"Fort Wayne","state":"IN","address":"10650 Diebold Road","name":""},
  {"lat":43.02884,"lon":-88.109767,"city":"Brookfield","state":"WI","address":"265 S. Moorland Road","name":""},
  {"lat":44.498878,"lon":-88.051262,"city":"Green Bay","state":"WI","address":"1015 Lombardi Avenue","name":""},
  {"lat":44.2596,"lon":-88.3481,"city":"Kimberly","state":"WI","address":"720 Eisenhower Drive","name":""},
  {"lat":42.2429,"lon":-87.9031,"city":"Lake Forest","state":"IL","address":"26225 North Riverwoods Boulevard","name":""},
  {"lat":43.068232,"lon":-89.398353,"city":"Madison","state":"WI","address":"770 Regent Street","name":""},
  {"lat":43.093145,"lon":-89.525272,"city":"Middleton","state":"WI","address":"1801 Deming Way","name":""},
  {"lat":42.9386,"lon":-87.9094,"city":"Milwaukee","state":"WI","address":"5890 S. Howell Avenue","name":""},
  {"lat":43.037788,"lon":-87.908127,"city":"Milwaukee","state":"WI","address":"611 North Broadway","name":""},
  {"lat":43.152727,"lon":-88.054276,"city":"Milwaukee","state":"WI","address":"11600 West Park Place","name":""},
  {"lat":43.074165,"lon":-88.46656,"city":"Oconomowoc","state":"WI","address":"1443 Pabst Farms Circle","name":""},
  {"lat":43.995973,"lon":-88.569919,"city":"Oshkosh","state":"WI","address":"1355 West 20th Avenue","name":""},
  {"lat":42.269962,"lon":-88.966385,"city":"Rockford","state":"IL","address":"7675 Walton Street","name":""},
  {"lat":43.16564,"lon":-89.269728,"city":"Sun Prairie","state":"WI","address":"1220 South Grand Ave","name":""},
  {"lat":44.93194,"lon":-89.662296,"city":"Wausau","state":"WI","address":"151401 County Road NN","name":""},
  {"lat":43.599194,"lon":-89.791977,"city":"Wisconsin Dells","state":"WI","address":"101 East Hiawatha Drive","name":""},
  {"lat":42.92185,"lon":-85.584841,"city":"Grand Rapids","state":"MI","address":"2321 East Beltline Ave SE","name":""},
  {"lat":42.293791,"lon":-85.585052,"city":"Kalamazoo","state":"MI","address":"303 North Rose Street","name":""},
  {"lat":42.740167,"lon":-84.664002,"city":"Lansing","state":"MI","address":"633 N. Canal Rd.","name":""},
  {"lat":40.0255,"lon":-83.0259,"city":"Columbus","state":"OH","address":"3232 Olentangy River Road","name":""},
  {"lat":40.1402,"lon":-82.9759,"city":"Columbus","state":"OH","address":"8535 Lyra Drive","name":""},
  {"lat":39.7729,"lon":-84.0614,"city":"Dayton","state":"OH","address":"3520 Pentagon Park Blvd","name":""},
  {"lat":39.75922,"lon":-84.19264,"city":"Dayton","state":"OH","address":"18 W Third Street","name":""},
  {"lat":40.0967,"lon":-83.1295,"city":"Dublin","state":"OH","address":"500 Metro Place North","name":""},
  {"lat":39.882237,"lon":-83.042521,"city":"Grove City","state":"OH","address":"3928 Jackpot Rd.","name":""},
  {"lat":39.598217,"lon":-84.230912,"city":"Miamisburg","state":"OH","address":"12000 Innovation Drive","name":""},
  {"lat":39.9997,"lon":-82.8929,"city":"Columbus","state":"OH","address":"4265 Sawyer Road","name":""},
  {"lat":40.058844,"lon":-82.922795,"city":"Columbus","state":"OH","address":"3600 Morse Road","name":""},
  {"lat":40.775698,"lon":-81.927831,"city":"Wooster","state":"OH","address":"959 Dover Road","name":""},
  {"lat":41.064174,"lon":-83.669896,"city":"Findlay","state":"OH","address":"1050 Interstate Drive West","name":""},
  {"lat":41.5279,"lon":-83.6442,"city":"Perrysburg","state":"OH","address":"6165 Levis Commons Blvd.","name":""},
  {"lat":41.648558,"lon":-83.536141,"city":"Toledo","state":"OH","address":"101 N Summit St","name":""},
  {"lat":41.426666,"lon":-81.845219,"city":"Cleveland","state":"OH","address":"4900 Emerald Court S.W.","name":""},
  {"lat":41.4961,"lon":-81.6814,"city":"Cleveland","state":"OH","address":"1100 Carnegie Avenue","name":""},
  {"lat":41.065061,"lon":-81.48016,"city":"Akron","state":"OH","address":"1307 E. Market Street","name":""},
  {"lat":40.298933,"lon":-80.174471,"city":"Canonsburg","state":"PA","address":"1000 Corporate Drive","name":""},
  {"lat":41.5433,"lon":-81.4462,"city":"Cleveland","state":"OH","address":"700 Beta Drive","name":""},
  {"lat":40.68377,"lon":-80.07614,"city":"Cranberry Township","state":"PA","address":"2000 Garden View Lane","name":""},
  {"lat":42.049962,"lon":-80.085542,"city":"Erie","state":"PA","address":"2225 Downs Drive","name":""},
  {"lat":40.611437,"lon":-79.160914,"city":"Indiana","state":"PA","address":"714 Pratt Drive","name":""},
  {"lat":40.67317,"lon":-80.318833,"city":"Monaca","state":"PA","address":"2000 Wagner Rd Extension South","name":""},
  {"lat":40.501901,"lon":-80.223202,"city":"Moon Township","state":"PA","address":"9600 University Blvd.","name":""},
  {"lat":39.654589,"lon":-79.944608,"city":"Morgantown","state":"WV","address":"150 Suncrest Towne Centre Dr","name":""},
  {"lat":40.9142,"lon":-81.4293,"city":"North Canton","state":"OH","address":"5251 Landmark Boulevard","name":""},
  {"lat":40.440282,"lon":-80.001532,"city":"Pittsburgh","state":"PA","address":"250 Forbes Avenue","name":""},
  {"lat":40.439423,"lon":-79.959404,"city":"Pittsburgh","state":"PA","address":"3454 Forbes Avenue","name":""},
  {"lat":40.450695,"lon":-80.165193,"city":"Robinson","state":"PA","address":"303 Park Manor Drive","name":""},
  {"lat":41.312376,"lon":-81.454185,"city":"Twinsburg","state":"OH","address":"8971 Wilcox Dr. I-480, SR82","name":""},
  {"lat":39.913764,"lon":-79.751649,"city":"Uniontown","state":"PA","address":"555 Synergy Drive","name":""},
  {"lat":42.23871,"lon":-83.749738,"city":"Ann Arbor","state":"MI","address":"1401 Briarwood Circle","name":""},
  {"lat":42.625103,"lon":-82.972367,"city":"Clinton Township","state":"MI","address":"44700 Hayes Road","name":""},
  {"lat":42.335473,"lon":-83.044977,"city":"Detroit","state":"MI","address":"351 Gratiot Avenue","name":""},
  {"lat":43.016596,"lon":-83.692302,"city":"Flint","state":"MI","address":"110 W. Kearsley St.","name":""},
  {"lat":42.491482,"lon":-83.487625,"city":"Novi","state":"MI","address":"27355 Cabaret Drive","name":""},
  {"lat":42.3873,"lon":-83.4802,"city":"Plymouth","state":"MI","address":"14600 N. Sheldon Road","name":""},
  {"lat":42.24608,"lon":-83.351403,"city":"Romulus","state":"MI","address":"31800 Smith Road","name":""},
  {"lat":42.492512,"lon":-83.299232,"city":"Southfield","state":"MI","address":"26000 American Drive","name":""},
  {"lat":42.564471,"lon":-83.161773,"city":"Troy","state":"MI","address":"200 Wilshire Drive","name":""},
  {"lat":42.88653,"lon":-78.8738,"city":"Buffalo","state":"NY","address":"10 Lafayette Square","name":""},
  {"lat":35.757393,"lon":-78.736652,"city":"Cary","state":"NC","address":"131 Columbus Avenue","name":""},
  {"lat":35.611495,"lon":-77.37263,"city":"Greenville","state":"NC","address":"423 Evans St","name":""},
  {"lat":34.790626,"lon":-77.407686,"city":"Jacksonville","state":"NC","address":"1016 Jacksonville Parkway","name":""},
  {"lat":35.835407,"lon":-78.673233,"city":"Raleigh","state":"NC","address":"3912 Arrow Drive","name":""},
  {"lat":35.872147,"lon":-78.578094,"city":"Raleigh","state":"NC","address":"6412 Capital Blvd","name":""},
  {"lat":36.3986,"lon":-77.6419,"city":"Roanoke Rapids","state":"NC","address":"111 Carolina Crossroads Parkway","name":""},
  {"lat":34.2371,"lon":-77.8327,"city":"Wilmington","state":"NC","address":"6745 Rock Spring Road","name":""},
  {"lat":36.0989,"lon":-75.7104,"city":"Kitty Hawk","state":"NC","address":"5353 N. Virginia DareTrail","name":""},
  {"lat":37.249708,"lon":-77.389693,"city":"Colonial Heights","state":"VA","address":"800 Southpark Boulevard","name":""},
  {"lat":37.6491,"lon":-77.5842,"city":"Glen Allen","state":"VA","address":"4050 Cox Road","name":""},
  {"lat":36.781028,"lon":-76.236942,"city":"Chesapeake","state":"VA","address":"1565 Crossways Boulevard","name":""},
  {"lat":37.035511,"lon":-76.396721,"city":"Hampton","state":"VA","address":"1999 Power Plant Pkwy","name":""},
  {"lat":37.1109,"lon":-76.4697,"city":"Newport News","state":"VA","address":"180 Regal Way","name":""},
  {"lat":37.527702,"lon":-77.329132,"city":"Sandston","state":"VA","address":"441 International Center Drive","name":""},
  {"lat":36.878395,"lon":-76.438515,"city":"Suffolk","state":"VA","address":"5921 Harbour View Blvd","name":""},
  {"lat":36.738456,"lon":-76.581869,"city":"Suffolk","state":"VA","address":"100 East Constance Road","name":""},
  {"lat":36.862031,"lon":-75.978543,"city":"Virginia Beach","state":"VA","address":"3315 Atlantic Avenue","name":""},
  {"lat":36.843025,"lon":-76.132141,"city":"Virginia Beach","state":"VA","address":"252 Town Center Dr","name":""},
  {"lat":37.293251,"lon":-76.725217,"city":"Williamsburg","state":"VA","address":"1624 Richmond Road","name":""},
  {"lat":38.9967,"lon":-77.4821,"city":"Ashburn","state":"VA","address":"22400 Flagstaff Plaza","name":""},
  {"lat":38.0248,"lon":-78.4369,"city":"Charlottesville","state":"VA","address":"1793 Richmond Road","name":""},
  {"lat":38.872848,"lon":-77.3701,"city":"Fairfax","state":"VA","address":"3950 Fair Ridge Drive","name":""},
  {"lat":38.3139,"lon":-77.5048,"city":"Fredericksburg","state":"VA","address":"1060 Hospitality Lane","name":""},
  {"lat":38.812075,"lon":-77.636572,"city":"Haymarket","state":"VA","address":"15001 Washington St","name":""},
  {"lat":38.805578,"lon":-77.51611,"city":"Manassas","state":"VA","address":"7001 Infantry Ridge Road","name":""},
  {"lat":39.165,"lon":-78.1658,"city":"Winchester","state":"VA","address":"120 Wingate Drive","name":""},
  {"lat":38.805152,"lon":-77.058232,"city":"Alexandria","state":"VA","address":"1620 Prince Street","name":""},
  {"lat":38.9753,"lon":-76.555,"city":"Annapolis","state":"MD","address":"305 Harry S. Truman Parkway","name":""},
  {"lat":38.977316,"lon":-76.500366,"city":"Annapolis","state":"MD","address":"174 West Street","name":""},
  {"lat":38.8408,"lon":-77.0889,"city":"Arlington","state":"VA","address":"4271 Campbell Avenue","name":""},
  {"lat":38.888935,"lon":-77.083415,"city":"Arlington","state":"VA","address":"1333 North Courthouse Road","name":""},
  {"lat":38.855027,"lon":-77.052742,"city":"Arlington","state":"VA","address":"2020 Richmond Highway","name":""},
  {"lat":39.2841,"lon":-76.6017,"city":"Baltimore","state":"MD","address":"625 S. President Street","name":""},
  {"lat":39.3731,"lon":-76.4586,"city":"Baltimore","state":"MD","address":"5015 Campbell Boulevard","name":""},
  {"lat":38.9834,"lon":-77.0924,"city":"Bethesda","state":"MD","address":"7301 Waverly Street","name":""},
  {"lat":39.1988,"lon":-76.808,"city":"Columbia","state":"MD","address":"8241 Snowden River Parkway","name":""},
  {"lat":38.3505,"lon":-76.4564,"city":"Dowell","state":"MD","address":"13100 Dowell Road","name":""},
  {"lat":38.887962,"lon":-77.17926,"city":"Falls Church","state":"VA","address":"706 West Broad Street","name":""},
  {"lat":38.96731,"lon":-76.240149,"city":"Grasonville","state":"MD","address":"3206 Main Street","name":""},
  {"lat":38.9976,"lon":-76.8951,"city":"Greenbelt","state":"MD","address":"7810 Walker Drive","name":""},
  {"lat":39.160945,"lon":-76.713197,"city":"Hanover","state":"MD","address":"7491 New Ridge Road","name":""},
  {"lat":39.210207,"lon":-76.677548,"city":"Linthicum","state":"MD","address":"1516 Aero Dr","name":""},
  {"lat":39.100482,"lon":-77.191144,"city":"Rockville","state":"MD","address":"14975 Shady Grove Road","name":""},
  {"lat":39.0559,"lon":-76.9665,"city":"Silver Spring","state":"MD","address":"2200 Broadbirch Drive","name":""},
  {"lat":38.916481,"lon":-77.232765,"city":"Vienna","state":"VA","address":"8301 Boone Blvd","name":""},
  {"lat":38.6194,"lon":-76.9322,"city":"Waldorf","state":"MD","address":"10385 O'Donnell Place","name":""},
  {"lat":38.900653,"lon":-77.031965,"city":"Washington","state":"DC","address":"815 14th Street N.W.","name":""},
  {"lat":38.905544,"lon":-77.048859,"city":"Washington","state":"DC","address":"2201 M Street NW","name":""},
  {"lat":38.906,"lon":-77.0059,"city":"Washington","state":"DC","address":"1225 First Street NE","name":""},
  {"lat":38.626293,"lon":-77.290275,"city":"Woodbridge","state":"VA","address":"2500 Neabsco Common Place","name":""},
  {"lat":39.196835,"lon":-75.554939,"city":"Dover","state":"DE","address":"1706 N. DuPont Hwy","name":""},
  {"lat":38.357045,"lon":-75.072874,"city":"Ocean City","state":"MD","address":"2800 Baltimore Avenue","name":""},
  {"lat":39.520377,"lon":-76.183282,"city":"Aberdeen","state":"MD","address":"1050 Beards Hill Road","name":""},
  {"lat":39.479465,"lon":-76.256884,"city":"Bel Air","state":"MD","address":"4160 Philadelphia Road","name":""},
  {"lat":42.149174,"lon":-77.059462,"city":"Corning","state":"NY","address":"23 Riverside Drive","name":""},
  {"lat":39.3789,"lon":-77.4153,"city":"Frederick","state":"MD","address":"7226 Corporate Court","name":""},
  {"lat":39.839958,"lon":-77.206696,"city":"Gettysburg","state":"PA","address":"1061 York Road","name":""},
  {"lat":40.2514,"lon":-76.8183,"city":"Harrisburg","state":"PA","address":"3943 TecPort Drive","name":""},
  {"lat":40.266446,"lon":-76.694544,"city":"Hummelstown","state":"PA","address":"550 East Main Street","name":""},
  {"lat":40.0785,"lon":-76.3368,"city":"Lancaster","state":"PA","address":"101 Granite Run Drive","name":""},
  {"lat":39.440847,"lon":-77.994508,"city":"Martinsburg","state":"WV","address":"65 Priority Dr","name":""},
  {"lat":39.403569,"lon":-76.796241,"city":"Owings Mills","state":"MD","address":"4770 Owings Mills Blvd","name":""},
  {"lat":40.809045,"lon":-77.835098,"city":"State College","state":"PA","address":"1221 East College Avenue","name":""},
  {"lat":40.63044,"lon":-75.441319,"city":"Allentown","state":"PA","address":"1787-B Airport Road","name":""},
  {"lat":40.575943,"lon":-75.621916,"city":"Breinigsville","state":"PA","address":"230 Sycamore Road","name":""},
  {"lat":40.566,"lon":-74.5557,"city":"Bridgewater","state":"NJ","address":"500 Promenade Boulevard","name":""},
  {"lat":39.950072,"lon":-75.130375,"city":"Camden","state":"NJ","address":"1 Penn St","name":""},
  {"lat":40.069065,"lon":-75.675652,"city":"Exton","state":"PA","address":"720 Eagleview Boulevard East","name":""},
  {"lat":40.1324,"lon":-75.2038,"city":"Fort Washington","state":"PA","address":"530 Pennsylvania Ave","name":""},
  {"lat":40.197472,"lon":-74.642979,"city":"Hamilton","state":"NJ","address":"800 US Highway 130","name":""},
  {"lat":39.859459,"lon":-75.688106,"city":"Kennett Square","state":"PA","address":"815 East Baltimore Pike","name":""},
  {"lat":40.290142,"lon":-74.705106,"city":"Lawrenceville","state":"NJ","address":"1300 Lenox Drive","name":""},
  {"lat":39.909576,"lon":-75.444911,"city":"Media","state":"PA","address":"2 Donovan Drive","name":""},
  {"lat":39.918444,"lon":-74.950127,"city":"Mount Laurel","state":"NJ","address":"4000 Atrium Way","name":""},
  {"lat":39.987794,"lon":-75.402791,"city":"Newtown Square","state":"PA","address":"3743 West Chester Pike","name":""},
  {"lat":39.9535,"lon":-75.1582,"city":"Philadelphia","state":"PA","address":"1100 Arch Street","name":""},
  {"lat":40.130295,"lon":-75.450645,"city":"Phoenixville","state":"PA","address":"500 Cresson Boulevard","name":""},
  {"lat":40.0285,"lon":-74.8141,"city":"Westampton","state":"NJ","address":"111 Hancock Lane","name":""},
  {"lat":40.522184,"lon":-74.338412,"city":"Edison","state":"NJ","address":"50 Raritan Center Parkway","name":""},
  {"lat":40.764567,"lon":-73.833097,"city":"Flushing","state":"NY","address":"33-71 Prince Street","name":""},
  {"lat":40.6659,"lon":-73.8058,"city":"Jamaica","state":"NY","address":"148-18 134th Street","name":""},
  {"lat":40.0557,"lon":-74.164,"city":"Lakewood","state":"NJ","address":"1885 Highway 70 West","name":""},
  {"lat":40.750184,"lon":-73.936881,"city":"Long Island City","state":"NY","address":"29-21 41st Avenue","name":""},
  {"lat":40.75658,"lon":-73.98065,"city":"New York City","state":"NY","address":"30 W 46th St.","name":""},
  {"lat":40.7644,"lon":-73.9828,"city":"New York City","state":"NY","address":"237 West 54th Street","name":""},
  {"lat":40.746708,"lon":-73.992,"city":"New York City","state":"NY","address":"121 West 28th Street","name":""},
  {"lat":40.756742,"lon":-73.969398,"city":"New York City","state":"NY","address":"206 East 52nd Street","name":""},
  {"lat":40.746802,"lon":-73.982348,"city":"New York City","state":"NY","address":"45 East 33rd Street","name":""},
  {"lat":40.75516,"lon":-73.985727,"city":"New York City","state":"NY","address":"136 West 42nd Street","name":""},
  {"lat":40.721,"lon":-74.0053,"city":"New York City","state":"NY","address":"39 6th Ave","name":""},
  {"lat":40.750404,"lon":-73.986572,"city":"New York City","state":"NY","address":"63 West 35th Street","name":""},
  {"lat":40.702938,"lon":-74.012227,"city":"New York City","state":"NY","address":"6 Water Street","name":""},
  {"lat":40.754563,"lon":-73.993544,"city":"New York City","state":"NY","address":"326 West 37th Street","name":""},
  {"lat":40.685332,"lon":-74.330846,"city":"Springfield","state":"NJ","address":"304 Route 22 West","name":""},
  {"lat":40.614742,"lon":-74.177012,"city":"Staten Island","state":"NY","address":"1100 South Avenue","name":""},
  {"lat":40.746109,"lon":-73.589752,"city":"Westbury","state":"NY","address":"1575 Privado Road","name":""},
  {"lat":40.9046,"lon":-74.5467,"city":"Rockaway","state":"NJ","address":"375 Mount Hope Avenue","name":""},
  {"lat":41.2386,"lon":-75.8549,"city":"Wilkes-Barre","state":"PA","address":"242 Highland Park Boulevard","name":""},
  {"lat":41.3923,"lon":-73.5239,"city":"Danbury","state":"CT","address":"119 Mill Plain Road","name":""},
  {"lat":41.002883,"lon":-73.857954,"city":"Dobbs Ferry","state":"NY","address":"201 Ogden Avenue","name":""},
  {"lat":41.52507,"lon":-73.894689,"city":"Fishkill","state":"NY","address":"25 Westage Drive","name":""},
  {"lat":41.10224,"lon":-74.0229,"city":"Nanuet","state":"NY","address":"270 W NY-59","name":""},
  {"lat":41.153297,"lon":-73.424587,"city":"Norwalk","state":"CT","address":"560 Main Avenue","name":""},
  {"lat":40.782594,"lon":-73.445135,"city":"Plainview","state":"NY","address":"1575 Round Swamp Road","name":""},
  {"lat":40.808299,"lon":-73.659603,"city":"Port Washington","state":"NY","address":"3 Harbor Park Drive","name":""},
  {"lat":40.852059,"lon":-74.014045,"city":"Ridgefield Park","state":"NJ","address":"70 Challenger Road","name":""},
  {"lat":40.7827,"lon":-74.0476,"city":"Secaucus","state":"NJ","address":"875 Route 3 East Service Road","name":""},
  {"lat":40.966251,"lon":-74.226693,"city":"Wayne","state":"NJ","address":"15 Nevins Road","name":""},
  {"lat":42.933361,"lon":-76.569581,"city":"Auburn","state":"NY","address":"74 State Street","name":""},
  {"lat":42.930565,"lon":-78.731583,"city":"Cheektowaga","state":"NY","address":"4201 Genesee Street","name":""},
  {"lat":43.091335,"lon":-76.072426,"city":"East Syracuse","state":"NY","address":"6004 Fair Lakes Road","name":""},
  {"lat":42.440524,"lon":-76.497007,"city":"Ithaca","state":"NY","address":"130 E. Seneca Street","name":""},
  {"lat":43.059,"lon":-77.472665,"city":"Pittsford","state":"NY","address":"800 Pittsford-Victor Road","name":""},
  {"lat":43.15651,"lon":-77.607808,"city":"Rochester","state":"NY","address":"155 East Main Street","name":""},
  {"lat":43.124261,"lon":-77.619713,"city":"Rochester","state":"NY","address":"30 Celebration Drive","name":""},
  {"lat":43.976112,"lon":-75.946599,"city":"Watertown","state":"NY","address":"1290 Arsenal Street","name":""},
  {"lat":42.7468,"lon":-73.8193,"city":"Albany","state":"NY","address":"800 Albany Shaker Rd.","name":""},
  {"lat":42.652039,"lon":-73.77626,"city":"Albany","state":"NY","address":"62 New Scotland Avenue","name":""},
  {"lat":42.688152,"lon":-73.814606,"city":"Albany","state":"NY","address":"1389 Washington Ave.","name":""},
  {"lat":44.475675,"lon":-73.215255,"city":"Burlington","state":"VT","address":"101 Main Street","name":""},
  {"lat":42.858291,"lon":-73.78043,"city":"Clifton Park","state":"NY","address":"30 Clifton Country Road","name":""},
  {"lat":42.407902,"lon":-73.265315,"city":"Pittsfield","state":"MA","address":"1032 South Street","name":""},
  {"lat":43.06852,"lon":-73.789211,"city":"Saratoga Springs","state":"NY","address":"125 South Broadway","name":""},
  {"lat":42.7385,"lon":-73.6712,"city":"Troy","state":"NY","address":"235 Hoosick Street","name":""},
  {"lat":42.09124,"lon":-71.268546,"city":"Foxborough","state":"MA","address":"27 Patriot Place","name":""},
  {"lat":41.721399,"lon":-72.622343,"city":"Glastonbury","state":"CT","address":"85 Glastonbury Boulevard","name":""},
  {"lat":41.369972,"lon":-72.06218,"city":"Groton","state":"CT","address":"224 Gold Star Highway","name":""},
  {"lat":41.2335,"lon":-73.0251,"city":"Milford","state":"CT","address":"291 Old Gate Lane","name":""},
  {"lat":41.932748,"lon":-70.658368,"city":"Plymouth","state":"MA","address":"Four Home Depot Drive","name":""},
  {"lat":41.487564,"lon":-71.97194,"city":"Preston","state":"CT","address":"5 Watson Road","name":""},
  {"lat":41.818422,"lon":-71.39109,"city":"Providence","state":"RI","address":"220 India Street","name":""},
  {"lat":40.922917,"lon":-72.71606,"city":"Riverhead","state":"NY","address":"2038 Old Country Rd","name":""},
  {"lat":40.7872,"lon":-73.1225,"city":"Ronkonkoma","state":"NY","address":"3485 Veterans Memorial Highway","name":""},
  {"lat":41.276756,"lon":-73.119987,"city":"Shelton","state":"CT","address":"25 Old Stratford Road","name":""},
  {"lat":42.093382,"lon":-72.583882,"city":"Springfield","state":"MA","address":"800 Hall of Fame Avenue","name":""},
  {"lat":40.913967,"lon":-73.11867,"city":"Stony Brook","state":"NY","address":"1 Circle Road","name":""},
  {"lat":41.477807,"lon":-72.766697,"city":"Wallingford","state":"CT","address":"1181 Barnes Road","name":""},
  {"lat":41.7286,"lon":-71.4432,"city":"Warwick","state":"RI","address":"1 Thurber Street","name":""},
  {"lat":41.869209,"lon":-72.666663,"city":"Windsor","state":"CT","address":"555 Corporate Drive","name":""},
  {"lat":42.389924,"lon":-71.012086,"city":"Boston","state":"MA","address":"100 Boardman Street","name":""},
  {"lat":42.332088,"lon":-71.114069,"city":"Brookline","state":"MA","address":"700 Brookline Ave","name":""},
  {"lat":42.4762,"lon":-71.2119,"city":"Burlington","state":"MA","address":"5 Wheeler Road","name":""},
  {"lat":42.207657,"lon":-71.126137,"city":"Canton","state":"MA","address":"110 Royall Street","name":""},
  {"lat":42.5398,"lon":-71.6111,"city":"Devens","state":"MA","address":"59 Andrews Parkway","name":""},
  {"lat":43.655395,"lon":-72.242689,"city":"Lebanon","state":"NH","address":"35 Labombard Road","name":""},
  {"lat":42.983165,"lon":-71.465961,"city":"Manchester","state":"NH","address":"101 South Commercial Street","name":""},
  {"lat":42.33192,"lon":-71.577439,"city":"Marlborough","state":"MA","address":"170 Forest Street","name":""},
  {"lat":44.034422,"lon":-71.121684,"city":"North Conway","state":"NH","address":"1992 White Mountain Hwy","name":""},
  {"lat":43.648984,"lon":-70.316517,"city":"Portland","state":"ME","address":"145 Jetport Boulevard","name":""},
  {"lat":43.078362,"lon":-70.759254,"city":"Portsmouth","state":"NH","address":"100 High Street","name":""},
  {"lat":42.645322,"lon":-71.232974,"city":"Tewksbury","state":"MA","address":"4 Highwood Drive","name":""},
  {"lat":42.396478,"lon":-71.255859,"city":"Waltham","state":"MA","address":"450 Totten Pond Road","name":""},
  {"lat":42.2674,"lon":-71.7987,"city":"Worcester","state":"MA","address":"35 Major Taylor Boulevard","name":""},
  {"lat":44.097763,"lon":-70.224628,"city":"Auburn","state":"ME","address":"14 Great Falls Plaza","name":""},
  {"lat":44.8306,"lon":-68.7392,"city":"Bangor","state":"ME","address":"250 Haskell Road","name":""},
  {"lat":43.857,"lon":-70.0995,"city":"Freeport","state":"ME","address":"5 Park Street","name":""},
  {"lat":43.658011,"lon":-70.250367,"city":"Portland","state":"ME","address":"65 Commercial Street","name":""}]}