{"key":"holiday_inn","displayName":"Holiday Inn","category":"hotels","useLocationName":false,"locations":[
  {"lat":38.36546,"lon":-81.691399,"city":"Charleston","state":"WV","address":"400 2nd Avenue SW","name":""},
  {"lat":42.072752,"lon":-88.288452,"city":"Elgin","state":"IL","address":"495 Airport Road","name":""},
  {"lat":32.934925,"lon":-97.311109,"city":"Fort Worth","state":"TX","address":"11120 Moriah Drive","name":""},
  {"lat":43.609377,"lon":-116.59369,"city":"Nampa","state":"ID","address":"16245 N Merchant Way","name":""},
  {"lat":39.1859,"lon":-96.581999,"city":"Manhattan","state":"KS","address":"1641 Anderson Avenue","name":""},
  {"lat":33.537657,"lon":-101.95025,"city":"Lubbock","state":"TX","address":"6107 Justice Avenue","name":""},
  {"lat":39.360361,"lon":-84.370755,"city":"West Chester","state":"OH","address":"7500 Tylers Place Boulevard","name":""},
  {"lat":33.65911,"lon":-84.43408,"city":"Atlanta","state":"GA","address":"1380 Virginia Avenue","name":""},
  {"lat":34.550487,"lon":-82.675909,"city":"Anderson","state":"SC","address":"3509 Clemson Blvd","name":""},
  {"lat":38.16886,"lon":-79.01149,"city":"Staunton","state":"VA","address":"152 Fairway Lane","name":""},
  {"lat":33.709768,"lon":-117.85129,"city":"Santa Ana","state":"CA","address":"2726 South Grand Avenue","name":""},
  {"lat":45.091562,"lon":-93.427675,"city":"Maple Grove","state":"MN","address":"11801 Fountains Way N","name":""},
  {"lat":40.270007,"lon":-74.506094,"city":"East Windsor","state":"NJ","address":"399 Monmouth Street","name":""},
  {"lat":42.77623,"lon":-71.247179,"city":"Salem","state":"NH","address":"1 Keewaydin Drive","name":""},
  {"lat":30.32252,"lon":-97.710754,"city":"Austin","state":"TX","address":"6000 Middle Fiskville Road","name":""},
  {"lat":30.821741,"lon":-83.30947,"city":"Valdosta","state":"GA","address":"1805 West Hill Avenue","name":""},
  {"lat":32.49257,"lon":-99.723089,"city":"Abilene","state":"TX","address":"3525 West Lake Road","name":""},
  {"lat":46.805428,"lon":-95.816477,"city":"Detroit Lakes","state":"MN","address":"1155 Hwy 10 East","name":""},
  {"lat":43.1427,"lon":-89.2955,"city":"Madison","state":"WI","address":"5109 W Terrace Dr","name":""},
  {"lat":38.0108,"lon":-78.5044,"city":"Charlottesville","state":"VA","address":"1200 5th Street Ext.","name":""},
  {"lat":37.210952,"lon":-113.265429,"city":"La Verkin","state":"UT","address":"186 E 500 N","name":""},
  {"lat":40.797031,"lon":-73.467659,"city":"Plainview","state":"NY","address":"215 Sunnyside Boulevard","name":""},
  {"lat":42.300192,"lon":-85.662133,"city":"Kalamazoo","state":"MI","address":"1247 Westgate Drive","name":""},
  {"lat":38.017633,"lon":-84.411812,"city":"Lexington","state":"KY","address":"1976 Justice Dr","name":""},
  {"lat":26.63219,"lon":-81.872512,"city":"Fort Myers","state":"FL","address":"2431 Cleveland Ave","name":""},
  {"lat":45.5516,"lon":-94.2041,"city":"St. Cloud","state":"MN","address":"75 S 37th Avenue","name":""},
  {"lat":32.760182,"lon":-97.092998,"city":"Arlington","state":"TX","address":"1311 Wet N Wild Way","name":""},
  {"lat":40.536113,"lon":-88.996942,"city":"Normal","state":"IL","address":"8 Traders Circle","name":""},
  {"lat":34.197257,"lon":-97.160491,"city":"Ardmore","state":"OK","address":"2207 North Rockford Road","name":""},
  {"lat":35.9198,"lon":-84.0916,"city":"Knoxville","state":"TN","address":"9134 Executive Park Drive","name":""},
  {"lat":30.689176,"lon":-88.044046,"city":"Mobile","state":"AL","address":"301 Government Street","name":""},
  {"lat":29.9566,"lon":-90.0691,"city":"New Orleans","state":"LA","address":"301 Dauphine Street","name":""},
  {"lat":40.821499,"lon":-73.021434,"city":"Holtsville","state":"NY","address":"1730 North Ocean Avenue","name":""},
  {"lat":41.561907,"lon":-72.910211,"city":"Southington","state":"CT","address":"64 Knotter Drive","name":""},
  {"lat":33.9886,"lon":-84.0917,"city":"Duluth","state":"GA","address":"6310 Sugarloaf Pkwy","name":""},
  {"lat":30.680378,"lon":-88.128645,"city":"Mobile","state":"AL","address":"3630 Springhill Memorial Dr South","name":""},
  {"lat":36.806567,"lon":-87.48142,"city":"Hopkinsville","state":"KY","address":"100 Tilley Way","name":""},
  {"lat":30.4284,"lon":-91.0785,"city":"Baton Rouge","state":"LA","address":"9990 Airline Hwy","name":""},
  {"lat":42.471313,"lon":-92.466356,"city":"Cedar Falls","state":"IA","address":"7400 Hudson Road","name":""},
  {"lat":36.1718,"lon":-94.1836,"city":"Springdale","state":"AR","address":"1500 South 48th Street","name":""},
  {"lat":39.937579,"lon":-91.339158,"city":"Quincy","state":"IL","address":"4821 Oak Street","name":""},
  {"lat":33.435316,"lon":-84.594311,"city":"Peachtree City","state":"GA","address":"203 Newgate Road","name":""},
  {"lat":33.548473,"lon":-84.276541,"city":"Stockbridge","state":"GA","address":"638 Hwy 138 W","name":""},
  {"lat":35.194778,"lon":-101.751944,"city":"Amarillo","state":"TX","address":"7799 I-40 East","name":""},
  {"lat":34.957686,"lon":-89.987519,"city":"Southaven","state":"MS","address":"280 Marathon Way","name":""},
  {"lat":41.2536,"lon":-75.814704,"city":"Wilkes Barre","state":"PA","address":"600 Wildflower Drive","name":""},
  {"lat":41.767,"lon":-72.661,"city":"East Hartford","state":"CT","address":"100 East River Drive","name":""},
  {"lat":40.325033,"lon":-78.920599,"city":"Johnstown","state":"PA","address":"250 Market Street","name":""},
  {"lat":41.776955,"lon":-87.871734,"city":"Countryside","state":"IL","address":"6201 Joliet Road","name":""},
  {"lat":37.08972,"lon":-76.461727,"city":"Newport News","state":"VA","address":"980 Omni Boulevard","name":""},
  {"lat":32.441479,"lon":-80.695439,"city":"Beaufort","state":"SC","address":"2225 Boundary St.","name":""},
  {"lat":44.833502,"lon":-93.295734,"city":"Bloomington","state":"MN","address":"1201 West 94th Street","name":""},
  {"lat":46.277278,"lon":-119.272777,"city":"Richland","state":"WA","address":"802 George Washington Way","name":""},
  {"lat":32.42965,"lon":-81.75635,"city":"Statesboro","state":"GA","address":"455 Commerce Drive","name":""},
  {"lat":35.2018,"lon":-89.78105,"city":"Memphis","state":"TN","address":"2751 New Brunswick Road","name":""},
  {"lat":40.755131,"lon":-73.99134,"city":"New York City","state":"NY","address":"585 8th Avenue","name":""},
  {"lat":43.076375,"lon":-86.212329,"city":"Spring Lake","state":"MI","address":"940 W Savidge Street","name":""},
  {"lat":40.858361,"lon":-81.43343,"city":"Canton","state":"OH","address":"4520 Everhard Rd NW","name":""},
  {"lat":31.081154,"lon":-97.410543,"city":"Temple","state":"TX","address":"5247 S. General Bruce Dr","name":""},
  {"lat":40.708928,"lon":-74.009025,"city":"New York City","state":"NY","address":"51 Nassau Street","name":""},
  {"lat":37.578513,"lon":-122.321634,"city":"San Mateo","state":"CA","address":"330 North Bayshore Boulevard","name":""},
  {"lat":33.129811,"lon":-117.258667,"city":"Carlsbad","state":"CA","address":"2725 Palomar Airport Road","name":""},
  {"lat":38.677032,"lon":-90.450676,"city":"St. Louis","state":"MO","address":"1030 Woodcrest Terrace Drive","name":""},
  {"lat":41.135916,"lon":-81.644357,"city":"Akron","state":"OH","address":"4073 Medina Rd","name":""},
  {"lat":41.510729,"lon":-90.576016,"city":"Rock Island","state":"IL","address":"226 17th Street","name":""},
  {"lat":40.718292,"lon":-73.98624,"city":"New York City","state":"NY","address":"150 Delancey Street","name":""},
  {"lat":30.25411,"lon":-97.736919,"city":"Austin","state":"TX","address":"20 North Ih-35","name":""},
  {"lat":42.044633,"lon":-87.681923,"city":"Evanston","state":"IL","address":"1501 Sherman Avenue","name":""},
  {"lat":33.170371,"lon":-96.643734,"city":"McKinney","state":"TX","address":"3220 Craig Drive","name":""},
  {"lat":39.760105,"lon":-86.167375,"city":"Indianapolis","state":"IN","address":"515 S West Street","name":""},
  {"lat":28.552618,"lon":-80.853754,"city":"Titusville","state":"FL","address":"4715 Helen Hauser Blvd","name":""},
  {"lat":35.380474,"lon":-119.051074,"city":"Bakersfield","state":"CA","address":"3927 Marriott Drive","name":""},
  {"lat":38.607988,"lon":-121.267626,"city":"Rancho Cordova","state":"CA","address":"11269 Point East Drive","name":""},
  {"lat":37.729056,"lon":-122.200648,"city":"Oakland","state":"CA","address":"77 Hegenberger Road","name":""},
  {"lat":41.557306,"lon":-87.796814,"city":"Tinley Park","state":"IL","address":"18320 North Creek Drive","name":""},
  {"lat":39.4601,"lon":-77.9874,"city":"Martinsburg","state":"WV","address":"301 Foxcroft Avenue","name":""},
  {"lat":30.538186,"lon":-97.696081,"city":"Round Rock","state":"TX","address":"2370 Chisholm Trail","name":""},
  {"lat":34.9788,"lon":-120.4344,"city":"Santa Maria","state":"CA","address":"2100 North Broadway","name":""},
  {"lat":31.896008,"lon":-102.323287,"city":"Odessa","state":"TX","address":"5275 East 42nd Street","name":""},
  {"lat":40.417167,"lon":-74.171569,"city":"Hazlet","state":"NJ","address":"2870 Highway 35","name":""},
  {"lat":36.203522,"lon":-81.671288,"city":"Boone","state":"NC","address":"1075 Highway 105","name":""},
  {"lat":35.444597,"lon":-82.53198,"city":"Arden","state":"NC","address":"9 Brian Boulevard","name":""},
  {"lat":41.309982,"lon":-105.557499,"city":"Laramie","state":"WY","address":"204 30th Street","name":""},
  {"lat":37.789413,"lon":-122.422128,"city":"San Francisco","state":"CA","address":"1500 Van Ness Avenue","name":""},
  {"lat":43.083559,"lon":-79.061846,"city":"Niagara Falls","state":"NY","address":"114 Buffalo Avenue","name":""},
  {"lat":36.786017,"lon":-90.429701,"city":"Poplar Bluff","state":"MO","address":"2781 N. Westwood Blvd.","name":""},
  {"lat":41.639098,"lon":-73.9183,"city":"Poughkeepsie","state":"NY","address":"2170 South Rd","name":""},
  {"lat":33.803441,"lon":-118.142599,"city":"Long Beach","state":"CA","address":"2640 North Lakewood Boulevard","name":""},
  {"lat":34.0654,"lon":-117.605,"city":"Ontario","state":"CA","address":"2155 E. Convention Center Way","name":""},
  {"lat":34.981716,"lon":-81.974064,"city":"Spartanburg","state":"SC","address":"160 Simuel Road","name":""},
  {"lat":41.999667,"lon":-87.885591,"city":"Rosemont","state":"IL","address":"6600 Mannheim Road, building 2","name":""},
  {"lat":29.616318,"lon":-90.757293,"city":"Houma","state":"LA","address":"1800 Martin Luther King Blvd.","name":""},
  {"lat":38.801557,"lon":-77.073656,"city":"Alexandria","state":"VA","address":"2460 Eisenhower Avenue","name":""},
  {"lat":32.268573,"lon":-86.357231,"city":"Montgomery","state":"AL","address":"96 Folmar Parkway","name":""},
  {"lat":30.221359,"lon":-81.510984,"city":"Jacksonville","state":"FL","address":"11083 Nurseryfields Drive","name":""},
  {"lat":35.977491,"lon":-77.841856,"city":"Rocky Mount","state":"NC","address":"200 Enterprise Dr.","name":""},
  {"lat":41.8882,"lon":-87.6376,"city":"Chicago","state":"IL","address":"350 W Wolf Point Plaza","name":""},
  {"lat":39.138963,"lon":-88.562935,"city":"Effingham","state":"IL","address":"1301 Avenue of Mid America","name":""},
  {"lat":33.847582,"lon":-84.251601,"city":"Atlanta","state":"GA","address":"2158 Ranchwood Drive","name":""},
  {"lat":43.076217,"lon":-73.786809,"city":"Saratoga Springs","state":"NY","address":"232 Broadway","name":""},
  {"lat":28.606168,"lon":-81.388433,"city":"Orlando","state":"FL","address":"626 Lee Road","name":""},
  {"lat":33.4805,"lon":-82.1314,"city":"Grovetown","state":"GA","address":"441 Park West","name":""},
  {"lat":41.687946,"lon":-91.565582,"city":"Coralville","state":"IA","address":"1220 First Ave","name":""},
  {"lat":44.8662,"lon":-89.6399,"city":"Rothschild","state":"WI","address":"1000 Imperial Avenue","name":""},
  {"lat":35.193416,"lon":-84.890529,"city":"Cleveland","state":"TN","address":"110 Interstate Dr NW","name":""},
  {"lat":39.979178,"lon":-83.146808,"city":"Columbus","state":"OH","address":"5495 Maxwell Place","name":""},
  {"lat":38.388136,"lon":-75.065191,"city":"Ocean City","state":"MD","address":"6600 Coastal Hwy","name":""},
  {"lat":35.5845,"lon":-82.4619,"city":"Asheville","state":"NC","address":"1450 Tunnel Road","name":""},
  {"lat":32.367359,"lon":-88.674738,"city":"Meridian","state":"MS","address":"100 North Frontage Road","name":""},
  {"lat":39.912443,"lon":-75.184002,"city":"Philadelphia","state":"PA","address":"2033 Penrose Avenue","name":""},
  {"lat":39.15304,"lon":-77.211539,"city":"Gaithersburg","state":"MD","address":"Two Montgomery Village Avenue","name":""},
  {"lat":37.270658,"lon":-107.890587,"city":"Durango","state":"CO","address":"21636 Highway 160 West","name":""},
  {"lat":41.495051,"lon":-88.170447,"city":"Joliet","state":"IL","address":"1471 Rock Creek Boulevard","name":""},
  {"lat":47.619843,"lon":-122.342383,"city":"Seattle","state":"WA","address":"211 Dexter Avenue North","name":""},
  {"lat":42.0118,"lon":-87.7602,"city":"Skokie","state":"IL","address":"5300 West Touhy Ave","name":""},
  {"lat":38.886045,"lon":-77.019326,"city":"Washington","state":"DC","address":"550 C Street S.W.","name":""},
  {"lat":39.194826,"lon":-76.685039,"city":"Linthicum Heights","state":"MD","address":"815 Elkridge Landing Road","name":""},
  {"lat":35.57439,"lon":-77.387864,"city":"Greenville","state":"NC","address":"203 Southwest Greenville Boulevard","name":""},
  {"lat":44.95257,"lon":-92.931759,"city":"Lake Elmo","state":"MN","address":"8511 Hudson Boulevard","name":""},
  {"lat":44.073313,"lon":-87.712828,"city":"Manitowoc","state":"WI","address":"4601 Calumet Ave.","name":""},
  {"lat":30.430494,"lon":-84.246598,"city":"Tallahassee","state":"FL","address":"2003 Apalachee Parkway","name":""},
  {"lat":38.984801,"lon":-77.429896,"city":"Sterling","state":"VA","address":"45425 Holiday Drive","name":""},
  {"lat":43.470992,"lon":-112.078437,"city":"Idaho Falls","state":"ID","address":"3005 South Fork Boulevard","name":""},
  {"lat":40.626631,"lon":-74.301874,"city":"Clark","state":"NJ","address":"36 Valley Road","name":""},
  {"lat":37.744,"lon":-89.16315,"city":"Carbondale","state":"IL","address":"2300 Reed Station Parkway","name":""},
  {"lat":35.857365,"lon":-78.822754,"city":"Morrisville","state":"NC","address":"930 Airport Blvd.","name":""},
  {"lat":38.850267,"lon":-77.052791,"city":"Arlington","state":"VA","address":"2650 Richmond Highway","name":""},
  {"lat":40.90882,"lon":-74.725539,"city":"Budd","state":"NJ","address":"1000 International Drive North","name":""},
  {"lat":35.051134,"lon":-85.311786,"city":"Chattanooga","state":"TN","address":"434 Chestnut Street","name":""},
  {"lat":43.02554,"lon":-85.728004,"city":"Walker","state":"MI","address":"2280 Northridge Drive NW","name":""},
  {"lat":43.082,"lon":-89.5238,"city":"Madison","state":"WI","address":"1109 Fourier Drive","name":""},
  {"lat":35.808936,"lon":-90.673691,"city":"Jonesboro","state":"AR","address":"2908 Gilmore Drive","name":""},
  {"lat":34.027726,"lon":-84.334759,"city":"Roswell","state":"GA","address":"909 Holcomb Bridge Road","name":""},
  {"lat":29.858766,"lon":-97.951554,"city":"San Marcos","state":"TX","address":"105 Bintu Drive","name":""},
  {"lat":42.842669,"lon":-85.674876,"city":"Grand Rapids","state":"MI","address":"6569 Clay Avenue Sw","name":""},
  {"lat":39.931,"lon":-86.152,"city":"Carmel","state":"IN","address":"251 Pennsylvania Parkway","name":""},
  {"lat":32.287578,"lon":-95.3038,"city":"Tyler","state":"TX","address":"5701 South Broadway","name":""},
  {"lat":38.882,"lon":-77.1165,"city":"Arlington","state":"VA","address":"4610 N. Fairfax Dr","name":""},
  {"lat":41.8467,"lon":-87.9686,"city":"Oakbrook Terrace","state":"IL","address":"17 W. 350 22nd Street","name":""},
  {"lat":35.240027,"lon":-80.939459,"city":"Charlotte","state":"NC","address":"2707 Little Rock Rd","name":""},
  {"lat":32.6942,"lon":-114.6004,"city":"Yuma","state":"AZ","address":"1901 E. 18th Street","name":""},
  {"lat":40.860833,"lon":-74.067389,"city":"Hasbrouck Heights","state":"NJ","address":"283 Route 17 South","name":""},
  {"lat":27.27956,"lon":-80.293159,"city":"Port St. Lucie","state":"FL","address":"10120 S. Federal Highway","name":""},
  {"lat":44.525545,"lon":-89.505986,"city":"Stevens Point","state":"WI","address":"1001 Amber Avenue","name":""},
  {"lat":39.959366,"lon":-82.994972,"city":"Columbus","state":"OH","address":"175 East Town St","name":""},
  {"lat":33.946064,"lon":-118.370056,"city":"Los Angeles","state":"CA","address":"9901 S La Cienega Boulevard","name":""},
  {"lat":43.090887,"lon":-76.169192,"city":"Liverpool","state":"NY","address":"400 7th North Street","name":""},
  {"lat":38.989,"lon":-76.880199,"city":"Greenbelt","state":"MD","address":"7200 Hanover Dr","name":""},
  {"lat":28.477151,"lon":-81.458681,"city":"Orlando","state":"FL","address":"5916 Caravan Ct","name":""},
  {"lat":41.874404,"lon":-87.639972,"city":"Chicago","state":"IL","address":"506 West Harrison Street","name":""},
  {"lat":28.374193,"lon":-81.511375,"city":"Lake Buena Vista","state":"FL","address":"1805 Hotel Plaza Boulevard","name":""},
  {"lat":37.797163,"lon":-81.22268,"city":"Beckley","state":"WV","address":"114 Dry Hill Road","name":""},
  {"lat":44.857039,"lon":-93.348398,"city":"Bloomington","state":"MN","address":"5120 American Blvd West","name":""},
  {"lat":31.312341,"lon":-92.447164,"city":"Alexandria","state":"LA","address":"701 4th St","name":""},
  {"lat":42.589552,"lon":-114.458143,"city":"Twin Falls","state":"ID","address":"1586 Blue Lakes Blvd N","name":""},
  {"lat":38.886958,"lon":-77.443377,"city":"Chantilly","state":"VA","address":"4335 Chantilly Shopping Center","name":""},
  {"lat":30.4837,"lon":-84.313279,"city":"Tallahassee","state":"FL","address":"2725 Graves Road","name":""},
  {"lat":25.962375,"lon":-97.508266,"city":"Brownsville","state":"TX","address":"651 Sunrise Blvd","name":""},
  {"lat":35.78058,"lon":-78.64427,"city":"Raleigh","state":"NC","address":"320 Hillsborough Street","name":""},
  {"lat":36.1065,"lon":-109.5477,"city":"Chinle","state":"AZ","address":"Bia Route 7-Garcia Trading Post","name":""},
  {"lat":35.698678,"lon":-90.046793,"city":"Osceola","state":"AR","address":"4630 West Keiser","name":""},
  {"lat":41.503387,"lon":-81.625926,"city":"Cleveland","state":"OH","address":"8650 Euclid Avenue","name":""},
  {"lat":35.557029,"lon":-82.640775,"city":"Asheville","state":"NC","address":"435 Smokey Park Highway","name":""},
  {"lat":48.796079,"lon":-122.530689,"city":"Bellingham","state":"WA","address":"4260 Mitchell Way","name":""},
  {"lat":30.253434,"lon":-92.016837,"city":"Lafayette","state":"LA","address":"2219 NW Evangeline Thruway","name":""},
  {"lat":33.472367,"lon":-94.036719,"city":"Texarkana","state":"AR","address":"5200 Convention Plaza Drive","name":""},
  {"lat":41.5749,"lon":-109.2652,"city":"Rock Springs","state":"WY","address":"1675 Sunset Dr","name":""},
  {"lat":38.342349,"lon":-77.498923,"city":"Fredericksburg","state":"VA","address":"20 Sanford Drive","name":""},
  {"lat":27.783619,"lon":-82.680215,"city":"St. Petersburg","state":"FL","address":"1200 34th Street North","name":""},
  {"lat":42.049056,"lon":-80.089476,"city":"Erie","state":"PA","address":"2260 Downs Drive","name":""},
  {"lat":34.004495,"lon":-81.033861,"city":"Columbia","state":"SC","address":"1233 Washington Street","name":""},
  {"lat":36.048859,"lon":-79.835401,"city":"Greensboro","state":"NC","address":"3005 West Gate City Boulevard","name":""},
  {"lat":42.241335,"lon":-83.734699,"city":"Ann Arbor","state":"MI","address":"3155 Boardwalk Drive","name":""},
  {"lat":35.19138,"lon":-101.925143,"city":"Amarillo","state":"TX","address":"8231 Amarillo Boulevard West","name":""},
  {"lat":42.0975,"lon":-75.9148,"city":"Binghamton","state":"NY","address":"2-8 Hawley Street","name":""},
  {"lat":42.272138,"lon":-88.968954,"city":"Rockford","state":"IL","address":"7550 East State Street","name":""},
  {"lat":46.8633,"lon":-96.8456,"city":"Fargo","state":"ND","address":"3803 13th Ave S","name":""},
  {"lat":40.712909,"lon":-74.166439,"city":"Newark","state":"NJ","address":"160 Frontage Road","name":""},
  {"lat":33.999853,"lon":-117.835262,"city":"Diamond Bar","state":"CA","address":"21725 E Gateway Center Dr","name":""},
  {"lat":44.4801,"lon":-103.8142,"city":"Spearfish","state":"SD","address":"305 N. 27th Street","name":""},
  {"lat":26.033436,"lon":-80.165806,"city":"Hollywood","state":"FL","address":"2905 Sheridan Street","name":""},
  {"lat":44.6611,"lon":-90.1784,"city":"Marshfield","state":"WI","address":"750 South Central Avenue","name":""},
  {"lat":39.690694,"lon":-74.255651,"city":"Manahawkin","state":"NJ","address":"151 Route 72 West","name":""},
  {"lat":42.908064,"lon":-85.574733,"city":"Grand Rapids","state":"MI","address":"3063 Lake Eastbrook","name":""},
  {"lat":42.966555,"lon":-85.677202,"city":"Grand Rapids","state":"MI","address":"310 Pearl Street NW","name":""},
  {"lat":41.395859,"lon":-81.649333,"city":"Independence","state":"OH","address":"6001 Rockside Rd","name":""},
  {"lat":39.659351,"lon":-79.954134,"city":"Morgantown","state":"WV","address":"1188 Pineview Drive","name":""},
  {"lat":29.289035,"lon":-94.852266,"city":"Galveston","state":"TX","address":"7220 Broadway Street","name":""},
  {"lat":36.04639,"lon":-95.864071,"city":"Tulsa","state":"OK","address":"10020 East 81st Street","name":""},
  {"lat":35.047015,"lon":-89.803415,"city":"Memphis","state":"TN","address":"7730 Centennial Drive","name":""},
  {"lat":42.2708,"lon":-84.44736,"city":"Jackson","state":"MI","address":"2696 Bob McClain Dr","name":""},
  {"lat":34.010892,"lon":-87.839683,"city":"Guin","state":"AL","address":"5750 Highway 44","name":""},
  {"lat":37.284684,"lon":-76.711388,"city":"Williamsburg","state":"VA","address":"515 Bypass Road","name":""},
  {"lat":38.801186,"lon":-77.508536,"city":"Manassas","state":"VA","address":"10424 Balls Ford Rd.","name":""},
  {"lat":35.755191,"lon":-78.73755,"city":"Cary","state":"NC","address":"5630 Dillard Drive","name":""},
  {"lat":27.95102,"lon":-82.524139,"city":"Tampa","state":"FL","address":"700 North Westshore Blvd","name":""},
  {"lat":33.816612,"lon":-117.928299,"city":"Anaheim","state":"CA","address":"1240 South Walnut","name":""},
  {"lat":46.546495,"lon":-87.429439,"city":"Marquette","state":"MI","address":"1951 US 41 West","name":""},
  {"lat":29.448333,"lon":-98.679722,"city":"San Antonio","state":"TX","address":"10135 State Highway 151","name":""},
  {"lat":32.137355,"lon":-81.246223,"city":"Pooler","state":"GA","address":"100 Outlet Parkway","name":""},
  {"lat":38.346769,"lon":-75.078085,"city":"Ocean City","state":"MD","address":"1701 Atlantic Avenue","name":""},
  {"lat":41.116284,"lon":-85.120654,"city":"Fort Wayne","state":"IN","address":"4111 Paul Shaffer Drive","name":""},
  {"lat":35.143,"lon":-90.0522,"city":"Memphis","state":"TN","address":"160 Union Avenue","name":""},
  {"lat":34.944258,"lon":-80.969841,"city":"Rock Hill","state":"SC","address":"503 Galleria Boulevard","name":""},
  {"lat":40.672613,"lon":-99.085995,"city":"Kearney","state":"NE","address":"110 2nd Avenue","name":""},
  {"lat":39.727621,"lon":-86.258179,"city":"Indianapolis","state":"IN","address":"5601 Fortune Circle West","name":""},
  {"lat":40.57964,"lon":-122.357827,"city":"Redding","state":"CA","address":"1900 Hilltop Drive","name":""},
  {"lat":41.413543,"lon":-75.59909,"city":"Dunmore","state":"PA","address":"200 Tigue Street","name":""},
  {"lat":34.079258,"lon":-118.05506,"city":"El Monte","state":"CA","address":"9920 Valley Blvd","name":""},
  {"lat":32.826099,"lon":-97.0526,"city":"Fort Worth","state":"TX","address":"14320 Centre Station Drive","name":""},
  {"lat":38.559774,"lon":-92.192211,"city":"Jefferson City","state":"MO","address":"1590 Jefferson Street","name":""},
  {"lat":40.218535,"lon":-76.790837,"city":"Middletown","state":"PA","address":"815 South Eisenhower Boulevard","name":""},
  {"lat":31.348939,"lon":-89.33982,"city":"Hattiesburg","state":"MS","address":"6553 US Hwy 49","name":""},
  {"lat":39.944926,"lon":-75.314433,"city":"Drexel Hill","state":"PA","address":"5400 Ferne Blvd.","name":""},
  {"lat":33.442937,"lon":-104.52495,"city":"Roswell","state":"NM","address":"3620 N. Main St","name":""},
  {"lat":41.66161,"lon":-81.37831,"city":"Mentor","state":"OH","address":"7701 Reynolds Road","name":""},
  {"lat":42.944648,"lon":-71.45253,"city":"Manchester","state":"NH","address":"2280 Brown Avenue","name":""},
  {"lat":41.539692,"lon":-81.444984,"city":"Mayfield","state":"OH","address":"780 Beta Drive","name":""},
  {"lat":30.18428,"lon":-85.650049,"city":"Panama City","state":"FL","address":"2001 Martin Luther King Boulevard","name":""},
  {"lat":29.42583,"lon":-98.491319,"city":"San Antonio","state":"TX","address":"217 North St. Mary's Street","name":""},
  {"lat":42.497991,"lon":-90.665616,"city":"Dubuque","state":"IA","address":"450 Main Street","name":""},
  {"lat":33.8516,"lon":-118.2905,"city":"Torrance","state":"CA","address":"19800 S Vermont","name":""},
  {"lat":38.5065,"lon":-90.6755,"city":"Eureka","state":"MO","address":"4901 Six Flags Road","name":""},
  {"lat":28.443836,"lon":-81.472658,"city":"Orlando","state":"FL","address":"8368 Jamaican Court","name":""},
  {"lat":29.568945,"lon":-98.594,"city":"San Antonio","state":"TX","address":"5535 University Heights Blvd.","name":""},
  {"lat":35.025953,"lon":-79.058958,"city":"Fayetteville","state":"NC","address":"2501 Two Bale Lane","name":""},
  {"lat":40.543869,"lon":-74.49991,"city":"Piscataway","state":"NJ","address":"21 Kingsbridge Road","name":""},
  {"lat":39.675076,"lon":-86.310238,"city":"Indianapolis","state":"IN","address":"8555 Stansted Drive","name":""},
  {"lat":34.309544,"lon":-89.927635,"city":"Batesville","state":"MS","address":"210 Power Drive","name":""},
  {"lat":28.567249,"lon":-81.207792,"city":"Orlando","state":"FL","address":"1724 N. Alafaya Trail","name":""},
  {"lat":38.907924,"lon":-77.03477,"city":"Washington","state":"DC","address":"1501 Rhode Island Ave NW","name":""},
  {"lat":28.333147,"lon":-81.513211,"city":"Kissimmee","state":"FL","address":"5711 W. Irlo Bronson Memorial Hwy","name":""},
  {"lat":28.053848,"lon":-82.417419,"city":"Tampa","state":"FL","address":"3751 E. Fowler Ave","name":""},
  {"lat":47.77737,"lon":-122.180977,"city":"Bothell","state":"WA","address":"3850 Monte Villa Parkway","name":""},
  {"lat":38.154656,"lon":-85.712638,"city":"Louisville","state":"KY","address":"6551 Paramount Park Drive","name":""},
  {"lat":39.021,"lon":-76.9255,"city":"College Park","state":"MD","address":"10000 Baltimore Ave","name":""},
  {"lat":40.773474,"lon":-112.010402,"city":"Salt Lake City","state":"UT","address":"5001 W. Wiley Post Way","name":""},
  {"lat":46.848342,"lon":-100.772482,"city":"Bismarck","state":"ND","address":"3903 State Street","name":""},
  {"lat":41.240343,"lon":-95.906743,"city":"Council Bluffs","state":"IA","address":"2202 River Road","name":""},
  {"lat":40.380127,"lon":-76.66585,"city":"Grantville","state":"PA","address":"604 Station Road","name":""},
  {"lat":25.8044,"lon":-80.3365,"city":"Miami","state":"FL","address":"3255 NW 87th Ave","name":""},
  {"lat":42.3422,"lon":-71.5733,"city":"Marlborough","state":"MA","address":"265 Lakeside Avenue","name":""},
  {"lat":44.27462,"lon":-88.476789,"city":"Appleton","state":"WI","address":"1565 N Casaloma Drive","name":""},
  {"lat":43.54865,"lon":-96.726808,"city":"Sioux Falls","state":"SD","address":"100 West 8th St","name":""},
  {"lat":40.4468,"lon":-106.8158,"city":"Steamboat Springs","state":"CO","address":"3190 South Lincoln Avenue","name":""},
  {"lat":32.868573,"lon":-96.945216,"city":"Irving","state":"TX","address":"110 W. John Carpenter Freeway","name":""},
  {"lat":37.444721,"lon":-121.918743,"city":"Milpitas","state":"CA","address":"1100 Cadillac Court","name":""},
  {"lat":36.138407,"lon":-85.529003,"city":"Cookeville","state":"TN","address":"1091 South Willow Avenue","name":""},
  {"lat":32.08175,"lon":-81.09721,"city":"Savannah","state":"GA","address":"520 West Bryan Street","name":""},
  {"lat":32.318779,"lon":-90.87296,"city":"Vicksburg","state":"MS","address":"115 Cypress Centre Boulevard","name":""},
  {"lat":38.225885,"lon":-85.577553,"city":"Louisville","state":"KY","address":"1325 South Hurstbourne Parkway","name":""},
  {"lat":38.806043,"lon":-104.737744,"city":"Colorado Springs","state":"CO","address":"1855 Aeroplaza Drive","name":""},
  {"lat":26.39724,"lon":-80.097647,"city":"Boca Raton","state":"FL","address":"701 NW 53rd Street","name":""},
  {"lat":34.5836,"lon":-118.1386,"city":"Palmdale","state":"CA","address":"38630 5th Street West","name":""},
  {"lat":34.076723,"lon":-80.945323,"city":"Columbia","state":"SC","address":"7525 Two Notch Rd","name":""},
  {"lat":34.228064,"lon":-119.171135,"city":"Oxnard","state":"CA","address":"600 E. Esplanade Dr","name":""},
  {"lat":36.867001,"lon":-75.980309,"city":"Virginia Beach","state":"VA","address":"3900 Atlantic Avenue","name":""},
  {"lat":28.00396,"lon":-81.725719,"city":"Winter Haven","state":"FL","address":"200 Cypress Gardens Boulevard","name":""},
  {"lat":41.587336,"lon":-83.668327,"city":"Maumee","state":"OH","address":"1705 Tollgate Drive","name":""},
  {"lat":39.428696,"lon":-87.414746,"city":"Terre Haute","state":"IN","address":"3300 U.S. Highway 41 South","name":""},
  {"lat":26.189655,"lon":-98.228613,"city":"McAllen","state":"TX","address":"612 West Expressway 83","name":""},
  {"lat":31.098952,"lon":-97.741155,"city":"Killeen","state":"TX","address":"300 East Central Texas Expressway","name":""},
  {"lat":34.667796,"lon":-79.003736,"city":"Lumberton","state":"NC","address":"101 Wintergreen Dr.","name":""},
  {"lat":29.93604,"lon":-95.481591,"city":"Houston","state":"TX","address":"3539 N Sam Houston Parkway West","name":""},
  {"lat":37.225449,"lon":-79.984382,"city":"Roanoke","state":"VA","address":"4468 Starkey Rd.","name":""},
  {"lat":34.066365,"lon":-118.133983,"city":"Monterey Park","state":"CA","address":"400 N Atlantic Blvd","name":""},
  {"lat":38.201197,"lon":-85.751547,"city":"Louisville","state":"KY","address":"447 Farmington Ave.","name":""},
  {"lat":28.2304,"lon":-80.715799,"city":"Melbourne","state":"FL","address":"8298 N Wickham Road","name":""},
  {"lat":40.73115,"lon":-84.0786,"city":"Lima","state":"OH","address":"803 S. Leonard Ave.","name":""},
  {"lat":35.79772,"lon":-83.565222,"city":"Pigeon Forge","state":"TN","address":"2905 Parkway","name":""},
  {"lat":42.2319,"lon":-71.1832,"city":"Dedham","state":"MA","address":"55 Ariadne Road","name":""},
  {"lat":38.929961,"lon":-94.648953,"city":"Overland Park","state":"KS","address":"10920 Nall Avenue","name":""},
  {"lat":40.041232,"lon":-76.305234,"city":"Lancaster","state":"PA","address":"26 East Chestnut Street","name":""},
  {"lat":42.9358,"lon":-76.5664,"city":"Auburn","state":"NY","address":"75 North Street","name":""},
  {"lat":46.785759,"lon":-92.101778,"city":"Duluth","state":"MN","address":"200 West First Street","name":""},
  {"lat":42.4483,"lon":-73.2541,"city":"Pittsfield","state":"MA","address":"One West Street","name":""},
  {"lat":41.356244,"lon":-72.09777,"city":"New London","state":"CT","address":"35 Governor Winthrop Boulevard","name":""},
  {"lat":31.8142,"lon":-106.5513,"city":"El Paso","state":"TX","address":"900 Sunland Park Drive","name":""},
  {"lat":42.403131,"lon":-71.018872,"city":"Chelsea","state":"MA","address":"1012 Broadway","name":""},
  {"lat":39.164491,"lon":-94.496913,"city":"Kansas City","state":"MO","address":"4101 N. Corrington Ave","name":""},
  {"lat":32.96315,"lon":-96.63755,"city":"Garland","state":"TX","address":"5110 N. President George Bush Hwy","name":""},
  {"lat":43.0342,"lon":-108.3801,"city":"Riverton","state":"WY","address":"900 E. Sunset Dr","name":""},
  {"lat":38.968475,"lon":-94.713135,"city":"Overland Park","state":"KS","address":"8787 Reeder Street","name":""},
  {"lat":38.780359,"lon":-97.612649,"city":"Salina","state":"KS","address":"3145 South 9th Street","name":""},
  {"lat":31.782335,"lon":-106.404155,"city":"El Paso","state":"TX","address":"6351 Gateway Boulevard West","name":""},
  {"lat":29.775371,"lon":-95.815704,"city":"Katy","state":"TX","address":"25406 Katy Mills Parkway","name":""},
  {"lat":28.460276,"lon":-81.308538,"city":"Orlando","state":"FL","address":"5750 T.G. LEE BLVD","name":""},
  {"lat":32.5437,"lon":-94.7515,"city":"Longview","state":"TX","address":"300 Tuttle Circle","name":""},
  {"lat":33.614517,"lon":-111.893695,"city":"Scottsdale","state":"AZ","address":"14255 North 87th Street","name":""},
  {"lat":36.969,"lon":-86.4282,"city":"Bowling Green","state":"KY","address":"1021 Wilkinson Trace","name":""},
  {"lat":38.956973,"lon":-92.251395,"city":"Columbia","state":"MO","address":"915 Port Way","name":""},
  {"lat":29.784063,"lon":-95.110157,"city":"Channelview","state":"TX","address":"16311 East Freeway","name":""},
  {"lat":29.621303,"lon":-98.464083,"city":"San Antonio","state":"TX","address":"19280 Redland Road","name":""},
  {"lat":29.652085,"lon":-82.338312,"city":"Gainesville","state":"FL","address":"1250 W. University Ave","name":""},
  {"lat":33.4837,"lon":-80.4768,"city":"Santee","state":"SC","address":"139 Bradford Blvd.","name":""},
  {"lat":44.951117,"lon":-122.994142,"city":"Salem","state":"OR","address":"3301 Market St. NE","name":""},
  {"lat":39.911766,"lon":-88.951417,"city":"Decatur","state":"IL","address":"5150 North Wingate Drive","name":""},
  {"lat":37.051414,"lon":-94.481318,"city":"Joplin","state":"MO","address":"3402 Arizona Avenue","name":""},
  {"lat":35.447935,"lon":-97.598862,"city":"Oklahoma City","state":"OK","address":"4401 Southwest 15th","name":""},
  {"lat":41.239572,"lon":-77.000897,"city":"Williamsport","state":"PA","address":"100 Pine Street","name":""},
  {"lat":39.1714,"lon":-76.7864,"city":"Jessup","state":"MD","address":"7900 Washington Blvd","name":""},
  {"lat":37.310159,"lon":-79.980281,"city":"Roanoke","state":"VA","address":"3315 Ordway Drive","name":""},
  {"lat":46.604656,"lon":-120.49551,"city":"Yakima","state":"WA","address":"802 East Yakima Avenue","name":""},
  {"lat":30.175,"lon":-82.684,"city":"Lake City","state":"FL","address":"213 Sw Commerce Drive","name":""},
  {"lat":40.673421,"lon":-89.588292,"city":"East Peoria","state":"IL","address":"101 Holiday Street","name":""},
  {"lat":44.647847,"lon":-93.292936,"city":"Lakeville","state":"MN","address":"20800 Kenrick Avenue","name":""},
  {"lat":45.336982,"lon":-122.773376,"city":"Wilsonville","state":"OR","address":"25425 Sw 95th Avenue","name":""},
  {"lat":46.425209,"lon":-117.047065,"city":"Clarkston","state":"WA","address":"700 Port Drive","name":""},
  {"lat":36.174969,"lon":-86.773692,"city":"Nashville","state":"TN","address":"211 N. First Street","name":""},
  {"lat":47.180239,"lon":-122.46401,"city":"Tacoma","state":"WA","address":"8402 South Hosmer Street","name":""},
  {"lat":34.83035,"lon":-82.30248,"city":"Greenville","state":"SC","address":"25 Old Country Road","name":""},
  {"lat":39.317798,"lon":-84.434595,"city":"West Chester","state":"OH","address":"5800 Muhlhauser Road","name":""},
  {"lat":43.6574,"lon":-84.23695,"city":"Midland","state":"MI","address":"810 Cinema Drive","name":""},
  {"lat":40.158749,"lon":-75.891228,"city":"Morgantown","state":"PA","address":"6170 Morgantown Rd.","name":""},
  {"lat":39.057647,"lon":-84.626615,"city":"Erlanger","state":"KY","address":"1717 Airport Exchange Blvd.","name":""},
  {"lat":36.168941,"lon":-86.505383,"city":"Mount Juliet","state":"TN","address":"75 Belinda Pkwy","name":""},
  {"lat":41.981478,"lon":-87.836499,"city":"Chicago","state":"IL","address":"5615 N. Cumberland Avenue","name":""},
  {"lat":29.768521,"lon":-95.623414,"city":"Houston","state":"TX","address":"1112 ELDRIDGE PARKWAY","name":""},
  {"lat":39.921802,"lon":-75.040198,"city":"Cherry Hill","state":"NJ","address":"2175 Marlton Pike Rd West","name":""},
  {"lat":36.349803,"lon":-82.381757,"city":"Johnson City","state":"TN","address":"101 W. Springbrook Drive","name":""},
  {"lat":33.46439,"lon":-111.98703,"city":"Phoenix","state":"AZ","address":"1515 North 44th Street","name":""},
  {"lat":43.653559,"lon":-70.261332,"city":"Portland","state":"ME","address":"88 Spring St","name":""},
  {"lat":32.986742,"lon":-97.168333,"city":"Trophy Club","state":"TX","address":"725 Plaza Drive","name":""},
  {"lat":42.498727,"lon":-83.375056,"city":"Farmington Hills","state":"MI","address":"33103 Hamilton Court","name":""},
  {"lat":37.36087,"lon":-121.90884,"city":"San Jose","state":"CA","address":"1350 North 1st Street","name":""},
  {"lat":36.844252,"lon":-76.181347,"city":"Virginia Beach","state":"VA","address":"5655 Greenwich Rd","name":""},
  {"lat":29.984897,"lon":-81.457509,"city":"St. Augustine","state":"FL","address":"475 Commerce Lake Drive","name":""},
  {"lat":39.521541,"lon":-83.844288,"city":"Wilmington","state":"OH","address":"123 Gano Rd","name":""},
  {"lat":40.37453,"lon":-105.509674,"city":"Estes Park","state":"CO","address":"101 S Saint Vrain Ave","name":""},
  {"lat":42.959125,"lon":-87.91812,"city":"Milwaukee","state":"WI","address":"545 W. Layton Avenue","name":""},
  {"lat":41.673794,"lon":-70.306778,"city":"Hyannis","state":"MA","address":"1127 Iyannough Rd.","name":""},
  {"lat":35.610754,"lon":-97.57595,"city":"Oklahoma City","state":"OK","address":"13800 Quail Springs Parkway","name":""},
  {"lat":34.741822,"lon":-92.263732,"city":"Little Rock","state":"AR","address":"600 Interstate 30","name":""},
  {"lat":27.89394,"lon":-82.681798,"city":"Clearwater","state":"FL","address":"3535 Ulmerton Road","name":""},
  {"lat":41.268019,"lon":-95.93478,"city":"Omaha","state":"NE","address":"1420 Cuming Street","name":""},
  {"lat":38.581882,"lon":-121.502722,"city":"Sacramento","state":"CA","address":"300 J Street","name":""},
  {"lat":36.849438,"lon":-75.974899,"city":"Virginia Beach","state":"VA","address":"2101 Atlantic Ave.","name":""},
  {"lat":41.546419,"lon":-83.600233,"city":"Perrysburg","state":"OH","address":"27355 Carronade Drive","name":""},
  {"lat":30.427009,"lon":-89.092566,"city":"Gulfport","state":"MS","address":"9515 Highway 49","name":""},
  {"lat":32.971,"lon":-96.7195,"city":"Richardson","state":"TX","address":"1655 N. Central Expressway","name":""},
  {"lat":35.139024,"lon":-106.593489,"city":"Albuquerque","state":"NM","address":"5050 Jefferson Street NE","name":""},
  {"lat":38.54606,"lon":-122.805944,"city":"Windsor","state":"CA","address":"8755 Old Redwood Highway","name":""},
  {"lat":40.395431,"lon":-80.548493,"city":"Weirton","state":"WV","address":"350 Three Springs Drive","name":""},
  {"lat":25.814966,"lon":-80.122721,"city":"Miami Beach","state":"FL","address":"4333 Collins Avenue","name":""},
  {"lat":39.477844,"lon":-76.249653,"city":"Belcamp","state":"MD","address":"1326 Policy Drive","name":""},
  {"lat":36.60293,"lon":-87.28004,"city":"Clarksville","state":"TN","address":"215 Cracker Barrel Drive","name":""},
  {"lat":40.417333,"lon":-86.891637,"city":"Lafayette","state":"IN","address":"515 South Street","name":""},
  {"lat":32.006415,"lon":-81.27881,"city":"Savannah","state":"GA","address":"11 Gateway Boulevard East","name":""},
  {"lat":34.269756,"lon":-88.715682,"city":"Tupelo","state":"MS","address":"923 North Gloster Street","name":""},
  {"lat":44.767477,"lon":-91.43,"city":"Eau Claire","state":"WI","address":"4751 Owen Ayres Court","name":""},
  {"lat":32.952045,"lon":-96.837081,"city":"Addison","state":"TX","address":"4355 Beltway Drive","name":""},
  {"lat":30.483839,"lon":-90.456887,"city":"Hammond","state":"LA","address":"1819 SW Railroad Avenue","name":""},
  {"lat":30.507044,"lon":-87.221575,"city":"Pensacola","state":"FL","address":"7813 N. Davis Hwy","name":""},
  {"lat":39.0989,"lon":-84.2744,"city":"Cincinnati","state":"OH","address":"4501 Eastgate Blvd.","name":""},
  {"lat":29.938589,"lon":-93.981695,"city":"Port Arthur","state":"TX","address":"2929 Jimmy Johnson Blvd.","name":""},
  {"lat":35.961325,"lon":-86.801788,"city":"Brentwood","state":"TN","address":"1738 Carothers Parkway","name":""},
  {"lat":39.305705,"lon":-94.682119,"city":"Kansas City","state":"MO","address":"11728 N. Ambassador Drive","name":""},
  {"lat":44.52608,"lon":-109.055248,"city":"Cody","state":"WY","address":"1701 Sheridan Ave","name":""},
  {"lat":37.775583,"lon":-87.118291,"city":"Owensboro","state":"KY","address":"701 West 1st Street","name":""},
  {"lat":39.652602,"lon":-105.077651,"city":"Lakewood","state":"CO","address":"7390 West Hampden","name":""},
  {"lat":42.5188,"lon":-70.9983,"city":"Peabody","state":"MA","address":"1 Newbury Street","name":""},
  {"lat":36.114255,"lon":-97.122983,"city":"Stillwater","state":"OK","address":"715 S Country Club Road","name":""},
  {"lat":43.102002,"lon":-87.916796,"city":"Milwaukee","state":"WI","address":"4700 N. Port Washington Road","name":""},
  {"lat":43.087131,"lon":-77.621317,"city":"Rochester","state":"NY","address":"800 Jefferson Road","name":""},
  {"lat":40.362173,"lon":-74.59467,"city":"Princeton","state":"NJ","address":"100 Independence Way","name":""},
  {"lat":34.507118,"lon":-117.325551,"city":"Victorville","state":"CA","address":"15494 Palmdale Rd","name":""},
  {"lat":25.86776,"lon":-80.3263,"city":"Hialeah Gardens","state":"FL","address":"7707 N.W. 103rd Street","name":""},
  {"lat":36.148107,"lon":-86.662903,"city":"Nashville","state":"TN","address":"2864 Elm Hill Pike","name":""},
  {"lat":29.987057,"lon":-95.295927,"city":"Humble","state":"TX","address":"18555 Kenswick Drive","name":""},
  {"lat":29.752018,"lon":-95.368971,"city":"Houston","state":"TX","address":"1616 Main Street","name":""},
  {"lat":25.09596,"lon":-80.438879,"city":"Key Largo","state":"FL","address":"99701 Overseas Hwy","name":""},
  {"lat":39.59657,"lon":-104.853286,"city":"Centennial","state":"CO","address":"6638 S Nome Street","name":""},
  {"lat":42.412405,"lon":-83.421077,"city":"Livonia","state":"MI","address":"17123 N. Laurel Park Dr. N","name":""},
  {"lat":27.968492,"lon":-82.828384,"city":"Clearwater Beach","state":"FL","address":"521 S. Gulfview Boulevard","name":""},
  {"lat":41.529121,"lon":-93.644933,"city":"Des Moines","state":"IA","address":"6111 Fleur Drive","name":""},
  {"lat":35.53504,"lon":-97.516095,"city":"Oklahoma City","state":"OK","address":"6200 North Robinson Avenue","name":""},
  {"lat":25.808803,"lon":-80.263766,"city":"Miami Springs","state":"FL","address":"1111 South Royal Poinciana Boulevard","name":""},
  {"lat":42.243684,"lon":-83.346926,"city":"Romulus","state":"MI","address":"8400 Merriman Road","name":""},
  {"lat":29.1512,"lon":-82.187299,"city":"Ocala","state":"FL","address":"3600 SW 38th Avenue","name":""},
  {"lat":32.836566,"lon":-96.876442,"city":"Dallas","state":"TX","address":"1575 Regal Row","name":""},
  {"lat":34.849786,"lon":-117.084904,"city":"Barstow","state":"CA","address":"2812 Lenwood Road","name":""},
  {"lat":38.985518,"lon":-84.637443,"city":"Florence","state":"KY","address":"7905 Freedom Way","name":""},
  {"lat":25.7783,"lon":-80.1882,"city":"Miami","state":"FL","address":"340 Biscayne Boulevard","name":""},
  {"lat":30.618,"lon":-96.2963,"city":"College Station","state":"TX","address":"2500 Earl Rudder Freeway And Hwy 6","name":""},
  {"lat":39.552575,"lon":-104.771826,"city":"Parker","state":"CO","address":"19308 Cottonwood Drive","name":""},
  {"lat":43.020868,"lon":-74.361872,"city":"Johnstown","state":"NY","address":"308 North Comrie Ave","name":""},
  {"lat":36.57266,"lon":-119.62759,"city":"Selma","state":"CA","address":"2950 Pea Soup Andersen Blvd","name":""},
  {"lat":43.074098,"lon":-70.777647,"city":"Portsmouth","state":"NH","address":"300 Woodbury Ave","name":""},
  {"lat":30.421998,"lon":-91.134441,"city":"Baton Rouge","state":"LA","address":"4848 Constitution Ave","name":""},
  {"lat":41.596831,"lon":-93.625683,"city":"Des Moines","state":"IA","address":"1050 6th Avenue","name":""},
  {"lat":40.55522,"lon":-74.434159,"city":"South Plainfield","state":"NJ","address":"4701 Stelton Road","name":""},
  {"lat":42.381856,"lon":-71.082562,"city":"Somerville","state":"MA","address":"30 Washington Street","name":""},
  {"lat":36.156203,"lon":-86.774323,"city":"Nashville","state":"TN","address":"415 4th Avenue South","name":""},
  {"lat":33.2476,"lon":-111.872,"city":"Chandler","state":"AZ","address":"1200 West Ocotillo Road","name":""},
  {"lat":41.64968,"lon":-93.698049,"city":"Urbandale","state":"IA","address":"4800 Merle Hay Road","name":""},
  {"lat":37.67816,"lon":-97.244459,"city":"Wichita","state":"KS","address":"549 South Rock Road","name":""},
  {"lat":42.840231,"lon":-106.220107,"city":"Casper","state":"WY","address":"721 Granite Peak Drive","name":""},
  {"lat":31.60612,"lon":-97.101666,"city":"Waco","state":"TX","address":"1801 Development Boulevard","name":""},
  {"lat":30.585865,"lon":-88.169783,"city":"Mobile","state":"AL","address":"5465 Hwy 90 W","name":""},
  {"lat":40.8623,"lon":-74.3777,"city":"Parsippany","state":"NJ","address":"707 Route 46 East","name":""},
  {"lat":29.24107,"lon":-81.015122,"city":"Daytona Beach","state":"FL","address":"930 North Atlantic Avenue","name":""},
  {"lat":46.8682,"lon":-113.9945,"city":"Missoula","state":"MT","address":"200 South Pattee","name":""},
  {"lat":33.525843,"lon":-112.27183,"city":"Glendale","state":"AZ","address":"6151 North 99th Avenue","name":""},
  {"lat":30.251413,"lon":-89.761621,"city":"Slidell","state":"LA","address":"372 Voters Road","name":""},
  {"lat":35.0498,"lon":-106.6331,"city":"Albuquerque","state":"NM","address":"1501 Sunport Place","name":""},
  {"lat":39.10578,"lon":-94.574412,"city":"Kansas City","state":"MO","address":"770 Admiral Boulevard","name":""},
  {"lat":36.146163,"lon":-86.810021,"city":"Nashville","state":"TN","address":"2613 West End Ave","name":""},
  {"lat":41.4947,"lon":-71.4565,"city":"Saunderstown","state":"RI","address":"3009 Tower Hill Road","name":""},
  {"lat":38.555386,"lon":-90.408736,"city":"St. Louis","state":"MO","address":"10709 Watson Road","name":""},
  {"lat":38.73152,"lon":-82.99805,"city":"Portsmouth","state":"OH","address":"711 Second Street","name":""},
  {"lat":30.097746,"lon":-94.130095,"city":"Beaumont","state":"TX","address":"2095 North 11th St","name":""},
  {"lat":41.710679,"lon":-86.166926,"city":"Mishawaka","state":"IN","address":"1208 E Douglas Road","name":""},
  {"lat":33.418326,"lon":-111.978712,"city":"Phoenix","state":"AZ","address":"3220 S. 48th Street","name":""},
  {"lat":30.122975,"lon":-95.441987,"city":"Spring","state":"TX","address":"24888 I-45 North","name":""},
  {"lat":35.927304,"lon":-89.892142,"city":"Blytheville","state":"AR","address":"1121 East Main","name":""},
  {"lat":39.155667,"lon":-78.160713,"city":"Winchester","state":"VA","address":"333 Front Royal Pike","name":""},
  {"lat":29.833743,"lon":-95.559559,"city":"Houston","state":"TX","address":"4606 Westway Park Blvd.","name":""},
  {"lat":30.006853,"lon":-90.250139,"city":"Kenner","state":"LA","address":"1300 Veterans Boulevard","name":""},
  {"lat":34.715135,"lon":-92.224234,"city":"Little Rock","state":"AR","address":"3201 Bankhead Dr.","name":""},
  {"lat":30.438986,"lon":-90.080843,"city":"Covington","state":"LA","address":"45 Louis Prima Drive","name":""},
  {"lat":37.245802,"lon":-93.260596,"city":"Springfield","state":"MO","address":"2720 North Glenstone Ave","name":""},
  {"lat":29.217019,"lon":-81.104863,"city":"Daytona Beach","state":"FL","address":"137 Automall Circle","name":""},
  {"lat":29.547434,"lon":-95.130567,"city":"Webster","state":"TX","address":"302 W. Bay Area Blvd","name":""},
  {"lat":33.5434,"lon":-86.761396,"city":"Birmingham","state":"AL","address":"5000 Richard Arrington Jr Blvd N","name":""},
  {"lat":38.761969,"lon":-90.458589,"city":"St. Louis","state":"MO","address":"3400 Rider Trail South","name":""},
  {"lat":40.7451,"lon":-73.992199,"city":"New York City","state":"NY","address":"125 West 26th Street","name":""},
  {"lat":45.538817,"lon":-122.894757,"city":"Hillsboro","state":"OR","address":"2575 NE Aloclek Drive","name":""},
  {"lat":39.453598,"lon":-76.640218,"city":"Timonium","state":"MD","address":"9615 Deereco Road","name":""},
  {"lat":42.59694,"lon":-83.166659,"city":"Troy","state":"MI","address":"870 Tower Drive","name":""},
  {"lat":40.780758,"lon":-89.679169,"city":"Peoria","state":"IL","address":"7601 North Orange Prairie Road","name":""},
  {"lat":32.9041,"lon":-83.683226,"city":"Macon","state":"GA","address":"3953 River Place Drive","name":""},
  {"lat":27.796022,"lon":-97.466197,"city":"Corpus Christi","state":"TX","address":"5549 Leopard Street","name":""},
  {"lat":37.162435,"lon":-80.427136,"city":"Christiansburg","state":"VA","address":"99 Bradley Drive","name":""},
  {"lat":40.745549,"lon":-73.601294,"city":"Carle Place","state":"NY","address":"369 Old Country Rd","name":""},
  {"lat":38.901561,"lon":-121.075444,"city":"Auburn","state":"CA","address":"120 Grass Valley Highway","name":""},
  {"lat":30.038797,"lon":-94.157742,"city":"Beaumont","state":"TX","address":"3950 I-10 South & Walden Rd","name":""},
  {"lat":39.76396,"lon":-104.90345,"city":"Denver","state":"CO","address":"3333 Quebec Street","name":""},
  {"lat":29.966943,"lon":-95.555334,"city":"Houston","state":"TX","address":"18530 State Highway 249","name":""},
  {"lat":29.69036,"lon":-95.41251,"city":"Houston","state":"TX","address":"8111 Kirby Dr.","name":""},
  {"lat":40.488259,"lon":-88.919162,"city":"Bloomington","state":"IL","address":"3202 East Empire Street","name":""},
  {"lat":29.93848,"lon":-95.331269,"city":"Houston","state":"TX","address":"15222 JFK Boulevard","name":""},
  {"lat":27.79826,"lon":-97.39147,"city":"Corpus Christi","state":"TX","address":"707 North Shoreline Boulevard","name":""},
  {"lat":43.611656,"lon":-84.742835,"city":"Mount Pleasant","state":"MI","address":"5278 East Pickard Street","name":""},
  {"lat":32.272201,"lon":-90.148864,"city":"Pearl","state":"MS","address":"110 Bass Pro Drive","name":""},
  {"lat":39.0876,"lon":-84.5201,"city":"Covington","state":"KY","address":"600 W Third Street","name":""},
  {"lat":30.187156,"lon":-81.706362,"city":"Orange Park","state":"FL","address":"620 Wells Rd.","name":""},
  {"lat":40.687516,"lon":-73.982327,"city":"Brooklyn","state":"NY","address":"300 Schermerhorn Street","name":""},
  {"lat":41.0224,"lon":-80.6348,"city":"Youngstown","state":"OH","address":"7410 South Ave","name":""},
  {"lat":43.050921,"lon":-88.227382,"city":"Pewaukee","state":"WI","address":"N14 W24140 Tower Place","name":""},
  {"lat":39.199391,"lon":-85.953686,"city":"Columbus","state":"IN","address":"2485 W. Jonathan Moore Pike","name":""},
  {"lat":38.60119,"lon":-89.982646,"city":"Fairview Heights","state":"IL","address":"313 Salem Place","name":""},
  {"lat":39.115346,"lon":-108.542644,"city":"Grand Junction","state":"CO","address":"2751 Crossroads Blvd","name":""},
  {"lat":43.021878,"lon":-88.107948,"city":"Brookfield","state":"WI","address":"1005 South Moorland Road","name":""},
  {"lat":45.564288,"lon":-122.574424,"city":"Portland","state":"OR","address":"8439 Ne Columbia Court","name":""},
  {"lat":44.7868,"lon":-68.8131,"city":"Bangor","state":"ME","address":"404 Odlin Road","name":""},
  {"lat":32.781335,"lon":-79.965808,"city":"Charleston","state":"SC","address":"301 Savannah Hwy","name":""},
  {"lat":42.514059,"lon":-83.028646,"city":"Warren","state":"MI","address":"30000 Van Dyke Avenue","name":""},
  {"lat":45.612798,"lon":-122.67539,"city":"Portland","state":"OR","address":"909 N. Hayden Island Drive","name":""},
  {"lat":37.092172,"lon":-88.601486,"city":"Paducah","state":"KY","address":"600 North Fourth Street","name":""},
  {"lat":41.787953,"lon":-88.377628,"city":"Aurora","state":"IL","address":"2424 West Sullivan Road","name":""},
  {"lat":37.075949,"lon":-113.579363,"city":"St. George","state":"UT","address":"1808 South Crosby Way","name":""},
  {"lat":47.4942,"lon":-111.300899,"city":"Great Falls","state":"MT","address":"1100 5th Street South","name":""},
  {"lat":30.21331,"lon":-97.70535,"city":"Austin","state":"TX","address":"6711 East Ben White Boulevard","name":""},
  {"lat":43.573483,"lon":-116.217749,"city":"Boise","state":"ID","address":"2970 West Elder Street","name":""},
  {"lat":36.011556,"lon":-83.977278,"city":"Knoxville","state":"TN","address":"5634 Merchants Center Boulevard","name":""},
  {"lat":42.063004,"lon":-88.08103,"city":"Schaumburg","state":"IL","address":"1998 N. Roselle Road","name":""},
  {"lat":32.511975,"lon":-93.743087,"city":"Shreveport","state":"LA","address":"102 Lake Street","name":""},
  {"lat":42.220329,"lon":-88.285337,"city":"Crystal Lake","state":"IL","address":"800 South Route 31","name":""},
  {"lat":41.758764,"lon":-87.740955,"city":"Chicago","state":"IL","address":"7353 South Cicero Avenue","name":""},
  {"lat":34.740904,"lon":-86.666219,"city":"Huntsville","state":"AL","address":"5903 University Dr.","name":""},
  {"lat":42.266393,"lon":-85.173426,"city":"Battle Creek","state":"MI","address":"12812 Harper Village Drive","name":""},
  {"lat":29.992625,"lon":-90.15556,"city":"Metairie","state":"LA","address":"2261 N. Causeway Blvd.","name":""},
  {"lat":37.701356,"lon":-121.932876,"city":"Dublin","state":"CA","address":"6680 Regional Street","name":""},
  {"lat":41.5087,"lon":-72.1196,"city":"Norwich","state":"CT","address":"10 Laura Boulevard","name":""},
  {"lat":33.369844,"lon":-86.81716,"city":"Hoover","state":"AL","address":"2901 JOHN HAWKINS PARKWAY","name":""},
  {"lat":41.563727,"lon":-90.525953,"city":"Davenport","state":"IA","address":"4215 Elmore Ave","name":""},
  {"lat":40.096745,"lon":-88.24561,"city":"Champaign","state":"IL","address":"101 Trade Center Drive","name":""},
  {"lat":41.68476,"lon":-88.072765,"city":"Bolingbrook","state":"IL","address":"205 Remington Blvd.","name":""},
  {"lat":33.20765,"lon":-117.38786,"city":"Oceanside","state":"CA","address":"1401 Carmelo Dr","name":""},
  {"lat":37.626376,"lon":-77.528253,"city":"Richmond","state":"VA","address":"8008 West Broad St","name":""},
  {"lat":44.474737,"lon":-88.077363,"city":"Green Bay","state":"WI","address":"2785 Ramada Way","name":""},
  {"lat":39.185203,"lon":-86.537737,"city":"Bloomington","state":"IN","address":"1710 N. Kinser Pike","name":""},
  {"lat":38.0623,"lon":-78.492,"city":"Charlottesville","state":"VA","address":"1901 Emmet Street","name":""},
  {"lat":40.56135,"lon":-111.902645,"city":"South Jordan","state":"UT","address":"10499 S. Jordan Gateway","name":""}]}