{"key":"home2_suites","displayName":"Home2 Suites","category":"hotels","useLocationName":false,"locations":[
  {"lat":33.438543,"lon":-112.555223,"city":"Buckeye","state":"AZ","address":"955 South Watson Road","name":""},
  {"lat":33.121264,"lon":-117.289213,"city":"Carlsbad","state":"CA","address":"1901 Wright Place","name":""},
  {"lat":32.765405,"lon":-115.533497,"city":"El Centro","state":"CA","address":"3105 S Dogwood Rd","name":""},
  {"lat":32.719629,"lon":-117.159938,"city":"San Diego","state":"CA","address":"1357 5th Ave.","name":""},
  {"lat":33.497845,"lon":-117.160047,"city":"Temecula","state":"CA","address":"28400 Rancho California Road","name":""},
  {"lat":32.725621,"lon":-114.619178,"city":"Yuma","state":"AZ","address":"155 North Madison Avenue","name":""},
  {"lat":40.788754,"lon":-124.180919,"city":"Eureka","state":"CA","address":"2112 Broadway","name":""},
  {"lat":35.515039,"lon":-120.698921,"city":"Atascadero","state":"CA","address":"1800 El Camino Real","name":""},
  {"lat":35.368066,"lon":-119.093448,"city":"Bakersfield","state":"CA","address":"8227 Brimhall Road","name":""},
  {"lat":34.218166,"lon":-119.066337,"city":"Camarillo","state":"CA","address":"623 E Ventura Blvd.","name":""},
  {"lat":36.319756,"lon":-119.670851,"city":"Hanford","state":"CA","address":"1589 Glendale Avenue","name":""},
  {"lat":34.029971,"lon":-118.130068,"city":"Montebello","state":"CA","address":"988 Bella Verde Drive","name":""},
  {"lat":34.586693,"lon":-118.138256,"city":"Palmdale","state":"CA","address":"38750 5th Street West","name":""},
  {"lat":34.17885,"lon":-118.593377,"city":"Woodland Hills","state":"CA","address":"21110 Oxnard Street","name":""},
  {"lat":37.657103,"lon":-122.399246,"city":"South San Francisco","state":"CA","address":"550 Gateway Blvd","name":""},
  {"lat":37.724798,"lon":-122.241886,"city":"Alameda","state":"CA","address":"1660 Harbor Bay Parkway","name":""},
  {"lat":37.659683,"lon":-122.11519,"city":"Hayward","state":"CA","address":"22101 Hesperian Blvd","name":""},
  {"lat":37.701819,"lon":-121.813489,"city":"Livermore","state":"CA","address":"2625 Constitution Drive","name":""},
  {"lat":36.665226,"lon":-121.807599,"city":"Marina","state":"CA","address":"225 10th Street","name":""},
  {"lat":37.258808,"lon":-121.784704,"city":"San Jose","state":"CA","address":"5952 Silver Creek Valley Rd","name":""},
  {"lat":37.754299,"lon":-121.453792,"city":"Tracy","state":"CA","address":"2025 W Grant Line Road","name":""},
  {"lat":38.271773,"lon":-122.668092,"city":"Petaluma","state":"CA","address":"1205 Redwood Way","name":""},
  {"lat":38.346659,"lon":-122.715205,"city":"Rohnert Park","state":"CA","address":"6490 Redwood Dr","name":""},
  {"lat":38.176034,"lon":-122.253714,"city":"American Canyon","state":"CA","address":"3701 Main Street","name":""},
  {"lat":38.794461,"lon":-121.299764,"city":"Roseville","state":"CA","address":"1900 Freedom Way","name":""},
  {"lat":38.551811,"lon":-121.426147,"city":"Sacramento","state":"CA","address":"1865 65th St","name":""},
  {"lat":38.582241,"lon":-121.521627,"city":"West Sacramento","state":"CA","address":"1020 West Capitol Ave","name":""},
  {"lat":38.676232,"lon":-121.730722,"city":"Woodland","state":"CA","address":"441 Douglas Lane","name":""},
  {"lat":36.803667,"lon":-119.69961,"city":"Clovis","state":"CA","address":"810 Santa Ana Ave","name":""},
  {"lat":36.83577,"lon":-119.91553,"city":"Fresno","state":"CA","address":"6965 W. Farrington Avenue","name":""},
  {"lat":37.47579,"lon":-120.851299,"city":"Turlock","state":"CA","address":"1831 Lander Ave","name":""},
  {"lat":33.811733,"lon":-117.912619,"city":"Anaheim","state":"CA","address":"1441 S Manchester Ave","name":""},
  {"lat":34.118542,"lon":-117.908421,"city":"Azusa","state":"CA","address":"229 S Azusa Ave","name":""},
  {"lat":34.856026,"lon":-117.083282,"city":"Barstow","state":"CA","address":"2570 Fisher Blvd","name":""},
  {"lat":34.244056,"lon":-116.889789,"city":"Big Bear Lake","state":"CA","address":"41820 Big Bear Boulevard","name":""},
  {"lat":33.81025,"lon":-117.505,"city":"Corona","state":"CA","address":"4556 Temescal Canyon Road","name":""},
  {"lat":33.764923,"lon":-117.91991,"city":"Garden Grove","state":"CA","address":"13650 Harbor Blvd","name":""},
  {"lat":34.066,"lon":-117.585,"city":"Ontario","state":"CA","address":"535 N. TURNER AVENUE","name":""},
  {"lat":34.064721,"lon":-117.201541,"city":"Redlands","state":"CA","address":"1342 Industrial Park Ave","name":""},
  {"lat":33.985768,"lon":-117.374718,"city":"Riverside","state":"CA","address":"3870 5th Street","name":""},
  {"lat":33.889222,"lon":-117.273238,"city":"Riverside","state":"CA","address":"22440 Van Buren Blvd","name":""},
  {"lat":34.071315,"lon":-117.268473,"city":"San Bernardino","state":"CA","address":"837 E. Brier Drive","name":""},
  {"lat":34.484025,"lon":-117.337531,"city":"Victorville","state":"CA","address":"12792 Amargosa Rd.","name":""},
  {"lat":35.215261,"lon":-114.039675,"city":"Kingman","state":"AZ","address":"1121 Sunrise Avenue","name":""},
  {"lat":34.46457,"lon":-114.33784,"city":"Lake Havasu City","state":"AZ","address":"120 Park Avenue","name":""},
  {"lat":36.126585,"lon":-115.146646,"city":"Las Vegas","state":"NV","address":"755 Sierra Vista Dr.","name":""},
  {"lat":36.071279,"lon":-115.276547,"city":"Las Vegas","state":"NV","address":"8470 W. Sunset Road","name":""},
  {"lat":36.240084,"lon":-115.078856,"city":"Las Vegas","state":"NV","address":"4365 E Craig Rd","name":""},
  {"lat":36.28465,"lon":-115.287981,"city":"Las Vegas","state":"NV","address":"8906 W Deer Springs Way","name":""},
  {"lat":36.100365,"lon":-115.182682,"city":"Las Vegas","state":"NV","address":"4940 Dean Martin Drive","name":""},
  {"lat":36.04827,"lon":-115.17086,"city":"Las Vegas","state":"NV","address":"7740 Las Vegas Blvd South","name":""},
  {"lat":44.053171,"lon":-121.26217,"city":"Bend","state":"OR","address":"21241 NE Livingston Dr.","name":""},
  {"lat":44.047556,"lon":-123.09449,"city":"Eugene","state":"OR","address":"102 W 11th Avenue","name":""},
  {"lat":40.627136,"lon":-122.369104,"city":"Redding","state":"CA","address":"5184 Caterpillar Road","name":""},
  {"lat":39.476291,"lon":-119.786735,"city":"Reno","state":"NV","address":"1111 Meadowood Mall Link","name":""},
  {"lat":44.925075,"lon":-122.993469,"city":"Salem","state":"OR","address":"390 Hawthorne Ave Se","name":""},
  {"lat":43.613145,"lon":-116.202329,"city":"Boise","state":"ID","address":"202 South 6th Street","name":""},
  {"lat":40.853777,"lon":-115.74984,"city":"Elko","state":"NV","address":"2572 East Jennings Way","name":""},
  {"lat":43.605573,"lon":-116.511717,"city":"Nampa","state":"ID","address":"5860 East Franklin Road","name":""},
  {"lat":33.462892,"lon":-112.280898,"city":"Avondale","state":"AZ","address":"10275 W. McDowell Road","name":""},
  {"lat":33.26244,"lon":-111.884016,"city":"Chandler","state":"AZ","address":"2490 W. Queen Creek Rd.","name":""},
  {"lat":33.29188,"lon":-111.753424,"city":"Gilbert","state":"AZ","address":"3333 S. Market Street","name":""},
  {"lat":33.531384,"lon":-112.266052,"city":"Glendale","state":"AZ","address":"6620 N. 95th Avenue","name":""},
  {"lat":33.467958,"lon":-112.360079,"city":"Goodyear","state":"AZ","address":"1950 N Litchfield Rd","name":""},
  {"lat":33.472284,"lon":-111.706469,"city":"Mesa","state":"AZ","address":"5643 East Longbow Pkwy","name":""},
  {"lat":33.457231,"lon":-111.987693,"city":"Phoenix","state":"AZ","address":"888 North 44th Street","name":""},
  {"lat":33.406447,"lon":-111.979805,"city":"Phoenix","state":"AZ","address":"4725 E Broadway Road","name":""},
  {"lat":33.444959,"lon":-112.071656,"city":"Phoenix","state":"AZ","address":"125 E Jackson St","name":""},
  {"lat":33.484703,"lon":-112.074256,"city":"Phoenix","state":"AZ","address":"3150 N Central Ave","name":""},
  {"lat":33.710417,"lon":-112.104762,"city":"Phoenix","state":"AZ","address":"2107 W Whispering Wind Drive","name":""},
  {"lat":33.66621,"lon":-111.9237,"city":"Scottsdale","state":"AZ","address":"20001 N. Scottsdale Road","name":""},
  {"lat":33.484571,"lon":-111.925149,"city":"Scottsdale","state":"AZ","address":"3131 N Scottsdale Road","name":""},
  {"lat":33.556674,"lon":-111.882103,"city":"Scottsdale","state":"AZ","address":"8401 N Pima Center Pkwy","name":""},
  {"lat":33.353943,"lon":-111.89522,"city":"Tempe","state":"AZ","address":"7290 Price Road","name":""},
  {"lat":32.133749,"lon":-110.929666,"city":"Tucson","state":"AZ","address":"6555 South Bay Colony Drive","name":""},
  {"lat":32.21977,"lon":-110.97069,"city":"Tucson","state":"AZ","address":"141 South Stone Ave","name":""},
  {"lat":32.933627,"lon":-105.973429,"city":"Alamogordo","state":"NM","address":"3450 Mesa Village Drive","name":""},
  {"lat":32.262239,"lon":-101.492853,"city":"Big Spring","state":"TX","address":"809 West Interstate 20","name":""},
  {"lat":32.380961,"lon":-104.225182,"city":"Carlsbad","state":"NM","address":"3500 National Parks Highway","name":""},
  {"lat":31.787369,"lon":-106.408554,"city":"El Paso","state":"TX","address":"6308 Montana Avenue","name":""},
  {"lat":31.796,"lon":-106.267,"city":"El Paso","state":"TX","address":"3450 Joe Battle Blvd","name":""},
  {"lat":32.738969,"lon":-103.146401,"city":"Hobbs","state":"NM","address":"825 W. Joe Harvey Blvd.","name":""},
  {"lat":32.335126,"lon":-106.759394,"city":"Las Cruces","state":"NM","address":"1120 North Telshor Blvd","name":""},
  {"lat":33.551626,"lon":-101.945366,"city":"Lubbock","state":"TX","address":"6004 Marsha Sharp Freeway","name":""},
  {"lat":33.594,"lon":-101.856,"city":"Lubbock","state":"TX","address":"1704 Marsha Sharp Fwy","name":""},
  {"lat":31.993107,"lon":-102.16105,"city":"Midland","state":"TX","address":"1401 Catalina Drive","name":""},
  {"lat":32.038249,"lon":-102.085058,"city":"Midland","state":"TX","address":"4104 N. Big Spring St.","name":""},
  {"lat":31.911468,"lon":-102.295811,"city":"Odessa","state":"TX","address":"4015 Billy Hext Rd","name":""},
  {"lat":31.399032,"lon":-103.512935,"city":"Pecos","state":"TX","address":"2400 S. Texas St.","name":""},
  {"lat":33.400046,"lon":-104.521232,"city":"Roswell","state":"NM","address":"700 N Virginia Avenue","name":""},
  {"lat":25.964075,"lon":-97.507261,"city":"Brownsville","state":"TX","address":"747 Springmart Blvd","name":""},
  {"lat":27.713362,"lon":-97.375548,"city":"Corpus Christi","state":"TX","address":"5274 South Padre Island Dr.","name":""},
  {"lat":26.2636,"lon":-98.171965,"city":"Edinburg","state":"TX","address":"411 W Trenton","name":""},
  {"lat":27.560442,"lon":-99.44664,"city":"Laredo","state":"TX","address":"7120 Rosson Ln","name":""},
  {"lat":27.606,"lon":-99.483,"city":"Laredo","state":"TX","address":"1420 Hospitality Drive","name":""},
  {"lat":26.20141,"lon":-98.261815,"city":"McAllen","state":"TX","address":"525 South Ware Road","name":""},
  {"lat":27.897585,"lon":-97.309516,"city":"Portland","state":"TX","address":"139 Buddy Ganem Drive","name":""},
  {"lat":26.192,"lon":-98.137,"city":"San Juan","state":"TX","address":"1003 E. Carroll Rd","name":""},
  {"lat":26.097,"lon":-97.167,"city":"South Padre Island","state":"TX","address":"1709 Padre Blvd","name":""},
  {"lat":29.384529,"lon":-100.9036,"city":"Del Rio","state":"TX","address":"122 Lowe Drive","name":""},
  {"lat":29.518776,"lon":-98.484498,"city":"San Antonio","state":"TX","address":"94 NE Loop 410","name":""},
  {"lat":29.603241,"lon":-98.596378,"city":"San Antonio","state":"TX","address":"17303 Vance Jackson","name":""},
  {"lat":29.426781,"lon":-98.489906,"city":"San Antonio","state":"TX","address":"603 Navarro Street","name":""},
  {"lat":29.438043,"lon":-98.660581,"city":"San Antonio","state":"TX","address":"9911 Ingram Road","name":""},
  {"lat":29.60986,"lon":-98.464362,"city":"San Antonio","state":"TX","address":"1807 North Loop 1604 East","name":""},
  {"lat":29.425677,"lon":-98.492586,"city":"San Antonio","state":"TX","address":"118 Soledad Street","name":""},
  {"lat":30.220744,"lon":-97.690364,"city":"Austin","state":"TX","address":"1705 Airport Commerce Drive","name":""},
  {"lat":30.258684,"lon":-97.719964,"city":"Austin","state":"TX","address":"2033 E. 5th Street","name":""},
  {"lat":30.398891,"lon":-97.718584,"city":"Austin","state":"TX","address":"2800 Esperanza Crossing","name":""},
  {"lat":30.173787,"lon":-97.784773,"city":"Austin","state":"TX","address":"8415 S Congress Ave","name":""},
  {"lat":30.474541,"lon":-97.803123,"city":"Austin","state":"TX","address":"14022 US Highway 183","name":""},
  {"lat":30.109,"lon":-97.349,"city":"Bastrop","state":"TX","address":"114 Orr Drive","name":""},
  {"lat":30.629,"lon":-96.3373,"city":"College Station","state":"TX","address":"300 Texas Avenue, S.","name":""},
  {"lat":29.177,"lon":-96.268,"city":"El Campo","state":"TX","address":"25268 US 59 Rd.","name":""},
  {"lat":30.648786,"lon":-97.688197,"city":"Georgetown","state":"TX","address":"1431 Rivery Blvd","name":""},
  {"lat":29.783446,"lon":-95.736841,"city":"Katy","state":"TX","address":"20985 Katy Freeway","name":""},
  {"lat":29.726,"lon":-98.078,"city":"New Braunfels","state":"TX","address":"2162 Stephens Place","name":""},
  {"lat":30.468238,"lon":-97.599736,"city":"Pflugerville","state":"TX","address":"18700 Hilltop Commercial Drive","name":""},
  {"lat":29.563084,"lon":-95.692126,"city":"Richmond","state":"TX","address":"5350 Pointe West Circle","name":""},
  {"lat":30.479804,"lon":-97.686587,"city":"Round Rock","state":"TX","address":"1000 West Louis Henna Blvd","name":""},
  {"lat":30.56,"lon":-97.681,"city":"Round Rock","state":"TX","address":"425 University Blvd, Building 2","name":""},
  {"lat":30.601,"lon":-97.423,"city":"Taylor","state":"TX","address":"190 Carlos G Parker Blvd NW","name":""},
  {"lat":32.474171,"lon":-99.689392,"city":"Abilene","state":"TX","address":"2109 Scottish Road","name":""},
  {"lat":32.404,"lon":-99.771,"city":"Abilene","state":"TX","address":"3650 Cedar Run Road","name":""},
  {"lat":31.73,"lon":-98.974,"city":"Brownwood","state":"TX","address":"401 East Commerce Street","name":""},
  {"lat":31.438958,"lon":-100.498256,"city":"San Angelo","state":"TX","address":"2569 Southwest Boulevard","name":""},
  {"lat":31.080809,"lon":-97.366832,"city":"Temple","state":"TX","address":"2106 South 31st Street","name":""},
  {"lat":31.527409,"lon":-97.134419,"city":"Waco","state":"TX","address":"2500 Bagby Avenue","name":""},
  {"lat":32.838988,"lon":-97.141452,"city":"Bedford","state":"TX","address":"1916 Forest Ridge Dr.","name":""},
  {"lat":32.565535,"lon":-97.315594,"city":"Burleson","state":"TX","address":"13233 Jake Court","name":""},
  {"lat":33.221889,"lon":-97.167857,"city":"Denton","state":"TX","address":"3125 Heritage Tr.","name":""},
  {"lat":32.874072,"lon":-97.098786,"city":"Euless","state":"TX","address":"2570 State Highway 121","name":""},
  {"lat":33.043174,"lon":-97.066387,"city":"Flower Mound","state":"TX","address":"4231 River Walk Dr","name":""},
  {"lat":32.763,"lon":-97.165,"city":"Fort Worth","state":"TX","address":"1225 Little Cina Ln","name":""},
  {"lat":32.747534,"lon":-97.361585,"city":"Fort Worth","state":"TX","address":"1145 University Dr.","name":""},
  {"lat":32.836619,"lon":-97.294192,"city":"Fort Worth","state":"TX","address":"5100 Endicott Avenue","name":""},
  {"lat":32.802,"lon":-97.434,"city":"Fort Worth","state":"TX","address":"6730 Northwest Loop 820","name":""},
  {"lat":32.681797,"lon":-97.407962,"city":"Fort Worth","state":"TX","address":"5401 SW Loop 820","name":""},
  {"lat":32.674842,"lon":-97.031375,"city":"Grand Prairie","state":"TX","address":"2123 Interstate 20","name":""},
  {"lat":33.024261,"lon":-97.273267,"city":"Northlake","state":"TX","address":"13351 Raceway Drive","name":""},
  {"lat":32.955704,"lon":-96.828424,"city":"Addison","state":"TX","address":"4875 Belt Line Road","name":""},
  {"lat":32.973626,"lon":-97.023718,"city":"Coppell","state":"TX","address":"1030 W. Sandy Lake Rd.","name":""},
  {"lat":32.789861,"lon":-96.782083,"city":"Dallas","state":"TX","address":"3301 Gaston Ave","name":""},
  {"lat":32.793,"lon":-96.693,"city":"Dallas","state":"TX","address":"6845 Samuell Blvd","name":""},
  {"lat":32.76965,"lon":-96.89623,"city":"Dallas","state":"TX","address":"2000 North Cockrell Hill","name":""},
  {"lat":32.809609,"lon":-96.832701,"city":"Dallas","state":"TX","address":"4866 Harry Hines Blvd","name":""},
  {"lat":32.890945,"lon":-96.766749,"city":"Dallas","state":"TX","address":"8180 Midtown Blvd","name":""},
  {"lat":32.625881,"lon":-96.826728,"city":"DeSoto","state":"TX","address":"1300 E Centre Park Boulevard","name":""},
  {"lat":32.835814,"lon":-97.012705,"city":"Irving","state":"TX","address":"4340 W Airport Freeway","name":""},
  {"lat":32.9146,"lon":-97.013998,"city":"Irving","state":"TX","address":"4700 North Plaza Drive","name":""},
  {"lat":33.018837,"lon":-96.980275,"city":"Lewisville","state":"TX","address":"450 E. Corporate Dr.","name":""},
  {"lat":33.046512,"lon":-96.703143,"city":"Plano","state":"TX","address":"3525 Premier Dr","name":""},
  {"lat":33.002022,"lon":-96.672785,"city":"Plano","state":"TX","address":"401 Wynhurst Drive","name":""},
  {"lat":32.879378,"lon":-96.520855,"city":"Rowlett","state":"TX","address":"8609 Sunset Blvd","name":""},
  {"lat":33.133632,"lon":-96.651784,"city":"Fairview","state":"TX","address":"290 Murray Farm Rd","name":""},
  {"lat":33.096144,"lon":-96.815976,"city":"Frisco","state":"TX","address":"2000 Parkwood Boulevard","name":""},
  {"lat":33.17631,"lon":-96.641168,"city":"McKinney","state":"TX","address":"2630 South Central Expressway","name":""},
  {"lat":33.070444,"lon":-96.834573,"city":"Plano","state":"TX","address":"6300 Tennyson Parkway","name":""},
  {"lat":29.276951,"lon":-94.809784,"city":"Galveston","state":"TX","address":"4302 Seawall Blvd","name":""},
  {"lat":29.039055,"lon":-95.446362,"city":"Lake Jackson","state":"TX","address":"105 Azalea Street","name":""},
  {"lat":29.409046,"lon":-95.037193,"city":"Texas City","state":"TX","address":"3000 Gulf Freeway","name":""},
  {"lat":29.809994,"lon":-94.981821,"city":"Baytown","state":"TX","address":"7512 Garth Road","name":""},
  {"lat":29.730977,"lon":-95.466965,"city":"Houston","state":"TX","address":"3414 Sage Rd","name":""},
  {"lat":29.749374,"lon":-95.363682,"city":"Houston","state":"TX","address":"1540 Leeland Street","name":""},
  {"lat":29.786949,"lon":-95.578858,"city":"Houston","state":"TX","address":"1106 Sherwood Forest Street","name":""},
  {"lat":29.940105,"lon":-95.38563,"city":"Houston","state":"TX","address":"705 N. Sam Houston Pkwy E.","name":""},
  {"lat":29.705014,"lon":-95.385383,"city":"Houston","state":"TX","address":"6840 Almeda Road","name":""},
  {"lat":29.594525,"lon":-95.385006,"city":"Houston","state":"TX","address":"13923 South Freeway","name":""},
  {"lat":29.730645,"lon":-95.57084,"city":"Houston","state":"TX","address":"3125 Wilcrest Dr","name":""},
  {"lat":29.965483,"lon":-95.549005,"city":"Houston","state":"TX","address":"7815 Willow Chase Boulevard","name":""},
  {"lat":30.71088,"lon":-95.569409,"city":"Huntsville","state":"TX","address":"199 Interstate 45 South","name":""},
  {"lat":29.650409,"lon":-95.033063,"city":"La Porte","state":"TX","address":"1251 S. 13th St.","name":""},
  {"lat":29.632711,"lon":-95.170347,"city":"Pasadena","state":"TX","address":"5150 East Sam Houston Parkway South","name":""},
  {"lat":30.175746,"lon":-95.449368,"city":"Shenandoah","state":"TX","address":"223 David Vetter Blvd.","name":""},
  {"lat":29.641177,"lon":-95.586244,"city":"Stafford","state":"TX","address":"11121 Fountain Lake Drive","name":""},
  {"lat":29.546446,"lon":-95.135716,"city":"Webster","state":"TX","address":"600 West Texas Avenue","name":""},
  {"lat":30.040842,"lon":-94.150333,"city":"Beaumont","state":"TX","address":"5370 Clearwater Court","name":""},
  {"lat":30.198899,"lon":-93.239595,"city":"Lake Charles","state":"LA","address":"1200 West Prien Lake Road","name":""},
  {"lat":29.938308,"lon":-93.988229,"city":"Port Arthur","state":"TX","address":"2750 Home Two Plaza","name":""},
  {"lat":30.392532,"lon":-91.061679,"city":"Baton Rouge","state":"LA","address":"10800 Siegen Holiday Circle","name":""},
  {"lat":30.423046,"lon":-91.130387,"city":"Baton Rouge","state":"LA","address":"2552 CitiPlace Court","name":""},
  {"lat":30.209259,"lon":-90.95294,"city":"Gonzales","state":"LA","address":"2708 W Outfitters Dr","name":""},
  {"lat":30.486315,"lon":-90.458235,"city":"Hammond","state":"LA","address":"1608 SW Railroad Ave","name":""},
  {"lat":29.87957,"lon":-90.052319,"city":"Harvey","state":"LA","address":"1701 11th Street","name":""},
  {"lat":30.00676,"lon":-90.253561,"city":"Kenner","state":"LA","address":"1112 Veteran Memorial Blvd","name":""},
  {"lat":30.167564,"lon":-92.033708,"city":"Lafayette","state":"LA","address":"1909 Kaliste Saloom Road","name":""},
  {"lat":30.242,"lon":-92.064,"city":"Scott","state":"LA","address":"2131 W. Willow St","name":""},
  {"lat":31.314,"lon":-94.714,"city":"Lufkin","state":"TX","address":"3701 S Medford Drive","name":""},
  {"lat":33.675,"lon":-95.519,"city":"Paris","state":"TX","address":"3143 NE Loop 286","name":""},
  {"lat":32.445152,"lon":-93.7231,"city":"Shreveport","state":"LA","address":"6650 Eastbank Drive","name":""},
  {"lat":33.458951,"lon":-94.077093,"city":"Texarkana","state":"TX","address":"4603 Cowhorn Creek Rd","name":""},
  {"lat":32.301,"lon":-95.294,"city":"Tyler","state":"TX","address":"621 E SE Loop 323","name":""},
  {"lat":31.272142,"lon":-92.459897,"city":"Alexandria","state":"LA","address":"3800 Alexandria Mall Drive","name":""},
  {"lat":32.343964,"lon":-90.064335,"city":"Flowood","state":"MS","address":"105 Hospitality Drive","name":""},
  {"lat":32.267696,"lon":-90.143843,"city":"Pearl","state":"MS","address":"435 Riverwind Dr.","name":""},
  {"lat":32.43244,"lon":-90.141081,"city":"Ridgeland","state":"MS","address":"526 Evergreen Street","name":""},
  {"lat":32.342789,"lon":-90.836417,"city":"Vicksburg","state":"MS","address":"40 Maxwell Dr.","name":""},
  {"lat":32.508114,"lon":-92.180948,"city":"West Monroe","state":"LA","address":"500 Mane Street","name":""},
  {"lat":36.723328,"lon":-108.159869,"city":"Farmington","state":"NM","address":"777 South Browning Parkway","name":""},
  {"lat":35.16709,"lon":-111.66538,"city":"Flagstaff","state":"AZ","address":"3451 S Lake Mary Road","name":""},
  {"lat":39.099933,"lon":-108.604359,"city":"Grand Junction","state":"CO","address":"650 Market St.","name":""},
  {"lat":36.923771,"lon":-111.473726,"city":"Page","state":"AZ","address":"681 Scenic View Rd","name":""},
  {"lat":35.05192,"lon":-106.631684,"city":"Albuquerque","state":"NM","address":"3021 UNIVERSITY BLVD SE","name":""},
  {"lat":35.103509,"lon":-106.62627,"city":"Albuquerque","state":"NM","address":"1660 University Blvd NE","name":""},
  {"lat":35.191351,"lon":-101.930767,"city":"Amarillo","state":"TX","address":"8251 West Amarillo Blvd.","name":""},
  {"lat":35.19338,"lon":-101.752982,"city":"Amarillo","state":"TX","address":"7775 I-40 East","name":""},
  {"lat":34.442484,"lon":-103.194834,"city":"Clovis","state":"NM","address":"224-B Fairway Terrace N","name":""},
  {"lat":38.805338,"lon":-104.735018,"city":"Colorado Springs","state":"CO","address":"1913 Aerotech Dr","name":""},
  {"lat":38.876127,"lon":-104.819778,"city":"Colorado Springs","state":"CO","address":"3090 N Nevada Avenue","name":""},
  {"lat":38.792754,"lon":-104.804955,"city":"Colorado Springs","state":"CO","address":"1235 Tenderfoot Hill Rd","name":""},
  {"lat":43.482384,"lon":-112.056923,"city":"Idaho Falls","state":"ID","address":"1160 Whitewater Drive","name":""},
  {"lat":41.083,"lon":-111.9806,"city":"Layton","state":"UT","address":"803 West Heritage Park Blvd","name":""},
  {"lat":40.430609,"lon":-111.897623,"city":"Lehi","state":"UT","address":"3051 West Club House Drive","name":""},
  {"lat":40.664688,"lon":-111.888251,"city":"Murray","state":"UT","address":"4927 S. State Street","name":""},
  {"lat":41.221914,"lon":-111.977801,"city":"Ogden","state":"UT","address":"2405 Lincoln Ave","name":""},
  {"lat":42.876837,"lon":-112.419969,"city":"Pocatello","state":"ID","address":"2325 Via Caporatti Dr","name":""},
  {"lat":40.720266,"lon":-111.811757,"city":"Salt Lake City","state":"UT","address":"2350 S Foothill Dr.","name":""},
  {"lat":40.556976,"lon":-111.914268,"city":"South Jordan","state":"UT","address":"10704 South River Front Parkway","name":""},
  {"lat":40.551282,"lon":-112.303539,"city":"Tooele","state":"UT","address":"1043 N 200 W","name":""},
  {"lat":40.713039,"lon":-111.987495,"city":"West Valley City","state":"UT","address":"4028 Parkway Blvd","name":""},
  {"lat":39.754213,"lon":-104.847968,"city":"Aurora","state":"CO","address":"2556 North Oswego Street","name":""},
  {"lat":44.099499,"lon":-103.146448,"city":"Box Elder","state":"SD","address":"621 WaTiki Way","name":""},
  {"lat":39.596232,"lon":-104.849729,"city":"Centennial","state":"CO","address":"6640 South Paris Street","name":""},
  {"lat":41.116323,"lon":-104.808929,"city":"Cheyenne","state":"WY","address":"429 West Fox Farm Road","name":""},
  {"lat":39.745325,"lon":-104.994382,"city":"Denver","state":"CO","address":"801 15th Street","name":""},
  {"lat":39.782671,"lon":-104.881926,"city":"Denver","state":"CO","address":"9193 East 47th Avenue","name":""},
  {"lat":39.819615,"lon":-104.771473,"city":"Denver","state":"CO","address":"6792 Tower Road","name":""},
  {"lat":40.521632,"lon":-105.042342,"city":"Fort Collins","state":"CO","address":"4715 S. Timberline Rd.","name":""},
  {"lat":44.276395,"lon":-105.482456,"city":"Gillette","state":"WY","address":"1120 E. Boxelder Road","name":""},
  {"lat":39.556182,"lon":-105.00669,"city":"Highlands Ranch","state":"CO","address":"1405 Plaza Drive","name":""},
  {"lat":39.7162,"lon":-105.1368,"city":"Lakewood","state":"CO","address":"50 Van Gordon Street","name":""},
  {"lat":40.151195,"lon":-105.115251,"city":"Longmont","state":"CO","address":"710 S. Sherman Street","name":""},
  {"lat":35.521955,"lon":-98.694565,"city":"Weatherford","state":"OK","address":"401 S Washington","name":""},
  {"lat":33.866146,"lon":-98.527447,"city":"Wichita Falls","state":"TX","address":"2681 Plaza Parkway","name":""},
  {"lat":35.650416,"lon":-97.429434,"city":"Edmond","state":"OK","address":"321 Meline Drive","name":""},
  {"lat":35.509866,"lon":-97.969923,"city":"El Reno","state":"OK","address":"1528 SW 27th Street","name":""},
  {"lat":35.444884,"lon":-97.419875,"city":"Midwest City","state":"OK","address":"1820 Warren Dr","name":""},
  {"lat":35.448279,"lon":-97.59644,"city":"Oklahoma City","state":"OK","address":"4311 SW 15th Street","name":""},
  {"lat":35.537224,"lon":-97.592644,"city":"Oklahoma City","state":"OK","address":"4110 NW Expressway","name":""},
  {"lat":35.607261,"lon":-97.615756,"city":"Oklahoma City","state":"OK","address":"5500 NW 135th Street","name":""},
  {"lat":35.388141,"lon":-97.531954,"city":"Oklahoma City","state":"OK","address":"1001 Straka Terrace","name":""},
  {"lat":36.280544,"lon":-95.849054,"city":"Owasso","state":"OK","address":"8882 N. Garnett Road","name":""},
  {"lat":36.127178,"lon":-97.05591,"city":"Stillwater","state":"OK","address":"306 E Hall of Fame Ave.","name":""},
  {"lat":36.18725,"lon":-95.89062,"city":"Tulsa","state":"OK","address":"2201 N 77th E Ave","name":""},
  {"lat":36.063729,"lon":-96.005268,"city":"Tulsa","state":"OK","address":"6910 South Olympia Avenue","name":""},
  {"lat":36.04796,"lon":-95.86304,"city":"Tulsa","state":"OK","address":"8009 S 101st E Avenue","name":""},
  {"lat":35.467769,"lon":-97.726644,"city":"Yukon","state":"OK","address":"11510 I-40 Service Road","name":""},
  {"lat":37.685899,"lon":-97.34789,"city":"Wichita","state":"KS","address":"200 N. Sycamore St.","name":""},
  {"lat":37.721064,"lon":-97.200325,"city":"Wichita","state":"KS","address":"2102 N Crossmark Place","name":""},
  {"lat":36.354558,"lon":-94.1764,"city":"Bentonville","state":"AR","address":"3100 SE East Pointe Ave","name":""},
  {"lat":35.346397,"lon":-94.350597,"city":"Fort Smith","state":"AR","address":"7400 Phoenix Avenue","name":""},
  {"lat":34.438218,"lon":-93.089196,"city":"Hot Springs","state":"AR","address":"106 Catalina Circle","name":""},
  {"lat":35.766912,"lon":-95.397923,"city":"Muskogee","state":"OK","address":"2819 Military Blvd","name":""},
  {"lat":36.172507,"lon":-94.18315,"city":"Springdale","state":"AR","address":"1519 S. 48th St.","name":""},
  {"lat":34.619335,"lon":-92.499772,"city":"Bryant","state":"AR","address":"2612 Span Way","name":""},
  {"lat":35.089964,"lon":-92.417182,"city":"Conway","state":"AR","address":"820 Bill Dean Drive","name":""},
  {"lat":35.039484,"lon":-90.790331,"city":"Forrest City","state":"AR","address":"42 Eldridge Road","name":""},
  {"lat":35.811035,"lon":-90.667614,"city":"Jonesboro","state":"AR","address":"3011 Whitemans Creek Drive","name":""},
  {"lat":34.746929,"lon":-92.345179,"city":"Little Rock","state":"AR","address":"6300 District Ave","name":""},
  {"lat":34.727287,"lon":-92.395638,"city":"Little Rock","state":"AR","address":"2710 South Shackleford Road","name":""},
  {"lat":35.208,"lon":-90.209,"city":"Marion","state":"AR","address":"410 Angelos Grove Blvd.","name":""},
  {"lat":35.13692,"lon":-90.055865,"city":"Memphis","state":"TN","address":"135 Vance Avenue","name":""},
  {"lat":34.786117,"lon":-92.218832,"city":"North Little Rock","state":"AR","address":"4221 Stockton Drive","name":""},
  {"lat":37.057253,"lon":-94.4789,"city":"Joplin","state":"MO","address":"3000 S. Rangeline Rd.","name":""},
  {"lat":39.065363,"lon":-94.613633,"city":"Kansas City","state":"KS","address":"3440 Rainbow Boulevard","name":""},
  {"lat":39.269752,"lon":-94.66467,"city":"Kansas City","state":"MO","address":"9500 NW Polo Drive","name":""},
  {"lat":39.088069,"lon":-94.583243,"city":"Kansas City","state":"MO","address":"2001 Main Street","name":""},
  {"lat":39.318713,"lon":-94.911987,"city":"Leavenworth","state":"KS","address":"250 Delaware Street","name":""},
  {"lat":39.251004,"lon":-94.448881,"city":"Liberty","state":"MO","address":"401 N State Rte 291","name":""},
  {"lat":38.882647,"lon":-94.669281,"city":"Overland Park","state":"KS","address":"7121 W. 135th Street","name":""},
  {"lat":37.246848,"lon":-93.257898,"city":"Springfield","state":"MO","address":"2756 North Glenstone","name":""},
  {"lat":38.63127,"lon":-90.260545,"city":"St. Louis","state":"MO","address":"920 S. Taylor Avenue","name":""},
  {"lat":38.699826,"lon":-90.676347,"city":"St. Charles","state":"MO","address":"32 Research Park Circle","name":""},
  {"lat":38.630931,"lon":-90.198214,"city":"St. Louis","state":"MO","address":"1221 Locust Street","name":""},
  {"lat":40.67415,"lon":-99.096743,"city":"Kearney","state":"NE","address":"230 11th Ave","name":""},
  {"lat":41.228499,"lon":-96.023165,"city":"Omaha","state":"NE","address":"7011 Hascall St.","name":""},
  {"lat":41.259195,"lon":-95.980175,"city":"Omaha","state":"NE","address":"4440 Douglas Street","name":""},
  {"lat":41.261172,"lon":-96.19393,"city":"Omaha","state":"NE","address":"17889 Chicago Street","name":""},
  {"lat":43.53603,"lon":-96.741017,"city":"Sioux Falls","state":"SD","address":"1120 S Grange Avenue","name":""},
  {"lat":41.664178,"lon":-93.466613,"city":"Altoona","state":"IA","address":"255 Adventureland Drive NW","name":""},
  {"lat":42.010139,"lon":-93.58375,"city":"Ames","state":"IA","address":"2125 Isaac Newton Dr","name":""},
  {"lat":41.712295,"lon":-93.615161,"city":"Ankeny","state":"IA","address":"1230 S.W. District Drive","name":""},
  {"lat":41.600334,"lon":-93.65272,"city":"Des Moines","state":"IA","address":"2650 University Ave.","name":""},
  {"lat":39.816487,"lon":-94.808255,"city":"St. Joseph","state":"MO","address":"3615 North Village Drive","name":""},
  {"lat":41.556001,"lon":-90.519619,"city":"Bettendorf","state":"IA","address":"975 Utica Ridge Place","name":""},
  {"lat":41.953021,"lon":-91.722696,"city":"Cedar Rapids","state":"IA","address":"4000 Westdale Parkway SW","name":""},
  {"lat":41.686166,"lon":-91.611266,"city":"Coralville","state":"IA","address":"740 Coral Ridge Avenue","name":""},
  {"lat":44.858416,"lon":-93.308245,"city":"Bloomington","state":"MN","address":"2270 West 80 1 2 Street","name":""},
  {"lat":44.85144,"lon":-93.236626,"city":"Bloomington","state":"MN","address":"2415 East Old Shakopee Road","name":""},
  {"lat":44.814544,"lon":-93.213118,"city":"Eagan","state":"MN","address":"3939 Cedar Grove Parkway","name":""},
  {"lat":44.978932,"lon":-93.266619,"city":"Minneapolis","state":"MN","address":"317 2nd Avenue South","name":""},
  {"lat":44.971554,"lon":-93.217072,"city":"Minneapolis","state":"MN","address":"2808 University Ave SE","name":""},
  {"lat":44.893516,"lon":-93.442087,"city":"Minnetonka","state":"MN","address":"6030 Clearwater Drive","name":""},
  {"lat":44.082799,"lon":-93.244261,"city":"Owatonna","state":"MN","address":"230 Allan Ave","name":""},
  {"lat":44.774315,"lon":-91.44589,"city":"Eau Claire","state":"WI","address":"4135 Oakwood Hills Parkway","name":""},
  {"lat":43.810805,"lon":-91.254708,"city":"La Crosse","state":"WI","address":"210 Jay Street","name":""},
  {"lat":44.000667,"lon":-92.475351,"city":"Rochester","state":"MN","address":"831 16th Street SW","name":""},
  {"lat":61.177901,"lon":-149.885144,"city":"Anchorage","state":"AK","address":"4700 Union Square Drive","name":""},
  {"lat":47.094082,"lon":-122.624363,"city":"Dupont","state":"WA","address":"600 Station Drive","name":""},
  {"lat":45.543604,"lon":-122.879842,"city":"Hillsboro","state":"OR","address":"9790 NE Tanasbourne Drive","name":""},
  {"lat":45.573135,"lon":-122.578455,"city":"Portland","state":"OR","address":"7001 NE 82nd Ave","name":""},
  {"lat":47.447751,"lon":-122.256695,"city":"Tukwila","state":"WA","address":"380 Upland Drive","name":""},
  {"lat":46.256174,"lon":-119.120026,"city":"Pasco","state":"WA","address":"NWQ of W Argent Rd","name":""},
  {"lat":46.254288,"lon":-119.310002,"city":"Richland","state":"WA","address":"2861 Lincoln Landing","name":""},
  {"lat":46.585329,"lon":-120.541301,"city":"Yakima","state":"WA","address":"2420 West Nob Hill Blvd","name":""},
  {"lat":48.787065,"lon":-122.506059,"city":"Bellingham","state":"WA","address":"805 Home Lane","name":""},
  {"lat":48.099486,"lon":-122.17742,"city":"Marysville","state":"WA","address":"4070 116th St NE","name":""},
  {"lat":48.254044,"lon":-114.333653,"city":"Kalispell","state":"MT","address":"454 Rivers Edge Loop","name":""},
  {"lat":45.788632,"lon":-108.509238,"city":"Billings","state":"MT","address":"2611 7th Avenue North","name":""},
  {"lat":46.827546,"lon":-100.811385,"city":"Bismarck","state":"ND","address":"1122 W Turnpike Ave.","name":""},
  {"lat":45.668736,"lon":-111.187817,"city":"Bozeman","state":"MT","address":"110 Homestake Drive","name":""},
  {"lat":45.69984,"lon":-111.061085,"city":"Bozeman","state":"MT","address":"1760 Baxter Lane","name":""},
  {"lat":45.127165,"lon":-93.374746,"city":"Brooklyn Park","state":"MN","address":"9490 West Broadway","name":""},
  {"lat":46.855812,"lon":-96.858635,"city":"Fargo","state":"ND","address":"1652 44th Street South","name":""},
  {"lat":46.622154,"lon":-112.015427,"city":"Helena","state":"MT","address":"3325 North Sanders Street","name":""},
  {"lat":45.64707,"lon":-110.57164,"city":"Livingston","state":"MT","address":"1625 W Park Street","name":""},
  {"lat":45.014932,"lon":-93.459154,"city":"Plymouth","state":"MN","address":"2990 Harbor Lane North","name":""},
  {"lat":45.2341,"lon":-93.465895,"city":"Ramsey","state":"MN","address":"7895 Sunwood Drive NW","name":""},
  {"lat":45.023855,"lon":-93.186746,"city":"Roseville","state":"MN","address":"2020 Iona Lane West","name":""},
  {"lat":27.392321,"lon":-82.448754,"city":"Bradenton","state":"FL","address":"6015 Exchange Way","name":""},
  {"lat":27.938,"lon":-82.332149,"city":"Brandon","state":"FL","address":"10323 Palm River Road","name":""},
  {"lat":27.895681,"lon":-82.694872,"city":"Clearwater","state":"FL","address":"4485 Ulmerton Road","name":""},
  {"lat":26.510035,"lon":-81.784824,"city":"Fort Myers","state":"FL","address":"10400 Airkraft Court","name":""},
  {"lat":26.599263,"lon":-81.845504,"city":"Fort Myers","state":"FL","address":"4333 Ford Street","name":""},
  {"lat":28.090772,"lon":-81.963961,"city":"Lakeland","state":"FL","address":"3610 Hopewell Ave","name":""},
  {"lat":28.001986,"lon":-81.980209,"city":"Lakeland","state":"FL","address":"3610 Lakeside Village Boulevard","name":""},
  {"lat":27.895802,"lon":-82.779367,"city":"Largo","state":"FL","address":"10145 Ulmerton Road","name":""},
  {"lat":26.212824,"lon":-81.744044,"city":"Naples","state":"FL","address":"3685 Kramer Drive","name":""},
  {"lat":27.124544,"lon":-82.454914,"city":"Nokomis","state":"FL","address":"227 Albee Road West","name":""},
  {"lat":27.854659,"lon":-82.343745,"city":"Riverview","state":"FL","address":"9903 Alafia Preserve Avenue","name":""},
  {"lat":27.3933,"lon":-82.562351,"city":"Sarasota","state":"FL","address":"8260 North Tamiami Trail","name":""},
  {"lat":27.301764,"lon":-82.4415,"city":"Sarasota","state":"FL","address":"6410 Mauna Loa Blvd","name":""},
  {"lat":27.950163,"lon":-82.44849,"city":"Tampa","state":"FL","address":"1155 East Kennedy Boulevard","name":""},
  {"lat":28.053247,"lon":-82.416855,"city":"Tampa","state":"FL","address":"11606 North McKinley Drive","name":""},
  {"lat":27.955785,"lon":-82.533803,"city":"Tampa","state":"FL","address":"5222 W Laurel Street","name":""},
  {"lat":27.988351,"lon":-81.685972,"city":"Winter Haven","state":"FL","address":"6015 Cypress Gardens Blvd","name":""},
  {"lat":26.049318,"lon":-80.164445,"city":"Dania Beach","state":"FL","address":"161 SW 19th Court","name":""},
  {"lat":26.101961,"lon":-80.361617,"city":"Davie","state":"FL","address":"15990 SW 14th Street","name":""},
  {"lat":25.798401,"lon":-80.339452,"city":"Doral","state":"FL","address":"8852 NW 26th Street","name":""},
  {"lat":25.450699,"lon":-80.476556,"city":"Florida City","state":"FL","address":"77 NE 3rd Street","name":""},
  {"lat":25.781497,"lon":-80.287047,"city":"Miami","state":"FL","address":"5560 Blue Lagoon Drive","name":""},
  {"lat":25.983101,"lon":-80.347397,"city":"Miramar","state":"FL","address":"2800 SW 149th Avenue","name":""},
  {"lat":26.125821,"lon":-80.145127,"city":"Fort Lauderdale","state":"FL","address":"315 NW 1st Avenue","name":""},
  {"lat":26.235275,"lon":-80.090417,"city":"Pompano Beach","state":"FL","address":"200 North Ocean Blvd","name":""},
  {"lat":26.689306,"lon":-80.077744,"city":"West Palm Beach","state":"FL","address":"2375 James L Turnage Blvd","name":""},
  {"lat":27.412875,"lon":-80.392593,"city":"Fort Pierce","state":"FL","address":"1990 Reynolds Drive","name":""},
  {"lat":28.033206,"lon":-80.650847,"city":"Palm Bay","state":"FL","address":"1425 Sportsman Lane NE","name":""},
  {"lat":27.222775,"lon":-80.264069,"city":"Stuart","state":"FL","address":"1440 NW Federal Highway","name":""},
  {"lat":27.638597,"lon":-80.515446,"city":"Vero Beach","state":"FL","address":"9060 Americana Way","name":""},
  {"lat":30.45758,"lon":-88.899475,"city":"D'Iberville","state":"MS","address":"3810 Promenade Parkway","name":""},
  {"lat":30.66638,"lon":-87.854519,"city":"Daphne","state":"AL","address":"8943 Sawwood Street","name":""},
  {"lat":30.374383,"lon":-87.68388,"city":"Foley","state":"AL","address":"2750 South McKenzie Street","name":""},
  {"lat":30.435867,"lon":-89.099566,"city":"Gulfport","state":"MS","address":"15600 Daniel Boulevard","name":""},
  {"lat":30.648018,"lon":-88.11625,"city":"Mobile","state":"AL","address":"1485 Satchel Paige Drive","name":""},
  {"lat":30.58522,"lon":-88.170776,"city":"Mobile","state":"AL","address":"5460 Inn Road","name":""},
  {"lat":30.473699,"lon":-87.215347,"city":"Pensacola","state":"FL","address":"5109 Bayou Blvd.","name":""},
  {"lat":30.505593,"lon":-87.222255,"city":"Pensacola","state":"FL","address":"7753 North Davis Highway","name":""},
  {"lat":30.52121,"lon":-87.316398,"city":"Pensacola","state":"FL","address":"8041 Lavelle Way","name":""},
  {"lat":30.723952,"lon":-86.566428,"city":"Crestview","state":"FL","address":"905 Southcrest Drive","name":""},
  {"lat":30.386619,"lon":-86.456788,"city":"Destin","state":"FL","address":"14060 Emerald Coast Parkway","name":""},
  {"lat":30.464615,"lon":-86.623239,"city":"Fort Walton Beach","state":"FL","address":"1930 Lewis Turner Blvd.","name":""},
  {"lat":30.358339,"lon":-87.163721,"city":"Gulf Breeze","state":"FL","address":"940 Gulf Breeze Parkway","name":""},
  {"lat":30.518951,"lon":-86.501733,"city":"Niceville","state":"FL","address":"792 W John Sims Parkway","name":""},
  {"lat":30.187207,"lon":-85.769023,"city":"Panama City Beach","state":"FL","address":"7710 Front Beach Road","name":""},
  {"lat":30.377797,"lon":-86.287971,"city":"Santa Rosa Beach","state":"FL","address":"100 West Hewett Road","name":""},
  {"lat":31.328158,"lon":-89.353794,"city":"Hattiesburg","state":"MS","address":"116 Plaza Drive","name":""},
  {"lat":32.365051,"lon":-88.676111,"city":"Meridian","state":"MS","address":"210 N. Frontage Road","name":""},
  {"lat":33.209414,"lon":-87.572016,"city":"Tuscaloosa","state":"AL","address":"2610 University Boulevard","name":""},
  {"lat":33.65952,"lon":-84.509719,"city":"Atlanta","state":"GA","address":"3700 Princeton Lakes Pkwy","name":""},
  {"lat":33.437617,"lon":-86.733788,"city":"Birmingham","state":"AL","address":"3920 Colonnade Parkway","name":""},
  {"lat":33.509061,"lon":-86.806704,"city":"Birmingham","state":"AL","address":"250 18th Street South","name":""},
  {"lat":33.148358,"lon":-86.752392,"city":"Calera","state":"AL","address":"109 Metro Drive","name":""},
  {"lat":33.644497,"lon":-84.458844,"city":"College Park","state":"GA","address":"2101 Convention Center Concourse B","name":""},
  {"lat":32.537247,"lon":-84.968407,"city":"Columbus","state":"GA","address":"1664 Whittlesey Road","name":""},
  {"lat":31.272692,"lon":-85.451452,"city":"Dothan","state":"AL","address":"5005 Montgomery Highway","name":""},
  {"lat":33.661336,"lon":-84.430168,"city":"East Point","state":"GA","address":"3433 Bobby Brown Pkwy","name":""},
  {"lat":33.545967,"lon":-84.574162,"city":"Fairburn","state":"GA","address":"7776 Ella Lane","name":""},
  {"lat":33.599238,"lon":-86.804309,"city":"Fultondale","state":"AL","address":"3289 Lowery Parkway","name":""},
  {"lat":33.374528,"lon":-86.812086,"city":"Hoover","state":"AL","address":"3210 GALLERIA CL","name":""},
  {"lat":32.996447,"lon":-85.027922,"city":"LaGrange","state":"GA","address":"120 Timberwolf Drive","name":""},
  {"lat":32.38263,"lon":-86.30742,"city":"Montgomery","state":"AL","address":"155 Columbus Street","name":""},
  {"lat":33.383057,"lon":-84.764531,"city":"Newnan","state":"GA","address":"4051 McIntosh Parkway","name":""},
  {"lat":32.612411,"lon":-85.400016,"city":"Opelika","state":"AL","address":"3150 Capps Way","name":""},
  {"lat":33.612442,"lon":-85.789459,"city":"Oxford","state":"AL","address":"300 Colonial Drive","name":""},
  {"lat":32.456268,"lon":-86.401564,"city":"Prattville","state":"AL","address":"2505 Legends Drive","name":""},
  {"lat":31.780991,"lon":-85.953177,"city":"Troy","state":"AL","address":"116 Trojan Parkway","name":""},
  {"lat":28.548046,"lon":-81.717982,"city":"Clermont","state":"FL","address":"1450 Champions Way","name":""},
  {"lat":28.259309,"lon":-81.609145,"city":"Davenport","state":"FL","address":"164 Thrive Road","name":""},
  {"lat":29.632139,"lon":-82.339032,"city":"Gainesville","state":"FL","address":"2115 SW 13th Street","name":""},
  {"lat":30.480286,"lon":-81.651039,"city":"Jacksonville","state":"FL","address":"13475 Ranch Road","name":""},
  {"lat":30.319602,"lon":-81.678861,"city":"Jacksonville","state":"FL","address":"600 Park Street","name":""},
  {"lat":30.791261,"lon":-81.655227,"city":"Kingsland","state":"GA","address":"1313 East King Ave","name":""},
  {"lat":30.176553,"lon":-82.687975,"city":"Lake City","state":"FL","address":"414 SW Florida Gateway Drive","name":""},
  {"lat":30.440831,"lon":-84.263258,"city":"Tallahassee","state":"FL","address":"210 S Magnolia Drive","name":""},
  {"lat":30.840148,"lon":-83.941798,"city":"Thomasville","state":"GA","address":"375 Liberty Street","name":""},
  {"lat":30.843699,"lon":-83.326479,"city":"Valdosta","state":"GA","address":"1209 N. Saint Augustine Rd.","name":""},
  {"lat":28.86676,"lon":-82.01409,"city":"Wildwood","state":"FL","address":"7555 Penrose Place","name":""},
  {"lat":28.382103,"lon":-81.616525,"city":"Winter Garden","state":"FL","address":"341 Flagler Ave","name":""},
  {"lat":28.551662,"lon":-81.564157,"city":"Winter Garden","state":"FL","address":"12341 West Colonial Drive","name":""},
  {"lat":28.401235,"lon":-80.614039,"city":"Cape Canaveral","state":"FL","address":"9004 Astronaut Blvd","name":""},
  {"lat":29.188345,"lon":-81.077778,"city":"Daytona Beach","state":"FL","address":"200 Fentress Blvd","name":""},
  {"lat":28.767245,"lon":-81.356449,"city":"Lake Mary","state":"FL","address":"582 New Technology Blvd.","name":""},
  {"lat":28.244678,"lon":-80.730297,"city":"Melbourne","state":"FL","address":"2404 Metfield Drive","name":""},
  {"lat":28.389711,"lon":-81.486824,"city":"Orlando","state":"FL","address":"12107 Regency Village Drive","name":""},
  {"lat":28.463978,"lon":-81.314902,"city":"Orlando","state":"FL","address":"5445 Hazeltine National Drive","name":""},
  {"lat":28.547901,"lon":-81.376605,"city":"Orlando","state":"FL","address":"401 North Magnolia Avenue","name":""},
  {"lat":28.599458,"lon":-81.220744,"city":"Orlando","state":"FL","address":"3414 Technological Avenue","name":""},
  {"lat":28.464342,"lon":-81.461983,"city":"Orlando","state":"FL","address":"5910 American Way","name":""},
  {"lat":28.43765,"lon":-81.427718,"city":"Orlando","state":"FL","address":"2800 Destination Parkway","name":""},
  {"lat":28.359594,"lon":-81.242425,"city":"Orlando","state":"FL","address":"10002 Eagle Creek Sanctuary Blvd.","name":""},
  {"lat":29.273398,"lon":-81.030478,"city":"Ormond Beach","state":"FL","address":"711 S. Atlantic Ave.","name":""},
  {"lat":28.812765,"lon":-81.335966,"city":"Sanford","state":"FL","address":"4764 FL-46","name":""},
  {"lat":30.639748,"lon":-81.443528,"city":"Fernandina Beach","state":"FL","address":"2246 Sadler Road","name":""},
  {"lat":30.247843,"lon":-81.534187,"city":"Jacksonville","state":"FL","address":"10715 Deerwood Park Blvd","name":""},
  {"lat":29.919575,"lon":-81.408709,"city":"St. Augustine","state":"FL","address":"270 Outlet Mall Boulevard","name":""},
  {"lat":33.513079,"lon":-81.71147,"city":"Aiken","state":"SC","address":"2189 Oak Grove Road","name":""},
  {"lat":33.4908,"lon":-82.0762,"city":"Augusta","state":"GA","address":"3606 Exchange Lane","name":""},
  {"lat":33.649812,"lon":-84.004655,"city":"Conyers","state":"GA","address":"1490 Old Salem Rd SE","name":""},
  {"lat":33.61058,"lon":-83.825404,"city":"Covington","state":"GA","address":"14470 Paras Drive","name":""},
  {"lat":32.487417,"lon":-82.941727,"city":"Dublin","state":"GA","address":"105 Travel Center Blvd","name":""},
  {"lat":33.269256,"lon":-84.292089,"city":"Griffin","state":"GA","address":"1331 N Expressway","name":""},
  {"lat":33.48155,"lon":-82.200816,"city":"Grovetown","state":"GA","address":"903 Husk Box Way","name":""},
  {"lat":31.85091,"lon":-81.580604,"city":"Hinesville","state":"GA","address":"233 San Patel Drive","name":""},
  {"lat":32.807916,"lon":-83.721201,"city":"Macon","state":"GA","address":"6065 Harrison Road","name":""},
  {"lat":32.902454,"lon":-83.682731,"city":"Macon","state":"GA","address":"3963 River Place Dr","name":""},
  {"lat":33.460155,"lon":-84.215797,"city":"McDonough","state":"GA","address":"60 Mill Road","name":""},
  {"lat":32.406452,"lon":-81.771336,"city":"Statesboro","state":"GA","address":"1576 Brampton Avenue","name":""},
  {"lat":33.542367,"lon":-84.280231,"city":"Stockbridge","state":"GA","address":"400 Speer Road","name":""},
  {"lat":32.201352,"lon":-82.356627,"city":"Vidalia","state":"GA","address":"154 Mose Coleman Drive","name":""},
  {"lat":32.617776,"lon":-83.696761,"city":"Warner Robins","state":"GA","address":"205 Willie Lee Parkway","name":""},
  {"lat":31.247282,"lon":-81.502914,"city":"Brunswick","state":"GA","address":"475 Millennium Boulevard","name":""},
  {"lat":32.175335,"lon":-80.733298,"city":"Hilton Head Island","state":"SC","address":"836 William Hilton Pkwy","name":""},
  {"lat":31.046038,"lon":-81.412268,"city":"Jekyll Island","state":"GA","address":"101 Ocean Way","name":""},
  {"lat":32.142831,"lon":-81.25293,"city":"Pooler","state":"GA","address":"860 Towne Center Boulevard","name":""},
  {"lat":32.192434,"lon":-81.196335,"city":"Port Wentworth","state":"GA","address":"32 Hospitality Lane","name":""},
  {"lat":31.922664,"lon":-81.339022,"city":"Richmond Hill","state":"GA","address":"4784 US Hwy 17","name":""},
  {"lat":31.1552,"lon":-81.386382,"city":"St. Simons Island","state":"GA","address":"105 Terminal Way","name":""},
  {"lat":32.02005,"lon":-81.111731,"city":"Savannah","state":"GA","address":"46 Lee Blvd","name":""},
  {"lat":32.442277,"lon":-80.724747,"city":"Beaufort","state":"SC","address":"3658 Trask Parkway","name":""},
  {"lat":32.789152,"lon":-80.028898,"city":"Charleston","state":"SC","address":"1963 Savannah Highway","name":""},
  {"lat":32.865268,"lon":-79.911149,"city":"Daniel Island","state":"SC","address":"120 Fairchild Street","name":""},
  {"lat":32.83038,"lon":-79.835497,"city":"Mt Pleasant","state":"SC","address":"1650 James Nelson Road","name":""},
  {"lat":32.862824,"lon":-80.021571,"city":"North Charleston","state":"SC","address":"3401 W. Montague Avenue","name":""},
  {"lat":32.974091,"lon":-80.077095,"city":"North Charleston","state":"SC","address":"9341 Blue House Rd","name":""},
  {"lat":33.040576,"lon":-80.153301,"city":"Summerville","state":"SC","address":"221 Holiday Drive","name":""},
  {"lat":34.311221,"lon":-89.916604,"city":"Batesville","state":"MS","address":"443 Covenant Drive","name":""},
  {"lat":35.096569,"lon":-89.835971,"city":"Germantown","state":"TN","address":"6811 TraVure South","name":""},
  {"lat":34.824883,"lon":-89.970533,"city":"Hernando","state":"MS","address":"1052 E Commerce Street","name":""},
  {"lat":35.676033,"lon":-88.805149,"city":"Jackson","state":"TN","address":"40 Old Medina Crossing","name":""},
  {"lat":35.202542,"lon":-89.779511,"city":"Memphis","state":"TN","address":"2809 New Brunswick","name":""},
  {"lat":34.960307,"lon":-89.854026,"city":"Olive Branch","state":"MS","address":"7595 Lodging Lane","name":""},
  {"lat":34.348265,"lon":-89.522252,"city":"Oxford","state":"MS","address":"101 South Lamar Court","name":""},
  {"lat":34.9581,"lon":-89.9945,"city":"Southaven","state":"MS","address":"6750 Southcrest Parkway","name":""},
  {"lat":34.282142,"lon":-88.71775,"city":"Tupelo","state":"MS","address":"1005 Landmark Blvd.","name":""},
  {"lat":34.7836,"lon":-86.946378,"city":"Athens","state":"AL","address":"15763 Braly Blvd","name":""},
  {"lat":34.20747,"lon":-86.869999,"city":"Cullman","state":"AL","address":"5720 AL Hwy 157","name":""},
  {"lat":34.62303,"lon":-86.992566,"city":"Decatur","state":"AL","address":"807 Island Way NW","name":""},
  {"lat":34.361152,"lon":-86.290069,"city":"Guntersville","state":"AL","address":"2577 Paddle Wheel Drive","name":""},
  {"lat":34.751497,"lon":-86.693571,"city":"Huntsville","state":"AL","address":"328 Providence Main St NW","name":""},
  {"lat":34.709631,"lon":-86.677737,"city":"Huntsville","state":"AL","address":"7010 Cabela Drive","name":""},
  {"lat":34.671888,"lon":-86.750586,"city":"Madison","state":"AL","address":"135 Graphics Drive","name":""},
  {"lat":33.757011,"lon":-84.390936,"city":"Atlanta","state":"GA","address":"87 Walton Street","name":""},
  {"lat":33.781247,"lon":-84.387347,"city":"Atlanta","state":"GA","address":"975 West Peachtree Street","name":""},
  {"lat":34.4709,"lon":-84.91679,"city":"Calhoun","state":"GA","address":"902 Highway 53 SE","name":""},
  {"lat":34.175405,"lon":-84.766058,"city":"Cartersville","state":"GA","address":"1320 East Main Street","name":""},
  {"lat":35.046,"lon":-85.158433,"city":"Chattanooga","state":"TN","address":"2330 Center Street","name":""},
  {"lat":34.764735,"lon":-85.003053,"city":"Dalton","state":"GA","address":"865 College Drive","name":""},
  {"lat":34.994422,"lon":-85.199985,"city":"East Ridge","state":"TN","address":"479 Camp Jordan Parkway","name":""},
  {"lat":34.020211,"lon":-84.567237,"city":"Kennesaw","state":"GA","address":"2975 Ring Road NW","name":""},
  {"lat":33.770476,"lon":-84.599129,"city":"Lithia Springs","state":"GA","address":"115 Interstate West Parkway","name":""},
  {"lat":33.923949,"lon":-84.487447,"city":"Marietta","state":"GA","address":"2168 Kingston Court SE","name":""},
  {"lat":35.955826,"lon":-86.805358,"city":"Franklin","state":"TN","address":"107 International Drive","name":""},
  {"lat":36.188799,"lon":-86.322801,"city":"Lebanon","state":"TN","address":"80 Aviation Way","name":""},
  {"lat":36.168601,"lon":-86.503827,"city":"Mount Juliet","state":"TN","address":"110 Providence Trail","name":""},
  {"lat":35.861524,"lon":-86.430106,"city":"Murfreesboro","state":"TN","address":"909 North Thompson Lane Bldg A","name":""},
  {"lat":36.07856,"lon":-86.949095,"city":"Nashville","state":"TN","address":"7616 Highway 70 South","name":""},
  {"lat":36.155431,"lon":-86.774679,"city":"Nashville","state":"TN","address":"500 Rep John Lewis Way South","name":""},
  {"lat":36.188622,"lon":-86.794959,"city":"Nashville","state":"TN","address":"410 Dominican Drive","name":""},
  {"lat":36.151321,"lon":-86.794458,"city":"Nashville","state":"TN","address":"1800 Division Street","name":""},
  {"lat":36.139362,"lon":-86.82095,"city":"Nashville","state":"TN","address":"100 Murphy CT","name":""},
  {"lat":36.145203,"lon":-86.66197,"city":"Nashville","state":"TN","address":"832 Royal Parkway","name":""},
  {"lat":35.974887,"lon":-86.576688,"city":"Smyrna","state":"TN","address":"960 Colonnade Drive","name":""},
  {"lat":35.73332,"lon":-86.888669,"city":"Spring Hill","state":"TN","address":"2014 Market Creek Drive","name":""},
  {"lat":35.214939,"lon":-84.869266,"city":"Cleveland","state":"TN","address":"4352 Frontage Road NW","name":""},
  {"lat":36.138994,"lon":-85.500568,"city":"Cookeville","state":"TN","address":"970 S. Jefferson Ave.","name":""},
  {"lat":37.724391,"lon":-89.217569,"city":"Carbondale","state":"IL","address":"200 West Elm Street","name":""},
  {"lat":36.593733,"lon":-87.286196,"city":"Clarksville","state":"TN","address":"3020 Mr. C Drive","name":""},
  {"lat":39.137876,"lon":-88.561391,"city":"Effingham","state":"IL","address":"1201 North Raney","name":""},
  {"lat":37.972941,"lon":-87.456782,"city":"Evansville","state":"IN","address":"7901 E. Walnut St.","name":""},
  {"lat":36.942391,"lon":-86.419587,"city":"Bowling Green","state":"KY","address":"520 Wall Street","name":""},
  {"lat":37.709993,"lon":-85.830655,"city":"Elizabethtown","state":"KY","address":"1041 Executive Drive","name":""},
  {"lat":37.77446,"lon":-87.11665,"city":"Owensboro","state":"KY","address":"560 W. 2nd St.","name":""},
  {"lat":37.618449,"lon":-84.762417,"city":"Danville","state":"KY","address":"195 Shannon Way","name":""},
  {"lat":37.064344,"lon":-84.622278,"city":"Somerset","state":"KY","address":"103 Jefferson Dr.","name":""},
  {"lat":39.179687,"lon":-86.532885,"city":"Bloomington","state":"IN","address":"1410 N. Walnut Street","name":""},
  {"lat":39.198895,"lon":-85.959763,"city":"Columbus","state":"IN","address":"131 Carrie Lane","name":""},
  {"lat":39.15922,"lon":-84.43297,"city":"Cincinnati","state":"OH","address":"2910 Disney Street","name":""},
  {"lat":38.326113,"lon":-85.756044,"city":"Clarksville","state":"IN","address":"1624 Leisure Way","name":""},
  {"lat":38.684519,"lon":-84.60407,"city":"Dry Ridge","state":"KY","address":"1000 Cull Rd","name":""},
  {"lat":39.003876,"lon":-84.649277,"city":"Florence","state":"KY","address":"7570 Woodspoint Drive","name":""},
  {"lat":38.177935,"lon":-84.816085,"city":"Frankfort","state":"KY","address":"105 Allen Way","name":""},
  {"lat":38.220232,"lon":-84.538899,"city":"Georgetown","state":"KY","address":"270 Tiger Way","name":""},
  {"lat":38.017192,"lon":-84.411339,"city":"Lexington","state":"KY","address":"1750 Pleasant Ridge Dr","name":""},
  {"lat":38.0176,"lon":-84.557722,"city":"Lexington","state":"KY","address":"960 Midnight Pass","name":""},
  {"lat":38.003231,"lon":-84.51693,"city":"Lexington","state":"KY","address":"126 East Lowry Lane","name":""},
  {"lat":39.372902,"lon":-84.385769,"city":"Liberty Township","state":"OH","address":"7145 Liberty Centre Drive","name":""},
  {"lat":38.200198,"lon":-85.751962,"city":"Louisville","state":"KY","address":"3000 Crittenden Drive","name":""},
  {"lat":38.252565,"lon":-85.742574,"city":"Louisville","state":"KY","address":"240 South Hancock Street","name":""},
  {"lat":38.261734,"lon":-85.575022,"city":"Louisville","state":"KY","address":"1150 Forest Bridge Road Building A","name":""},
  {"lat":38.066559,"lon":-85.694405,"city":"Shepherdsville","state":"KY","address":"190 Centre Drive","name":""},
  {"lat":39.297161,"lon":-84.482059,"city":"Springdale","state":"OH","address":"325 Pictoria Dr","name":""},
  {"lat":39.321883,"lon":-84.427084,"city":"West Chester","state":"OH","address":"9246 Schulze Drive","name":""},
  {"lat":34.074384,"lon":-84.265902,"city":"Alpharetta","state":"GA","address":"12075 Morris Road","name":""},
  {"lat":33.92073,"lon":-84.351822,"city":"Atlanta","state":"GA","address":"6110 Peachtree Dunwoody Road","name":""},
  {"lat":34.065294,"lon":-83.975036,"city":"Buford","state":"GA","address":"2685 Mall of Georgia Blvd","name":""},
  {"lat":34.151239,"lon":-84.180039,"city":"Cumming","state":"GA","address":"3160 Ronald Reagan Blvd","name":""},
  {"lat":34.70186,"lon":-83.732752,"city":"Helen","state":"GA","address":"133 Narr Weg","name":""},
  {"lat":33.990643,"lon":-84.07889,"city":"Lawrenceville","state":"GA","address":"1765 North Brown Road","name":""},
  {"lat":33.953596,"lon":-84.222177,"city":"Norcross","state":"GA","address":"5800 Peachtree Industrial Blvd","name":""},
  {"lat":34.042461,"lon":-84.324518,"city":"Roswell","state":"GA","address":"10990 Westside Parkway","name":""},
  {"lat":34.501653,"lon":-82.649515,"city":"Anderson","state":"SC","address":"315 S Main St","name":""},
  {"lat":34.912547,"lon":-82.103136,"city":"Duncan","state":"SC","address":"104 Spartangreen Blvd.","name":""},
  {"lat":34.858223,"lon":-82.270669,"city":"Greenville","state":"SC","address":"20 Beacon Drive","name":""},
  {"lat":34.854622,"lon":-82.397064,"city":"Greenville","state":"SC","address":"350 North Main Street","name":""},
  {"lat":35.79586,"lon":-83.98794,"city":"Alcoa","state":"TN","address":"1864 Pauling Street","name":""},
  {"lat":35.914815,"lon":-84.096572,"city":"Knoxville","state":"TN","address":"380 North Peters Road","name":""},
  {"lat":35.80004,"lon":-83.562471,"city":"Pigeon Forge","state":"TN","address":"2819 Teaster Lane","name":""},
  {"lat":35.840486,"lon":-83.568005,"city":"Sevierville","state":"TN","address":"1406 Hurley Drive","name":""},
  {"lat":35.446785,"lon":-82.533994,"city":"Arden","state":"NC","address":"390 Airport Road","name":""},
  {"lat":35.569037,"lon":-82.541726,"city":"Asheville","state":"NC","address":"61 Thompson Street","name":""},
  {"lat":36.215932,"lon":-81.67153,"city":"Boone","state":"NC","address":"280 E. King Street","name":""},
  {"lat":35.341381,"lon":-82.435669,"city":"Hendersonville","state":"NC","address":"146 Sugarloaf Road","name":""},
  {"lat":36.331404,"lon":-82.403944,"city":"Johnson City","state":"TN","address":"190 Heart Drive","name":""},
  {"lat":34.212968,"lon":-80.981818,"city":"Blythewood","state":"SC","address":"92 Creech Rd","name":""},
  {"lat":35.061849,"lon":-80.813203,"city":"Charlotte","state":"NC","address":"5110 Piper Station Drive","name":""},
  {"lat":34.003986,"lon":-81.026432,"city":"Columbia","state":"SC","address":"1210 Pickens Street","name":""},
  {"lat":34.090036,"lon":-81.168952,"city":"Columbia","state":"SC","address":"550 Columbiana Drive","name":""},
  {"lat":34.138684,"lon":-80.958797,"city":"Columbia","state":"SC","address":"1270 Roberts Branch Parkway","name":""},
  {"lat":33.970657,"lon":-80.94809,"city":"Columbia","state":"SC","address":"7340 Garners Ferry Road","name":""},
  {"lat":35.036663,"lon":-80.968339,"city":"Fort Mill","state":"SC","address":"1840 Coltharp Road","name":""},
  {"lat":34.291095,"lon":-81.544565,"city":"Newberry","state":"SC","address":"111 Landworks Avenue","name":""},
  {"lat":34.936697,"lon":-80.965234,"city":"Rock Hill","state":"SC","address":"1285 Old Springdale Road","name":""},
  {"lat":33.78839,"lon":-78.995081,"city":"Conway","state":"SC","address":"167 Waccamaw Medical Park Drive","name":""},
  {"lat":35.073799,"lon":-78.955658,"city":"Fayetteville","state":"NC","address":"4035 Sycamore Dairy Road","name":""},
  {"lat":35.153076,"lon":-78.872786,"city":"Fayetteville","state":"NC","address":"6309 Ramsey Street","name":""},
  {"lat":34.184182,"lon":-79.840372,"city":"Florence","state":"SC","address":"900 Woody Jones Boulevard","name":""},
  {"lat":34.666099,"lon":-79.006568,"city":"Lumberton","state":"NC","address":"220 Jackson Ct","name":""},
  {"lat":35.251923,"lon":-81.033194,"city":"Belmont","state":"NC","address":"871 Hawley Avenue","name":""},
  {"lat":35.239115,"lon":-80.93809,"city":"Charlotte","state":"NC","address":"4240 Scott Futrell Drive","name":""},
  {"lat":35.165634,"lon":-80.892705,"city":"Charlotte","state":"NC","address":"6025 Tyvola Glen Circle","name":""},
  {"lat":35.352276,"lon":-80.84412,"city":"Charlotte","state":"NC","address":"7227 Smith Corners Blvd","name":""},
  {"lat":35.306767,"lon":-80.756487,"city":"Charlotte","state":"NC","address":"625 McCullough Drive","name":""},
  {"lat":35.220236,"lon":-80.845351,"city":"Charlotte","state":"NC","address":"610 S. Caldwell Street","name":""},
  {"lat":35.363134,"lon":-80.700456,"city":"Concord","state":"NC","address":"5355 John Q. Hammons Drive","name":""},
  {"lat":35.709252,"lon":-81.306537,"city":"Hickory","state":"NC","address":"1655 14th Avenue Dr SE","name":""},
  {"lat":35.55306,"lon":-80.85294,"city":"Mooresville","state":"NC","address":"209 Medical Park Road","name":""},
  {"lat":35.641975,"lon":-80.478839,"city":"Salisbury","state":"NC","address":"1300 Jake Alexander Blvd. South","name":""},
  {"lat":36.066435,"lon":-80.322077,"city":"Winston Salem","state":"NC","address":"1010 Marriott Crossing Way","name":""},
  {"lat":35.953202,"lon":-78.989952,"city":"Durham","state":"NC","address":"3305 Watkins Road","name":""},
  {"lat":36.024054,"lon":-78.952129,"city":"Durham","state":"NC","address":"1206 Cole Mill Road","name":""},
  {"lat":36.077118,"lon":-79.961014,"city":"Greensboro","state":"NC","address":"7801 National Service Road","name":""},
  {"lat":35.864039,"lon":-78.844563,"city":"Morrisville","state":"NC","address":"1020 Lower Shiloh Way","name":""},
  {"lat":35.522444,"lon":-79.181274,"city":"Sanford","state":"NC","address":"115 Amos Bridges Rd","name":""},
  {"lat":39.271131,"lon":-84.371112,"city":"Blue Ash","state":"OH","address":"11235 Cornell Park Dr.","name":""},
  {"lat":39.098258,"lon":-84.267617,"city":"Cincinnati","state":"OH","address":"856 Eastgate North Drive","name":""},
  {"lat":37.733428,"lon":-84.328655,"city":"Richmond","state":"KY","address":"524 Hampton Way","name":""},
  {"lat":37.216551,"lon":-80.404165,"city":"Blacksburg","state":"VA","address":"1321 Rugby Lane","name":""},
  {"lat":38.423887,"lon":-78.843038,"city":"Harrisonburg","state":"VA","address":"3000 Evelyn Byrd Avenue","name":""},
  {"lat":37.814286,"lon":-80.435,"city":"Lewisburg","state":"WV","address":"251 Grand Ave","name":""},
  {"lat":37.340695,"lon":-79.196173,"city":"Lynchburg","state":"VA","address":"542 Simons Run","name":""},
  {"lat":37.306053,"lon":-79.960739,"city":"Roanoke","state":"VA","address":"4830 Valley View Blvd NW","name":""},
  {"lat":40.535881,"lon":-88.993682,"city":"Normal","state":"IL","address":"1781 Bradford Lane","name":""},
  {"lat":39.763889,"lon":-89.60975,"city":"Springfield","state":"IL","address":"2975 S. Dirksen Parkway","name":""},
  {"lat":40.092257,"lon":-88.247852,"city":"Champaign","state":"IL","address":"2013 South Neil Street","name":""},
  {"lat":39.434951,"lon":-87.335668,"city":"Terre Haute","state":"IN","address":"2625 Lucy Jane Lane","name":""},
  {"lat":41.92488,"lon":-88.77421,"city":"DeKalb","state":"IL","address":"575 S. Annie Glidden Rd.","name":""},
  {"lat":41.688794,"lon":-88.07159,"city":"Bolingbrook","state":"IL","address":"1 Brookside Ct","name":""},
  {"lat":41.852713,"lon":-87.622825,"city":"Chicago","state":"IL","address":"123 East Cermak, Suite 200","name":""},
  {"lat":41.89503,"lon":-87.631554,"city":"Chicago","state":"IL","address":"110 West Huron St","name":""},
  {"lat":41.571914,"lon":-87.459406,"city":"Hammond","state":"IN","address":"2847 Carlson Drive","name":""},
  {"lat":41.578752,"lon":-88.170112,"city":"Joliet","state":"IL","address":"4095 Hennepin Drive","name":""},
  {"lat":41.466811,"lon":-87.31838,"city":"Merrillville","state":"IN","address":"8400 Indiana St","name":""},
  {"lat":42.047702,"lon":-88.046277,"city":"Schaumburg","state":"IL","address":"1300 East American Lane","name":""},
  {"lat":39.860484,"lon":-86.399952,"city":"Brownsburg","state":"IN","address":"520 W. Northfield Drive","name":""},
  {"lat":39.974642,"lon":-86.147922,"city":"Carmel","state":"IN","address":"12845 Old Meridian Street","name":""},
  {"lat":39.928988,"lon":-86.025694,"city":"Fishers","state":"IN","address":"9701 N. by NE Blvd","name":""},
  {"lat":39.67601,"lon":-86.309436,"city":"Indianapolis","state":"IN","address":"8345 Belfast Drive","name":""},
  {"lat":39.76909,"lon":-86.155959,"city":"Indianapolis","state":"IN","address":"115 N. Pennsylvania Street, Ste 150","name":""},
  {"lat":39.919681,"lon":-86.109572,"city":"Indianapolis","state":"IN","address":"9104 Keystone Crossing","name":""},
  {"lat":39.877471,"lon":-86.2704,"city":"Indianapolis","state":"IN","address":"6720 Telecom Drive","name":""},
  {"lat":39.917607,"lon":-86.22455,"city":"Indianapolis","state":"IN","address":"8930 Wesleyan Road","name":""},
  {"lat":39.637936,"lon":-86.080552,"city":"Indianapolis","state":"IN","address":"5215 Noggle Way","name":""},
  {"lat":40.436421,"lon":-86.124961,"city":"Kokomo","state":"IN","address":"5126 Clinton Drive","name":""},
  {"lat":40.418942,"lon":-86.83388,"city":"Lafayette","state":"IN","address":"3838 Grace Ln","name":""},
  {"lat":40.75953,"lon":-86.3124,"city":"Logansport","state":"IN","address":"3924 East Market Street","name":""},
  {"lat":39.99303,"lon":-85.922929,"city":"Noblesville","state":"IN","address":"13563 Tegler Drive","name":""},
  {"lat":40.462074,"lon":-86.936711,"city":"West Lafayette","state":"IN","address":"1710 Sachem Blvd","name":""},
  {"lat":39.949253,"lon":-86.354931,"city":"Whitestown","state":"IN","address":"6017 Perry Worth Road","name":""},
  {"lat":40.221444,"lon":-85.437563,"city":"Muncie","state":"IN","address":"4400 W Bethel Avenue","name":""},
  {"lat":39.836114,"lon":-84.821138,"city":"Richmond","state":"IN","address":"5950 National Rd E","name":""},
  {"lat":41.738452,"lon":-85.975448,"city":"Elkhart","state":"IN","address":"3521 Plaza Court","name":""},
  {"lat":41.69792,"lon":-86.18048,"city":"Mishawaka","state":"IN","address":"211 East Day Road","name":""},
  {"lat":41.180114,"lon":-85.092969,"city":"Fort Wayne","state":"IN","address":"10650 Diebold Road","name":""},
  {"lat":42.522054,"lon":-88.984853,"city":"Beloit","state":"WI","address":"2750 Cranston Road","name":""},
  {"lat":44.263455,"lon":-88.484673,"city":"Grand Chute","state":"WI","address":"5155 W Grande Market Drive","name":""},
  {"lat":44.494783,"lon":-88.057908,"city":"Green Bay","state":"WI","address":"810 Morris Ave","name":""},
  {"lat":42.191515,"lon":-87.933964,"city":"Lincolnshire","state":"IL","address":"350 Knightsbridge Pkwy","name":""},
  {"lat":42.32065,"lon":-88.970537,"city":"Loves Park","state":"IL","address":"4150 N. Bell School Road","name":""},
  {"lat":43.042189,"lon":-89.377327,"city":"Madison","state":"WI","address":"2153 Rimrock Rd","name":""},
  {"lat":43.13069,"lon":-89.29597,"city":"Madison","state":"WI","address":"2403 East Springs Drive","name":""},
  {"lat":43.182717,"lon":-88.107352,"city":"Menomonee Falls","state":"WI","address":"N91 W15851 Falls Parkway","name":""},
  {"lat":42.937562,"lon":-87.907626,"city":"Milwaukee","state":"WI","address":"5880 South Howell Avenue","name":""},
  {"lat":43.036813,"lon":-87.905417,"city":"Milwaukee","state":"WI","address":"515 N Jefferson St","name":""},
  {"lat":43.794081,"lon":-87.759283,"city":"Sheboygan","state":"WI","address":"3960 N Marquette Circle","name":""},
  {"lat":44.499756,"lon":-89.509785,"city":"Stevens Point","state":"WI","address":"3317 John Joanis Drive","name":""},
  {"lat":42.718856,"lon":-87.914398,"city":"Sturtevant","state":"WI","address":"1301 West Road","name":""},
  {"lat":43.037864,"lon":-88.174407,"city":"Waukesha","state":"WI","address":"650 Larry Court","name":""},
  {"lat":43.020218,"lon":-87.99945,"city":"West Allis","state":"WI","address":"1212 S. 70th Street","name":""},
  {"lat":42.266559,"lon":-85.168627,"city":"Battle Creek","state":"MI","address":"13350 6.5 Mile Road","name":""},
  {"lat":42.848616,"lon":-85.720497,"city":"Byron Center","state":"MI","address":"2288 64th St SW","name":""},
  {"lat":42.914449,"lon":-85.562727,"city":"Grand Rapids","state":"MI","address":"4260 Sparks Drive SE","name":""},
  {"lat":43.018873,"lon":-85.678676,"city":"Grand Rapids","state":"MI","address":"330 River Ridge Dr. NW","name":""},
  {"lat":43.00315,"lon":-85.593184,"city":"Grand Rapids","state":"MI","address":"3082 Peregrine Dr NE","name":""},
  {"lat":42.825576,"lon":-86.090595,"city":"Holland","state":"MI","address":"3140 West Shore Drive","name":""},
  {"lat":42.269634,"lon":-84.448391,"city":"Jackson","state":"MI","address":"2704 Bob McClain Dr.","name":""},
  {"lat":42.293763,"lon":-85.585052,"city":"Kalamazoo","state":"MI","address":"303 North Rose Street","name":""},
  {"lat":42.260024,"lon":-85.528288,"city":"Kalamazoo","state":"MI","address":"5185 E Cork Street","name":""},
  {"lat":44.727,"lon":-85.644068,"city":"Traverse City","state":"MI","address":"2684 N US 31 South","name":""},
  {"lat":39.763126,"lon":-84.05558,"city":"Beavercreek","state":"OH","address":"2667 Fairfield Commons Drive","name":""},
  {"lat":39.664902,"lon":-84.108858,"city":"Centerville","state":"OH","address":"5161 Cornerstone North Boulevard","name":""},
  {"lat":39.957514,"lon":-82.989642,"city":"Columbus","state":"OH","address":"412 East Main Street","name":""},
  {"lat":40.151528,"lon":-82.974781,"city":"Columbus","state":"OH","address":"9101 Lyra Dr.","name":""},
  {"lat":39.973463,"lon":-83.148957,"city":"Columbus","state":"OH","address":"5460 Fisher Road","name":""},
  {"lat":39.842959,"lon":-84.196229,"city":"Dayton","state":"OH","address":"6615 Towne Center Dr.","name":""},
  {"lat":40.098303,"lon":-83.125439,"city":"Dublin","state":"OH","address":"5000 Upper Metro Place","name":""},
  {"lat":39.875304,"lon":-83.049682,"city":"Grove City","state":"OH","address":"1750 Buckeye Place","name":""},
  {"lat":40.727843,"lon":-84.078104,"city":"Lima","state":"OH","address":"1432 Bellefontaine Ave.","name":""},
  {"lat":40.234137,"lon":-83.347274,"city":"Marysville","state":"OH","address":"400 Coleman's Crossing Boulevard","name":""},
  {"lat":39.598253,"lon":-84.243265,"city":"Miamisburg","state":"OH","address":"200 Austin West Blvd.","name":""},
  {"lat":40.057411,"lon":-84.233943,"city":"Troy","state":"OH","address":"1805 Towne Park Dr.","name":""},
  {"lat":39.980075,"lon":-82.833507,"city":"Columbus","state":"OH","address":"6315 East Broad Street","name":""},
  {"lat":40.034778,"lon":-82.910896,"city":"Columbus","state":"OH","address":"3035 Stelzer Road","name":""},
  {"lat":40.090173,"lon":-82.79043,"city":"New Albany","state":"OH","address":"5095 Forest Drive","name":""},
  {"lat":39.935757,"lon":-82.786923,"city":"Reynoldsburg","state":"OH","address":"2426 Taylor Square Dr","name":""},
  {"lat":41.37344,"lon":-83.621735,"city":"Bowling Green","state":"OH","address":"1630 E. Wooster St.","name":""},
  {"lat":41.58766,"lon":-83.668342,"city":"Maumee","state":"OH","address":"1701 Tollgate Drive","name":""},
  {"lat":41.528023,"lon":-83.643701,"city":"Perrysburg","state":"OH","address":"5995 Levis Commons Blvd","name":""},
  {"lat":41.399017,"lon":-81.65663,"city":"Independence","state":"OH","address":"6200 Patriots Way","name":""},
  {"lat":41.366715,"lon":-81.824575,"city":"Middleburg Heights","state":"OH","address":"7355 Engle Rd","name":""},
  {"lat":41.462703,"lon":-81.492634,"city":"Beachwood","state":"OH","address":"3589 Park East Drive","name":""},
  {"lat":40.855965,"lon":-81.414974,"city":"Canton","state":"OH","address":"5244 Broadmoor Circle NW","name":""},
  {"lat":40.684021,"lon":-80.081777,"city":"Cranberry Township","state":"PA","address":"1401 Cranberry Woods Drive","name":""},
  {"lat":42.046,"lon":-80.081,"city":"Erie","state":"PA","address":"8035 Oliver Road","name":""},
  {"lat":39.563533,"lon":-79.362696,"city":"McHenry","state":"MD","address":"2704 Deep Creek Drive","name":""},
  {"lat":40.672253,"lon":-80.318282,"city":"Monaca","state":"PA","address":"1000 Wagner Road Extension South","name":""},
  {"lat":40.562167,"lon":-80.027118,"city":"Pittsburgh","state":"PA","address":"8630 Duncan Avenue","name":""},
  {"lat":41.178755,"lon":-81.479931,"city":"Stow","state":"OH","address":"4097 Bridgewater Parkway","name":""},
  {"lat":41.12096,"lon":-80.771612,"city":"Youngstown","state":"OH","address":"5580 Patriot Blvd.","name":""},
  {"lat":42.24307,"lon":-83.75286,"city":"Ann Arbor","state":"MI","address":"361 W. Eisenhower Pkwy","name":""},
  {"lat":43.319196,"lon":-83.741891,"city":"Frankenmuth","state":"MI","address":"1088 S Main Street","name":""},
  {"lat":42.90088,"lon":-83.631126,"city":"Grand Blanc","state":"MI","address":"9020 Holly Road","name":""},
  {"lat":42.39433,"lon":-83.51228,"city":"Northville","state":"MI","address":"47450 W Five Mile Rd","name":""},
  {"lat":43.484736,"lon":-83.966822,"city":"Saginaw","state":"MI","address":"2569 Trautner Dr.","name":""},
  {"lat":42.202963,"lon":-83.258504,"city":"Taylor","state":"MI","address":"14300 Pardee Rd","name":""},
  {"lat":42.56402,"lon":-83.16282,"city":"Troy","state":"MI","address":"1035 Wilshire Drive","name":""},
  {"lat":42.530495,"lon":-83.358721,"city":"West Bloomfield","state":"MI","address":"33098 Northwestern Highway","name":""},
  {"lat":43.001957,"lon":-78.821197,"city":"Amherst","state":"NY","address":"3820 Ridge Lea Road","name":""},
  {"lat":42.905473,"lon":-78.76551,"city":"Cheektowaga","state":"NY","address":"1999 Walden Avenue","name":""},
  {"lat":35.388074,"lon":-77.943212,"city":"Goldsboro","state":"NC","address":"2613 North Park Drive","name":""},
  {"lat":34.782831,"lon":-77.400275,"city":"Jacksonville","state":"NC","address":"139 Circuit Lane","name":""},
  {"lat":35.837271,"lon":-78.670602,"city":"Raleigh","state":"NC","address":"2051 Century Drive","name":""},
  {"lat":35.863824,"lon":-78.572803,"city":"Raleigh","state":"NC","address":"3951 Sumner Boulevard","name":""},
  {"lat":35.790644,"lon":-78.742497,"city":"Raleigh","state":"NC","address":"6825 Chapel Hill Road","name":""},
  {"lat":35.502814,"lon":-78.325668,"city":"Smithfield","state":"NC","address":"180 Towne Centre Place","name":""},
  {"lat":34.179717,"lon":-77.919359,"city":"Wilmington","state":"NC","address":"2177 Stonecrop Drive","name":""},
  {"lat":34.246857,"lon":-77.865112,"city":"Wilmington","state":"NC","address":"5518 Market Street","name":""},
  {"lat":36.014427,"lon":-75.657139,"city":"Kill Devil Hills","state":"NC","address":"107 S Virginia Dare Trail","name":""},
  {"lat":37.353382,"lon":-77.400561,"city":"Chester","state":"VA","address":"12500 Chestnut Hill Rd","name":""},
  {"lat":37.60913,"lon":-77.52195,"city":"Richmond","state":"VA","address":"2915 Emerywood Parkway","name":""},
  {"lat":37.6588,"lon":-77.62455,"city":"Richmond","state":"VA","address":"209 Towne Center West Blvd","name":""},
  {"lat":36.875723,"lon":-76.211665,"city":"Norfolk","state":"VA","address":"5620 East Princess Anne Road","name":""},
  {"lat":36.785646,"lon":-76.105285,"city":"Virginia Beach","state":"VA","address":"1741 Community College Place","name":""},
  {"lat":39.059377,"lon":-77.448185,"city":"Ashburn","state":"VA","address":"44870 Lakeview Overlook Plaza","name":""},
  {"lat":38.921421,"lon":-77.50303,"city":"Chantilly","state":"VA","address":"43340 Defender Drive","name":""},
  {"lat":39.300031,"lon":-77.8434,"city":"Charles Town","state":"WV","address":"70 Jefferson Crossing Way","name":""},
  {"lat":38.028818,"lon":-78.48494,"city":"Charlottesville","state":"VA","address":"201 Monticello Ave","name":""},
  {"lat":39.367508,"lon":-77.415347,"city":"Frederick","state":"MD","address":"4850 Buckeystown Pike","name":""},
  {"lat":38.221755,"lon":-77.505223,"city":"Fredericksburg","state":"VA","address":"9901 Patriot Highway","name":""},
  {"lat":39.108311,"lon":-77.532087,"city":"Leesburg","state":"VA","address":"420 Fort Evans Road NE","name":""},
  {"lat":38.47015,"lon":-77.400786,"city":"Stafford","state":"VA","address":"3051 Richmond Highway","name":""},
  {"lat":39.149457,"lon":-78.165577,"city":"Winchester","state":"VA","address":"240 Trex Way","name":""},
  {"lat":38.87335,"lon":-76.844905,"city":"Capitol Heights","state":"MD","address":"9261 Alaking Court","name":""},
  {"lat":38.896429,"lon":-77.191314,"city":"Falls Church","state":"VA","address":"171 West Falls Station Blvd","name":""},
  {"lat":39.15542,"lon":-76.715163,"city":"Hanover","state":"MD","address":"7545 Teague Road","name":""},
  {"lat":38.272391,"lon":-76.464229,"city":"Lexington Park","state":"MD","address":"46058 Valley Drive","name":""},
  {"lat":39.01966,"lon":-76.974503,"city":"Silver Spring","state":"MD","address":"1701 Elton Road","name":""},
  {"lat":39.374038,"lon":-76.442208,"city":"White Marsh","state":"MD","address":"10465 Philadelphia Road","name":""},
  {"lat":38.648931,"lon":-77.289408,"city":"Woodbridge","state":"VA","address":"14005 Telegraph Road","name":""},
  {"lat":39.160914,"lon":-75.513378,"city":"Dover","state":"DE","address":"222 S. Dupont Highway","name":""},
  {"lat":38.326201,"lon":-75.614462,"city":"Fruitland","state":"MD","address":"301 Prosperity Lane","name":""},
  {"lat":38.750174,"lon":-75.165519,"city":"Lewes","state":"DE","address":"17388 Ocean One Plaza","name":""},
  {"lat":38.389849,"lon":-75.067268,"city":"Ocean City","state":"MD","address":"120 67th Street 3A","name":""},
  {"lat":39.493994,"lon":-76.181769,"city":"Aberdeen","state":"MD","address":"20 Newton Road","name":""},
  {"lat":40.164871,"lon":-76.16005,"city":"Ephrata","state":"PA","address":"21 Quarry Ridge Drive","name":""},
  {"lat":39.631105,"lon":-77.768545,"city":"Hagerstown","state":"MD","address":"1661 Pullman Lane","name":""},
  {"lat":40.24809,"lon":-76.82509,"city":"Harrisburg","state":"PA","address":"457 Port View Drive","name":""},
  {"lat":40.302481,"lon":-76.847074,"city":"Harrisburg","state":"PA","address":"2450 Brindle Drive","name":""},
  {"lat":40.980833,"lon":-76.014484,"city":"Hazleton","state":"PA","address":"61 Station Circle","name":""},
  {"lat":40.06518,"lon":-76.315762,"city":"Lancaster","state":"PA","address":"1584 Fruitville Pike","name":""},
  {"lat":39.453345,"lon":-77.987865,"city":"Martinsburg","state":"WV","address":"820 Foxcroft Avenue","name":""},
  {"lat":40.253298,"lon":-77.029398,"city":"Mechanicsburg","state":"PA","address":"300 Bent Creek Blvd","name":""},
  {"lat":39.39619,"lon":-76.788132,"city":"Owings Mills","state":"MD","address":"4514 Painters Mill Road","name":""},
  {"lat":39.398329,"lon":-76.604505,"city":"Towson","state":"MD","address":"21 West Susquehanna Avenue","name":""},
  {"lat":39.932273,"lon":-76.684582,"city":"York","state":"PA","address":"212 Pauline Drive","name":""},
  {"lat":40.654573,"lon":-75.417405,"city":"Bethlehem","state":"PA","address":"2011 City Line Road","name":""},
  {"lat":40.154052,"lon":-74.701028,"city":"Bordentown","state":"NJ","address":"840 US Rte 206","name":""},
  {"lat":40.038728,"lon":-74.824035,"city":"Burlington","state":"NJ","address":"251 Bromley Blvd","name":""},
  {"lat":40.018712,"lon":-75.681409,"city":"Downingtown","state":"PA","address":"975 East Lancaster Ave.","name":""},
  {"lat":40.720172,"lon":-75.293454,"city":"Easton","state":"PA","address":"3882 Eastgate Boulevard Bldg 2","name":""},
  {"lat":39.878598,"lon":-75.54073,"city":"Glen Mills","state":"PA","address":"75 Applied Bank Blvd","name":""},
  {"lat":40.090501,"lon":-75.38054,"city":"King of Prussia","state":"PA","address":"550 West DeKalb Pike","name":""},
  {"lat":39.953636,"lon":-75.159637,"city":"Philadelphia","state":"PA","address":"1200 Arch Street","name":""},
  {"lat":39.867966,"lon":-75.319067,"city":"Ridley Park","state":"PA","address":"145 Stewart Avenue","name":""},
  {"lat":40.195973,"lon":-75.07857,"city":"Warminster","state":"PA","address":"230 Veterans Way","name":""},
  {"lat":40.541864,"lon":-74.392567,"city":"Edison","state":"NJ","address":"858 New Durham Road","name":""},
  {"lat":40.7531,"lon":-73.933966,"city":"Long Island City","state":"NY","address":"39-06 30th St.","name":""},
  {"lat":40.483547,"lon":-74.416594,"city":"New Brunswick","state":"NJ","address":"19 NJ-18","name":""},
  {"lat":40.759535,"lon":-73.98317,"city":"New York City","state":"NY","address":"150 W 48th Street","name":""},
  {"lat":40.70943,"lon":-74.171505,"city":"Newark","state":"NJ","address":"620 Route 1 and 9 South","name":""},
  {"lat":40.604475,"lon":-74.262034,"city":"Rahway","state":"NJ","address":"667 East Milton Avenue","name":""},
  {"lat":41.4666,"lon":-75.6452,"city":"Dickson City","state":"PA","address":"914 Scranton-Carbondale Hwy.","name":""},
  {"lat":41.235098,"lon":-75.852715,"city":"Wilkes-Barre","state":"PA","address":"872 Schechter Dr","name":""},
  {"lat":40.809717,"lon":-74.379478,"city":"East Hanover","state":"NJ","address":"170 Route 10 West","name":""},
  {"lat":40.862979,"lon":-74.065689,"city":"Hasbrouck Heights","state":"NJ","address":"377 Route 17 South","name":""},
  {"lat":41.46291,"lon":-74.369506,"city":"Middletown","state":"NY","address":"600 Route 211 East","name":""},
  {"lat":41.66834,"lon":-73.93115,"city":"Poughkeepsie","state":"NY","address":"2619 South Road","name":""},
  {"lat":40.893305,"lon":-74.249465,"city":"Wayne","state":"NJ","address":"350 Route 46","name":""},
  {"lat":42.950568,"lon":-78.694605,"city":"Buffalo","state":"NY","address":"48 Freeman Rd.","name":""},
  {"lat":43.098514,"lon":-76.176866,"city":"Liverpool","state":"NY","address":"241 Elwood Davis Rd.","name":""},
  {"lat":43.460402,"lon":-76.481308,"city":"Oswego","state":"NY","address":"252 New York State Route 104","name":""},
  {"lat":43.179517,"lon":-77.687078,"city":"Rochester","state":"NY","address":"400 Bellwood Drive","name":""},
  {"lat":43.086731,"lon":-77.61055,"city":"Rochester","state":"NY","address":"999 Jefferson Road","name":""},
  {"lat":42.718746,"lon":-73.799751,"city":"Albany","state":"NY","address":"10 Metro Park Road","name":""},
  {"lat":42.967954,"lon":-73.799301,"city":"Malta","state":"NY","address":"103 Saratoga Village Boulevard","name":""},
  {"lat":43.328091,"lon":-73.68157,"city":"Queensbury","state":"NY","address":"524 Aviation Road","name":""},
  {"lat":43.108709,"lon":-75.220256,"city":"Utica","state":"NY","address":"119 N Genesee St","name":""},
  {"lat":41.653332,"lon":-72.914206,"city":"Bristol","state":"CT","address":"90 Century Drive","name":""},
  {"lat":41.285111,"lon":-72.877386,"city":"East Haven","state":"CT","address":"30 Frontage Road","name":""},
  {"lat":42.06578,"lon":-71.397822,"city":"Franklin","state":"MA","address":"725 Union Street","name":""},
  {"lat":41.956912,"lon":-71.343297,"city":"North Attleboro","state":"MA","address":"777 S. Washington Street","name":""},
  {"lat":41.904374,"lon":-71.030092,"city":"Raynham","state":"MA","address":"5 Commerce Way","name":""},
  {"lat":41.913858,"lon":-71.517914,"city":"Smithfield","state":"RI","address":"944 Douglas Pike","name":""},
  {"lat":42.105,"lon":-71.254804,"city":"Walpole","state":"MA","address":"2375 Boston Providence Highway","name":""},
  {"lat":40.846288,"lon":-72.89994,"city":"Yaphank","state":"NY","address":"101 Boulevard East","name":""},
  {"lat":42.325612,"lon":-71.060491,"city":"Boston","state":"MA","address":"15 Jan Karski Way","name":""},
  {"lat":42.603533,"lon":-71.348779,"city":"Chelmsford","state":"MA","address":"12 Independence Drive","name":""},
  {"lat":43.100102,"lon":-70.745606,"city":"Kittery","state":"ME","address":"139 Old Post Road","name":""},
  {"lat":44.018369,"lon":-71.114106,"city":"North Conway","state":"NH","address":"1439 White Mountain Highway","name":""},
  {"lat":43.643101,"lon":-70.330675,"city":"South Portland","state":"ME","address":"50 Maine Mall Road","name":""},
  {"lat":44.449972,"lon":-73.107693,"city":"Williston","state":"VT","address":"150 Market Street","name":""},
  {"lat":44.789496,"lon":-68.812341,"city":"Bangor","state":"ME","address":"327 Odlin Road","name":""},
  {"lat":45.366562,"lon":-84.992098,"city":"Petoskey","state":"MI","address":"2531 Charlevoix Road","name":""},
  {"lat":39.163895,"lon":119.767836,"city":"Carson City","state":"NV","address":"3941 N Carson Street","name":""}]}