{"key":"homewood_suites","displayName":"Homewood Suites","category":"hotels","useLocationName":false,"locations":[
  {"lat":33.5804,"lon":-117.729437,"city":"Aliso Viejo","state":"CA","address":"110 Vantis Drive","name":""},
  {"lat":33.1249,"lon":-117.2747,"city":"Carlsbad","state":"CA","address":"2223 Palomar Airport Road","name":""},
  {"lat":32.651602,"lon":-116.958439,"city":"Chula Vista","state":"CA","address":"2424 Fenton St","name":""},
  {"lat":33.695262,"lon":-117.852901,"city":"Irvine","state":"CA","address":"17370 Red Hill Avenue","name":""},
  {"lat":33.7204,"lon":-116.2954,"city":"La Quinta","state":"CA","address":"45-200 Washington Street","name":""},
  {"lat":33.627797,"lon":-117.718089,"city":"Lake Forest","state":"CA","address":"23021 Lake Center Drive A","name":""},
  {"lat":32.728495,"lon":-117.218651,"city":"San Diego","state":"CA","address":"2576 Laning Road","name":""},
  {"lat":32.917586,"lon":-117.114307,"city":"San Diego","state":"CA","address":"9880 Mira Mesa Blvd","name":""},
  {"lat":32.726437,"lon":-117.171763,"city":"San Diego","state":"CA","address":"2137 Pacific Highway Suite B","name":""},
  {"lat":32.758877,"lon":-117.183162,"city":"San Diego","state":"CA","address":"2201 Hotel Circle South","name":""},
  {"lat":32.762317,"lon":-117.159674,"city":"San Diego","state":"CA","address":"445 Camino Del Rio South","name":""},
  {"lat":32.916523,"lon":-117.228813,"city":"San Diego","state":"CA","address":"11025 Vista Sorrento Parkway","name":""},
  {"lat":32.698094,"lon":-114.600593,"city":"Yuma","state":"AZ","address":"1955 East 16th Street","name":""},
  {"lat":34.146278,"lon":-118.755463,"city":"Agoura Hills","state":"CA","address":"28901 Canwood St.","name":""},
  {"lat":35.341347,"lon":-119.098625,"city":"Bakersfield","state":"CA","address":"1505 Mill Rock Way","name":""},
  {"lat":34.7017,"lon":-118.1747,"city":"Lancaster","state":"CA","address":"2320 Double Play Way","name":""},
  {"lat":33.827264,"lon":-118.143851,"city":"Long Beach","state":"CA","address":"3771 N Lakewood Blvd.","name":""},
  {"lat":33.946197,"lon":-118.392791,"city":"Los Angeles","state":"CA","address":"6151 W. Century Blvd","name":""},
  {"lat":34.219405,"lon":-119.144868,"city":"Oxnard","state":"CA","address":"1950 Solar Drive","name":""},
  {"lat":33.892156,"lon":-118.364219,"city":"Redondo Beach","state":"CA","address":"2430 Marine Avenue","name":""},
  {"lat":34.441452,"lon":-118.593118,"city":"Santa Clarita","state":"CA","address":"28700 Newhall Ranch Road","name":""},
  {"lat":34.9789,"lon":-120.43345,"city":"Santa Maria","state":"CA","address":"2100 North Broadway","name":""},
  {"lat":37.673119,"lon":-122.38754,"city":"Brisbane","state":"CA","address":"2000 Shoreline Court","name":""},
  {"lat":37.525079,"lon":-122.267507,"city":"Belmont","state":"CA","address":"1201 Shoreway Rd","name":""},
  {"lat":37.506277,"lon":-121.973202,"city":"Fremont","state":"CA","address":"43151 Christy Street","name":""},
  {"lat":37.6988,"lon":-121.837649,"city":"Livermore","state":"CA","address":"5400 Wolf House Drive","name":""},
  {"lat":37.522789,"lon":-122.00324,"city":"Newark","state":"CA","address":"39270 Cedar Boulevard","name":""},
  {"lat":37.7881,"lon":-122.2519,"city":"Oakland","state":"CA","address":"1103 Embarcadero","name":""},
  {"lat":37.405647,"lon":-122.118248,"city":"Palo Alto","state":"CA","address":"4329 El Camino Real","name":""},
  {"lat":37.96184,"lon":-122.054533,"city":"Pleasant Hill","state":"CA","address":"650 Ellinwood Way","name":""},
  {"lat":37.385796,"lon":-121.92778,"city":"San Jose","state":"CA","address":"10 West Trimble Road","name":""},
  {"lat":37.420514,"lon":-121.96273,"city":"San Jose","state":"CA","address":"4315 N. First Street","name":""},
  {"lat":37.355397,"lon":-122.017786,"city":"Sunnyvale","state":"CA","address":"830 E. El Camino Real","name":""},
  {"lat":38.220371,"lon":-122.137009,"city":"Fairfield","state":"CA","address":"4755 Business Center Drive","name":""},
  {"lat":38.58701,"lon":-121.289277,"city":"Rancho Cordova","state":"CA","address":"10700 White Rock Road","name":""},
  {"lat":38.7727,"lon":-121.26,"city":"Roseville","state":"CA","address":"401 Creekside Ridge Court","name":""},
  {"lat":38.654812,"lon":-121.530045,"city":"Sacramento","state":"CA","address":"3001 Advantage Way","name":""},
  {"lat":36.802255,"lon":-119.699215,"city":"Clovis","state":"CA","address":"835 Gettysburg Ave","name":""},
  {"lat":36.8362,"lon":-119.78,"city":"Fresno","state":"CA","address":"6820 North Fresno Street","name":""},
  {"lat":33.798356,"lon":-117.914666,"city":"Anaheim","state":"CA","address":"2010 S. Harbor Blvd.","name":""},
  {"lat":33.827,"lon":-116.48,"city":"Cathedral City","state":"CA","address":"67711 30th Avenue","name":""},
  {"lat":33.803325,"lon":-118.042658,"city":"Cypress","state":"CA","address":"5233 Katella Ave Cypress","name":""},
  {"lat":33.788609,"lon":-117.91516,"city":"Garden Grove","state":"CA","address":"12005 Harbor Boulevard","name":""},
  {"lat":33.7777,"lon":-116.3567,"city":"Palm Desert","state":"CA","address":"36999 Cook Street","name":""},
  {"lat":34.078732,"lon":-117.555565,"city":"Rancho Cucamonga","state":"CA","address":"11433 Mission Vista Drive","name":""},
  {"lat":34.06798,"lon":-117.266724,"city":"San Bernardino","state":"CA","address":"885 East Hospitality Lane","name":""},
  {"lat":36.001907,"lon":-115.105782,"city":"Henderson","state":"NV","address":"10450 South Eastern Avenue","name":""},
  {"lat":36.064842,"lon":-115.161766,"city":"Las Vegas","state":"NV","address":"230 Hidden Well Rd","name":""},
  {"lat":36.106065,"lon":-115.181933,"city":"Las Vegas","state":"NV","address":"4625 Dean Martin Drive","name":""},
  {"lat":36.240787,"lon":-115.123644,"city":"North Las Vegas","state":"NV","address":"1590 E. Craig Road","name":""},
  {"lat":42.313301,"lon":-122.846566,"city":"Medford","state":"OR","address":"2010 Hospitality Way","name":""},
  {"lat":39.465832,"lon":-119.789795,"city":"Reno","state":"NV","address":"5450 Kietzke Lane","name":""},
  {"lat":43.586719,"lon":-116.280943,"city":"Boise","state":"ID","address":"7957 West Spectrum Way","name":""},
  {"lat":43.689352,"lon":-116.34495,"city":"Eagle","state":"ID","address":"710 E. Riverside Drive","name":""},
  {"lat":33.4576,"lon":-112.3025,"city":"Avondale","state":"AZ","address":"11450 West Hilton Way","name":""},
  {"lat":33.287024,"lon":-111.887362,"city":"Chandler","state":"AZ","address":"1221 S. Spectrum Blvd.","name":""},
  {"lat":33.306484,"lon":-111.969421,"city":"Chandler","state":"AZ","address":"7373 West Detroit Street","name":""},
  {"lat":33.28465,"lon":-111.75372,"city":"Gilbert","state":"AZ","address":"3623 S Val Vista Dr","name":""},
  {"lat":33.4037,"lon":-111.9795,"city":"Phoenix","state":"AZ","address":"4750 East Cotton Center Boulevard","name":""},
  {"lat":33.706943,"lon":-112.113575,"city":"Phoenix","state":"AZ","address":"2470 West Charlotte Drive","name":""},
  {"lat":33.505135,"lon":-112.03801,"city":"Phoenix","state":"AZ","address":"2001 E. Highland Avenue","name":""},
  {"lat":33.431487,"lon":-111.898098,"city":"Tempe","state":"AZ","address":"66 S. Rockford Dr.","name":""},
  {"lat":32.285238,"lon":-110.942133,"city":"Tucson","state":"AZ","address":"4250 North Campbell Avenue","name":""},
  {"lat":31.779129,"lon":-106.395889,"city":"El Paso","state":"TX","address":"6656 Gateway Blvd. East","name":""},
  {"lat":33.547321,"lon":-101.93709,"city":"Lubbock","state":"TX","address":"5320 West Loop 289","name":""},
  {"lat":31.99258,"lon":-102.157494,"city":"Midland","state":"TX","address":"1401 Tradewinds Blvd","name":""},
  {"lat":31.908,"lon":-102.298476,"city":"Odessa","state":"TX","address":"7221 Tres Hermanas Boulevard","name":""},
  {"lat":25.9568,"lon":-97.507932,"city":"Brownsville","state":"TX","address":"3759 N. Expressway","name":""},
  {"lat":27.736241,"lon":-97.433757,"city":"Corpus Christi","state":"TX","address":"5201 Crosstown SH 286","name":""},
  {"lat":27.795,"lon":-97.395,"city":"Corpus Christi","state":"TX","address":"402 Lomax Street","name":""},
  {"lat":26.165559,"lon":-97.680679,"city":"Harlingen","state":"TX","address":"603 Sesame Drive E","name":""},
  {"lat":27.555771,"lon":-99.49527,"city":"Laredo","state":"TX","address":"98 Calle del Norte","name":""},
  {"lat":26.192921,"lon":-98.265289,"city":"McAllen","state":"TX","address":"3801 Expressway 83","name":""},
  {"lat":29.4419,"lon":-98.6448,"city":"San Antonio","state":"TX","address":"215 Richland Hills Drive","name":""},
  {"lat":29.518599,"lon":-98.463948,"city":"San Antonio","state":"TX","address":"8531 Broadway Street","name":""},
  {"lat":29.610744,"lon":-98.495232,"city":"San Antonio","state":"TX","address":"125 N. Loop 1604 W","name":""},
  {"lat":29.537434,"lon":-98.566101,"city":"San Antonio","state":"TX","address":"4323 Spectrum One","name":""},
  {"lat":29.42358,"lon":-98.491463,"city":"San Antonio","state":"TX","address":"432 West Market St.","name":""},
  {"lat":30.214277,"lon":-97.700085,"city":"Austin","state":"TX","address":"3204 Caseybridge Court","name":""},
  {"lat":30.462845,"lon":-97.803013,"city":"Austin","state":"TX","address":"10809 Pecan Park Blvd","name":""},
  {"lat":30.258344,"lon":-97.738126,"city":"Austin","state":"TX","address":"78 East Avenue","name":""},
  {"lat":30.39838,"lon":-97.73374,"city":"Austin","state":"TX","address":"10925 Stonelake Boulevard","name":""},
  {"lat":30.213633,"lon":-97.749496,"city":"Austin","state":"TX","address":"4143 Governor's Row","name":""},
  {"lat":30.40816,"lon":-97.666636,"city":"Austin","state":"TX","address":"13001 Center Lake Drive","name":""},
  {"lat":30.6355,"lon":-96.324,"city":"College Station","state":"TX","address":"950 University Drive East","name":""},
  {"lat":29.788124,"lon":-95.643951,"city":"Houston","state":"TX","address":"14450 Park Row Blvd","name":""},
  {"lat":29.77411,"lon":-95.814463,"city":"Katy","state":"TX","address":"25495 Katy Mills Parkway","name":""},
  {"lat":29.717007,"lon":-98.072453,"city":"New Braunfels","state":"TX","address":"620 Oxford Drive","name":""},
  {"lat":30.4898,"lon":-97.6731,"city":"Round Rock","state":"TX","address":"2201 South Mays","name":""},
  {"lat":29.848232,"lon":-97.964731,"city":"San Marcos","state":"TX","address":"451 Barnes Drive","name":""},
  {"lat":28.862828,"lon":-96.990867,"city":"Victoria","state":"TX","address":"6705 N.E. Zac Lentz Parkway","name":""},
  {"lat":31.4938,"lon":-97.1601,"city":"Waco","state":"TX","address":"5620 Legend Lake Parkway","name":""},
  {"lat":32.752397,"lon":-97.064485,"city":"Arlington","state":"TX","address":"2401 Road to Six Flags Street East","name":""},
  {"lat":32.674866,"lon":-97.090786,"city":"Arlington","state":"TX","address":"4550 Waxwing Drive","name":""},
  {"lat":32.837455,"lon":-97.12831,"city":"Bedford","state":"TX","address":"2401 Airport Freeway","name":""},
  {"lat":33.1737,"lon":-97.0994,"city":"Denton","state":"TX","address":"2907 Shoreline Drive","name":""},
  {"lat":32.83356,"lon":-97.059005,"city":"Fort Worth","state":"TX","address":"4600 Highway 360","name":""},
  {"lat":32.681282,"lon":-97.419006,"city":"Fort Worth","state":"TX","address":"6350 Overton Ridge Blvd","name":""},
  {"lat":32.837779,"lon":-97.296988,"city":"Fort Worth","state":"TX","address":"3701 Tanacross Drive","name":""},
  {"lat":32.73566,"lon":-97.35111,"city":"Fort Worth","state":"TX","address":"2200 Charlie Lane","name":""},
  {"lat":32.970418,"lon":-97.043405,"city":"Grapevine","state":"TX","address":"2214 Grapevine Mills Circle West","name":""},
  {"lat":32.988036,"lon":-97.173906,"city":"Trophy Club","state":"TX","address":"2900 East Hwy 114","name":""},
  {"lat":32.928796,"lon":-96.998063,"city":"Coppell","state":"TX","address":"1540 Point West Blvd","name":""},
  {"lat":32.914078,"lon":-96.742569,"city":"Dallas","state":"TX","address":"9169 Markville Drive","name":""},
  {"lat":32.7811,"lon":-96.8028,"city":"Dallas","state":"TX","address":"1025 Elm Street","name":""},
  {"lat":32.703,"lon":-97.028,"city":"Grand Prairie","state":"TX","address":"2945 S State Highway 161","name":""},
  {"lat":32.8643,"lon":-96.9382,"city":"Irving","state":"TX","address":"4300 Wingren Dr.","name":""},
  {"lat":32.917671,"lon":-97.016647,"city":"Irving","state":"TX","address":"7800 Dulles Drive","name":""},
  {"lat":33.009013,"lon":-96.969083,"city":"Lewisville","state":"TX","address":"700 Hebron Parkway","name":""},
  {"lat":33.021637,"lon":-96.789135,"city":"Plano","state":"TX","address":"4705 Old Shepard Place","name":""},
  {"lat":33.002537,"lon":-96.678724,"city":"Plano","state":"TX","address":"2601 E. Pres. George Bush Highway","name":""},
  {"lat":33.108147,"lon":-96.676979,"city":"Allen","state":"TX","address":"455 Central Expressway North","name":""},
  {"lat":33.106548,"lon":-96.815514,"city":"Frisco","state":"TX","address":"3240 Parkwood Boulevard","name":""},
  {"lat":33.071447,"lon":-96.870941,"city":"The Colony","state":"TX","address":"3750 Bargain Way","name":""},
  {"lat":29.310011,"lon":-94.768816,"city":"Galveston","state":"TX","address":"110 Seawall Boulevard","name":""},
  {"lat":30.352351,"lon":-95.486934,"city":"Conroe","state":"TX","address":"3000 Interstate 45 North","name":""},
  {"lat":29.549137,"lon":-95.128549,"city":"Houston","state":"TX","address":"401 Bay Area Blvd.","name":""},
  {"lat":29.755869,"lon":-95.358559,"city":"Houston","state":"TX","address":"710 Crawford Street","name":""},
  {"lat":29.938463,"lon":-95.367138,"city":"Houston","state":"TX","address":"1340 North Sam Houston Pkwy. East","name":""},
  {"lat":29.786424,"lon":-95.52705,"city":"Houston","state":"TX","address":"9450 Katy Freeway","name":""},
  {"lat":29.736898,"lon":-95.467331,"city":"Houston","state":"TX","address":"2950 Sage Road","name":""},
  {"lat":29.925097,"lon":-95.556583,"city":"Houston","state":"TX","address":"8950 Fallbrook Drive","name":""},
  {"lat":29.739417,"lon":-95.559956,"city":"Houston","state":"TX","address":"2424 Rogerdale Road","name":""},
  {"lat":29.963853,"lon":-95.543275,"city":"Houston","state":"TX","address":"7655 West FM 1960","name":""},
  {"lat":30.0545,"lon":-95.247843,"city":"Kingwood","state":"TX","address":"23320 Hwy. 59 North","name":""},
  {"lat":30.110542,"lon":-95.435096,"city":"Spring","state":"TX","address":"23800 I-45 N","name":""},
  {"lat":29.636345,"lon":-95.58165,"city":"Stafford","state":"TX","address":"4520 Techniplex Drive","name":""},
  {"lat":30.183684,"lon":-95.45417,"city":"The Woodlands","state":"TX","address":"29813 I-45 North","name":""},
  {"lat":30.042913,"lon":-94.151506,"city":"Beaumont","state":"TX","address":"3745 Interstate 10 S Access Rd.","name":""},
  {"lat":30.424413,"lon":-91.127982,"city":"Baton Rouge","state":"LA","address":"5860 Corporate Boulevard","name":""},
  {"lat":29.925625,"lon":-90.041418,"city":"Gretna","state":"LA","address":"3 Westbank Expressway","name":""},
  {"lat":29.62468,"lon":-90.7592,"city":"Houma","state":"LA","address":"142 Citiplace Drive","name":""},
  {"lat":30.187118,"lon":-92.015373,"city":"Lafayette","state":"LA","address":"201 Kaliste Saloom Road","name":""},
  {"lat":30.001069,"lon":-90.159843,"city":"Metairie","state":"LA","address":"2730 Severn Ave.","name":""},
  {"lat":29.950729,"lon":-90.073112,"city":"New Orleans","state":"LA","address":"901 Poydras Street","name":""},
  {"lat":29.957914,"lon":-90.071099,"city":"New Orleans","state":"LA","address":"317 N Rampart","name":""},
  {"lat":32.518601,"lon":-93.711619,"city":"Bossier City","state":"LA","address":"2015 Old Minden Road","name":""},
  {"lat":32.501309,"lon":-94.751178,"city":"Longview","state":"TX","address":"205 North Spur 63","name":""},
  {"lat":32.452802,"lon":-93.844359,"city":"Shreveport","state":"LA","address":"5485 Financial Plaza","name":""},
  {"lat":32.314686,"lon":-95.273911,"city":"Tyler","state":"TX","address":"3104 Golden Road","name":""},
  {"lat":32.333976,"lon":-90.176807,"city":"Jackson","state":"MS","address":"2815 North State Street","name":""},
  {"lat":32.401063,"lon":-90.136768,"city":"Ridgeland","state":"MS","address":"853 Centre Street","name":""},
  {"lat":37.2403,"lon":-107.8722,"city":"Durango","state":"CO","address":"15 Girard Street","name":""},
  {"lat":38.575461,"lon":-109.550466,"city":"Moab","state":"UT","address":"132 N. Main Street","name":""},
  {"lat":35.049488,"lon":-106.631462,"city":"Albuquerque","state":"NM","address":"1520 Sunport Place SE","name":""},
  {"lat":35.083317,"lon":-106.645088,"city":"Albuquerque","state":"NM","address":"222 Central Ave SE","name":""},
  {"lat":35.105049,"lon":-106.566277,"city":"Albuquerque","state":"NM","address":"7101 Arvada Avenue NE","name":""},
  {"lat":35.159304,"lon":-106.582393,"city":"Albuquerque","state":"NM","address":"5400 San Antonio Drive NE","name":""},
  {"lat":35.187637,"lon":-101.93867,"city":"Amarillo","state":"TX","address":"8800 I-40 West","name":""},
  {"lat":38.789897,"lon":-104.726035,"city":"Colorado Springs","state":"CO","address":"2845 Zeppelin Road","name":""},
  {"lat":38.9655,"lon":-104.7923,"city":"Colorado Springs","state":"CO","address":"9130 Explorer Drive","name":""},
  {"lat":35.8594,"lon":-105.9937,"city":"Santa Fe","state":"NM","address":"10 Buffalo Thunder Trail","name":""},
  {"lat":40.502456,"lon":-111.906763,"city":"Draper","state":"UT","address":"473 W. 13490 S","name":""},
  {"lat":43.482899,"lon":-110.764999,"city":"Jackson","state":"WY","address":"260 N Millward","name":""},
  {"lat":40.6211,"lon":-111.868324,"city":"Midvale","state":"UT","address":"844 E. North Union Ave.","name":""},
  {"lat":41.5755,"lon":-109.2467,"city":"Rock Springs","state":"WY","address":"60 Winston Drive","name":""},
  {"lat":40.7712,"lon":-112.009133,"city":"Salt Lake City","state":"UT","address":"4923 W Douglas Corrigan Way","name":""},
  {"lat":40.762614,"lon":-111.90337,"city":"Salt Lake City","state":"UT","address":"423 West 300 South","name":""},
  {"lat":39.999869,"lon":-105.2354,"city":"Boulder","state":"CO","address":"4950 Baseline Rd.","name":""},
  {"lat":39.92821,"lon":-105.129823,"city":"Broomfield","state":"CO","address":"570 Flatiron Blvd.","name":""},
  {"lat":39.823127,"lon":-104.774601,"city":"Denver","state":"CO","address":"6951 Yampa St.. Suite A","name":""},
  {"lat":39.774132,"lon":-104.795227,"city":"Denver","state":"CO","address":"4210 Airport Way","name":""},
  {"lat":39.7432,"lon":-104.9924,"city":"Denver","state":"CO","address":"550 15th Street","name":""},
  {"lat":39.630677,"lon":-106.046695,"city":"Dillon","state":"CO","address":"122 Lake Dillon Drive","name":""},
  {"lat":39.5665,"lon":-104.8674,"city":"Englewood","state":"CO","address":"199 Inverness Drive West","name":""},
  {"lat":40.521832,"lon":-105.051422,"city":"Fort Collins","state":"CO","address":"1521 Oakridge Drive","name":""},
  {"lat":40.397241,"lon":-104.752652,"city":"Greeley","state":"CO","address":"2510 46th Ave","name":""},
  {"lat":39.716593,"lon":-105.135058,"city":"Lakewood","state":"CO","address":"139 Union Blvd.","name":""},
  {"lat":39.576759,"lon":-105.135788,"city":"Littleton","state":"CO","address":"7630 Shaffer Parkway","name":""},
  {"lat":40.44494,"lon":-106.814939,"city":"Steamboat Springs","state":"CO","address":"3600 S Lincoln Avenue","name":""},
  {"lat":39.957916,"lon":-105.00206,"city":"Thornton","state":"CO","address":"12150 Grant Street","name":""},
  {"lat":33.865505,"lon":-98.527686,"city":"Wichita Falls","state":"TX","address":"2675 Plaza Parkway","name":""},
  {"lat":36.0637,"lon":-95.8498,"city":"Broken Arrow","state":"OK","address":"4900 West Madison Place","name":""},
  {"lat":36.167584,"lon":-95.757296,"city":"Catoosa","state":"OK","address":"201 Elliott Lane","name":""},
  {"lat":34.603726,"lon":-98.377594,"city":"Lawton","state":"OK","address":"415 SE Interstate Drive","name":""},
  {"lat":35.446378,"lon":-97.598913,"city":"Oklahoma City","state":"OK","address":"1818 S Meridian Ave","name":""},
  {"lat":35.607012,"lon":-97.622948,"city":"Oklahoma City","state":"OK","address":"6000 West Memorial Road","name":""},
  {"lat":35.464195,"lon":-97.635019,"city":"Oklahoma City","state":"OK","address":"6920 West Reno Avenue","name":""},
  {"lat":35.466333,"lon":-97.506628,"city":"Oklahoma City","state":"OK","address":"328 East Sheridan Avenue","name":""},
  {"lat":36.061767,"lon":-95.920365,"city":"Tulsa","state":"OK","address":"7037 S Zurich Ave","name":""},
  {"lat":38.836634,"lon":-97.608254,"city":"Salina","state":"KS","address":"115 E Mulberry St","name":""},
  {"lat":39.039678,"lon":-95.756857,"city":"Topeka","state":"KS","address":"1519 SW Arrowhead Rd.","name":""},
  {"lat":37.710655,"lon":-97.220757,"city":"Wichita","state":"KS","address":"1550 North Waterfront Parkway","name":""},
  {"lat":37.666596,"lon":-97.426253,"city":"Wichita","state":"KS","address":"1523 S. Ridge Rd","name":""},
  {"lat":36.0801,"lon":-94.2019,"city":"Fayetteville","state":"AR","address":"1305 N. Palak Drive","name":""},
  {"lat":35.3465,"lon":-94.3529,"city":"Fort Smith","state":"AR","address":"7300 Phoenix Avenue","name":""},
  {"lat":36.334431,"lon":-94.178223,"city":"Rogers","state":"AR","address":"4302 West Walnut Street","name":""},
  {"lat":34.744223,"lon":-92.266357,"city":"Little Rock","state":"AR","address":"400 River Market Avenue","name":""},
  {"lat":37.05457,"lon":-94.484243,"city":"Joplin","state":"MO","address":"2642 E 32nd Street","name":""},
  {"lat":39.130954,"lon":-94.832037,"city":"Kansas City","state":"KS","address":"10922 Parallel Parkway","name":""},
  {"lat":39.2749,"lon":-94.6649,"city":"Kansas City","state":"MO","address":"7312 NW Polo Drive","name":""},
  {"lat":38.936546,"lon":-94.671471,"city":"Overland Park","state":"KS","address":"10556 Marty Street","name":""},
  {"lat":37.133907,"lon":-93.276805,"city":"Springfield","state":"MO","address":"4340 S. National Avenue","name":""},
  {"lat":38.660537,"lon":-90.554078,"city":"Chesterfield","state":"MO","address":"840 Chesterfield Parkway West","name":""},
  {"lat":38.715479,"lon":-90.444757,"city":"Maryland Heights","state":"MO","address":"2434 Old Dorsett Road","name":""},
  {"lat":38.6379,"lon":-90.344,"city":"Richmond Heights","state":"MO","address":"8040 Clayton Road","name":""},
  {"lat":41.2684,"lon":-95.9306,"city":"Omaha","state":"NE","address":"1314 Cuming Street","name":""},
  {"lat":43.491438,"lon":-96.76849,"city":"Sioux Falls","state":"SD","address":"3620 West Avera Drive","name":""},
  {"lat":41.7045,"lon":-93.5706,"city":"Ankeny","state":"IA","address":"2455 Southeast Creekview Drive","name":""},
  {"lat":41.518708,"lon":-93.64628,"city":"Des Moines","state":"IA","address":"7201 SW 22nd Street","name":""},
  {"lat":41.649195,"lon":-93.739871,"city":"Urbandale","state":"IA","address":"8901 Plum Drive","name":""},
  {"lat":41.558173,"lon":-93.794798,"city":"West Des Moines","state":"IA","address":"6220 Stagecoach Drive","name":""},
  {"lat":42.0302,"lon":-91.6512,"city":"Cedar Rapids","state":"IA","address":"1140 Park Place NE","name":""},
  {"lat":41.68253,"lon":-91.562663,"city":"Coralville","state":"IA","address":"921 E. 2nd Avenue","name":""},
  {"lat":41.570229,"lon":-90.517886,"city":"Davenport","state":"IA","address":"4750 Progress Drive","name":""},
  {"lat":44.851097,"lon":-93.238892,"city":"Bloomington","state":"MN","address":"2261 Killebrew Drive","name":""},
  {"lat":44.883014,"lon":-93.321586,"city":"Edina","state":"MN","address":"6600 York Avenue","name":""},
  {"lat":44.969421,"lon":-93.347176,"city":"St. Louis Park","state":"MN","address":"5305 Wayzata Boulevard","name":""},
  {"lat":44.022015,"lon":-92.483516,"city":"Rochester","state":"MN","address":"165 13th Avenue SW","name":""},
  {"lat":61.17782,"lon":-149.883967,"city":"Anchorage","state":"AK","address":"101 West 48th Avenue","name":""},
  {"lat":45.528694,"lon":-122.83596,"city":"Beaverton","state":"OR","address":"15525 NW Gateway Court","name":""},
  {"lat":47.547,"lon":-122.06531,"city":"Issaquah","state":"WA","address":"1484 Hyla Avenue NW","name":""},
  {"lat":45.568537,"lon":-122.541035,"city":"Portland","state":"OR","address":"11936 NE Glenn Widing Dr","name":""},
  {"lat":47.158697,"lon":-122.299238,"city":"Puyallup","state":"WA","address":"3601 9th St SW","name":""},
  {"lat":47.620354,"lon":-122.360092,"city":"Seattle","state":"WA","address":"206 Western Avenue West","name":""},
  {"lat":47.467494,"lon":-122.245493,"city":"Tukwila","state":"WA","address":"6955 Fort Dent Way","name":""},
  {"lat":45.615593,"lon":-122.650895,"city":"Vancouver","state":"WA","address":"701 S.E. Columbia Shores Blvd.","name":""},
  {"lat":46.280969,"lon":-119.273655,"city":"Richland","state":"WA","address":"1060 George Washington Way","name":""},
  {"lat":47.8345,"lon":-122.2699,"city":"Lynnwood","state":"WA","address":"18123 Alderwood Mall Parkway","name":""},
  {"lat":48.2337,"lon":-114.3254,"city":"Kalispell","state":"MT","address":"195 Hutton Ranch Road","name":""},
  {"lat":46.909342,"lon":-114.037159,"city":"Missoula","state":"MT","address":"4825 N. Reserve Street","name":""},
  {"lat":45.735776,"lon":-108.607026,"city":"Billings","state":"MT","address":"3420 Ember Lane","name":""},
  {"lat":45.696975,"lon":-111.050572,"city":"Bozeman","state":"MT","address":"1023 Baxter Lane","name":""},
  {"lat":46.906563,"lon":-96.802238,"city":"Fargo","state":"ND","address":"2021 16th Street North","name":""},
  {"lat":45.078217,"lon":-93.187302,"city":"New Brighton","state":"MN","address":"1815 Old Highway 8 NW","name":""},
  {"lat":45.55558,"lon":-94.203819,"city":"St. Cloud","state":"MN","address":"115 37th Avenue North","name":""},
  {"lat":46.849774,"lon":-96.886881,"city":"West Fargo","state":"ND","address":"805 E Beaton Dr.","name":""},
  {"lat":26.3518,"lon":-81.8059,"city":"Bonita Springs","state":"FL","address":"8901 Highland Woods Boulevard","name":""},
  {"lat":27.894697,"lon":-82.66394,"city":"Clearwater","state":"FL","address":"2233 Ulmerton Road","name":""},
  {"lat":26.552805,"lon":-81.86787,"city":"Fort Myers","state":"FL","address":"5255 Big Pine Way","name":""},
  {"lat":26.494547,"lon":-81.78672,"city":"Fort Myers","state":"FL","address":"16450 Corporate Commerce Way","name":""},
  {"lat":27.3371,"lon":-82.5058,"city":"Sarasota","state":"FL","address":"3470 Fruitville Road","name":""},
  {"lat":27.380448,"lon":-82.456511,"city":"Sarasota","state":"FL","address":"305 North Cattlemen Road","name":""},
  {"lat":27.959,"lon":-82.5319,"city":"Tampa","state":"FL","address":"5325 Avion Park Drive","name":""},
  {"lat":27.941,"lon":-82.3323,"city":"Tampa","state":"FL","address":"10240 Palm River Road","name":""},
  {"lat":26.0627,"lon":-80.167,"city":"Dania Beach","state":"FL","address":"2061 Griffin Road","name":""},
  {"lat":25.809,"lon":-80.3173,"city":"Miami","state":"FL","address":"3590 NW 74th Avenue","name":""},
  {"lat":25.75834,"lon":-80.198648,"city":"Miami","state":"FL","address":"1750 Southwest 1st Avenue","name":""},
  {"lat":25.781509,"lon":-80.284508,"city":"Miami","state":"FL","address":"5500 Waterford District Drive","name":""},
  {"lat":25.78942,"lon":-80.376005,"city":"Sweetwater","state":"FL","address":"1695 NW 111th Avenue, Suite B","name":""},
  {"lat":27.2622,"lon":-80.429951,"city":"Port St. Lucie","state":"FL","address":"10301 SW Innovation Way","name":""},
  {"lat":26.8823,"lon":-80.108,"city":"Palm Beach Gardens","state":"FL","address":"4700 Donald Ross Road","name":""},
  {"lat":26.7578,"lon":-80.0949,"city":"West Palm Beach","state":"FL","address":"2455 Metrocentre Boulevard","name":""},
  {"lat":30.654676,"lon":-87.909827,"city":"Daphne","state":"AL","address":"29474 N. Main Street","name":""},
  {"lat":30.679816,"lon":-88.201387,"city":"Mobile","state":"AL","address":"530 Providence Park Drive East","name":""},
  {"lat":30.6703,"lon":-88.1275,"city":"Mobile","state":"AL","address":"1388 West I-65 Service Road S.","name":""},
  {"lat":30.3114,"lon":-89.8295,"city":"Slidell","state":"LA","address":"175 Holiday Blvd","name":""},
  {"lat":30.38673,"lon":-86.459317,"city":"Destin","state":"FL","address":"14051 Emerald Coast Parkway","name":""},
  {"lat":30.197834,"lon":-85.771317,"city":"Panama City Beach","state":"FL","address":"47 Chip Seal Pkwy","name":""},
  {"lat":33.212082,"lon":-87.570922,"city":"Tuscaloosa","state":"AL","address":"2451 Jack Warner Parkway West","name":""},
  {"lat":33.66251,"lon":-84.430199,"city":"Atlanta","state":"GA","address":"3405 Bobby Brown Parkway","name":""},
  {"lat":33.501232,"lon":-86.797157,"city":"Birmingham","state":"AL","address":"1016 20th Street South","name":""},
  {"lat":33.420666,"lon":-86.701958,"city":"Birmingham","state":"AL","address":"215 Inverness Center Drive","name":""},
  {"lat":32.549126,"lon":-84.934326,"city":"Columbus","state":"GA","address":"6614 Whittlesey Blvd","name":""},
  {"lat":33.3525,"lon":-86.785,"city":"Hoover","state":"AL","address":"121 Riverchase Parkway East","name":""},
  {"lat":33.353151,"lon":-86.849444,"city":"Hoover","state":"AL","address":"540 Emery Drive West","name":""},
  {"lat":32.3608,"lon":-86.242111,"city":"Montgomery","state":"AL","address":"1800 Interstate Park Drive","name":""},
  {"lat":32.360392,"lon":-86.155211,"city":"Montgomery","state":"AL","address":"7800 EastChase Parkway","name":""},
  {"lat":29.622437,"lon":-82.386177,"city":"Gainesville","state":"FL","address":"3333 SW 42nd Street","name":""},
  {"lat":30.312382,"lon":-81.653263,"city":"Jacksonville","state":"FL","address":"1201 Kings Avenue","name":""},
  {"lat":29.1375,"lon":-82.1902,"city":"Ocala","state":"FL","address":"4610 SW 49th Road","name":""},
  {"lat":28.319099,"lon":-82.699432,"city":"Port Richey","state":"FL","address":"11115 US Highway 19 North","name":""},
  {"lat":30.427188,"lon":-84.229102,"city":"Tallahassee","state":"FL","address":"2987 Apalachee Parkway","name":""},
  {"lat":28.382103,"lon":-81.61625,"city":"Winter Garden","state":"FL","address":"411 Flagler Ave","name":""},
  {"lat":28.399443,"lon":-80.614603,"city":"Cape Canaveral","state":"FL","address":"9000 Astronaut Blvd","name":""},
  {"lat":29.195042,"lon":-81.06707,"city":"Daytona Beach","state":"FL","address":"165 Bill France Blvd.","name":""},
  {"lat":28.758129,"lon":-81.361145,"city":"Lake Mary","state":"FL","address":"755 Currency Circle","name":""},
  {"lat":28.628239,"lon":-81.393333,"city":"Maitland","state":"FL","address":"290 Southhall Lane","name":""},
  {"lat":28.263787,"lon":-80.734334,"city":"Melbourne","state":"FL","address":"5487 Onate Lane","name":""},
  {"lat":28.393358,"lon":-81.493138,"city":"Orlando","state":"FL","address":"11428 Marbella Palm Court","name":""},
  {"lat":28.457892,"lon":-81.311525,"city":"Orlando","state":"FL","address":"5425 Gateway Village Circle","name":""},
  {"lat":28.407452,"lon":-81.472384,"city":"Orlando","state":"FL","address":"6940 Westwood Blvd","name":""},
  {"lat":28.437251,"lon":-81.469914,"city":"Orlando","state":"FL","address":"8745 International Drive","name":""},
  {"lat":28.465801,"lon":-81.461984,"city":"Orlando","state":"FL","address":"5893 American Way","name":""},
  {"lat":28.583761,"lon":-81.207931,"city":"Orlando","state":"FL","address":"3028 N. Alafaya Trail","name":""},
  {"lat":30.270474,"lon":-81.561115,"city":"Jacksonville","state":"FL","address":"8511 Touchton Road","name":""},
  {"lat":30.2534,"lon":-81.535,"city":"Jacksonville","state":"FL","address":"10434 Midtown Parkway","name":""},
  {"lat":29.89014,"lon":-81.323616,"city":"St. Augustine","state":"FL","address":"10 Prawn Street","name":""},
  {"lat":33.5144,"lon":-82.0426,"city":"Augusta","state":"GA","address":"1049 Stevens Creek Road","name":""},
  {"lat":33.450456,"lon":-82.08274,"city":"Augusta","state":"GA","address":"312 Timbercreek Lane","name":""},
  {"lat":33.62241,"lon":-83.843016,"city":"Covington","state":"GA","address":"12201 Town Center Blvd.","name":""},
  {"lat":32.9256,"lon":-83.7379,"city":"Macon","state":"GA","address":"1514 Bass Rd.","name":""},
  {"lat":33.423627,"lon":-84.179777,"city":"McDonough","state":"GA","address":"231 Avalon Court","name":""},
  {"lat":32.145621,"lon":-81.242073,"city":"Savannah","state":"GA","address":"149 W. Mulberry Blvd","name":""},
  {"lat":32.0795,"lon":-81.0834,"city":"Savannah","state":"GA","address":"611 East River Street","name":""},
  {"lat":32.792302,"lon":-79.93852,"city":"Charleston","state":"SC","address":"415 Meeting Street","name":""},
  {"lat":32.822906,"lon":-79.816437,"city":"Mount Pleasant","state":"SC","address":"1998 Riviera Drive","name":""},
  {"lat":33.698686,"lon":-78.927062,"city":"Myrtle Beach","state":"SC","address":"302 Seaboard Street","name":""},
  {"lat":33.688479,"lon":-78.882689,"city":"Myrtle Beach","state":"SC","address":"520 N. Ocean Blvd","name":""},
  {"lat":32.867012,"lon":-80.01445,"city":"North Charleston","state":"SC","address":"5048 International Blvd.","name":""},
  {"lat":32.93575,"lon":-80.046617,"city":"North Charleston","state":"SC","address":"7399 Northwoods Blvd.","name":""},
  {"lat":33.045402,"lon":-80.151557,"city":"Summerville","state":"SC","address":"406 Sigma Drive","name":""},
  {"lat":35.1123,"lon":-89.8008,"city":"Germantown","state":"TN","address":"7855 Wolf River Boulevard","name":""},
  {"lat":35.661621,"lon":-88.878167,"city":"Jackson","state":"TN","address":"33 Capital Ave","name":""},
  {"lat":35.05093,"lon":-89.79695,"city":"Memphis","state":"TN","address":"3583 Hacks Cross Road","name":""},
  {"lat":34.956485,"lon":-89.989438,"city":"Southaven","state":"MS","address":"135 Homewood Drive","name":""},
  {"lat":34.75436,"lon":-86.694016,"city":"Huntsville","state":"AL","address":"15 Town Center Drive","name":""},
  {"lat":34.722596,"lon":-86.582642,"city":"Huntsville","state":"AL","address":"714 Gallatin Street SW","name":""},
  {"lat":34.679498,"lon":-86.724374,"city":"Madison","state":"AL","address":"540 Town Madison Blvd","name":""},
  {"lat":33.851639,"lon":-84.380183,"city":"Atlanta","state":"GA","address":"3566 Piedmont Road","name":""},
  {"lat":33.781938,"lon":-84.390363,"city":"Atlanta","state":"GA","address":"97 10th Street NW","name":""},
  {"lat":33.87935,"lon":-84.459409,"city":"Atlanta","state":"GA","address":"3200 Cobb Parkway","name":""},
  {"lat":35.042847,"lon":-85.160347,"city":"Chattanooga","state":"TN","address":"2250 Center Street","name":""},
  {"lat":34.011505,"lon":-84.57802,"city":"Kennesaw","state":"GA","address":"905 Cobb Place Boulevard","name":""},
  {"lat":36.03357,"lon":-86.7989,"city":"Brentwood","state":"TN","address":"5107 Peter Taylor Park","name":""},
  {"lat":35.933826,"lon":-86.812805,"city":"Franklin","state":"TN","address":"2225 E McEwen Dr","name":""},
  {"lat":36.151126,"lon":-86.781433,"city":"Nashville","state":"TN","address":"610 Overton Street","name":""},
  {"lat":36.152399,"lon":-86.671973,"city":"Nashville","state":"TN","address":"2640 Elm Hill Pike","name":""},
  {"lat":36.16217,"lon":-86.783241,"city":"Nashville","state":"TN","address":"706 Church Street","name":""},
  {"lat":36.1482,"lon":-86.8069,"city":"Nashville","state":"TN","address":"2400 West End Avenue","name":""},
  {"lat":37.085552,"lon":-88.679863,"city":"Paducah","state":"KY","address":"3925 Coleman Crossing Circle","name":""},
  {"lat":39.155655,"lon":-86.574463,"city":"Bloomington","state":"IN","address":"1399 South Liberty Dr.","name":""},
  {"lat":39.15907,"lon":-84.429607,"city":"Cincinnati","state":"OH","address":"4605 Factory Colony Lane","name":""},
  {"lat":39.103019,"lon":-84.513908,"city":"Cincinnati","state":"OH","address":"617 Vine Street, Suite B","name":""},
  {"lat":39.0101,"lon":-84.6533,"city":"Florence","state":"KY","address":"1090 Vandercar Way","name":""},
  {"lat":38.066849,"lon":-84.528811,"city":"Lexington","state":"KY","address":"125 Louie Pl","name":""},
  {"lat":37.997151,"lon":-84.530841,"city":"Lexington","state":"KY","address":"249 Ruccio Way","name":""},
  {"lat":38.018238,"lon":-84.409813,"city":"Lexington","state":"KY","address":"2033 Bryant Road","name":""},
  {"lat":38.20275,"lon":-85.755201,"city":"Louisville","state":"KY","address":"130 Central Avenue","name":""},
  {"lat":38.256011,"lon":-85.761402,"city":"Louisville","state":"KY","address":"635 West Market Street","name":""},
  {"lat":38.2488,"lon":-85.5783,"city":"Louisville","state":"KY","address":"9401 Hurstbourne Trace","name":""},
  {"lat":39.090782,"lon":-84.499413,"city":"Newport","state":"KY","address":"201 West 4th Street","name":""},
  {"lat":39.322358,"lon":-84.4265,"city":"West Chester","state":"OH","address":"9226 Schulze Drive","name":""},
  {"lat":34.041569,"lon":-84.313316,"city":"Alpharetta","state":"GA","address":"10775 Davis Drive","name":""},
  {"lat":33.958315,"lon":-83.370542,"city":"Athens","state":"GA","address":"750 East Broad Street","name":""},
  {"lat":33.837287,"lon":-84.370705,"city":"Atlanta","state":"GA","address":"540 Pharr Road","name":""},
  {"lat":33.928,"lon":-84.356586,"city":"Atlanta","state":"GA","address":"915 Crestline Parkway","name":""},
  {"lat":34.053,"lon":-83.992,"city":"Buford","state":"GA","address":"2925 Buford Drive","name":""},
  {"lat":33.988131,"lon":-84.079319,"city":"Lawrenceville","state":"GA","address":"1775 North Brown Road","name":""},
  {"lat":34.825863,"lon":-82.306297,"city":"Greenville","state":"SC","address":"102 Carolina Point Parkway","name":""},
  {"lat":34.843338,"lon":-82.408702,"city":"Greenville","state":"SC","address":"950 South Main Street","name":""},
  {"lat":35.904,"lon":-84.1482,"city":"Knoxville","state":"TN","address":"10935 Turkey Drive","name":""},
  {"lat":35.594486,"lon":-82.531113,"city":"Asheville","state":"NC","address":"88 Tunnel Road","name":""},
  {"lat":35.072113,"lon":-80.843354,"city":"Charlotte","state":"NC","address":"12030 Copper Way","name":""},
  {"lat":35.138232,"lon":-80.935259,"city":"Charlotte","state":"NC","address":"1921 Ayrsley Town Blvd","name":""},
  {"lat":35.146577,"lon":-80.83276,"city":"Charlotte","state":"NC","address":"4808 Sharon Road","name":""},
  {"lat":34.01902,"lon":-81.075005,"city":"Columbia","state":"SC","address":"230 Greystone Boulevard","name":""},
  {"lat":33.9971,"lon":-81.0456,"city":"Columbia","state":"SC","address":"400 Gervais Street","name":""},
  {"lat":35.079979,"lon":-78.948307,"city":"Fayetteville","state":"NC","address":"4028 Legend Avenue","name":""},
  {"lat":34.186918,"lon":-79.845494,"city":"Florence","state":"SC","address":"3450 W Radio Drive","name":""},
  {"lat":35.229467,"lon":-80.837306,"city":"Charlotte","state":"NC","address":"508 N. College St.","name":""},
  {"lat":35.363311,"lon":-80.701318,"city":"Concord","state":"NC","address":"7300 Scott Padgett Parkway","name":""},
  {"lat":35.503605,"lon":-80.863602,"city":"Davidson","state":"NC","address":"125 Harbour Place Drive","name":""},
  {"lat":35.735,"lon":-78.8007,"city":"Cary","state":"NC","address":"100 MacAlyson Court","name":""},
  {"lat":35.95,"lon":-78.9948,"city":"Durham","state":"NC","address":"3600 Mt. Moriah Road","name":""},
  {"lat":35.887025,"lon":-78.84868,"city":"Durham","state":"NC","address":"4603 Central Park Drive","name":""},
  {"lat":36.084647,"lon":-79.962941,"city":"Greensboro","state":"NC","address":"201 Centreport Dr.","name":""},
  {"lat":36.052634,"lon":-79.895069,"city":"Greensboro","state":"NC","address":"6011 Landmark Center Boulevard","name":""},
  {"lat":35.203554,"lon":-79.484032,"city":"Pinehurst","state":"NC","address":"250 Central Park Avenue","name":""},
  {"lat":39.301303,"lon":-84.320277,"city":"Mason","state":"OH","address":"5325 Natorp Boulevard","name":""},
  {"lat":39.1582,"lon":-84.2726,"city":"Milford","state":"OH","address":"600 Chamber Drive","name":""},
  {"lat":37.136916,"lon":-80.352389,"city":"Christiansburg","state":"VA","address":"2657 Roanoke Street","name":""},
  {"lat":37.346178,"lon":-79.186729,"city":"Lynchburg","state":"VA","address":"4021 Wards Road","name":""},
  {"lat":39.921637,"lon":-88.956904,"city":"Forsyth","state":"IL","address":"333 West Marion Avenue","name":""},
  {"lat":40.099472,"lon":-88.245445,"city":"Champaign","state":"IL","address":"1417 South Neil Street","name":""},
  {"lat":41.772877,"lon":-88.211263,"city":"Aurora","state":"IL","address":"4320 Meridian Parkway","name":""},
  {"lat":41.869174,"lon":-87.625611,"city":"Chicago","state":"IL","address":"59 E. 11th Street","name":""},
  {"lat":41.895241,"lon":-87.623207,"city":"Chicago","state":"IL","address":"152 E Huron St.","name":""},
  {"lat":41.883803,"lon":-87.642957,"city":"Chicago","state":"IL","address":"118 N Jefferson","name":""},
  {"lat":41.89173,"lon":-87.626446,"city":"Chicago","state":"IL","address":"40 East Grand Avenue","name":""},
  {"lat":41.82907,"lon":-88.024562,"city":"Downers Grove","state":"IL","address":"1500 Opus Place","name":""},
  {"lat":41.549803,"lon":-87.512195,"city":"Munster","state":"IN","address":"9120 Calumet Ave.","name":""},
  {"lat":41.595196,"lon":-87.850853,"city":"Orland Park","state":"IL","address":"16245 South LaGrange Road","name":""},
  {"lat":42.047753,"lon":-88.059505,"city":"Schaumburg","state":"IL","address":"815 East American Lane","name":""},
  {"lat":39.952215,"lon":-86.156739,"city":"Carmel","state":"IN","address":"11355 North Meridian Street","name":""},
  {"lat":39.773104,"lon":-86.165792,"city":"Indianapolis","state":"IN","address":"414 West Vermont Street","name":""},
  {"lat":39.9219,"lon":-86.2346,"city":"Indianapolis","state":"IN","address":"4140 West 94th Street","name":""},
  {"lat":39.763824,"lon":-86.157707,"city":"Indianapolis","state":"IN","address":"211 South Meridian Street","name":""},
  {"lat":39.911652,"lon":-86.119408,"city":"Indianapolis","state":"IN","address":"2501 East 86th Street","name":""},
  {"lat":40.417639,"lon":-86.830991,"city":"Lafayette","state":"IN","address":"3939 South Street","name":""},
  {"lat":39.676069,"lon":-86.365818,"city":"Plainfield","state":"IN","address":"2264 East Perry Road","name":""},
  {"lat":41.725396,"lon":-86.249873,"city":"South Bend","state":"IN","address":"52860 SR 933","name":""},
  {"lat":41.03258,"lon":-85.255187,"city":"Fort Wayne","state":"IN","address":"8621 US Hwy 24 West","name":""},
  {"lat":42.199593,"lon":-87.892326,"city":"Lincolnshire","state":"IL","address":"10 Westminster Way","name":""},
  {"lat":43.056343,"lon":-89.521881,"city":"Madison","state":"WI","address":"479 Commerce Drive","name":""},
  {"lat":43.0364,"lon":-87.908623,"city":"Milwaukee","state":"WI","address":"500 N. Water Street","name":""},
  {"lat":42.903389,"lon":-87.939611,"city":"Oak Creek","state":"WI","address":"1900 W. Creekside Crossing Circle","name":""},
  {"lat":43.076252,"lon":-88.055019,"city":"Wauwatosa","state":"WI","address":"11320 West Burleigh Street","name":""},
  {"lat":42.966803,"lon":-85.670263,"city":"Grand Rapids","state":"MI","address":"161 Ottawa Avenue N.W.","name":""},
  {"lat":42.753823,"lon":-86.080146,"city":"Holland","state":"MI","address":"625 South Point Hotel Dr.","name":""},
  {"lat":42.767423,"lon":-84.518322,"city":"Lansing","state":"MI","address":"2201 Showtime Drive","name":""},
  {"lat":42.238006,"lon":-85.59503,"city":"Portage","state":"MI","address":"500 Trade Centre Way","name":""},
  {"lat":40.0071,"lon":-83.0522,"city":"Columbus","state":"OH","address":"1576 West Lane Avenue","name":""},
  {"lat":40.080273,"lon":-83.128525,"city":"Dublin","state":"OH","address":"5300 Parkcenter Avenue","name":""},
  {"lat":40.032238,"lon":-83.119026,"city":"Hilliard","state":"OH","address":"3841 Park Mill Run Drive","name":""},
  {"lat":39.633312,"lon":-84.228333,"city":"Miamisburg","state":"OH","address":"3100 Contemporary Lane","name":""},
  {"lat":40.058844,"lon":-82.922795,"city":"Columbus","state":"OH","address":"3600 Morse Road","name":""},
  {"lat":39.999073,"lon":-82.93338,"city":"Columbus","state":"OH","address":"2880 Airport Drive","name":""},
  {"lat":40.143707,"lon":-82.961731,"city":"Columbus","state":"OH","address":"2045 Polaris Parkway","name":""},
  {"lat":41.648771,"lon":-83.536012,"city":"Toledo","state":"OH","address":"101 N Summit St","name":""},
  {"lat":41.141149,"lon":-81.645531,"city":"Akron","state":"OH","address":"210 Springside Drive","name":""},
  {"lat":41.425472,"lon":-82.086948,"city":"Sheffield Village","state":"OH","address":"4930 Transportation Drive","name":""},
  {"lat":41.468154,"lon":-81.493844,"city":"Beachwood","state":"OH","address":"25725 Central Parkway","name":""},
  {"lat":40.275856,"lon":-80.168415,"city":"Canonsburg","state":"PA","address":"3000 Horizon Vue Drive","name":""},
  {"lat":42.070736,"lon":-80.104151,"city":"Erie","state":"PA","address":"2084 Interchange Road","name":""},
  {"lat":40.4594,"lon":-80.173607,"city":"Moon Township","state":"PA","address":"2000 GSK Drive","name":""},
  {"lat":40.448124,"lon":-79.989731,"city":"Pittsburgh","state":"PA","address":"1410 Smallman Street","name":""},
  {"lat":41.39361,"lon":-81.463181,"city":"Solon","state":"OH","address":"6085 Enterprise Parkway","name":""},
  {"lat":42.251236,"lon":-83.738864,"city":"Ann Arbor","state":"MI","address":"2457 S State St.","name":""},
  {"lat":42.542824,"lon":-83.792107,"city":"Brighton","state":"MI","address":"8060 Challis","name":""},
  {"lat":42.482281,"lon":-83.46919,"city":"Novi","state":"MI","address":"26150 Town Center Drive","name":""},
  {"lat":42.544262,"lon":-83.17514,"city":"Troy","state":"MI","address":"1495 Equity Drive","name":""},
  {"lat":42.529547,"lon":-83.031123,"city":"Warren","state":"MI","address":"31993 Van Dyke Avenue","name":""},
  {"lat":42.983356,"lon":-78.79628,"city":"Buffalo","state":"NY","address":"1138 Millersport Highway","name":""},
  {"lat":35.758184,"lon":-78.732827,"city":"Cary","state":"NC","address":"555 Crossroads Blvd","name":""},
  {"lat":35.408265,"lon":-77.943834,"city":"Goldsboro","state":"NC","address":"3120 Wayne Memorial Drive","name":""},
  {"lat":35.614399,"lon":-77.400973,"city":"Greenville","state":"NC","address":"420 Moye Blvd","name":""},
  {"lat":35.775897,"lon":-78.642601,"city":"Raleigh","state":"NC","address":"200 West Davie Street Suite A","name":""},
  {"lat":35.83696,"lon":-78.674886,"city":"Raleigh","state":"NC","address":"5400 Homewood Banks Drive","name":""},
  {"lat":35.981143,"lon":-77.846623,"city":"Rocky Mount","state":"NC","address":"231 Gateway Blvd","name":""},
  {"lat":34.2376,"lon":-77.832,"city":"Wilmington","state":"NC","address":"6732 Swan Mill Road","name":""},
  {"lat":37.352531,"lon":-77.398233,"city":"Chester","state":"VA","address":"12810 Old Stage Road","name":""},
  {"lat":37.648926,"lon":-77.578232,"city":"Glen Allen","state":"VA","address":"4100 Innslake Drive","name":""},
  {"lat":37.539379,"lon":-77.437607,"city":"Richmond","state":"VA","address":"700 East Main Street Suite B","name":""},
  {"lat":36.780647,"lon":-76.234833,"city":"Chesapeake","state":"VA","address":"1569 Crossways Blvd.","name":""},
  {"lat":37.525665,"lon":-77.326661,"city":"Sandston","state":"VA","address":"5996 Audubon Drive","name":""},
  {"lat":36.847397,"lon":-76.178642,"city":"Virginia Beach","state":"VA","address":"5733 Cleveland Street","name":""},
  {"lat":37.28518,"lon":-76.709499,"city":"Williamsburg","state":"VA","address":"601 Bypass Road","name":""},
  {"lat":37.110488,"lon":-76.465864,"city":"Yorktown","state":"VA","address":"401 Commonwealth Drive","name":""},
  {"lat":39.0106,"lon":-77.4549,"city":"Ashburn","state":"VA","address":"44620 Waxpool Road","name":""},
  {"lat":38.0616,"lon":-78.488106,"city":"Charlottesville","state":"VA","address":"2036 India Road","name":""},
  {"lat":39.368842,"lon":-77.414865,"city":"Frederick","state":"MD","address":"4950 Westview Drive","name":""},
  {"lat":38.3148,"lon":-77.5082,"city":"Fredericksburg","state":"VA","address":"1040 Hospitality Lane","name":""},
  {"lat":38.9536,"lon":-77.410944,"city":"Herndon","state":"VA","address":"13460 Sunrise Valley Drive","name":""},
  {"lat":39.1079,"lon":-77.5437,"city":"Leesburg","state":"VA","address":"115 Fort Evans Road N.E.","name":""},
  {"lat":38.844563,"lon":-77.111855,"city":"Alexandria","state":"VA","address":"4850 Leesburg Pike","name":""},
  {"lat":38.897097,"lon":-77.079103,"city":"Arlington","state":"VA","address":"1900 North Quinn Street","name":""},
  {"lat":39.284066,"lon":-76.601733,"city":"Baltimore","state":"MD","address":"625 South President Street","name":""},
  {"lat":39.18734,"lon":-76.800598,"city":"Columbia","state":"MD","address":"8320 Benson Drive","name":""},
  {"lat":38.873203,"lon":-77.224937,"city":"Falls Church","state":"VA","address":"8130 Porter Road","name":""},
  {"lat":39.156463,"lon":-77.210166,"city":"Gaithersburg","state":"MD","address":"805 Russell Avenue","name":""},
  {"lat":39.160945,"lon":-76.713197,"city":"Hanover","state":"MD","address":"7491 New Ridge Road","name":""},
  {"lat":38.914668,"lon":-76.849402,"city":"Largo","state":"MD","address":"9103 Basil Court","name":""},
  {"lat":39.160427,"lon":-76.893099,"city":"Laurel","state":"MD","address":"7531 Montpelier Road","name":""},
  {"lat":39.2029,"lon":-76.6793,"city":"Linthicum","state":"MD","address":"1181 Winterson Road","name":""},
  {"lat":38.949716,"lon":-77.329572,"city":"Reston","state":"VA","address":"1735 Business Center Drive","name":""},
  {"lat":39.100409,"lon":-77.191411,"city":"Rockville","state":"MD","address":"14975 Shady Grove Road","name":""},
  {"lat":38.779816,"lon":-77.186607,"city":"Springfield","state":"VA","address":"7010 Old Keene Mill Road","name":""},
  {"lat":38.876678,"lon":-77.007089,"city":"Washington","state":"DC","address":"50 M St SE","name":""},
  {"lat":38.904315,"lon":-77.018395,"city":"Washington","state":"DC","address":"465 New York Avenue NW","name":""},
  {"lat":38.911461,"lon":-76.996729,"city":"Washington","state":"DC","address":"501 New York Avenue NE, Suite B","name":""},
  {"lat":38.906517,"lon":-77.034287,"city":"Washington","state":"DC","address":"1475 Massachusetts Avenue NW","name":""},
  {"lat":38.625258,"lon":-77.289951,"city":"Woodbridge","state":"VA","address":"2650 Neabsco Common Place","name":""},
  {"lat":39.4802,"lon":-76.2553,"city":"Bel Air","state":"MD","address":"4170 Philadelphia Road","name":""},
  {"lat":40.208885,"lon":-77.187821,"city":"Carlisle","state":"PA","address":"50 Carlisle Springs Road","name":""},
  {"lat":41.13114,"lon":-78.7362,"city":"du Bois","state":"PA","address":"15 Industrial Drive","name":""},
  {"lat":39.6308,"lon":-77.769,"city":"Hagerstown","state":"MD","address":"1650 Pullman Lane","name":""},
  {"lat":40.251868,"lon":-76.820718,"city":"Harrisburg","state":"PA","address":"3990 TecPort Drive","name":""},
  {"lat":40.078796,"lon":-76.334633,"city":"Lancaster","state":"PA","address":"200 Granite Run Drive","name":""},
  {"lat":40.204241,"lon":-76.961773,"city":"Mechanicsburg","state":"PA","address":"5001 Ritter Road","name":""},
  {"lat":40.362,"lon":-75.9887,"city":"Reading","state":"PA","address":"2801 Papermill Road","name":""},
  {"lat":42.095438,"lon":-76.004425,"city":"Vestal","state":"NY","address":"3603 Vestal Parkway East","name":""},
  {"lat":39.9939,"lon":-76.731,"city":"York","state":"PA","address":"200 Masonic Drive","name":""},
  {"lat":40.5657,"lon":-75.6123,"city":"Allentown","state":"PA","address":"7686 Industrial Blvd Route 100","name":""},
  {"lat":40.1274,"lon":-75.4053,"city":"Audubon","state":"PA","address":"681 Shannondell Blvd.","name":""},
  {"lat":40.65646,"lon":-75.419151,"city":"Bethlehem","state":"PA","address":"2031 Avenue C","name":""},
  {"lat":40.567,"lon":-74.68672,"city":"Branchburg","state":"NJ","address":"968 Route 202 South","name":""},
  {"lat":40.55581,"lon":-75.413199,"city":"Center Valley","state":"PA","address":"3350 Center Valley Parkway","name":""},
  {"lat":39.431084,"lon":-74.608368,"city":"Egg Harbor Township","state":"NJ","address":"3008 English Creek Avenue","name":""},
  {"lat":40.20451,"lon":-74.634437,"city":"Hamilton","state":"NJ","address":"960 US Highway 130","name":""},
  {"lat":40.159633,"lon":-75.141216,"city":"Horsham","state":"PA","address":"720 Blair Mill Road","name":""},
  {"lat":40.229324,"lon":-75.282259,"city":"Lansdale","state":"PA","address":"1200 Pennbrook Parkway","name":""},
  {"lat":40.053,"lon":-75.525,"city":"Malvern","state":"PA","address":"12 East Swedesford Road","name":""},
  {"lat":39.9417,"lon":-74.9589,"city":"Mount Laurel","state":"NJ","address":"1422 Nixon Drive","name":""},
  {"lat":39.661366,"lon":-75.752388,"city":"Newark","state":"DE","address":"640 South College Avenue","name":""},
  {"lat":40.2254,"lon":-74.9137,"city":"Newtown","state":"PA","address":"110 Pheasant Run","name":""},
  {"lat":40.00401,"lon":-75.219564,"city":"Philadelphia","state":"PA","address":"4200 City Avenue","name":""},
  {"lat":39.954895,"lon":-75.205574,"city":"Philadelphia","state":"PA","address":"4109 Walnut Street","name":""},
  {"lat":40.109333,"lon":-75.292169,"city":"Plymouth Meeting","state":"PA","address":"200 Lee Drive","name":""},
  {"lat":40.342933,"lon":-74.625875,"city":"Princeton","state":"NJ","address":"3819 U.S. 1 South","name":""},
  {"lat":40.265434,"lon":-75.133789,"city":"Warrington","state":"PA","address":"2650 Kelly Road","name":""},
  {"lat":39.730514,"lon":-75.562162,"city":"Wilmington","state":"DE","address":"820 Justison Street","name":""},
  {"lat":39.818786,"lon":-75.551854,"city":"Wilmington","state":"DE","address":"350 Rocky Run Pkwy","name":""},
  {"lat":40.749481,"lon":-73.619227,"city":"Carle Place","state":"NY","address":"40 Westbury Ave.","name":""},
  {"lat":40.641628,"lon":-74.286514,"city":"Cranford","state":"NJ","address":"2 Jackson Drive","name":""},
  {"lat":40.276001,"lon":-74.042357,"city":"Eatontown","state":"NJ","address":"4 Industrial Way East","name":""},
  {"lat":40.552766,"lon":-74.332999,"city":"Edison","state":"NJ","address":"100 Parsonage Road","name":""},
  {"lat":40.7543,"lon":-73.9931,"city":"New York City","state":"NY","address":"312 West 37th Street","name":""},
  {"lat":40.52739,"lon":-74.517731,"city":"Somerset","state":"NJ","address":"101 Pierce St.","name":""},
  {"lat":40.900536,"lon":-74.557457,"city":"Dover","state":"NJ","address":"2 Commerce Center Drive","name":""},
  {"lat":40.82956,"lon":-74.093371,"city":"East Rutherford","state":"NJ","address":"125 Route 17 South","name":""},
  {"lat":40.807383,"lon":-73.989262,"city":"Edgewater","state":"NJ","address":"10 The Promenade","name":""},
  {"lat":41.087031,"lon":-74.156697,"city":"Mahwah","state":"NJ","address":"375 Corporate Drive","name":""},
  {"lat":41.489374,"lon":-74.098571,"city":"New Windsor","state":"NY","address":"180 Breunig Rd.","name":""},
  {"lat":40.868587,"lon":-74.440673,"city":"Parsippany","state":"NJ","address":"61 Interpace Parkway","name":""},
  {"lat":40.782651,"lon":-73.445134,"city":"Plainview","state":"NY","address":"1585 Round Swamp Road","name":""},
  {"lat":41.659916,"lon":-73.932599,"city":"Poughkeepsie","state":"NY","address":"900 Thomas Watson Dr","name":""},
  {"lat":40.871313,"lon":-74.003039,"city":"Teaneck","state":"NJ","address":"One Glenwood Avenue","name":""},
  {"lat":42.92379,"lon":-78.742447,"city":"Cheektowaga","state":"NY","address":"760 Dick Road","name":""},
  {"lat":43.091979,"lon":-76.071013,"city":"East Syracuse","state":"NY","address":"6006 Fair Lakes Road","name":""},
  {"lat":42.480446,"lon":-76.47905,"city":"Ithaca","state":"NY","address":"36 Cinema Drive","name":""},
  {"lat":43.097621,"lon":-76.177501,"city":"Liverpool","state":"NY","address":"275 Elwood Davis Rd.","name":""},
  {"lat":43.208351,"lon":-77.672348,"city":"Rochester","state":"NY","address":"400 Center Place Drive","name":""},
  {"lat":43.072704,"lon":-77.628557,"city":"Rochester","state":"NY","address":"2095 Hylan Drive","name":""},
  {"lat":43.011125,"lon":-77.45052,"city":"Victor","state":"NY","address":"575 Fishers Station Drive","name":""},
  {"lat":42.725777,"lon":-73.798622,"city":"Albany","state":"NY","address":"216 Wolf Road","name":""},
  {"lat":42.686737,"lon":-73.853273,"city":"Albany","state":"NY","address":"1651 Western Avenue","name":""},
  {"lat":42.85773,"lon":-73.781298,"city":"Clifton Park","state":"NY","address":"42 Clifton Country Road","name":""},
  {"lat":43.091071,"lon":-75.329862,"city":"Clinton","state":"NY","address":"185 Woods Park Drive","name":""},
  {"lat":43.053722,"lon":-73.787638,"city":"Saratoga Springs","state":"NY","address":"3368 South Broadway","name":""},
  {"lat":42.831972,"lon":-73.930022,"city":"Schenectady","state":"NY","address":"2A Freemans Bridge Road","name":""},
  {"lat":44.468492,"lon":-73.182637,"city":"South Burlington","state":"VT","address":"5 Dorset Street","name":""},
  {"lat":41.730479,"lon":-72.799786,"city":"Farmington","state":"CT","address":"2 Farm Glen Boulevard","name":""},
  {"lat":41.72195,"lon":-72.61699,"city":"Glastonbury","state":"CT","address":"65 Glastonbury Boulevard","name":""},
  {"lat":42.1672,"lon":-72.6454,"city":"Holyoke","state":"MA","address":"375 Whitney Avenue","name":""},
  {"lat":41.804877,"lon":-72.547858,"city":"Manchester","state":"CT","address":"109 Pavilions Drive","name":""},
  {"lat":41.5151,"lon":-71.3013,"city":"Middletown","state":"RI","address":"348 West Main Road","name":""},
  {"lat":41.25221,"lon":-72.99828,"city":"Orange","state":"CT","address":"99 Marsh Hill Road","name":""},
  {"lat":41.826477,"lon":-71.411512,"city":"Providence","state":"RI","address":"5 Exchange Street","name":""},
  {"lat":40.811259,"lon":-73.101405,"city":"Ronkonkoma","state":"NY","address":"65 Union Avenue","name":""},
  {"lat":41.6181,"lon":-72.8992,"city":"Southington","state":"CT","address":"1096 West Street","name":""},
  {"lat":41.246998,"lon":-73.102225,"city":"Stratford","state":"CT","address":"6905 Main Street","name":""},
  {"lat":41.479282,"lon":-72.772751,"city":"Wallingford","state":"CT","address":"90 Miles Dr.","name":""},
  {"lat":41.726011,"lon":-71.456471,"city":"Warwick","state":"RI","address":"33 International Way","name":""},
  {"lat":41.920231,"lon":-72.671214,"city":"Windsor Locks","state":"CT","address":"65 Ella Grasso Turnpike","name":""},
  {"lat":42.6893,"lon":-71.1939,"city":"Andover","state":"MA","address":"4 Riverside Drive","name":""},
  {"lat":42.401024,"lon":-71.136173,"city":"Arlington","state":"MA","address":"1 Massachusetts Avenue","name":""},
  {"lat":42.356135,"lon":-71.624124,"city":"Berlin","state":"MA","address":"60 River Road West","name":""},
  {"lat":42.5062,"lon":-71.2316,"city":"Billerica","state":"MA","address":"35 Middlesex Turnpike","name":""},
  {"lat":42.343995,"lon":-71.03775,"city":"Boston","state":"MA","address":"670 Summer Street","name":""},
  {"lat":42.331225,"lon":-71.120891,"city":"Brookline","state":"MA","address":"111 Boylston Street","name":""},
  {"lat":42.207565,"lon":-71.122795,"city":"Canton","state":"MA","address":"50 Royall Street","name":""},
  {"lat":42.398785,"lon":-71.038852,"city":"Chelsea","state":"MA","address":"145 Beech Street","name":""},
  {"lat":43.214421,"lon":-70.902135,"city":"Dover","state":"NH","address":"21 Members Way","name":""},
  {"lat":42.358565,"lon":-72.554422,"city":"Hadley","state":"MA","address":"340 Russell Street","name":""},
  {"lat":42.928923,"lon":-71.450045,"city":"Manchester","state":"NH","address":"1000 Perimeter Road","name":""},
  {"lat":42.711831,"lon":-71.452309,"city":"Nashua","state":"NH","address":"15 Tara Boulevard","name":""},
  {"lat":42.300386,"lon":-71.221385,"city":"Needham","state":"MA","address":"200 First Avenue","name":""},
  {"lat":42.525685,"lon":-70.994246,"city":"Peabody","state":"MA","address":"57 Newbury Street","name":""},
  {"lat":43.0868,"lon":-70.7845,"city":"Portsmouth","state":"NH","address":"100 Portsmouth Boulevard","name":""},
  {"lat":43.077085,"lon":-70.763336,"city":"Portsmouth","state":"NH","address":"165 Deer Street","name":""},
  {"lat":43.628,"lon":-70.3429,"city":"Scarborough","state":"ME","address":"200 Southborough Drive","name":""},
  {"lat":42.49993,"lon":-71.125639,"city":"Woburn","state":"MA","address":"371 Washington Street","name":""},
  {"lat":42.262621,"lon":-71.794213,"city":"Worcester","state":"MA","address":"1 Washington Square","name":""},
  {"lat":44.317871,"lon":-69.815003,"city":"Augusta","state":"ME","address":"377 Western Avenue","name":""}]}