{"key":"hooters","displayName":"Hooters","category":"restaurant","useLocationName":false,"locations":[
  {"lat":32.596802,"lon":-96.944297,"city":"Cedar Hill","state":"TX","address":"622 Uptown Boulevard","name":""},
  {"lat":34.195969,"lon":-84.790014,"city":"SE","state":"GA","address":"887 Joe Frank Harris Pkwy, SE","name":""},
  {"lat":26.59326,"lon":-81.942101,"city":"Cape Coral","state":"FL","address":"3120 Del Prado","name":""},
  {"lat":36.068401,"lon":-79.500135,"city":"Burlington","state":"NC","address":"3122 Garden Road","name":""},
  {"lat":27.943498,"lon":-82.335997,"city":"Tampa","state":"FL","address":"10023 E. Adamo Dr.","name":""},
  {"lat":27.454485,"lon":-82.575685,"city":"W. Bradenton","state":"FL","address":"4908 14th Street West","name":""},
  {"lat":26.36581,"lon":-80.125695,"city":"","state":"FL","address":"2240 NW 19th Avenue, Suite 1101-A","name":""},
  {"lat":38.336188,"lon":-75.082719,"city":"Ocean City","state":"MD","address":"501 Atlantic Avenue","name":""},
  {"lat":26.122248,"lon":-80.104764,"city":"Ft. Lauderdale","state":"FL","address":"17 S Fort Lauderdale Beach Blvd Ste 304","name":""},
  {"lat":41.75638,"lon":-88.206589,"city":"Aurora","state":"IL","address":"4395 Fox Valley Ctr. Drive","name":""},
  {"lat":35.477377,"lon":-97.745957,"city":"Yukon","state":"OK","address":"12320 NW 10th Street","name":""},
  {"lat":35.202408,"lon":-89.777996,"city":"Memphis","state":"TN","address":"2838 New Brunswick Road","name":""},
  {"lat":34.244258,"lon":-77.879647,"city":"Wilmington","state":"NC","address":"5112 Market Street","name":""},
  {"lat":29.957232,"lon":-95.544955,"city":"Houston","state":"TX","address":"17599 Tomball Parkway","name":""},
  {"lat":37.285095,"lon":-76.718455,"city":"Williamsburg","state":"VA","address":"112 Bypass Road","name":""},
  {"lat":41.707734,"lon":-72.701318,"city":"Wethersfield","state":"CT","address":"1731 Berlin Turnpike","name":""},
  {"lat":26.09144,"lon":-80.37164,"city":"Weston","state":"FL","address":"2282 Weston Road","name":""},
  {"lat":39.91548,"lon":-104.999174,"city":"Westminster","state":"CO","address":"1111 West 120th Avenue","name":""},
  {"lat":42.138898,"lon":-72.626897,"city":"West Springfield","state":"MA","address":"1290 Riverdale Street","name":""},
  {"lat":35.20387,"lon":-106.64854,"city":"Albuquerque","state":"NM","address":"1708 NM Hwy 528","name":""},
  {"lat":28.036155,"lon":-80.653589,"city":"Melbourne","state":"FL","address":"695 Palm Bay Road","name":""},
  {"lat":34.659796,"lon":-92.40981,"city":"Little Rock","state":"AR","address":"6 Anglers Way","name":""},
  {"lat":32.784567,"lon":-96.808516,"city":"Dallas","state":"TX","address":"2201 North Lamar","name":""},
  {"lat":29.900081,"lon":-90.046037,"city":"Gretna","state":"LA","address":"2781 Belle Chasse Hwy","name":""},
  {"lat":41.73299,"lon":-71.4315,"city":"Warwick","state":"RI","address":"667 Airport Rd","name":""},
  {"lat":38.61396,"lon":-76.922221,"city":"Waldorf","state":"MD","address":"3600 Crain Highway","name":""},
  {"lat":36.074841,"lon":-95.885915,"city":"Tulsa","state":"OK","address":"8108 East 61st","name":""},
  {"lat":32.220648,"lon":-110.83791,"city":"Tucson","state":"AZ","address":"7280 E Broadway Blvd","name":""},
  {"lat":33.594778,"lon":-86.648396,"city":"Birmingham","state":"AL","address":"1917 Edwards Lake Road","name":""},
  {"lat":39.051274,"lon":-95.763356,"city":"Topeka","state":"KS","address":"6100 SW 10th Avenue","name":""},
  {"lat":41.694088,"lon":-83.631892,"city":"Toledo","state":"OH","address":"4782 Monroe St.","name":""},
  {"lat":28.82426,"lon":-81.96707,"city":"The Villages","state":"FL","address":"700 Kristine Way","name":""},
  {"lat":33.467907,"lon":-94.044119,"city":"Texarkana","state":"AR","address":"5101 N. State Line Avenue","name":""},
  {"lat":33.569059,"lon":-84.372482,"city":"Jonesboro","state":"GA","address":"6785 Tara Boulevard","name":""},
  {"lat":27.996612,"lon":-82.514567,"city":"Tampa","state":"FL","address":"4215 W. Hillsborough Ave.","name":""},
  {"lat":26.172492,"lon":-80.256063,"city":"Sunrise","state":"FL","address":"3805 North University Drive","name":""},
  {"lat":29.633912,"lon":-95.585401,"city":"Stafford","state":"TX","address":"12759 S.W. Freeway","name":""},
  {"lat":27.809868,"lon":-82.638264,"city":"St. Petersburg","state":"FL","address":"4125 4th Street North","name":""},
  {"lat":38.79452,"lon":-90.570003,"city":"St. Peters","state":"MO","address":"4061 Veterans Memorial Pkwy","name":""},
  {"lat":37.14115,"lon":-93.25895,"city":"Springfield","state":"MO","address":"2010 E. Independence St.","name":""},
  {"lat":39.301711,"lon":-84.486409,"city":"Springdale","state":"OH","address":"12185 Springfield Pike","name":""},
  {"lat":28.481945,"lon":-82.608855,"city":"Spring Hill","state":"FL","address":"3437 Commercial Way","name":""},
  {"lat":27.892899,"lon":-82.519879,"city":"Tampa","state":"FL","address":"4420 West Gandy Blvd.","name":""},
  {"lat":41.866159,"lon":-87.640326,"city":"Chicago","state":"IL","address":"1238 South Canal Street","name":""},
  {"lat":33.951075,"lon":-118.164243,"city":"South Gate","state":"CA","address":"8730 Garfield Avenue","name":""},
  {"lat":38.504218,"lon":-90.322456,"city":"St. Louis","state":"MO","address":"7517 South Lindbergh Boulevard","name":""},
  {"lat":40.551938,"lon":-74.545001,"city":"Somerset","state":"NJ","address":"60 Cottontail Lane","name":""},
  {"lat":30.28492,"lon":-89.743557,"city":"Slidell","state":"LA","address":"1776 Gause Blvd. East","name":""},
  {"lat":30.391453,"lon":-91.061345,"city":"Baton Rouge","state":"LA","address":"6454 Siegen Lane","name":""},
  {"lat":42.276152,"lon":-71.738198,"city":"Shrewsbury","state":"MA","address":"291 Boston Turnpike","name":""},
  {"lat":29.593412,"lon":-98.290321,"city":"Selma","state":"TX","address":"15412 IH 35 North","name":""},
  {"lat":41.492501,"lon":-87.473045,"city":"","state":"IN","address":"1650 U.S. Hwy. 41, Suite A","name":""},
  {"lat":42.04955,"lon":-88.041734,"city":"Schaumburg","state":"IL","address":"1110 N. Perimeter Drive","name":""},
  {"lat":32.006723,"lon":-81.284788,"city":"W.","state":"GA","address":"4 Gateway Blvd, W.","name":""},
  {"lat":42.46697,"lon":-71.025958,"city":"Saugus","state":"MA","address":"1143 Broadway","name":""},
  {"lat":27.260638,"lon":-82.521336,"city":"Sarasota","state":"FL","address":"6507 Tamiami Trail South","name":""},
  {"lat":29.561601,"lon":-98.484289,"city":"San Antonio","state":"TX","address":"13131 San Pedro","name":""},
  {"lat":35.135169,"lon":-106.587274,"city":"Albuquerque","state":"NM","address":"4601 San Mateo","name":""},
  {"lat":33.133945,"lon":-117.12071,"city":"San Marcos","state":"CA","address":"775 Center Drive","name":""},
  {"lat":29.437709,"lon":-98.658898,"city":"San Antonio","state":"TX","address":"9802 Ingram Road","name":""},
  {"lat":29.521104,"lon":-98.572831,"city":"San Antonio","state":"TX","address":"8527 Wurzbach Rd.","name":""},
  {"lat":43.487844,"lon":-83.973601,"city":"Saginaw","state":"MI","address":"5538 Bay Road","name":""},
  {"lat":30.482819,"lon":-97.675672,"city":"Round Rock","state":"TX","address":"2700 S I-H 35","name":""},
  {"lat":34.030548,"lon":-84.339004,"city":"Roswell","state":"GA","address":"795 Holcomb Bridge Road","name":""},
  {"lat":38.349934,"lon":-122.717476,"city":"Rohnert Park","state":"CA","address":"6099 Redwood Drive","name":""},
  {"lat":36.306577,"lon":-86.702279,"city":"Goodlettsville","state":"TN","address":"654 Wade Circle S.","name":""},
  {"lat":37.624085,"lon":-77.528129,"city":"Richmond","state":"VA","address":"7912 W. Broad St.","name":""},
  {"lat":35.856296,"lon":-78.823001,"city":"Morrisville","state":"NC","address":"1001 Claren Circle","name":""},
  {"lat":35.841054,"lon":-78.611771,"city":"Raleigh","state":"NC","address":"4206 Old Wake Forest Road","name":""},
  {"lat":38.140448,"lon":-85.687506,"city":"Louisville","state":"KY","address":"7701 Preston Hwy","name":""},
  {"lat":32.462278,"lon":-86.393806,"city":"Prattville","state":"AL","address":"1192 Bass Pro Blvd","name":""},
  {"lat":38.651228,"lon":-77.291829,"city":"Woodbridge","state":"VA","address":"2630 Prince William Pkwy","name":""},
  {"lat":41.603602,"lon":-87.170429,"city":"Portage","state":"IN","address":"1665 Olmsted Drive","name":""},
  {"lat":28.27293,"lon":-82.726305,"city":"Port Richey","state":"FL","address":"5336 Treadway Drive","name":""},
  {"lat":27.012801,"lon":-82.144175,"city":"Port Charlotte","state":"FL","address":"1360 Tamiami Trail","name":""},
  {"lat":33.01047,"lon":-96.706633,"city":"Plano","state":"TX","address":"720 Central Expressway","name":""},
  {"lat":30.335627,"lon":-87.142991,"city":"Pensacola Beach","state":"FL","address":"400 Quietwater Beach Rd.","name":""},
  {"lat":26.008795,"lon":-80.247321,"city":"Pembroke Pines","state":"FL","address":"7990 Pines Blvd.","name":""},
  {"lat":33.33383,"lon":-86.78438,"city":"Pelham","state":"AL","address":"400 Cahaba Valley Rd","name":""},
  {"lat":29.566558,"lon":-95.387938,"city":"Pearland","state":"TX","address":"15838 South Freeway","name":""},
  {"lat":29.654821,"lon":-95.157421,"city":"Pasadena","state":"TX","address":"3656 E. Sam Houston Pkwy.","name":""},
  {"lat":30.193575,"lon":-85.836586,"city":"Panama City Beach","state":"FL","address":"12709 Front Beach Rd.","name":""},
  {"lat":38.93522,"lon":-94.66864,"city":"Overland Park","state":"KS","address":"10620 Metcalf Lane","name":""},
  {"lat":28.458478,"lon":-81.309317,"city":"Orlando","state":"FL","address":"7222 Augusta National Dr","name":""},
  {"lat":41.611828,"lon":-87.853964,"city":"Orland Park","state":"IL","address":"15300 S. LaGrange Rd","name":""},
  {"lat":34.070067,"lon":-117.558894,"city":"Ontario","state":"CA","address":"725 N. Milliken Ave.","name":""},
  {"lat":35.390716,"lon":-97.544748,"city":"Oklahoma City","state":"OK","address":"2019 West I-240","name":""},
  {"lat":28.186658,"lon":-82.550424,"city":"Odessa","state":"FL","address":"16070 State Road 54","name":""},
  {"lat":31.879254,"lon":-102.328447,"city":"Odessa","state":"TX","address":"2660 John Ben Shepperd Parkway","name":""},
  {"lat":29.162823,"lon":-82.168346,"city":"Ocala","state":"FL","address":"2711 SW 27th Ave","name":""},
  {"lat":41.725856,"lon":-87.740596,"city":"Oak Lawn","state":"IL","address":"9159 S. Cicero Ave.","name":""},
  {"lat":41.985599,"lon":-87.833217,"city":"Chicago","state":"IL","address":"8225 W. Higgins Road","name":""},
  {"lat":28.070244,"lon":-82.426678,"city":"Tampa","state":"FL","address":"13606 Bruce B. Downs Blvd.","name":""},
  {"lat":32.83236,"lon":-97.21728,"city":"N. Richland Hills","state":"TX","address":"7669 Grapevine Hwy","name":""},
  {"lat":34.788738,"lon":-92.223921,"city":"North Little Rock","state":"AR","address":"4110 Landers Road","name":""},
  {"lat":36.861794,"lon":-76.209316,"city":"Norfolk","state":"VA","address":"1160 North Military Hwy","name":""},
  {"lat":33.396121,"lon":-84.744492,"city":"Newnan","state":"GA","address":"1001 Bullsboro Drive","name":""},
  {"lat":39.689895,"lon":-75.73222,"city":"Newark","state":"DE","address":"2601 Capitol Trail","name":""},
  {"lat":39.656343,"lon":-75.61358,"city":"New Castle","state":"DE","address":"194 South Dupont Highway","name":""},
  {"lat":29.526138,"lon":-95.129393,"city":"Webster","state":"TX","address":"20796 Gulf Freeway","name":""},
  {"lat":26.21211,"lon":-81.745414,"city":"Naples","state":"FL","address":"3625 Gateway Lane","name":""},
  {"lat":32.940927,"lon":-80.042533,"city":"Charleston","state":"SC","address":"2171 Northwoods Blvd.","name":""},
  {"lat":33.718036,"lon":-78.853868,"city":"Myrtle Beach","state":"SC","address":"3901 North Kings Highway","name":""},
  {"lat":33.790117,"lon":-78.768213,"city":"Myrtle Beach","state":"SC","address":"10133 North Kings Highway","name":""},
  {"lat":30.675351,"lon":-88.143239,"city":"Mobile","state":"AL","address":"3869 Airport Blvd","name":""},
  {"lat":41.69798,"lon":-86.183957,"city":"Mishawaka","state":"IN","address":"205 W. Day Road","name":""},
  {"lat":33.580262,"lon":-112.119688,"city":"Phoenix","state":"AZ","address":"10223 North Metro Parkway","name":""},
  {"lat":30.004763,"lon":-90.18971,"city":"Metairie","state":"LA","address":"4748 Veterans Blvd","name":""},
  {"lat":32.817643,"lon":-96.630369,"city":"Mesquite","state":"TX","address":"3902 Towne Crossing Blvd.","name":""},
  {"lat":33.383454,"lon":-111.857185,"city":"Mesa","state":"AZ","address":"1665 South Alma School Road","name":""},
  {"lat":41.469856,"lon":-87.328593,"city":"Merrillville","state":"IN","address":"771 E. 81st Place","name":""},
  {"lat":36.010442,"lon":-83.969642,"city":"Knoxville","state":"TN","address":"5005 Central Ave Pike","name":""},
  {"lat":29.741733,"lon":-95.645015,"city":"Houston","state":"TX","address":"2200 Highway 6 South","name":""},
  {"lat":41.908306,"lon":-87.865565,"city":"Melrose Park","state":"IL","address":"2503 W. North Avenue","name":""},
  {"lat":33.182714,"lon":-96.639371,"city":"McKinney","state":"TX","address":"1775 N. Central Expressway","name":""},
  {"lat":39.294408,"lon":-84.316649,"city":"Mason","state":"OH","address":"9890 Escort Drive","name":""},
  {"lat":38.698811,"lon":-90.436346,"city":"St. Louis","state":"MO","address":"11835 Lackland Road","name":""},
  {"lat":41.804622,"lon":-72.558786,"city":"Manchester","state":"CT","address":"1483 Pleasant Valley Road","name":""},
  {"lat":34.061776,"lon":-83.987116,"city":"Buford","state":"GA","address":"1950 Mall of Georgia Blvd","name":""},
  {"lat":44.854196,"lon":-93.240647,"city":"Bloomington","state":"MN","address":"404 E. Broadway","name":""},
  {"lat":40.436578,"lon":-104.994244,"city":"Loveland","state":"CO","address":"4230 Byrd Drive","name":""},
  {"lat":33.763042,"lon":-118.194656,"city":"Long Beach","state":"CA","address":"90 Aquarium Way","name":""},
  {"lat":38.003251,"lon":-84.444949,"city":"Lexington","state":"KY","address":"3101 Richmond Rd. #315","name":""},
  {"lat":33.966108,"lon":-84.021004,"city":"Lawrenceville","state":"GA","address":"860 Duluth Highway Suite 900","name":""},
  {"lat":39.091892,"lon":-76.855163,"city":"Laurel","state":"MD","address":"14707-A Baltimore Avenue","name":""},
  {"lat":32.313359,"lon":-106.738661,"city":"Las Cruces","state":"NM","address":"3530 Foothills Road","name":""},
  {"lat":41.584915,"lon":-87.559245,"city":"Lansing","state":"IL","address":"17060 S. Torrence Avenue","name":""},
  {"lat":28.084458,"lon":-81.969683,"city":"Lakeland","state":"FL","address":"3400 US 98 North","name":""},
  {"lat":28.384121,"lon":-81.500092,"city":"Orlando","state":"FL","address":"8510 Palm Parkway","name":""},
  {"lat":41.180272,"lon":-96.1133,"city":"La Vista","state":"NE","address":"12710 Westport Parkway","name":""},
  {"lat":28.347734,"lon":-81.614596,"city":"Kissimmee","state":"FL","address":"8207 W. Irlo Bronson Memorial Highway","name":""},
  {"lat":35.924061,"lon":-84.049175,"city":"Knoxville","state":"TN","address":"8050 Kingston Pike Hwy","name":""},
  {"lat":40.086008,"lon":-75.397824,"city":"King of Prussia","state":"PA","address":"240 North Gulph Road","name":""},
  {"lat":34.004416,"lon":-84.600687,"city":"Kennesaw","state":"GA","address":"2102 Old Highway 41","name":""},
  {"lat":29.784493,"lon":-95.765987,"city":"Katy","state":"TX","address":"22575 Katy Freeway","name":""},
  {"lat":39.124207,"lon":-94.82837,"city":"Kansas City","state":"KS","address":"1712 Village West Parkway","name":""},
  {"lat":41.573459,"lon":-88.165538,"city":"Joliet","state":"IL","address":"3301 Hennepin Drive","name":""},
  {"lat":36.345662,"lon":-82.375742,"city":"Johnson City","state":"TN","address":"2288 N. Roane St.","name":""},
  {"lat":27.78457,"lon":-82.782317,"city":"Madeira Beach","state":"FL","address":"192 Johns Pass Boardwalk West","name":""},
  {"lat":30.21681,"lon":-81.617794,"city":"Jacksonville","state":"FL","address":"8938 San Jose Blvd.","name":""},
  {"lat":39.764116,"lon":-86.158944,"city":"Indianapolis","state":"IN","address":"25 W. Georgia Street","name":""},
  {"lat":28.437764,"lon":-81.471367,"city":"Orlando","state":"FL","address":"8801 International Drive","name":""},
  {"lat":29.994854,"lon":-95.272229,"city":"Humble","state":"TX","address":"20150 Hwy 59 North","name":""},
  {"lat":29.60924,"lon":-90.75017,"city":"Houma","state":"LA","address":"1619 Martin Luther King Jr. Blvd.","name":""},
  {"lat":34.962702,"lon":-90.007191,"city":"Horn Lake","state":"MS","address":"982 Goodman Rd","name":""},
  {"lat":35.711484,"lon":-81.313767,"city":"S.E.","state":"NC","address":"1211 13th Avenue Drive, S.E.","name":""},
  {"lat":25.866231,"lon":-80.296336,"city":"Hialeah","state":"FL","address":"680 West 49th Street","name":""},
  {"lat":36.199434,"lon":-86.618707,"city":"Hermitage","state":"TN","address":"4119 Lebanon Pike","name":""},
  {"lat":26.191037,"lon":-97.720439,"city":"Harlingen","state":"TX","address":"98 Bass Pro Drive","name":""},
  {"lat":37.041088,"lon":-76.388733,"city":"Hampton","state":"VA","address":"1801 W. Mercury Blvd.","name":""},
  {"lat":30.426553,"lon":-89.093257,"city":"Gulfport","state":"MS","address":"9495 Highway 49","name":""},
  {"lat":30.249176,"lon":-87.685656,"city":"Gulf Shores","state":"AL","address":"300 E. Beach Blvd","name":""},
  {"lat":34.832139,"lon":-82.348537,"city":"Greenville","state":"SC","address":"2401 Laurens Road","name":""},
  {"lat":36.045742,"lon":-79.838195,"city":"Greensboro","state":"NC","address":"3031 High Point Road","name":""},
  {"lat":32.67769,"lon":-97.04967,"city":"Grand Prairie","state":"TX","address":"2750 West Interstate 20","name":""},
  {"lat":32.86456,"lon":-96.538322,"city":"Garland","state":"TX","address":"4781 Bass Pro Drive","name":""},
  {"lat":26.450872,"lon":-81.94971,"city":"Ft. Myers","state":"FL","address":"1600 Estero Beach Blvd.","name":""},
  {"lat":26.598462,"lon":-81.871137,"city":"Ft. Myers","state":"FL","address":"4411 Cleveland Ave.","name":""},
  {"lat":26.205709,"lon":-80.147753,"city":"Ft. Lauderdale","state":"FL","address":"6345 N. Andrews Avenue","name":""},
  {"lat":33.114635,"lon":-96.805,"city":"Frisco","state":"TX","address":"4224 Preston Road","name":""},
  {"lat":40.740791,"lon":-73.784343,"city":"Fresh Meadows","state":"NY","address":"61-09 190th Street","name":""},
  {"lat":38.243128,"lon":-77.497576,"city":"Fredericksburg","state":"VA","address":"10400 Spotsylvania Avenue","name":""},
  {"lat":32.68625,"lon":-97.402798,"city":"Ft. Worth","state":"TX","address":"5350 Southwest Blvd.","name":""},
  {"lat":36.540164,"lon":-87.367213,"city":"Clarksville","state":"TN","address":"750 North Riverside Drive","name":""},
  {"lat":39.005666,"lon":-84.652155,"city":"Florence","state":"KY","address":"7200 Houston Road","name":""},
  {"lat":35.075992,"lon":-78.953157,"city":"Fayetteville","state":"NC","address":"501 N McPherson Church Rd","name":""},
  {"lat":40.754606,"lon":-73.420922,"city":"Farmingdale","state":"NY","address":"25 Smith Street","name":""},
  {"lat":38.596023,"lon":-89.989435,"city":"","state":"IL","address":"301 Market Place, Suite C","name":""},
  {"lat":38.863044,"lon":-77.292188,"city":"Fairfax","state":"VA","address":"10060 Fairfax Blvd","name":""},
  {"lat":31.75351,"lon":-106.26858,"city":"El Paso","state":"TX","address":"1799 Joe Battle Blvd","name":""},
  {"lat":31.778681,"lon":-106.384876,"city":"El Paso","state":"TX","address":"1170 Sunmount","name":""},
  {"lat":40.469824,"lon":-74.409601,"city":"East Brunswick","state":"NJ","address":"195 NJ-18","name":""},
  {"lat":38.234862,"lon":-85.630373,"city":"Louisville","state":"KY","address":"4120 Dutchman's Lane","name":""},
  {"lat":41.833595,"lon":-88.019147,"city":"Downers Grove","state":"IL","address":"1303 Butterfield Rd.","name":""},
  {"lat":25.785551,"lon":-80.336256,"city":"Miami","state":"FL","address":"8695 N.W. 13th Terrace","name":""},
  {"lat":30.388157,"lon":-86.451187,"city":"Destin","state":"FL","address":"15015 Emerald Coast Parkway","name":""},
  {"lat":33.193385,"lon":-97.119492,"city":"Denton","state":"TX","address":"985 S. I-35 East","name":""},
  {"lat":30.452012,"lon":-90.959601,"city":"Denham Springs","state":"LA","address":"254 Range 12 Boulevard","name":""},
  {"lat":42.235455,"lon":-71.178503,"city":"Dedham","state":"MA","address":"850 Providence Hwy","name":""},
  {"lat":29.189094,"lon":-81.075675,"city":"Daytona Beach","state":"FL","address":"2100 International Speedway Drive","name":""},
  {"lat":39.847004,"lon":-84.19259,"city":"Dayton","state":"OH","address":"6851 Miller Lane","name":""},
  {"lat":41.569045,"lon":-90.584746,"city":"Davenport","state":"IA","address":"110 E. Kimberly Rd.","name":""},
  {"lat":41.781773,"lon":-87.867826,"city":"Countryside","state":"IL","address":"5925 S. LaGrange Road","name":""},
  {"lat":41.240023,"lon":-95.891097,"city":"Council Bluffs","state":"IA","address":"2910 23rd Avenue","name":""},
  {"lat":27.716473,"lon":-97.389338,"city":"Corpus Christi","state":"TX","address":"4551 South Padre Island Drive","name":""},
  {"lat":25.750451,"lon":-80.249731,"city":"Miami","state":"FL","address":"3301 Coral Way Unit 104","name":""},
  {"lat":33.654408,"lon":-84.011083,"city":"SE","state":"GA","address":"1099 Iris Drive, SE","name":""},
  {"lat":35.365019,"lon":-80.706931,"city":"Concord","state":"NC","address":"7702 Gateway Lane","name":""},
  {"lat":32.543982,"lon":-84.950499,"city":"Columbus","state":"AL","address":"2650 Adams Farm Road","name":""},
  {"lat":38.962088,"lon":-92.285009,"city":"Columbia","state":"MO","address":"1101 Woodland Springs Court","name":""},
  {"lat":30.424625,"lon":-91.137283,"city":"Baton Rouge","state":"LA","address":"5120 Corporate Blvd","name":""},
  {"lat":27.97799,"lon":-82.827343,"city":"Clearwater","state":"FL","address":"381 Mandalay Avenue","name":""},
  {"lat":27.960795,"lon":-82.721279,"city":"Clearwater","state":"FL","address":"2800 Gulf-To-Bay Blvd.","name":""},
  {"lat":41.850815,"lon":-87.743879,"city":"Cicero","state":"IL","address":"2201-D S. Cicero Ave","name":""},
  {"lat":41.894172,"lon":-87.634519,"city":"Chicago","state":"IL","address":"660 N. Wells St.","name":""},
  {"lat":37.508899,"lon":-77.612665,"city":"Midlothian","state":"VA","address":"1211 Huguenot Rd.","name":""},
  {"lat":37.353748,"lon":-77.408916,"city":"Chester","state":"VA","address":"2401 W. Hundred Road","name":""},
  {"lat":36.774128,"lon":-76.227885,"city":"Chesapeake","state":"VA","address":"1105 Merchants Way","name":""},
  {"lat":35.01484,"lon":-85.209277,"city":"Chattanooga","state":"TN","address":"5912 Brainerd Rd.","name":""},
  {"lat":38.885612,"lon":-77.443977,"city":"Chantilly","state":"VA","address":"14441 Brookfield Tower Dr.","name":""},
  {"lat":39.669271,"lon":-104.863111,"city":"Aurora","state":"CO","address":"2610 S. Parker Rd.","name":""},
  {"lat":39.352442,"lon":-74.445327,"city":"Brighton & the Boardwalk","state":"NJ","address":"Tropicana Casino & Resort, Brighton & the Boardwalk","name":""},
  {"lat":32.758144,"lon":-97.096414,"city":"Arlington","state":"TX","address":"1511 North Collins","name":""},
  {"lat":40.49333,"lon":-74.85987,"city":"Flemington","state":"NJ","address":"250 HWY 202","name":""},
  {"lat":35.18637,"lon":-101.93274,"city":"Amarillo","state":"TX","address":"8101 I-40 West","name":""},
  {"lat":35.769154,"lon":-83.98943,"city":"Alcoa","state":"TN","address":"1094 Hunter Crossing Drive","name":""},
  {"lat":42.714551,"lon":-73.813693,"city":"Colonie","state":"NY","address":"70 Wolf Road","name":""},
  {"lat":32.474005,"lon":-99.693792,"city":"Abilene","state":"TX","address":"2042 E. Overland Trl","name":""}]}