{"key":"hotel_indigo","displayName":"Hotel Indigo","category":"hotels","useLocationName":false,"locations":[
  {"lat":41.464431,"lon":-81.494439,"city":"Beachwood","state":"OH","address":"3581 Park East Drive","name":""},
  {"lat":39.100861,"lon":-94.584527,"city":"Kansas City","state":"MO","address":"101 West 11th Street","name":""},
  {"lat":33.501286,"lon":-86.796467,"city":"Birmingham","state":"AL","address":"1023 20th Street South","name":""},
  {"lat":34.04704,"lon":-118.264249,"city":"Los Angeles","state":"CA","address":"899 Francisco St","name":""},
  {"lat":33.962725,"lon":-83.376445,"city":"Athens","state":"GA","address":"500 College Avenue","name":""},
  {"lat":33.865664,"lon":-84.471028,"city":"Atlanta","state":"GA","address":"2857 Paces Ferry Road SE","name":""},
  {"lat":44.073968,"lon":-71.139853,"city":"North Conway","state":"NH","address":"3599 White Mountain Highway","name":""},
  {"lat":41.260066,"lon":-95.94031,"city":"Omaha","state":"NE","address":"1804 Dodge Street","name":""},
  {"lat":40.721754,"lon":-73.987838,"city":"New York City","state":"NY","address":"171 Ludlow Street","name":""},
  {"lat":39.088348,"lon":-94.581486,"city":"Kansas City","state":"MO","address":"2020 Grand Boulevard","name":""},
  {"lat":31.323787,"lon":-89.334457,"city":"Hattiesburg","state":"MS","address":"103 South 30th Avenue","name":""},
  {"lat":35.049275,"lon":-85.313016,"city":"Chattanooga","state":"TN","address":"300 W 6th Street","name":""},
  {"lat":30.268459,"lon":-97.73647,"city":"Austin","state":"TX","address":"810 Red River Street","name":""},
  {"lat":39.96118,"lon":-75.604305,"city":"West Chester","state":"PA","address":"39 E. Gay Street","name":""},
  {"lat":35.596732,"lon":-82.55786,"city":"Asheville","state":"NC","address":"151 Haywood Street","name":""},
  {"lat":38.335464,"lon":-122.322826,"city":"Napa","state":"CA","address":"4195 Solano Avenue","name":""},
  {"lat":39.203019,"lon":-85.924533,"city":"Columbus","state":"IN","address":"400 Brown Street","name":""},
  {"lat":30.11965,"lon":-95.433111,"city":"Spring","state":"TX","address":"650 Basilica Bay Drive","name":""},
  {"lat":30.435624,"lon":-84.296989,"city":"Tallahassee","state":"FL","address":"826 West Gaines Street","name":""},
  {"lat":29.62512,"lon":-82.39686,"city":"Gainesville","state":"FL","address":"5020 S.W. 30th Lane","name":""},
  {"lat":35.71635,"lon":-83.50983,"city":"Gatlinburg","state":"TN","address":"229 East Parkway","name":""},
  {"lat":43.08217,"lon":-89.372868,"city":"Madison","state":"WI","address":"901 East Washington","name":""},
  {"lat":40.917832,"lon":-72.719263,"city":"Riverhead","state":"NY","address":"1830 West Main Street, Rt. 25","name":""},
  {"lat":47.65653,"lon":-117.42764,"city":"Spokane","state":"WA","address":"110 S. Madison St.","name":""},
  {"lat":32.801938,"lon":-79.897181,"city":"Mount Pleasant","state":"SC","address":"250 Johnnie Dodds Boulevard","name":""},
  {"lat":42.560834,"lon":-83.154159,"city":"Troy","state":"MI","address":"575 W Big Beaver Rd","name":""},
  {"lat":40.462124,"lon":-79.924559,"city":"Pittsburgh","state":"PA","address":"123 North Highland Avenue","name":""},
  {"lat":33.8034,"lon":-117.9124,"city":"Anaheim","state":"CA","address":"435 West Katella Avenue","name":""},
  {"lat":42.364986,"lon":-71.061577,"city":"Boston","state":"MA","address":"280 Friend Street","name":""},
  {"lat":38.80226,"lon":-77.040691,"city":"Alexandria","state":"VA","address":"220 South Union Street","name":""},
  {"lat":32.472652,"lon":-84.992997,"city":"Columbus","state":"GA","address":"21 West 14th Street","name":""},
  {"lat":33.212881,"lon":-87.571559,"city":"Tuscaloosa","state":"AL","address":"111 Greensboro Avenue","name":""},
  {"lat":36.165364,"lon":-86.779107,"city":"Nashville","state":"TN","address":"315 Union Street","name":""},
  {"lat":40.43061,"lon":-79.959772,"city":"Pittsburgh","state":"PA","address":"329 Technology Drive","name":""},
  {"lat":40.713444,"lon":-73.951886,"city":"Brooklyn","state":"NY","address":"500 Metropolitan Ave","name":""},
  {"lat":44.976484,"lon":-93.270274,"city":"Minneapolis","state":"MN","address":"618 Second Avenue South","name":""},
  {"lat":25.763526,"lon":-80.196633,"city":"Miami","state":"FL","address":"145 SW 11th Street","name":""},
  {"lat":32.950159,"lon":-117.26181,"city":"Del Mar","state":"CA","address":"710 Camino Del Mar","name":""},
  {"lat":33.76014,"lon":-84.387544,"city":"Atlanta","state":"GA","address":"230 Peachtree Street NW","name":""},
  {"lat":34.736671,"lon":-86.66826,"city":"Huntsville","state":"AL","address":"940 Nunnuhsae Park Dr NW","name":""},
  {"lat":38.627943,"lon":-90.189289,"city":"St. Louis","state":"MO","address":"501 Olive Street","name":""},
  {"lat":40.707744,"lon":-74.013104,"city":"New York City","state":"NY","address":"50 Trinity Place","name":""},
  {"lat":30.258177,"lon":-81.553487,"city":"Jacksonville","state":"FL","address":"9840 Tapestry Park Circle","name":""},
  {"lat":40.762236,"lon":-73.832876,"city":"Flushing","state":"NY","address":"36-03 Prince Street","name":""},
  {"lat":41.498185,"lon":-81.687653,"city":"Cleveland","state":"OH","address":"651 Huron Rd. E","name":""},
  {"lat":39.631848,"lon":-106.074661,"city":"Silverthorne","state":"CO","address":"375 Blue River Parkway","name":""},
  {"lat":36.098206,"lon":-80.245115,"city":"Winston-Salem","state":"NC","address":"104 West 4th Street","name":""},
  {"lat":40.705498,"lon":-74.007364,"city":"New York City","state":"NY","address":"120 Water Street","name":""},
  {"lat":33.77322,"lon":-84.384802,"city":"Atlanta","state":"GA","address":"683 Peachtree Street, NE","name":""},
  {"lat":30.44838,"lon":-91.1894,"city":"Baton Rouge","state":"LA","address":"200 Convention Street","name":""},
  {"lat":44.02088,"lon":-92.46298,"city":"Rochester","state":"MN","address":"220 South Broadway Ave.","name":""},
  {"lat":40.242195,"lon":-76.808771,"city":"Harrisburg","state":"PA","address":"765 Eisenhower Boulevard","name":""},
  {"lat":32.861478,"lon":-96.93589,"city":"Irving","state":"TX","address":"455 E John W Carpenter Freeway","name":""},
  {"lat":48.000003,"lon":-122.214643,"city":"Everett","state":"WA","address":"1028 13th Street","name":""},
  {"lat":31.55507,"lon":-97.124292,"city":"Waco","state":"TX","address":"211 Clay Ave","name":""},
  {"lat":33.653094,"lon":-84.447349,"city":"College Park","state":"GA","address":"1776 Harvard Avenue","name":""},
  {"lat":42.236139,"lon":-87.94381,"city":"Vernon Hills","state":"IL","address":"450 North Milwaukee Avenue","name":""},
  {"lat":31.76114,"lon":-106.486533,"city":"El Paso","state":"TX","address":"325 N. Kansas Street","name":""},
  {"lat":41.770988,"lon":-88.15038,"city":"Naperville","state":"IL","address":"120 Water Street","name":""},
  {"lat":29.952401,"lon":-90.069859,"city":"New Orleans","state":"LA","address":"705 Common Street","name":""},
  {"lat":36.156738,"lon":-95.986804,"city":"Tulsa","state":"OK","address":"121 South Elgin Ave","name":""},
  {"lat":33.104273,"lon":-96.818658,"city":"Frisco","state":"TX","address":"2985 Avenue of the Stars","name":""},
  {"lat":38.64307,"lon":-90.260806,"city":"St. Louis","state":"MO","address":"4630 Lindell Boulevard","name":""},
  {"lat":39.29509,"lon":-76.616465,"city":"Baltimore","state":"MD","address":"24 West Franklin Street","name":""},
  {"lat":42.330849,"lon":-83.050704,"city":"Detroit","state":"MI","address":"1020 Washington Boulevard","name":""},
  {"lat":35.145051,"lon":-90.049724,"city":"Memphis","state":"TN","address":"22 North B.B. King Boulevard","name":""},
  {"lat":32.710436,"lon":-117.156024,"city":"San Diego","state":"CA","address":"509 9th Avenue","name":""},
  {"lat":39.755214,"lon":-104.999903,"city":"Denver","state":"CO","address":"1801 Wewatta Street","name":""},
  {"lat":30.257736,"lon":-87.635026,"city":"Orange Beach","state":"AL","address":"22843 Perdido Beach Boulevard","name":""},
  {"lat":32.081489,"lon":-81.09344,"city":"Savannah","state":"GA","address":"201 West Bay Street","name":""},
  {"lat":32.781489,"lon":-96.795179,"city":"Dallas","state":"TX","address":"1933 Main Street","name":""},
  {"lat":44.766121,"lon":-85.626591,"city":"Traverse City","state":"MI","address":"263 W Grandview Parkway","name":""},
  {"lat":45.6235,"lon":-122.67772,"city":"Vancouver","state":"WA","address":"550 Waterfront Way","name":""},
  {"lat":29.431897,"lon":-98.490046,"city":"San Antonio","state":"TX","address":"830 North Saint Mary's","name":""},
  {"lat":30.152456,"lon":-85.664139,"city":"Panama City","state":"FL","address":"7 Harrison Avenue","name":""}]}