{"key":"howard_johnson","displayName":"Howard Johnson","category":"hotels","useLocationName":false,"locations":[
  {"lat":43.074866,"lon":-70.778347,"city":"Portsmouth","state":"NH","address":"383 Woodbury Ave","name":""},
  {"lat":39.53362,"lon":-119.815192,"city":"Reno","state":"NV","address":"660 N Virginia St","name":""},
  {"lat":44.292383,"lon":-105.488849,"city":"Gillette","state":"WY","address":"1004 East Highway 14-16","name":""},
  {"lat":42.070175,"lon":-86.438237,"city":"Benton Harbor","state":"MI","address":"798 Ferguson Drive","name":""},
  {"lat":44.76141,"lon":-85.582451,"city":"Traverse City","state":"MI","address":"417 Munson Avenue","name":""},
  {"lat":42.243248,"lon":-83.344322,"city":"Romulus","state":"MI","address":"31119 Flynn Drive","name":""},
  {"lat":38.191586,"lon":-85.743168,"city":"Louisville","state":"KY","address":"709 Phillips Lane","name":""},
  {"lat":43.802363,"lon":-99.393435,"city":"Oacoma","state":"SD","address":"203 East Highway 16","name":""},
  {"lat":35.78133,"lon":-83.546562,"city":"Pigeon forge","state":"TN","address":"121 E Mill Creek Rd","name":""},
  {"lat":36.595026,"lon":-87.281477,"city":"Clarksville","state":"TN","address":"254 Holiday Dr","name":""},
  {"lat":35.711431,"lon":-83.514748,"city":"Gatlinburg","state":"TN","address":"242 Bishop Ln","name":""},
  {"lat":35.818348,"lon":-83.57906,"city":"Pigeon Forge","state":"TN","address":"2162 Parkway","name":""},
  {"lat":35.026196,"lon":-85.362465,"city":"Chattanooga","state":"TN","address":"3109 Parker Lane","name":""},
  {"lat":35.66246,"lon":-88.860596,"city":"Jackson","state":"TN","address":"1292 Vann Dr","name":""},
  {"lat":36.652344,"lon":-93.283385,"city":"Branson","state":"MO","address":"3295 Shepherd of the Hills Exp","name":""},
  {"lat":39.68462,"lon":-91.404404,"city":"Hannibal","state":"MO","address":"4141B Market Street","name":""},
  {"lat":47.71726,"lon":-117.41207,"city":"Spokane","state":"WA","address":"20 West Houston Avenue","name":""},
  {"lat":47.59318,"lon":-120.666713,"city":"Leavenworth","state":"WA","address":"405 West US Highway 2","name":""},
  {"lat":38.816555,"lon":-104.821793,"city":"Colorado Springs","state":"CO","address":"1231 South Nevada Ave.","name":""},
  {"lat":37.672142,"lon":-97.418549,"city":"Wichita","state":"KS","address":"6575 West Kellogg","name":""},
  {"lat":37.789935,"lon":-81.2099,"city":"Beckley","state":"WV","address":"1907 Harper Road","name":""},
  {"lat":35.084187,"lon":-106.689928,"city":"Albuquerque","state":"NM","address":"4614 Central Ave SW","name":""},
  {"lat":32.402087,"lon":-104.223698,"city":"Carlsbad","state":"NM","address":"1829 S Canal St","name":""},
  {"lat":35.509487,"lon":-108.808715,"city":"Gallup","state":"NM","address":"2915 W. Historic Hwy. 66","name":""},
  {"lat":42.095439,"lon":-102.889328,"city":"Alliance","state":"NE","address":"117 Cody Ave","name":""},
  {"lat":40.917265,"lon":-100.170309,"city":"Gothenburg","state":"NE","address":"401 Platte River Drive","name":""},
  {"lat":32.315739,"lon":-90.877785,"city":"Vicksburg","state":"MS","address":"3308 Pemberton Square Blvd","name":""},
  {"lat":42.4691,"lon":-92.392837,"city":"Waterloo","state":"IA","address":"3052 Marnie Ave","name":""},
  {"lat":41.477362,"lon":-87.324796,"city":"Merrillville","state":"IN","address":"7850 Rhode Island St","name":""},
  {"lat":37.986912,"lon":-87.491302,"city":"Evansville","state":"IN","address":"1101 North Green River Road","name":""},
  {"lat":45.746357,"lon":-108.555763,"city":"Billings","state":"MT","address":"1345 Mullowney Lane","name":""},
  {"lat":40.086576,"lon":-82.985686,"city":"Columbus","state":"OH","address":"1213 East Dublin","name":""},
  {"lat":40.728332,"lon":-84.073026,"city":"Lima","state":"OH","address":"1920 Roschman Avenue","name":""},
  {"lat":41.403641,"lon":-81.813884,"city":"Brook Park","state":"OH","address":"16644 Snow Road","name":""},
  {"lat":44.924916,"lon":-123.016183,"city":"Salem","state":"OR","address":"2250 Mission Street Southeast","name":""},
  {"lat":43.22039,"lon":-123.345581,"city":"Roseburg","state":"OR","address":"978 Northeast Stephens Street","name":""},
  {"lat":29.574394,"lon":-90.727241,"city":"Houma","state":"LA","address":"105 Lamar Street","name":""},
  {"lat":30.2529,"lon":-92.014464,"city":"Lafayette","state":"LA","address":"2215 NW Evangeline Thruway","name":""},
  {"lat":30.243852,"lon":-92.106153,"city":"Scott","state":"LA","address":"103 Harold Gauthe Drive","name":""},
  {"lat":30.228255,"lon":-93.209366,"city":"Lake Charles","state":"LA","address":"825 Broad Street","name":""},
  {"lat":31.194246,"lon":-85.406242,"city":"Dothan","state":"AL","address":"2244 Ross Clark Circle","name":""},
  {"lat":37.090557,"lon":-113.583977,"city":"Saint George","state":"UT","address":"1040 South Main Street","name":""},
  {"lat":41.485787,"lon":-112.016496,"city":"Brigham City","state":"UT","address":"1167 South Main/I-15","name":""},
  {"lat":39.367664,"lon":-76.715645,"city":"Pikesville","state":"MD","address":"407 Reisterstown Road","name":""},
  {"lat":38.353058,"lon":-75.074421,"city":"Ocean City","state":"MD","address":"2401 Atlantic Avenue","name":""},
  {"lat":38.341198,"lon":-75.079824,"city":"Ocean City","state":"MD","address":"1109 North Atlantic Avenue","name":""},
  {"lat":35.461868,"lon":-97.599953,"city":"Oklahoma City","state":"OK","address":"400 South Meridian Ave","name":""},
  {"lat":44.789501,"lon":-68.811152,"city":"Bangor","state":"ME","address":"336 Odlin Road","name":""},
  {"lat":42.433924,"lon":-71.03831,"city":"Malden","state":"MA","address":"321 Broadway","name":""},
  {"lat":42.701656,"lon":-73.183861,"city":"Williamstown","state":"MA","address":"213 Main Street","name":""},
  {"lat":42.262491,"lon":-71.011981,"city":"Quincy","state":"MA","address":"845 Hancock Street","name":""},
  {"lat":42.141663,"lon":-72.49826,"city":"Springfield","state":"MA","address":"1356 Boston Road","name":""},
  {"lat":42.402409,"lon":-73.265556,"city":"Lenox","state":"MA","address":"462 Pittsfield Road","name":""},
  {"lat":41.5149,"lon":-71.3007,"city":"Middletown","state":"RI","address":"351 West Main Road","name":""},
  {"lat":36.284891,"lon":-119.800313,"city":"Lemoore","state":"CA","address":"1290 Sierra Circle","name":""},
  {"lat":35.346077,"lon":-119.038408,"city":"Bakersfield","state":"CA","address":"812 Wible Rd","name":""},
  {"lat":38.597313,"lon":-121.505868,"city":"Sacramento","state":"CA","address":"200 Jibboom Street","name":""},
  {"lat":35.63628,"lon":-117.669814,"city":"Ridgecrest","state":"CA","address":"831 N China Lake Blvd","name":""},
  {"lat":34.146477,"lon":-118.1175,"city":"Pasadena","state":"CA","address":"1599 East Colorado Blvd.","name":""},
  {"lat":36.670521,"lon":-121.650711,"city":"Salinas","state":"CA","address":"131 John Street","name":""},
  {"lat":32.639309,"lon":-117.096748,"city":"Chula Vista","state":"CA","address":"235 Woodlawn Ave.","name":""},
  {"lat":33.854893,"lon":-117.926109,"city":"Fullerton","state":"CA","address":"222 West Houston Ave","name":""},
  {"lat":33.998253,"lon":-118.075462,"city":"Pico Rivera","state":"CA","address":"9515 Whittier Blvd","name":""},
  {"lat":32.677681,"lon":-117.108459,"city":"National City","state":"CA","address":"521 Roosevelt Avenue","name":""},
  {"lat":32.748386,"lon":-117.208145,"city":"San Diego","state":"CA","address":"3330 Rosecrans Street","name":""},
  {"lat":37.605202,"lon":-120.970909,"city":"Ceres","state":"CA","address":"1672 Herndon Road","name":""},
  {"lat":33.860085,"lon":-118.008835,"city":"Buena Park","state":"CA","address":"7039 Orangethorpe Avenue","name":""},
  {"lat":33.838242,"lon":-118.351402,"city":"Torrance","state":"CA","address":"3673 Torrance Blvd.","name":""},
  {"lat":36.963432,"lon":-122.025604,"city":"Santa Cruz","state":"CA","address":"130 West Cliff Drive","name":""},
  {"lat":33.906681,"lon":-117.560654,"city":"Norco","state":"CA","address":"1695 Hamner Avenue","name":""},
  {"lat":33.813377,"lon":-117.914368,"city":"Anaheim","state":"CA","address":"1380 South Harbor Boulevard","name":""},
  {"lat":32.758888,"lon":-117.178529,"city":"San Diego","state":"CA","address":"1631 Hotel Circle South","name":""},
  {"lat":40.293144,"lon":-76.631386,"city":"Hershey","state":"PA","address":"845 East Chocolate Avenue","name":""},
  {"lat":40.578979,"lon":-75.522568,"city":"Allentown","state":"PA","address":"3220 Hamilton Boulevard","name":""},
  {"lat":30.523144,"lon":-86.492521,"city":"Niceville","state":"FL","address":"101B FL-85 N","name":""},
  {"lat":28.334871,"lon":-81.487205,"city":"Kissimmee","state":"FL","address":"5055 W Irlo","name":""},
  {"lat":28.083557,"lon":-81.968391,"city":"Lakeland","state":"FL","address":"939 West Robson Street","name":""},
  {"lat":28.026289,"lon":-82.739571,"city":"Clearwater","state":"FL","address":"27988 US Highway 19 North","name":""},
  {"lat":26.591201,"lon":-81.871666,"city":"Fort Myers","state":"FL","address":"4811 S Cleveland Ave.","name":""},
  {"lat":29.209646,"lon":-82.186432,"city":"Ocala","state":"FL","address":"3951 Northwest Blitchton Road","name":""},
  {"lat":27.637865,"lon":-80.513077,"city":"Vero Beach","state":"FL","address":"1985 90th Ave","name":""},
  {"lat":30.190126,"lon":-85.655403,"city":"Panama City","state":"FL","address":"301 East 23rd Street","name":""},
  {"lat":27.633602,"lon":-80.389946,"city":"Vero Beach","state":"FL","address":"1725 US Highway 1","name":""},
  {"lat":28.009158,"lon":-81.730516,"city":"Winter Haven","state":"FL","address":"1300 3rd Street South-West","name":""},
  {"lat":31.85308,"lon":-102.319261,"city":"Odessa","state":"TX","address":"2925 E Business Loop 20","name":""},
  {"lat":29.65282,"lon":-95.260592,"city":"Houston","state":"TX","address":"8800 Airport Blvd","name":""},
  {"lat":32.75898,"lon":-97.078201,"city":"Arlington","state":"TX","address":"2001 East Copeland","name":""},
  {"lat":33.547716,"lon":-101.845728,"city":"Lubbock","state":"TX","address":"5108 Interstate 27","name":""},
  {"lat":29.8943,"lon":-97.912628,"city":"San Marcos","state":"TX","address":"1601 North Interstate 35","name":""},
  {"lat":29.702375,"lon":-98.096947,"city":"New Braunfels","state":"TX","address":"201 Loop 337","name":""},
  {"lat":29.288055,"lon":-94.86412,"city":"Galveston","state":"TX","address":"8216 Harborside Drive","name":""},
  {"lat":32.747227,"lon":-96.990257,"city":"Grand Prairie","state":"TX","address":"1114 East Main Street","name":""},
  {"lat":29.778442,"lon":-95.407509,"city":"Houston","state":"TX","address":"4602 Katy Freeway","name":""},
  {"lat":42.348259,"lon":-87.873375,"city":"Waukegan","state":"IL","address":"619 S Green Bay Rd","name":""},
  {"lat":41.251521,"lon":-87.849225,"city":"Manteno","state":"IL","address":"157 North Cypress Street","name":""},
  {"lat":44.263878,"lon":-88.440117,"city":"Appleton","state":"WI","address":"200 North Perkins Street","name":""},
  {"lat":40.764681,"lon":-74.047715,"city":"North Bergen","state":"NJ","address":"1300 Tonnelle Avenue","name":""},
  {"lat":40.711952,"lon":-74.158195,"city":"Newark","state":"NJ","address":"20 Frontage Road","name":""},
  {"lat":39.813522,"lon":-75.069505,"city":"Blackwood","state":"NJ","address":"832 North Black Horse Pike","name":""},
  {"lat":39.360989,"lon":-74.426979,"city":"Atlantic City","state":"NJ","address":"1339 Pacific Ave","name":""},
  {"lat":40.835509,"lon":-74.150209,"city":"Clifton","state":"NJ","address":"680 Route 3 West","name":""},
  {"lat":40.616891,"lon":-74.453281,"city":"North Plainfield","state":"NJ","address":"1025 22 Route West","name":""},
  {"lat":39.96455,"lon":-74.185692,"city":"Toms River","state":"NJ","address":"955 Hooper Ave","name":""},
  {"lat":34.970129,"lon":-80.987161,"city":"Rock Hill","state":"SC","address":"911 Riverview Road","name":""},
  {"lat":33.522202,"lon":-81.717361,"city":"Aiken","state":"SC","address":"1936 Whiskey Road South","name":""},
  {"lat":34.230841,"lon":-79.802048,"city":"Florence","state":"SC","address":"2038 West Lucas Street","name":""},
  {"lat":32.44339,"lon":-80.724548,"city":"Beaufort","state":"SC","address":"3651 Trask Parkway","name":""},
  {"lat":32.481667,"lon":-84.941559,"city":"Columbus","state":"GA","address":"3201 Macon Road Suite A","name":""},
  {"lat":34.764525,"lon":-85.003914,"city":"Dalton","state":"GA","address":"790 College Drive","name":""},
  {"lat":31.440648,"lon":-83.530059,"city":"Tifton","state":"GA","address":"579 Old Omega Road","name":""},
  {"lat":32.004253,"lon":-81.275566,"city":"Savannah","state":"GA","address":"17003 Abercorn Street","name":""},
  {"lat":32.468258,"lon":-83.742226,"city":"Perry","state":"GA","address":"100 Marketplace Drive","name":""},
  {"lat":33.946457,"lon":-83.419548,"city":"Athens","state":"GA","address":"2465 West Broad St","name":""},
  {"lat":34.257516,"lon":-83.461977,"city":"Commerce","state":"GA","address":"148 Eisenhower Dr.","name":""},
  {"lat":38.435436,"lon":-78.845657,"city":"Harrisonburg","state":"VA","address":"10 Linda Lane","name":""},
  {"lat":36.8344,"lon":-75.971694,"city":"Virginia Beach","state":"VA","address":"512 Atlantic Avenue","name":""},
  {"lat":37.295631,"lon":-80.097008,"city":"Salem","state":"VA","address":"1671 Skyview Road","name":""},
  {"lat":38.153172,"lon":-79.074669,"city":"Staunton","state":"VA","address":"268 North Central Avenue","name":""},
  {"lat":37.340965,"lon":-76.756165,"city":"Williamsburg","state":"VA","address":"6483 Richmond Road","name":""},
  {"lat":36.905997,"lon":-76.149019,"city":"Virginia Beach","state":"VA","address":"5173 Shore Drive","name":""},
  {"lat":37.839253,"lon":-79.371786,"city":"Lexington","state":"VA","address":"2836 North Lee Highway","name":""},
  {"lat":36.043537,"lon":-79.845795,"city":"Greensboro","state":"NC","address":"2004 Veasley Street","name":""},
  {"lat":34.242554,"lon":-77.898247,"city":"Wilmington","state":"NC","address":"3901 Market St","name":""},
  {"lat":43.421959,"lon":-73.715065,"city":"Lake George","state":"NY","address":"99 Canada St","name":""},
  {"lat":41.505281,"lon":-74.073355,"city":"Newburgh","state":"NY","address":"95 Route 17K","name":""},
  {"lat":42.087418,"lon":-73.972954,"city":"Saugerties","state":"NY","address":"2764 Route 32","name":""},
  {"lat":42.718491,"lon":-73.834419,"city":"Albany","state":"NY","address":"1614 Central Avenue","name":""},
  {"lat":41.678413,"lon":-72.651906,"city":"Rocky Hill","state":"CT","address":"1760 Silas Deane Highway","name":""},
  {"lat":41.373133,"lon":-71.960472,"city":"Mystic","state":"CT","address":"253 Greenmanville Avenue","name":""},
  {"lat":34.132668,"lon":-109.28408,"city":"Springerville","state":"AZ","address":"242 East Main Street","name":""},
  {"lat":33.451736,"lon":-111.992844,"city":"Phoenix","state":"AZ","address":"4120 East Van Buren Street","name":""},
  {"lat":35.192356,"lon":-111.660545,"city":"Flagstaff","state":"AZ","address":"801 West Route 66","name":""},
  {"lat":34.935806,"lon":-110.13367,"city":"Holbrook","state":"AZ","address":"2608 East Navajo Boulevard","name":""},
  {"lat":35.254291,"lon":-112.190512,"city":"Williams","state":"AZ","address":"511 North Grand Canyon Blvd","name":""},
  {"lat":32.669937,"lon":-114.623787,"city":"Yuma","state":"AZ","address":"3181 South 4th Avenue","name":""}]}