{"key":"huddle_house","displayName":"Huddle House","category":"restaurant","useLocationName":false,"locations":[
  {"lat":37.277488,"lon":-78.397976,"city":"Farmville","state":"VA","address":"1800 South Main Street","name":""},
  {"lat":37.324923,"lon":-79.496197,"city":"Bedford","state":"VA","address":"1128 E Lynchburg Salem Turnpike","name":""},
  {"lat":36.734866,"lon":-78.916691,"city":"South Boston","state":"VA","address":"3614 Old Halifax Road","name":""},
  {"lat":34.752724,"lon":-89.453406,"city":"Holly Springs","state":"MS","address":"660 Mississippi 7","name":""},
  {"lat":34.719481,"lon":-88.955395,"city":"Ripley","state":"MS","address":"924 City Ave S","name":""},
  {"lat":34.496948,"lon":-89.033595,"city":"New Albany","state":"MS","address":"237 Mississippi 30","name":""},
  {"lat":34.364347,"lon":-89.557078,"city":"Oxford","state":"MS","address":"1925 Jackson Ave W","name":""},
  {"lat":34.266067,"lon":-89.02023,"city":"Pontotoc","state":"MS","address":"333 Mississippi 15","name":""},
  {"lat":34.310647,"lon":-89.925232,"city":"Batesville","state":"MS","address":"147 Lakewood Dr","name":""},
  {"lat":34.931278,"lon":-88.553397,"city":"Corinth","state":"MS","address":"2900 US-72","name":""},
  {"lat":34.6789,"lon":-88.560891,"city":"Booneville","state":"MS","address":"1203 N 2nd St","name":""},
  {"lat":33.136961,"lon":-91.951332,"city":"Crossett","state":"AR","address":"109 Unity Road","name":""},
  {"lat":38.140645,"lon":-90.577209,"city":"de Soto","state":"MO","address":"13012 Missouri 21","name":""},
  {"lat":37.92405,"lon":-90.536693,"city":"Bonne Terre","state":"MO","address":"10 Northwood St","name":""},
  {"lat":37.787311,"lon":-90.417323,"city":"Farmington","state":"MO","address":"305 E Karsch Blvd","name":""},
  {"lat":30.990278,"lon":-83.38234,"city":"Hahira","state":"GA","address":"803 GA Highway 122 W","name":""},
  {"lat":31.040677,"lon":-83.076542,"city":"Lakeland","state":"GA","address":"251 West Main Street","name":""},
  {"lat":31.138567,"lon":-83.444971,"city":"Adel","state":"GA","address":"1503 West Fourth St.","name":""},
  {"lat":31.196666,"lon":-83.250873,"city":"Nashville","state":"GA","address":"718 South Davis Street","name":""},
  {"lat":31.033993,"lon":-82.761922,"city":"Homerville","state":"GA","address":"805 West Dame Avenue","name":""},
  {"lat":31.173835,"lon":-83.760933,"city":"Moultrie","state":"GA","address":"401 Veterans Parkway South","name":""},
  {"lat":30.33284,"lon":-82.96104,"city":"Live Oak","state":"FL","address":"6670 US HWY 129","name":""},
  {"lat":38.075921,"lon":-91.407961,"city":"Cuba","state":"MO","address":"5887 Missouri 19","name":""},
  {"lat":37.757745,"lon":-87.147765,"city":"Owensboro","state":"KY","address":"2805 W Parrish Ave","name":""},
  {"lat":37.754675,"lon":-87.058777,"city":"Owensboro","state":"KY","address":"3248 Mount Moriah Ave","name":""},
  {"lat":37.350331,"lon":-87.49317,"city":"Madisonville","state":"KY","address":"445 Hudson Park Dr","name":""},
  {"lat":37.371522,"lon":-86.84817,"city":"Beaver Dam","state":"KY","address":"1748 US 231","name":""},
  {"lat":37.286271,"lon":-87.116334,"city":"Central City","state":"KY","address":"629 S 2nd St","name":""},
  {"lat":30.711972,"lon":-94.920809,"city":"Livingston","state":"TX","address":"1155 East Church St.","name":""},
  {"lat":31.899556,"lon":-102.317801,"city":"Odessa","state":"TX","address":"4250-B NE Loop 338","name":""},
  {"lat":31.57389,"lon":-102.892558,"city":"Monahans","state":"TX","address":"2113 S Stockton Ave","name":""},
  {"lat":37.133217,"lon":-83.767606,"city":"Manchester","state":"KY","address":"415 State Highway 80","name":""},
  {"lat":37.112035,"lon":-84.094339,"city":"London","state":"KY","address":"201 Kings Way","name":""},
  {"lat":36.975041,"lon":-84.105391,"city":"Corbin","state":"KY","address":"325 W Cumberland Gap Pkwy","name":""},
  {"lat":36.843952,"lon":-83.324107,"city":"Harlan","state":"KY","address":"316 S Main St","name":""},
  {"lat":37.281029,"lon":-83.229478,"city":"Hazard","state":"KY","address":"173 Village Ln","name":""},
  {"lat":36.721225,"lon":-84.16917,"city":"Williamsburg","state":"KY","address":"583 Kentucky 92","name":""},
  {"lat":36.750401,"lon":-83.046898,"city":"Pennington Gap","state":"VA","address":"1526 W Morgan Ave","name":""},
  {"lat":32.776655,"lon":-91.883503,"city":"Bastrop","state":"LA","address":"2301 E Madison Ave","name":""},
  {"lat":30.710553,"lon":-97.647202,"city":"Georgetown","state":"TX","address":"4610 N IH 35","name":""},
  {"lat":36.519882,"lon":-87.235465,"city":"Clarksville","state":"TN","address":"590 Fire Station Road","name":""},
  {"lat":34.245973,"lon":-80.620082,"city":"Camden","state":"SC","address":"1029 West Dekalb Street","name":""},
  {"lat":34.163269,"lon":-79.759265,"city":"Florence","state":"SC","address":"400 Pamplico Hwy","name":""},
  {"lat":34.678717,"lon":-79.901289,"city":"Cheraw","state":"SC","address":"866 U.S. 1","name":""},
  {"lat":34.732703,"lon":-80.799165,"city":"Lancaster","state":"SC","address":"W 1145 SC-9 Bypass","name":""},
  {"lat":36.789983,"lon":-90.432386,"city":"Poplar Bluff","state":"MO","address":"2914 N Westwood Blvd","name":""},
  {"lat":38.879002,"lon":-97.592794,"city":"Salina","state":"KS","address":"2250 N Ohio St","name":""},
  {"lat":36.599993,"lon":-78.151546,"city":"Bracey","state":"VA","address":"3134 County Road 903","name":""},
  {"lat":36.664749,"lon":-77.553702,"city":"Emporia","state":"VA","address":"1589 Skippers Rd","name":""},
  {"lat":37.150957,"lon":-77.356647,"city":"Petersburg","state":"VA","address":"11807 South Crater Road","name":""},
  {"lat":34.206982,"lon":-86.152939,"city":"Boaz","state":"AL","address":"1450 U.S. 431","name":""},
  {"lat":34.280477,"lon":-86.218867,"city":"Albertville","state":"AL","address":"8081 U.S. 431","name":""},
  {"lat":33.955611,"lon":-86.041667,"city":"Rainbow City","state":"AL","address":"109 W Grand Ave","name":""},
  {"lat":34.340532,"lon":-86.310437,"city":"Guntersville","state":"AL","address":"1830 Gunter Ave","name":""},
  {"lat":33.986369,"lon":-85.866373,"city":"Hokes Bluff","state":"AL","address":"5714 Hwy 278 East","name":""},
  {"lat":34.159108,"lon":-85.705641,"city":"Centre","state":"AL","address":"1580 West Main Street","name":""},
  {"lat":34.439378,"lon":-85.75174,"city":"Fort Payne","state":"AL","address":"120 Airport Rd W","name":""},
  {"lat":34.327774,"lon":-86.503701,"city":"Arab","state":"AL","address":"759 N Brindlee Mountain Pkwy","name":""},
  {"lat":33.957537,"lon":-86.463417,"city":"Oneonta","state":"AL","address":"1009 2nd Avenue East","name":""},
  {"lat":33.764205,"lon":-85.892469,"city":"Alexandria","state":"AL","address":"6371 US Highway 431","name":""},
  {"lat":33.802725,"lon":-85.761878,"city":"Jacksonville","state":"AL","address":"1015 Pelham Rd S","name":""},
  {"lat":34.648001,"lon":-86.029338,"city":"Scottsboro","state":"AL","address":"1402 County Park Rd","name":""},
  {"lat":34.661395,"lon":-86.485422,"city":"Owens Crossroads","state":"AL","address":"3101 Mountain Cove Circle","name":""},
  {"lat":33.594275,"lon":-86.283243,"city":"Pell City","state":"AL","address":"611 Martin Street","name":""},
  {"lat":33.693457,"lon":-86.681612,"city":"Pinson","state":"AL","address":"4655 Center Point Road","name":""},
  {"lat":34.014804,"lon":-85.253934,"city":"Cedartown","state":"GA","address":"115 East Ave","name":""},
  {"lat":33.811988,"lon":-86.8279,"city":"Warrior","state":"AL","address":"405 Warrior Jasper Rd","name":""},
  {"lat":31.868513,"lon":-89.742742,"city":"Magee","state":"MS","address":"1664 Simpson Highway 49","name":""},
  {"lat":32.728498,"lon":-89.545112,"city":"Carthage","state":"MS","address":"701 Hwy 16 West","name":""},
  {"lat":31.69689,"lon":-89.114311,"city":"Laurel","state":"MS","address":"1304 Chantilly St","name":""},
  {"lat":39.923459,"lon":-80.750325,"city":"Moundsville","state":"WV","address":"407 Lafayette Ave","name":""},
  {"lat":40.390768,"lon":-80.596714,"city":"Weirton","state":"WV","address":"4150 Freedom Way","name":""},
  {"lat":36.730034,"lon":-88.632295,"city":"Mayfield","state":"KY","address":"951 Paris Road","name":""},
  {"lat":36.342084,"lon":-88.872887,"city":"Martin","state":"TN","address":"201 Hawks Rd","name":""},
  {"lat":36.922222,"lon":-89.313731,"city":"Charleston","state":"MO","address":"2460 U.S. 60","name":""},
  {"lat":36.310831,"lon":-88.294103,"city":"Paris","state":"TN","address":"1502 East Wood Street","name":""},
  {"lat":36.858157,"lon":-89.580227,"city":"Sikeston","state":"MO","address":"116 Hospitality Drive","name":""},
  {"lat":33.042297,"lon":-96.178441,"city":"Caddo Mills","state":"TX","address":"2819 Interstate 30 W","name":""},
  {"lat":32.745577,"lon":-96.449261,"city":"Forney","state":"TX","address":"426 FM 548 #100","name":""},
  {"lat":39.178584,"lon":-89.675707,"city":"Litchfield","state":"IL","address":"11 Corvette Dr","name":""},
  {"lat":30.624302,"lon":-81.538923,"city":"Yulee","state":"FL","address":"463949 Florida 200","name":""},
  {"lat":30.063518,"lon":-81.877654,"city":"Middleburg","state":"FL","address":"4094 County Road 218","name":""},
  {"lat":29.950428,"lon":-82.108948,"city":"Starke","state":"FL","address":"650 North Temple Avenue","name":""},
  {"lat":35.959265,"lon":-85.484866,"city":"Sparta","state":"TN","address":"810 Walker Cove Rd","name":""},
  {"lat":36.140754,"lon":-85.63066,"city":"Baxter","state":"TN","address":"105 Fast Ln","name":""},
  {"lat":35.697776,"lon":-85.7805,"city":"McMinnville","state":"TN","address":"937 Smithville Hwy","name":""},
  {"lat":31.513584,"lon":-82.872492,"city":"Douglas","state":"GA","address":"1701 Ocilla Rd","name":""},
  {"lat":31.535278,"lon":-82.462879,"city":"Alma","state":"GA","address":"702 S Pierce St","name":""},
  {"lat":31.693578,"lon":-83.246314,"city":"Fitzgerald","state":"GA","address":"265 Ocilla Highway","name":""},
  {"lat":31.20934,"lon":-82.343802,"city":"Waycross","state":"GA","address":"1010 Memorial Dr","name":""},
  {"lat":31.302323,"lon":-82.246366,"city":"Blackshear","state":"GA","address":"3428 U.S. 84","name":""},
  {"lat":31.863196,"lon":-82.584466,"city":"Hazlehurst","state":"GA","address":"341 Baxley Hwy","name":""},
  {"lat":31.77732,"lon":-82.346326,"city":"Baxley","state":"GA","address":"160 E Parker St","name":""},
  {"lat":32.06954,"lon":-82.905042,"city":"Mc Rae","state":"GA","address":"90 West Oak Street","name":""},
  {"lat":32.416861,"lon":-80.657381,"city":"Beaufort","state":"SC","address":"92 Sea Island Pkwy","name":""},
  {"lat":36.060401,"lon":-90.524139,"city":"Paragould","state":"AR","address":"2807 West Kingshighway","name":""},
  {"lat":36.803283,"lon":-89.974407,"city":"Dexter","state":"MO","address":"1019 W Business U.S. 60","name":""},
  {"lat":35.822093,"lon":-90.670751,"city":"Jonesboro","state":"AR","address":"2810 East Highland Drive","name":""},
  {"lat":31.136293,"lon":-84.141126,"city":"Pelham","state":"GA","address":"2457 US Highway 19 NE","name":""},
  {"lat":34.955351,"lon":-83.758339,"city":"Hiawassee","state":"GA","address":"534 Bell Creek Rd","name":""},
  {"lat":35.034215,"lon":-83.817319,"city":"Hayesville","state":"NC","address":"180 Old Highway 64 East","name":""},
  {"lat":35.162568,"lon":-83.391199,"city":"Franklin","state":"NC","address":"914 Georgia Road","name":""},
  {"lat":34.603459,"lon":-83.519576,"city":"Clarkesville","state":"GA","address":"459 Washington Street","name":""},
  {"lat":34.601298,"lon":-83.765599,"city":"Cleveland","state":"GA","address":"15 Old Blairsville Rd","name":""},
  {"lat":35.368672,"lon":-83.252963,"city":"Dillsboro","state":"NC","address":"609 Haywood Road","name":""},
  {"lat":34.696822,"lon":-82.952714,"city":"Seneca","state":"SC","address":"509 A Hwy 123 Bypass","name":""},
  {"lat":32.872839,"lon":-81.116723,"city":"Hampton","state":"SC","address":"801 Elm St. West","name":""},
  {"lat":33.242508,"lon":-81.378199,"city":"Barnwell","state":"SC","address":"10621 Dunbarton Blvd","name":""},
  {"lat":32.927958,"lon":-80.687673,"city":"Walterboro","state":"SC","address":"1593 Bells Highway","name":""},
  {"lat":32.748029,"lon":-81.641844,"city":"Sylvania","state":"GA","address":"401 W Ogeechee Street","name":""},
  {"lat":32.35078,"lon":-81.296849,"city":"Springfield","state":"GA","address":"1260 GA-21","name":""},
  {"lat":32.804621,"lon":-81.94874,"city":"Millen","state":"GA","address":"412 U.S. 25","name":""},
  {"lat":33.083252,"lon":-82.011114,"city":"Waynesboro","state":"GA","address":"323 South Liberty Street","name":""},
  {"lat":33.484514,"lon":-80.46848,"city":"Santee","state":"SC","address":"9047 Old Number Six Hwy","name":""},
  {"lat":28.691854,"lon":-100.481943,"city":"Eagle Pass","state":"TX","address":"2352 El Indio Hwy","name":""},
  {"lat":37.822496,"lon":-85.445757,"city":"Bardstown","state":"KY","address":"1478 E John Rowan Blvd","name":""},
  {"lat":37.797176,"lon":-85.915321,"city":"Radcliff","state":"KY","address":"3060 S Dixie Blvd","name":""},
  {"lat":38.030221,"lon":-84.912413,"city":"Lawrenceburg","state":"KY","address":"1014 Bypass S","name":""},
  {"lat":37.980291,"lon":-86.167089,"city":"Brandenburg","state":"KY","address":"751 Bypass Rd","name":""},
  {"lat":37.56426,"lon":-85.26621,"city":"Lebanon","state":"KY","address":"613 W Main St","name":""},
  {"lat":37.782607,"lon":-84.846652,"city":"Harrodsburg","state":"KY","address":"1066 N College St","name":""},
  {"lat":34.161819,"lon":-99.298535,"city":"Vernon","state":"TX","address":"2824 US Highway 287 W","name":""},
  {"lat":31.291176,"lon":-85.844405,"city":"Enterprise","state":"AL","address":"6024 Boll Weevil Cir","name":""},
  {"lat":36.666605,"lon":-76.955079,"city":"Franklin","state":"VA","address":"1549 Armory Dr","name":""},
  {"lat":36.769978,"lon":-76.606566,"city":"Suffolk","state":"VA","address":"2872 Pruden Blvd","name":""},
  {"lat":30.086621,"lon":-83.572061,"city":"Perry","state":"FL","address":"2717 S Byron Butler Pkwy","name":""},
  {"lat":35.501385,"lon":-86.457925,"city":"Shelbyville","state":"TN","address":"1209 N. Main Street","name":""},
  {"lat":35.051583,"lon":-85.629184,"city":"Jasper","state":"TN","address":"1200 Hwy 28","name":""},
  {"lat":34.51574,"lon":-87.718615,"city":"Russellville","state":"AL","address":"15485 US Hwy. 43","name":""},
  {"lat":34.092211,"lon":-88.006781,"city":"Hamilton","state":"AL","address":"210 River Road Dr","name":""},
  {"lat":33.988341,"lon":-87.776165,"city":"Winfield","state":"AL","address":"7126 AL-129","name":""},
  {"lat":34.247331,"lon":-88.4046,"city":"Fulton","state":"MS","address":"1604 S Adams St","name":""},
  {"lat":34.448679,"lon":-86.903538,"city":"Hartselle","state":"AL","address":"1802 Main Street E","name":""},
  {"lat":34.412622,"lon":-84.283349,"city":"Marble Hill","state":"GA","address":"35 Foothills Pkwy","name":""},
  {"lat":34.312959,"lon":-83.795587,"city":"Gainesville","state":"GA","address":"1920 Jesse Jewell Pkwy","name":""},
  {"lat":35.132155,"lon":-84.87331,"city":"Cleveland","state":"TN","address":"1051 King St","name":""},
  {"lat":35.915808,"lon":-88.75336,"city":"Milan","state":"TN","address":"3030 S 1st St","name":""},
  {"lat":26.127323,"lon":-97.638125,"city":"San Benito","state":"TX","address":"231 West Expressway 83","name":""},
  {"lat":35.40842,"lon":-99.379641,"city":"Elk City","state":"OK","address":"103 Regional Dr","name":""},
  {"lat":31.268124,"lon":-92.45968,"city":"Alexandria","state":"LA","address":"2710 MacArthur Drive","name":""},
  {"lat":31.728765,"lon":-93.158534,"city":"Natchitoches","state":"LA","address":"5306 University Parkway","name":""},
  {"lat":33.160158,"lon":-95.232552,"city":"Mount Vernon","state":"TX","address":"533 Interstate 30 W","name":""},
  {"lat":39.733881,"lon":-80.056505,"city":"Mt Morris","state":"PA","address":"106 Gas Company Rd","name":""},
  {"lat":29.492227,"lon":-82.86484,"city":"Chiefland","state":"FL","address":"1402 North Young Blvd","name":""},
  {"lat":31.201156,"lon":-81.987158,"city":"Nahunta","state":"GA","address":"101 Allen Street","name":""},
  {"lat":31.603262,"lon":-81.901154,"city":"Jesup","state":"GA","address":"901 S 1st St","name":""},
  {"lat":31.709196,"lon":-81.75338,"city":"Ludowici","state":"GA","address":"499 West Cypress Street","name":""},
  {"lat":31.533197,"lon":-81.449485,"city":"Townsend","state":"GA","address":"2201 Georgia 57","name":""},
  {"lat":38.332581,"lon":-82.948502,"city":"Grayson","state":"KY","address":"200 State Highway 1947","name":""},
  {"lat":38.200153,"lon":-83.477295,"city":"Morehead","state":"KY","address":"2323 Flemingsburg Rd","name":""},
  {"lat":35.230294,"lon":-92.38754,"city":"Greenbrier","state":"AR","address":"38 South Broadview Street","name":""},
  {"lat":35.596079,"lon":-92.45659,"city":"Clinton","state":"AR","address":"378 Hwy 65 S","name":""},
  {"lat":32.390563,"lon":-94.868987,"city":"Kilgore","state":"TX","address":"1009 North Kilgore Street","name":""},
  {"lat":33.262269,"lon":-84.089113,"city":"Jackson","state":"GA","address":"2679 Georgia Highway 16 West","name":""},
  {"lat":33.446955,"lon":-84.136196,"city":"McDonough","state":"GA","address":"350 Keys Ferry Street","name":""},
  {"lat":33.294853,"lon":-83.957211,"city":"Jackson","state":"GA","address":"775 E 3rd Street","name":""},
  {"lat":34.284605,"lon":-81.597244,"city":"Newberry","state":"SC","address":"1264 Wilson Road","name":""},
  {"lat":34.985414,"lon":-81.22131,"city":"York","state":"SC","address":"808 E Liberty Street","name":""},
  {"lat":36.860654,"lon":-84.836751,"city":"Monticello","state":"KY","address":"235 State Highway 90 Bus","name":""},
  {"lat":31.769451,"lon":-84.770299,"city":"Cuthbert","state":"GA","address":"152 U.S. 82","name":""},
  {"lat":30.886145,"lon":-84.207273,"city":"Cairo","state":"GA","address":"40 US Hwy 84 East","name":""},
  {"lat":31.487966,"lon":-100.468736,"city":"San Angelo","state":"TX","address":"3151 N. Bryant Blvd","name":""},
  {"lat":27.552812,"lon":-99.500093,"city":"Laredo","state":"TX","address":"5300 San Dario Ave","name":""},
  {"lat":37.313501,"lon":-89.553076,"city":"Cape Girardeau","state":"MO","address":"511 N Kingshighway St","name":""},
  {"lat":32.330498,"lon":-96.112095,"city":"Gun Barrel City","state":"TX","address":"100 Gun Barrel Ln","name":""},
  {"lat":31.851671,"lon":-81.583466,"city":"Hinesville","state":"GA","address":"710 E Oglethorpe Hwy","name":""},
  {"lat":32.136832,"lon":-81.630758,"city":"Pembroke","state":"GA","address":"484 W Bacon Street","name":""},
  {"lat":32.168676,"lon":-81.901085,"city":"Claxton","state":"GA","address":"102 Plyer St.","name":""},
  {"lat":32.081501,"lon":-82.111402,"city":"Reidsville","state":"GA","address":"215 S Main St","name":""},
  {"lat":32.272838,"lon":-81.226656,"city":"Rincon","state":"GA","address":"460 S Columbia Ave","name":""},
  {"lat":38.670982,"lon":-93.251537,"city":"Sedalia","state":"MO","address":"4575 South Limit Ave","name":""},
  {"lat":32.206078,"lon":-82.373603,"city":"Vidalia","state":"GA","address":"2613 E First Street","name":""},
  {"lat":32.436718,"lon":-82.67723,"city":"Soperton","state":"GA","address":"10596 GA-29","name":""},
  {"lat":32.585983,"lon":-82.324269,"city":"Swainsboro","state":"GA","address":"U.S. One 438 S. Main St.","name":""},
  {"lat":32.198012,"lon":-83.179183,"city":"Eastman","state":"GA","address":"102 Fifth Avenue","name":""},
  {"lat":32.548632,"lon":-82.874767,"city":"East Dublin","state":"GA","address":"721 Central Dr","name":""},
  {"lat":37.61723,"lon":-84.787694,"city":"Danville","state":"KY","address":"308 Skywatch Dr","name":""},
  {"lat":37.344749,"lon":-85.36689,"city":"Campbellsville","state":"KY","address":"398 Campbellsville Bypass","name":""},
  {"lat":32.768229,"lon":-89.132356,"city":"Philadelphia","state":"MS","address":"1028 W Beacon St","name":""},
  {"lat":34.257948,"lon":-92.094883,"city":"White Hall","state":"AR","address":"7335 Sheridan Rd","name":""},
  {"lat":33.645228,"lon":-91.800487,"city":"Monticello","state":"AR","address":"910 U.S. 425","name":""},
  {"lat":32.458581,"lon":-99.8567,"city":"Tye","state":"TX","address":"600 S Access Rd","name":""},
  {"lat":30.236112,"lon":-82.639165,"city":"Lake City","state":"FL","address":"3320 N US Highway 441","name":""},
  {"lat":36.906897,"lon":-82.3174,"city":"St. Paul","state":"VA","address":"16414 Wise St","name":""},
  {"lat":37.094378,"lon":-81.808409,"city":"Richlands","state":"VA","address":"2611 Front St","name":""},
  {"lat":36.969673,"lon":-82.596736,"city":"Wise","state":"VA","address":"107 Jackson Rd SW","name":""},
  {"lat":36.858567,"lon":-82.752856,"city":"Big Stone Gap","state":"VA","address":"4611 Aerial Way","name":""},
  {"lat":35.598607,"lon":-84.506982,"city":"Sweetwater","state":"TN","address":"259 New Highway 68","name":""},
  {"lat":40.813819,"lon":-97.598524,"city":"York","state":"NE","address":"5018 S Lincoln Ave","name":""},
  {"lat":31.847524,"lon":-103.088026,"city":"Kermit","state":"TX","address":"220 East Jim Sharp Boulevard","name":""},
  {"lat":37.560921,"lon":-90.318724,"city":"Fredericktown","state":"MO","address":"1261 MO-72","name":""},
  {"lat":34.204148,"lon":-82.196578,"city":"Greenwood","state":"SC","address":"NW 556 SC-72 Business","name":""},
  {"lat":35.697822,"lon":-90.045616,"city":"Osceola","state":"AR","address":"4563 W Keiser Ave","name":""},
  {"lat":36.056963,"lon":-89.401092,"city":"Dyersburg","state":"TN","address":"1120 US-51 BYP","name":""},
  {"lat":40.558374,"lon":-85.659144,"city":"Marion","state":"SC","address":"2424 E Highway 76","name":""},
  {"lat":29.799972,"lon":-90.821353,"city":"Thibodaux","state":"LA","address":"103 E Bayou Rd","name":""},
  {"lat":33.175309,"lon":-86.291688,"city":"Sylacauga","state":"AL","address":"40930 US Hwy 280","name":""},
  {"lat":33.09453,"lon":-86.853815,"city":"Montevallo","state":"AL","address":"4653 Alabama 25","name":""},
  {"lat":32.525684,"lon":-86.207551,"city":"Wetumpka","state":"AL","address":"5881 U.S. Hwy. 231","name":""},
  {"lat":32.916824,"lon":-85.952708,"city":"Alexander City","state":"AL","address":"4727 U.S. 280","name":""},
  {"lat":33.346794,"lon":-86.636063,"city":"Chelsea","state":"AL","address":"16937 U.S. 280","name":""},
  {"lat":32.552558,"lon":-85.920862,"city":"Tallassee","state":"AL","address":"1410 Gilmer Ave B","name":""},
  {"lat":33.03791,"lon":-87.14963,"city":"Centreville","state":"AL","address":"901 Birmingham Road","name":""},
  {"lat":33.437149,"lon":-86.087301,"city":"Talladega","state":"AL","address":"719 East Battle Street","name":""},
  {"lat":32.430757,"lon":-87.014729,"city":"Selma","state":"AL","address":"1376 E. Highland Ave","name":""},
  {"lat":33.454792,"lon":-86.966792,"city":"Hueytown","state":"AL","address":"2751 Allison Bonnet Memorial Parkway","name":""},
  {"lat":33.844041,"lon":-87.250309,"city":"Jasper","state":"AL","address":"2029 Hwy 78 East","name":""},
  {"lat":33.191332,"lon":-87.299652,"city":"Brookwood","state":"AL","address":"10902 Covered Bridge Rd","name":""},
  {"lat":33.793524,"lon":-83.726884,"city":"Monroe","state":"GA","address":"709 West Spring Street","name":""},
  {"lat":33.302422,"lon":-83.385261,"city":"Eatonton","state":"GA","address":"916 Oak Street","name":""},
  {"lat":33.804396,"lon":-84.041833,"city":"Snellville","state":"GA","address":"3887 Centerville Rosebud Rd","name":""},
  {"lat":37.722386,"lon":-97.360402,"city":"Wichita","state":"KS","address":"1735 West 21st Street North","name":""},
  {"lat":37.917778,"lon":-90.77576,"city":"Potosi","state":"MO","address":"10022 Franklin Road","name":""},
  {"lat":32.502787,"lon":-87.838312,"city":"Demopolis","state":"AL","address":"971 US Highway 80 West","name":""},
  {"lat":36.772082,"lon":-76.08699,"city":"Virginia Beach","state":"VA","address":"1908 Landstown Centre Way #150","name":""},
  {"lat":36.743368,"lon":-76.226517,"city":"Chesapeake","state":"VA","address":"473 Kempsville Road #110","name":""},
  {"lat":41.05969,"lon":-84.980346,"city":"New Haven","state":"IN","address":"3105 S Doyle Rd","name":""},
  {"lat":37.732572,"lon":-88.962574,"city":"Marion","state":"IL","address":"305 Comfort Drive","name":""},
  {"lat":33.202067,"lon":-79.989128,"city":"Moncks Corner","state":"SC","address":"404 North Highway 52","name":""},
  {"lat":34.810079,"lon":-78.985265,"city":"St. Pauls","state":"NC","address":"940 W Broad St","name":""},
  {"lat":32.388579,"lon":-83.351938,"city":"Cochran","state":"GA","address":"142 E Dykes St","name":""},
  {"lat":32.620703,"lon":-83.370631,"city":"Jeffersonville","state":"GA","address":"5220 GA-96 W","name":""},
  {"lat":32.59349,"lon":-83.628899,"city":"Warner Robins","state":"GA","address":"215 Russell Parkway","name":""},
  {"lat":32.617927,"lon":-83.655934,"city":"Warner Robins","state":"GA","address":"2075 Watson Blvd","name":""},
  {"lat":32.795813,"lon":-83.569549,"city":"Macon","state":"GA","address":"4900 Ocmulgee E Blvd","name":""},
  {"lat":32.540932,"lon":-92.631957,"city":"Ruston","state":"LA","address":"501 N Service Rd E","name":""},
  {"lat":32.520535,"lon":-92.364372,"city":"Calhoun","state":"LA","address":"536 Highway 151 N","name":""},
  {"lat":35.237055,"lon":-85.197439,"city":"Soddy Daisy","state":"TN","address":"9401 Reco Dr","name":""},
  {"lat":35.477376,"lon":-85.02901,"city":"Dayton","state":"TN","address":"4601 Rhea County Hwy","name":""},
  {"lat":35.011095,"lon":-85.217228,"city":"Chattanooga","state":"TN","address":"5611 Brainerd Rd","name":""},
  {"lat":34.88579,"lon":-85.26887,"city":"Chickamauga","state":"GA","address":"14 Bushrod Johnson Ave","name":""},
  {"lat":39.00266,"lon":-80.263864,"city":"Buckhannon","state":"WV","address":"1 WBUC Rd","name":""},
  {"lat":33.400287,"lon":-91.018603,"city":"Greenville","state":"MS","address":"2426 U.S. 82","name":""},
  {"lat":37.464921,"lon":-86.290709,"city":"Leitchfield","state":"KY","address":"118 Commerce Dr","name":""},
  {"lat":34.352894,"lon":-82.923828,"city":"Hartwell","state":"GA","address":"324 East Franklin Street","name":""},
  {"lat":33.968471,"lon":-88.459332,"city":"Amory","state":"MS","address":"1511 U.S. 278","name":""},
  {"lat":34.236372,"lon":-88.704468,"city":"Tupelo","state":"MS","address":"3760 S Eason Blvd","name":""},
  {"lat":34.287742,"lon":-88.675024,"city":"Tupelo","state":"MS","address":"107 Stone Creek Blvd","name":""},
  {"lat":35.686495,"lon":-79.824991,"city":"Asheboro","state":"NC","address":"731 West Dixie Drive","name":""},
  {"lat":33.149741,"lon":-85.357689,"city":"Roanoke","state":"AL","address":"3106 U.S. 431","name":""},
  {"lat":32.593279,"lon":-93.338419,"city":"Minden","state":"LA","address":"12155 Highway 80 Ste 2","name":""},
  {"lat":31.136696,"lon":-87.069119,"city":"Brewton","state":"AL","address":"1715 Douglas Ave","name":""},
  {"lat":28.831858,"lon":-82.323771,"city":"Inverness","state":"FL","address":"321 South Highway 41","name":""},
  {"lat":33.011494,"lon":-82.399847,"city":"Louisville","state":"GA","address":"306 Old Highway 1","name":""},
  {"lat":40.759755,"lon":-76.381988,"city":"Lavelle","state":"PA","address":"2878 Fairgrounds Rd","name":""},
  {"lat":36.755806,"lon":-86.214646,"city":"Scottsville","state":"KY","address":"111 Lois Moore Dr","name":""},
  {"lat":33.414062,"lon":-82.312481,"city":"Harlem","state":"GA","address":"175 East Milledgeville Court","name":""},
  {"lat":33.218107,"lon":-82.377707,"city":"Wrens","state":"GA","address":"704 N. Main St","name":""},
  {"lat":30.804211,"lon":-88.072877,"city":"Saraland","state":"AL","address":"803 Saraland Boulevard","name":""},
  {"lat":31.469412,"lon":-87.344117,"city":"Monroeville","state":"AL","address":"4482 S Alabama Ave","name":""},
  {"lat":30.418169,"lon":-92.052999,"city":"Sunset","state":"LA","address":"1828 I-49 Frontage Rd","name":""},
  {"lat":30.243568,"lon":-92.104301,"city":"Scott","state":"LA","address":"1640 Saint Mary St","name":""},
  {"lat":29.207116,"lon":-82.139993,"city":"Ocala","state":"FL","address":"331 NW 20th Street","name":""},
  {"lat":29.641046,"lon":-81.674195,"city":"Palatka","state":"FL","address":"3909 Crill Ave","name":""},
  {"lat":34.439261,"lon":-79.370556,"city":"Dillon","state":"SC","address":"799 Radford Blvd","name":""},
  {"lat":35.01087,"lon":-86.876642,"city":"Ardmore","state":"TN","address":"24315 Main St","name":""}]}