{"key":"intercontinental","displayName":"InterContinental","category":"hotels","useLocationName":false,"locations":[
  {"lat":34.050072,"lon":-118.259214,"city":"Los Angeles","state":"CA","address":"900 Wilshire Boulevard","name":""},
  {"lat":47.61778,"lon":-122.20299,"city":"Bellevue","state":"WA","address":"850 Avenue Square NE","name":""},
  {"lat":29.950096,"lon":-90.070425,"city":"New Orleans","state":"LA","address":"444 St Charles Ave","name":""},
  {"lat":33.845923,"lon":-84.368102,"city":"Atlanta","state":"GA","address":"3315 Peachtree Rd. Ne","name":""},
  {"lat":29.707549,"lon":-95.404468,"city":"Houston","state":"TX","address":"6750 Main Street","name":""},
  {"lat":25.796928,"lon":-80.336955,"city":"Doral","state":"FL","address":"2505 North West 87th Avenue","name":""},
  {"lat":39.768537,"lon":-86.159429,"city":"Indianapolis","state":"IN","address":"17 West Market Street","name":""},
  {"lat":44.879649,"lon":-93.201263,"city":"Minneapolis","state":"MN","address":"5005 Glumack Drive","name":""},
  {"lat":25.772851,"lon":-80.185109,"city":"Miami","state":"FL","address":"100 Chopin Plaza","name":""},
  {"lat":38.896102,"lon":-77.031939,"city":"Washington","state":"DC","address":"1401 Pennsylvania Ave Nw","name":""},
  {"lat":36.616608,"lon":-121.900805,"city":"Monterey","state":"CA","address":"750 Cannery Row","name":""},
  {"lat":41.501052,"lon":-81.619287,"city":"Cleveland","state":"OH","address":"9801 Carnegie Avenue","name":""},
  {"lat":41.5034,"lon":-81.6247,"city":"Cleveland","state":"OH","address":"8800 Euclid Avenue","name":""},
  {"lat":44.944242,"lon":-93.092537,"city":"St. Paul","state":"MN","address":"11 East Kellogg Boulevard","name":""},
  {"lat":41.891076,"lon":-87.624124,"city":"Chicago","state":"IL","address":"505 North Michigan Ave","name":""},
  {"lat":29.428918,"lon":-98.492618,"city":"San Antonio","state":"TX","address":"111 E. Pecan Street","name":""},
  {"lat":37.7916,"lon":-122.4104,"city":"San Francisco","state":"CA","address":"999 California Street","name":""},
  {"lat":37.781705,"lon":-122.404681,"city":"San Francisco","state":"CA","address":"888 Howard Street","name":""},
  {"lat":42.353872,"lon":-71.05189,"city":"Boston","state":"MA","address":"510 Atlantic Avenue","name":""},
  {"lat":40.758541,"lon":-73.988838,"city":"New York City","state":"NY","address":"300 West 44th Street","name":""},
  {"lat":40.75544,"lon":-73.973728,"city":"New York City","state":"NY","address":"111 East 48th St","name":""},
  {"lat":39.0405,"lon":-94.5919,"city":"Kansas City","state":"MO","address":"401 Ward Parkway","name":""},
  {"lat":32.716727,"lon":-117.171387,"city":"San Diego","state":"CA","address":"901 Bayfront Court","name":""}]}