{"key":"kimpton","displayName":"Kimpton","category":"hotels","useLocationName":false,"locations":[
  {"lat":35.226334,"lon":-80.846441,"city":"Charlotte","state":"NC","address":"303 S. Church Street","name":""},
  {"lat":43.032694,"lon":-87.906909,"city":"Milwaukee","state":"WI","address":"310 E. Chicago Street","name":""},
  {"lat":38.896392,"lon":-77.009963,"city":"Washington","state":"DC","address":"15 E Street NW","name":""},
  {"lat":26.128721,"lon":-80.106608,"city":"Fort Lauderdale","state":"FL","address":"2900 Riomar Street","name":""},
  {"lat":47.607081,"lon":-122.333837,"city":"Seattle","state":"WA","address":"1101 Fourth Avenue","name":""},
  {"lat":34.103958,"lon":-118.324998,"city":"Los Angeles","state":"CA","address":"1800 Argyle Ave","name":""},
  {"lat":32.784233,"lon":-96.787174,"city":"Dallas","state":"TX","address":"2551 Elm Street","name":""},
  {"lat":39.747735,"lon":-104.992376,"city":"Denver","state":"CO","address":"1717 Champa Street","name":""},
  {"lat":33.447152,"lon":-112.073621,"city":"Phoenix","state":"AZ","address":"2 East Jefferson Street","name":""},
  {"lat":45.511391,"lon":-122.674517,"city":"Portland","state":"OR","address":"1510 S Harbor Way","name":""},
  {"lat":33.65815,"lon":-118.002853,"city":"Huntington Beach","state":"CA","address":"500 Pacific Coast Hwy","name":""},
  {"lat":36.098673,"lon":-80.243808,"city":"Winston-Salem","state":"NC","address":"51 4th Street East","name":""},
  {"lat":39.950802,"lon":-75.168655,"city":"Philadelphia","state":"PA","address":"117 South 17th Street","name":""},
  {"lat":34.081522,"lon":-118.386961,"city":"West Hollywood","state":"CA","address":"627 N. La Peer Drive","name":""},
  {"lat":33.790974,"lon":-84.388439,"city":"Atlanta","state":"GA","address":"1340 W. Peachtree Street NW.","name":""},
  {"lat":39.949324,"lon":-75.148838,"city":"Philadelphia","state":"PA","address":"433 Chestnut Street","name":""},
  {"lat":38.052231,"lon":-78.511506,"city":"Charlottesville","state":"VA","address":"540 Massie Road","name":""},
  {"lat":40.765009,"lon":-111.891603,"city":"Salt Lake City","state":"UT","address":"15 West 200 South","name":""},
  {"lat":35.595244,"lon":-82.552188,"city":"Asheville","state":"NC","address":"7 Patton Avenue","name":""},
  {"lat":34.063887,"lon":-118.36601,"city":"Los Angeles","state":"CA","address":"6317 Wilshire Boulevard","name":""},
  {"lat":25.776523,"lon":-80.134039,"city":"Miami Beach","state":"FL","address":"660 Washington Ave","name":""},
  {"lat":47.611825,"lon":-122.341957,"city":"Seattle","state":"WA","address":"2000 Second Avenue","name":""},
  {"lat":29.948537,"lon":-90.067323,"city":"New Orleans","state":"LA","address":"501 Tchoupitoulas St.","name":""},
  {"lat":34.060048,"lon":-118.437397,"city":"Los Angeles","state":"CA","address":"10740 Wilshire Boulevard","name":""},
  {"lat":38.896708,"lon":-77.022485,"city":"Washington","state":"DC","address":"700 F Street NW","name":""},
  {"lat":45.68003,"lon":-111.038324,"city":"Bozeman","state":"MT","address":"24 W. Mendenhall St.","name":""},
  {"lat":25.770522,"lon":-80.189339,"city":"Miami","state":"FL","address":"270 Biscayne Boulevard Way","name":""},
  {"lat":27.655826,"lon":-80.356563,"city":"Vero Beach","state":"FL","address":"3500 Ocean Drive","name":""},
  {"lat":41.257472,"lon":-95.966694,"city":"Omaha","state":"NE","address":"302 S 36th Street","name":""},
  {"lat":40.441418,"lon":-79.996329,"city":"Pittsburgh","state":"PA","address":"620 William Penn Place","name":""},
  {"lat":29.41997,"lon":-98.488555,"city":"San Antonio","state":"TX","address":"431 South Alamo Street","name":""},
  {"lat":38.582463,"lon":-121.49913,"city":"Sacramento","state":"CA","address":"500 J Street","name":""},
  {"lat":37.78666,"lon":-122.430271,"city":"San Francisco","state":"CA","address":"1800 Sutter Street","name":""},
  {"lat":32.078807,"lon":-81.084669,"city":"Savannah","state":"GA","address":"601 East Bay Street","name":""},
  {"lat":34.42042,"lon":-119.702533,"city":"Santa Barbara","state":"CA","address":"31 West Carrillo Street","name":""},
  {"lat":32.752837,"lon":-97.330299,"city":"Fort Worth","state":"TX","address":"714 Main Street","name":""},
  {"lat":40.757779,"lon":-73.979841,"city":"New York City","state":"NY","address":"32 West 48th Street","name":""},
  {"lat":33.652988,"lon":-84.40029,"city":"Atlanta","state":"GA","address":"2 Porsche Drive","name":""},
  {"lat":36.621922,"lon":-121.916482,"city":"Pacific Grove","state":"CA","address":"150 Fountain Avenue","name":""},
  {"lat":40.750053,"lon":-73.979686,"city":"New York City","state":"NY","address":"70 Park Avenue","name":""},
  {"lat":38.908249,"lon":-77.036188,"city":"Washington","state":"DC","address":"1315 16th Street NW","name":""},
  {"lat":33.823254,"lon":-116.547795,"city":"Palm Springs","state":"CA","address":"100 W. Tahquitz Canyon Way","name":""},
  {"lat":33.839346,"lon":-84.375028,"city":"Atlanta","state":"GA","address":"374 East Paces Ferry Road NE","name":""},
  {"lat":36.148569,"lon":-86.798659,"city":"Nashville","state":"TN","address":"2021 Broadway","name":""},
  {"lat":37.806631,"lon":-122.416839,"city":"San Francisco","state":"CA","address":"2700 Jones Street","name":""},
  {"lat":25.792814,"lon":-80.129078,"city":"Miami Beach","state":"FL","address":"1717 Collins Ave","name":""},
  {"lat":45.520817,"lon":-122.678611,"city":"Portland","state":"OR","address":"422 S.W. Broadway","name":""},
  {"lat":47.607671,"lon":-122.332432,"city":"Seattle","state":"WA","address":"1100 Fifth Avenue","name":""},
  {"lat":39.625702,"lon":-104.905627,"city":"Denver","state":"CO","address":"6985 E. Chenango Ave.","name":""},
  {"lat":39.289787,"lon":-76.615594,"city":"Baltimore","state":"MD","address":"2 N. Charles Street","name":""},
  {"lat":43.165672,"lon":-73.070568,"city":"Manchester","state":"VT","address":"3835 Main Street","name":""},
  {"lat":40.747202,"lon":-73.989978,"city":"New York City","state":"NY","address":"851 6th Avenue","name":""},
  {"lat":41.880875,"lon":-87.631752,"city":"Chicago","state":"IL","address":"122 W. Monroe Street","name":""},
  {"lat":25.792836,"lon":-80.141528,"city":"Miami Beach","state":"FL","address":"1750 Alton Road","name":""},
  {"lat":42.367896,"lon":-71.075234,"city":"Cambridge","state":"MA","address":"25 Edwin H. Land Blvd","name":""},
  {"lat":41.499811,"lon":-81.686762,"city":"Cleveland","state":"OH","address":"2000 East Ninth Street","name":""},
  {"lat":40.761212,"lon":-73.98651,"city":"New York City","state":"NY","address":"790 8th Avenue","name":""}]}