{"key":"mainstay_suites","displayName":"MainStay Suites","category":"hotels","useLocationName":false,"locations":[
  {"lat":41.697505,"lon":-91.604252,"city":"Coralville","state":"IA","address":"2491 Holiday Road","name":""},
  {"lat":36.1152,"lon":-115.13247,"city":"Las Vegas","state":"NV","address":"1550 E Flamingo Road","name":""},
  {"lat":36.13494,"lon":-115.13711,"city":"Las Vegas","state":"NV","address":"3045 S Maryland Pkwy","name":""},
  {"lat":33.9395,"lon":-117.25926,"city":"Moreno Valley","state":"CA","address":"23120 Sunnymead Boulevard","name":""},
  {"lat":33.710739,"lon":-117.853149,"city":"Santa Ana","state":"CA","address":"2701 Hotel Terrace Drive","name":""},
  {"lat":36.035245,"lon":-86.796091,"city":"Brentwood","state":"TN","address":"107 Brentwood Blvd","name":""},
  {"lat":36.186293,"lon":-86.410728,"city":"Lebanon","state":"TN","address":"150 S Eastgate Court","name":""},
  {"lat":35.849579,"lon":-86.439572,"city":"Murfreesboro","state":"TN","address":"130 John R Rice Blvd.","name":""},
  {"lat":42.494337,"lon":-90.738947,"city":"Dubuque","state":"IA","address":"1275 Associates Dr.","name":""},
  {"lat":38.906702,"lon":-86.921733,"city":"Newberry","state":"IN","address":"7834 Progress Way","name":""},
  {"lat":28.06713,"lon":-82.37177,"city":"Temple Terrace","state":"FL","address":"6800 WoodStork Drive","name":""},
  {"lat":35.784854,"lon":-83.988735,"city":"Alcoa","state":"TN","address":"361 Fountain View Circle","name":""},
  {"lat":36.010525,"lon":-83.969169,"city":"Knoxville","state":"TN","address":"144 Merchants Drive","name":""},
  {"lat":35.722105,"lon":-83.497962,"city":"Gatlinburg","state":"TN","address":"803 E Parkway","name":""},
  {"lat":37.310448,"lon":-79.969214,"city":"Roanoke","state":"VA","address":"5080 Valley View Blvd.","name":""},
  {"lat":44.8616,"lon":-93.25476,"city":"Bloomington","state":"MN","address":"1321 E. 78th St.","name":""},
  {"lat":34.119786,"lon":-84.744037,"city":"Emerson","state":"GA","address":"146 Old Allatoona Rd. SE","name":""},
  {"lat":39.80484,"lon":-104.770524,"city":"Denver","state":"CO","address":"5980 Tower Road","name":""},
  {"lat":39.726449,"lon":-105.024965,"city":"Denver","state":"CO","address":"620 Federal Blvd.","name":""},
  {"lat":40.624081,"lon":-111.85194,"city":"Salt Lake City","state":"UT","address":"6990 S. Park Centre Drive","name":""},
  {"lat":42.92012,"lon":-88.01006,"city":"Franklin","state":"WI","address":"6868 S Ballpark Dr.","name":""},
  {"lat":34.083753,"lon":-81.160431,"city":"Columbia","state":"SC","address":"350 Columbiana Dr","name":""},
  {"lat":27.310613,"lon":-80.422542,"city":"Port St. Lucie","state":"FL","address":"8501 Champions Way","name":""},
  {"lat":39.256455,"lon":-84.376648,"city":"Blue Ash","state":"OH","address":"10665 Techwood Circle","name":""},
  {"lat":39.9284,"lon":-74.96019,"city":"Mount Laurel","state":"NJ","address":"450 Century Parkway","name":""},
  {"lat":40.176543,"lon":-75.128549,"city":"Horsham","state":"PA","address":"245 Easton Rd.","name":""},
  {"lat":45.02482,"lon":-84.684193,"city":"Gaylord","state":"MI","address":"831 West Main Street","name":""},
  {"lat":40.455324,"lon":-80.191042,"city":"Pittsburgh","state":"PA","address":"1000 Park Lane Drive","name":""},
  {"lat":34.56084,"lon":-87.00213,"city":"Decatur","state":"AL","address":"918 Beltline Road SW","name":""},
  {"lat":42.91439,"lon":-85.57063,"city":"Grand Rapids","state":"MI","address":"3920 Stahl Dr SE","name":""},
  {"lat":28.673382,"lon":-81.387768,"city":"Altamonte Springs","state":"FL","address":"644 Raymond Avenue","name":""},
  {"lat":40.3722,"lon":-76.651476,"city":"Grantville","state":"PA","address":"105 Kelley Court","name":""},
  {"lat":40.181899,"lon":-77.237109,"city":"Carlisle","state":"PA","address":"1405 Dennison Circle","name":""},
  {"lat":39.982343,"lon":-76.726018,"city":"York","state":"PA","address":"1402 Toronita St.","name":""},
  {"lat":39.593478,"lon":-104.869646,"city":"Centennial","state":"CO","address":"6780 S Galena St","name":""},
  {"lat":38.929652,"lon":-94.728772,"city":"Overland Park","state":"KS","address":"11001 Oakmont Street","name":""},
  {"lat":29.55581,"lon":-95.11844,"city":"Houston","state":"TX","address":"1050 Bay Area Blvd","name":""},
  {"lat":29.700203,"lon":-95.378115,"city":"Houston","state":"TX","address":"3134 Old Spanish Trail","name":""},
  {"lat":34.862216,"lon":-82.253746,"city":"Greer","state":"SC","address":"2671 Dry Pocket Rd","name":""},
  {"lat":31.368335,"lon":-94.712907,"city":"Lufkin","state":"TX","address":"2409 North Timberland Drive","name":""},
  {"lat":29.993777,"lon":-93.356135,"city":"Hackberry","state":"LA","address":"700 Main Street","name":""},
  {"lat":31.977174,"lon":-102.058425,"city":"Midland","state":"TX","address":"2500 South Lamesa Road","name":""},
  {"lat":31.826459,"lon":-102.354101,"city":"Odessa","state":"TX","address":"1801 S. Highway 385","name":""},
  {"lat":38.273651,"lon":-84.553087,"city":"Georgetown","state":"KY","address":"407 Cherry Blossom Way","name":""},
  {"lat":32.956782,"lon":-96.829618,"city":"Addison","state":"TX","address":"15200 Addison Road","name":""},
  {"lat":32.89477,"lon":-96.90449,"city":"Dallas","state":"TX","address":"2208 Royal Lane","name":""},
  {"lat":43.020009,"lon":-89.421572,"city":"Fitchburg","state":"WI","address":"5421 Caddis Bend","name":""},
  {"lat":43.13989,"lon":-89.28762,"city":"Madison","state":"WI","address":"5317 High Crossing Blvd","name":""},
  {"lat":43.045874,"lon":-89.299372,"city":"Madison","state":"WI","address":"4802 Tradewinds Parkway","name":""},
  {"lat":32.633494,"lon":-96.821869,"city":"Lancaster","state":"TX","address":"3508 N I-35E","name":""},
  {"lat":41.171268,"lon":-87.848487,"city":"Bourbonnais","state":"IL","address":"60 Ken Hayes Dr","name":""},
  {"lat":41.514095,"lon":-88.125022,"city":"Joliet","state":"IL","address":"135 S. Larkin Ave.","name":""},
  {"lat":41.582593,"lon":-88.163445,"city":"Joliet","state":"IL","address":"3235 Norman Ave.","name":""},
  {"lat":47.70014,"lon":-116.79637,"city":"Coeur D' Alene","state":"ID","address":"702 W. Appleway Avenue","name":""},
  {"lat":47.66855,"lon":-117.18871,"city":"Spokane Valley","state":"WA","address":"16106 E Indiana Ave","name":""},
  {"lat":47.619627,"lon":-117.507945,"city":"Spokane","state":"WA","address":"3809 S. Geiger Boulevard","name":""},
  {"lat":32.014611,"lon":-81.11121,"city":"Savannah","state":"GA","address":"6800 Abercorn Street","name":""},
  {"lat":39.03141,"lon":-77.3963,"city":"Sterling","state":"VA","address":"21123 Whitfield Place","name":""},
  {"lat":38.88361,"lon":-77.44711,"city":"Chantilly","state":"VA","address":"4506 Brookfield Corporate Drive","name":""},
  {"lat":34.245678,"lon":-77.876022,"city":"Wilmington","state":"NC","address":"5229 Market Street","name":""},
  {"lat":44.26519,"lon":-88.4715,"city":"Appleton","state":"WI","address":"310 N Metro Dr","name":""},
  {"lat":42.492101,"lon":-83.41753,"city":"Farmington Hills","state":"MI","address":"37555 Hills Tech Drive","name":""},
  {"lat":35.769734,"lon":-78.740298,"city":"Raleigh","state":"NC","address":"1020 Buck Jones Road","name":""},
  {"lat":35.811679,"lon":-78.601175,"city":"Raleigh","state":"NC","address":"2601 Appliance Court","name":""},
  {"lat":39.124951,"lon":-84.502032,"city":"Cincinnati","state":"OH","address":"2347 Reading Road","name":""},
  {"lat":42.665943,"lon":-83.244884,"city":"Auburn Hills","state":"MI","address":"1650 N Opdyke Road","name":""},
  {"lat":28.44738,"lon":-99.245382,"city":"Cotulla","state":"TX","address":"565 N. IH35","name":""},
  {"lat":39.92767,"lon":-77.6333,"city":"Chambersburg","state":"PA","address":"30 Falling Spring Road","name":""},
  {"lat":37.258546,"lon":-77.327928,"city":"Prince George","state":"VA","address":"5380 Oaklawn Blvd.","name":""},
  {"lat":36.776043,"lon":-76.258553,"city":"Chesapeake","state":"VA","address":"1660 Debaun Ave","name":""},
  {"lat":37.280148,"lon":-76.689247,"city":"Williamsburg","state":"VA","address":"814 Capitol Landing Road","name":""},
  {"lat":26.264308,"lon":-98.172461,"city":"Edinburg","state":"TX","address":"4001 S. Closner Blvd","name":""},
  {"lat":41.574743,"lon":-93.852772,"city":"Waukee","state":"IA","address":"2885 Grand Prairie Prkwy.","name":""},
  {"lat":41.87318,"lon":-87.89538,"city":"Hillside","state":"IL","address":"4575 Frontage Road","name":""},
  {"lat":41.847765,"lon":-87.974152,"city":"Oakbrook Terrace","state":"IL","address":"1S666 Midwest Road","name":""},
  {"lat":38.455903,"lon":-81.922031,"city":"Hurricane","state":"WV","address":"1211 Liberty Park Drive","name":""},
  {"lat":44.102418,"lon":-103.160162,"city":"Rapid City","state":"SD","address":"3321 Outfitter Road","name":""},
  {"lat":42.842356,"lon":-106.222206,"city":"Casper","state":"WY","address":"551 Granite Peak Drive","name":""},
  {"lat":38.567547,"lon":-109.551224,"city":"Moab","state":"UT","address":"356 South Main Street","name":""},
  {"lat":32.265275,"lon":-101.479002,"city":"Big Spring","state":"TX","address":"306 NE 12th Street","name":""},
  {"lat":29.938938,"lon":-93.982951,"city":"Port Arthur","state":"TX","address":"7648 Memorial Blvd.","name":""},
  {"lat":30.707083,"lon":-101.196579,"city":"Ozona","state":"TX","address":"1307 Ave A","name":""},
  {"lat":34.229133,"lon":-79.796085,"city":"Florence","state":"SC","address":"1819 West Lucas Street","name":""},
  {"lat":35.041976,"lon":-85.160195,"city":"Chattanooga","state":"TN","address":"7030 Amin Drive","name":""},
  {"lat":35.914685,"lon":-84.101956,"city":"Knoxville","state":"TN","address":"214 Langley Place","name":""},
  {"lat":40.09367,"lon":-82.98739,"city":"Columbus","state":"OH","address":"6255 Quarter Horse Drive","name":""},
  {"lat":36.435404,"lon":-89.06946,"city":"Union City","state":"TN","address":"1111 Blue Heron Lane","name":""},
  {"lat":35.464544,"lon":-97.49579,"city":"Oklahoma City","state":"OK","address":"929 E. Reno Avenue","name":""},
  {"lat":35.46252,"lon":-97.60085,"city":"Oklahoma City","state":"OK","address":"316 South Meridian Ave","name":""},
  {"lat":41.367718,"lon":-81.823203,"city":"Middleburg Heights","state":"OH","address":"7325 Engle Rd","name":""},
  {"lat":39.542413,"lon":-82.447687,"city":"Logan","state":"OH","address":"12830 Grey Street","name":""},
  {"lat":40.855729,"lon":-73.89112,"city":"The Bronx","state":"NY","address":"510 E. 185th Street","name":""},
  {"lat":37.826224,"lon":-92.157893,"city":"St. Robert","state":"MO","address":"227 St. Robert Boulevard","name":""},
  {"lat":38.741289,"lon":-90.398577,"city":"Bridgeton","state":"MO","address":"11225 Lone Eagle Dr.","name":""},
  {"lat":38.63365,"lon":-90.34341,"city":"St. Louis","state":"MO","address":"8011 Galleria Pkwy","name":""},
  {"lat":37.15835,"lon":-93.26913,"city":"Springfield","state":"MO","address":"1550 E Raynell Pl.","name":""},
  {"lat":30.26709,"lon":-90.986272,"city":"Geismar","state":"LA","address":"37090 Market Center Blvd.","name":""},
  {"lat":30.45715,"lon":-90.961346,"city":"Denham Springs","state":"LA","address":"246 Rushing Road W","name":""},
  {"lat":38.101194,"lon":-84.482873,"city":"Lexington","state":"KY","address":"1938 Stanton Way","name":""},
  {"lat":29.568849,"lon":-90.683177,"city":"Houma","state":"LA","address":"1650 Grand Caillou Road","name":""},
  {"lat":48.305891,"lon":-102.397186,"city":"Stanley","state":"ND","address":"604 Westview Lane","name":""},
  {"lat":48.390602,"lon":-102.930075,"city":"Tioga","state":"ND","address":"200 Oil Capital Way S","name":""},
  {"lat":46.834545,"lon":-100.777788,"city":"Bismarck","state":"ND","address":"2507 N. 9th Street","name":""},
  {"lat":46.850844,"lon":-96.860329,"city":"Fargo","state":"ND","address":"1901 44th Street SW","name":""},
  {"lat":48.203712,"lon":-101.310756,"city":"Minot","state":"ND","address":"1212 31st Avenue, SW","name":""},
  {"lat":36.075607,"lon":-79.961995,"city":"Greensboro","state":"NC","address":"7623 Thorndike Road","name":""},
  {"lat":35.70042,"lon":-81.260554,"city":"Conover","state":"NC","address":"1607 Fairgrove Church Rd","name":""},
  {"lat":34.781725,"lon":-77.386947,"city":"Jacksonville","state":"NC","address":"2201 N. Marine Blvd.","name":""},
  {"lat":42.7402,"lon":-84.66066,"city":"Lansing","state":"MI","address":"7501 W Saginaw Hwy","name":""},
  {"lat":43.974,"lon":-92.46116,"city":"Rochester","state":"MN","address":"55 Wood Lake Drive SE","name":""},
  {"lat":39.15058,"lon":-75.50373,"city":"Dover","state":"DE","address":"201 Stover Blvd","name":""},
  {"lat":40.865028,"lon":-96.67908,"city":"Lincoln","state":"NE","address":"2803 Folkways Boulevard","name":""},
  {"lat":41.256511,"lon":-96.08237,"city":"Omaha","state":"NE","address":"360 S. 108th Avenue","name":""},
  {"lat":40.889053,"lon":-98.339355,"city":"Grand Island","state":"NE","address":"3051 S. Locust Street","name":""},
  {"lat":48.168212,"lon":-103.619849,"city":"Williston","state":"ND","address":"200 26th Street East","name":""},
  {"lat":47.803366,"lon":-103.246155,"city":"Watford City","state":"ND","address":"222 Prairie Hills Rd.","name":""},
  {"lat":47.489484,"lon":-111.32707,"city":"Great Falls","state":"MT","address":"520 Country Club Blvd.","name":""},
  {"lat":47.718727,"lon":-104.170677,"city":"Sidney","state":"MT","address":"1000 3rd Street NW","name":""},
  {"lat":32.365935,"lon":-88.675871,"city":"Meridian","state":"MS","address":"901 1st Avenue East","name":""},
  {"lat":32.752057,"lon":-103.170523,"city":"Hobbs","state":"NM","address":"2700 West Scenic Drive","name":""},
  {"lat":32.378147,"lon":-104.229323,"city":"Carlsbad","state":"NM","address":"3621 San Jose Blvd.","name":""},
  {"lat":38.33705,"lon":-75.10988,"city":"Ocean City","state":"MD","address":"12718 Ocean Gateway","name":""},
  {"lat":33.398171,"lon":-84.753283,"city":"Newnan","state":"GA","address":"3 Amlajack Blvd.","name":""},
  {"lat":32.418252,"lon":-84.946198,"city":"Columbus","state":"GA","address":"3662 Victory Drive","name":""},
  {"lat":38.213857,"lon":-85.53996,"city":"Louisville","state":"KY","address":"11762 Commonwealth Drive","name":""}]}