{"key":"market_basket","displayName":"Market Basket","category":"grocery","useLocationName":false,"locations":[
  {"lat":42.380312,"lon":-71.263313,"city":"Waltham","state":"MA","address":"","name":""},
  {"lat":42.55096,"lon":-70.934784,"city":"Danvers","state":"MA","address":"","name":""},
  {"lat":42.247368,"lon":-71.725786,"city":"Shrewsbury","state":"MA","address":"","name":""},
  {"lat":42.147276,"lon":-70.842585,"city":"Hanover","state":"MA","address":"","name":""},
  {"lat":42.631355,"lon":-71.273518,"city":"Tewksbury","state":"MA","address":"","name":""},
  {"lat":41.942047,"lon":-70.713221,"city":"Plymouth","state":"MA","address":"","name":""},
  {"lat":42.644503,"lon":-71.319353,"city":"Lowell","state":"MA","address":"","name":""},
  {"lat":42.664767,"lon":-71.302033,"city":"Lowell","state":"MA","address":"","name":""},
  {"lat":42.613593,"lon":-71.333005,"city":"Chelmsford","state":"MA","address":"","name":""},
  {"lat":42.762229,"lon":-71.21287,"city":"Salem","state":"NH","address":"","name":""},
  {"lat":42.540245,"lon":-71.244142,"city":"Billerica","state":"MA","address":"","name":""},
  {"lat":42.631071,"lon":-71.273586,"city":"Tewksbury","state":"MA","address":"","name":""},
  {"lat":42.704881,"lon":-71.201475,"city":"Methuen","state":"MA","address":"","name":""},
  {"lat":42.682832,"lon":-71.13723,"city":"North Andover","state":"MA","address":"","name":""},
  {"lat":42.775993,"lon":-71.075148,"city":"Haverhill","state":"MA","address":"","name":""},
  {"lat":42.529848,"lon":-71.745203,"city":"Leominster","state":"MA","address":"","name":""},
  {"lat":42.742936,"lon":-71.165505,"city":"Methuen","state":"MA","address":"","name":""},
  {"lat":42.633801,"lon":-71.356613,"city":"Lowell","state":"MA","address":"","name":""},
  {"lat":42.50621,"lon":-71.131741,"city":"Woburn","state":"MA","address":"","name":""},
  {"lat":43.088255,"lon":-70.788298,"city":"Portsmouth","state":"NH","address":"","name":""},
  {"lat":42.5511,"lon":-70.933503,"city":"Danvers","state":"MA","address":"","name":""},
  {"lat":42.4689,"lon":-71.208439,"city":"Burlington","state":"MA","address":"","name":""},
  {"lat":42.821784,"lon":-71.106707,"city":"Plaistow","state":"NH","address":"","name":""},
  {"lat":42.999211,"lon":-70.924054,"city":"Stratham","state":"NH","address":"","name":""},
  {"lat":42.581523,"lon":-71.775504,"city":"Fitchburg","state":"MA","address":"","name":""},
  {"lat":42.38073,"lon":-71.101597,"city":"Somerville","state":"MA","address":"","name":""},
  {"lat":42.886065,"lon":-70.868163,"city":"Seabrook","state":"NH","address":"","name":""},
  {"lat":42.767375,"lon":-71.216622,"city":"Salem","state":"NH","address":"","name":""},
  {"lat":42.394142,"lon":-71.042246,"city":"Chelsea","state":"MA","address":"","name":""},
  {"lat":42.73281,"lon":-71.42368,"city":"Hudson","state":"NH","address":"","name":""},
  {"lat":43.204561,"lon":-71.532861,"city":"Concord","state":"NH","address":"","name":""},
  {"lat":43.215046,"lon":-71.529704,"city":"Concord","state":"NH","address":"","name":""},
  {"lat":43.227041,"lon":-70.882131,"city":"Somersworth","state":"NH","address":"","name":""},
  {"lat":42.800151,"lon":-71.542121,"city":"Nashua","state":"NH","address":"","name":""},
  {"lat":42.820958,"lon":-70.901958,"city":"Newburyport","state":"MA","address":"","name":""},
  {"lat":42.899845,"lon":-70.867983,"city":"Seabrook","state":"NH","address":"","name":""},
  {"lat":42.867021,"lon":-71.346885,"city":"Londonderry","state":"NH","address":"","name":""},
  {"lat":42.785224,"lon":-71.505439,"city":"Nashua","state":"NH","address":"","name":""},
  {"lat":42.58071,"lon":-71.289282,"city":"North Billerica","state":"MA","address":"","name":""},
  {"lat":42.580016,"lon":-70.996794,"city":"Middleton","state":"MA","address":"","name":""},
  {"lat":42.765915,"lon":-72.035497,"city":"Rindge","state":"NH","address":"","name":""},
  {"lat":42.76379,"lon":-71.036957,"city":"Haverhill","state":"MA","address":"","name":""},
  {"lat":43.341791,"lon":-70.975745,"city":"Rochester","state":"NH","address":"","name":""},
  {"lat":43.150602,"lon":-71.008992,"city":"Lee","state":"NH","address":"","name":""},
  {"lat":41.936851,"lon":-71.084059,"city":"Raynham","state":"MA","address":"","name":""},
  {"lat":43.363744,"lon":-72.319701,"city":"Claremont","state":"NH","address":"","name":""},
  {"lat":42.116487,"lon":-71.462282,"city":"Bellingham","state":"MA","address":"","name":""},
  {"lat":43.291121,"lon":-71.833434,"city":"Warner","state":"NH","address":"","name":""},
  {"lat":43.044711,"lon":-70.774262,"city":"Portsmouth","state":"NH","address":"","name":""},
  {"lat":42.840812,"lon":-71.705811,"city":"Milford","state":"NH","address":"","name":""},
  {"lat":42.503231,"lon":-70.919199,"city":"Salem","state":"MA","address":"","name":""},
  {"lat":43.45514,"lon":-71.574942,"city":"Tilton","state":"NH","address":"","name":""},
  {"lat":42.519334,"lon":-71.097047,"city":"Reading","state":"MA","address":"","name":""},
  {"lat":42.62143,"lon":-70.656524,"city":"Gloucester","state":"MA","address":"","name":""},
  {"lat":42.113911,"lon":-71.851788,"city":"Oxford","state":"MA","address":"","name":""},
  {"lat":42.910129,"lon":-72.296833,"city":"Swanzey","state":"NH","address":"","name":""},
  {"lat":41.657587,"lon":-70.92226,"city":"New Bedford","state":"MA","address":"","name":""},
  {"lat":43.044511,"lon":-71.46871,"city":"Hooksett","state":"NH","address":"","name":""},
  {"lat":42.983961,"lon":-71.464608,"city":"Manchester","state":"NH","address":"","name":""},
  {"lat":42.093075,"lon":-71.054513,"city":"Brockton","state":"MA","address":"","name":""},
  {"lat":41.771072,"lon":-70.546387,"city":"Bourne","state":"MA","address":"","name":""},
  {"lat":42.015011,"lon":-71.032536,"city":"West Bridgewater","state":"MA","address":"","name":""},
  {"lat":42.970071,"lon":-71.508407,"city":"Bedford","state":"NH","address":"","name":""},
  {"lat":42.565695,"lon":-71.426411,"city":"Westford","state":"MA","address":"","name":""},
  {"lat":42.393818,"lon":-71.593734,"city":"Hudson","state":"MA","address":"","name":""},
  {"lat":42.427513,"lon":-71.010578,"city":"Revere","state":"MA","address":"","name":""},
  {"lat":43.471824,"lon":-70.512541,"city":"Biddeford","state":"ME","address":"","name":""},
  {"lat":41.90068,"lon":-71.354208,"city":"South Attleboro","state":"MA","address":"","name":""},
  {"lat":42.552952,"lon":-71.476279,"city":"Littleton","state":"MA","address":"","name":""},
  {"lat":42.581012,"lon":-72.188719,"city":"Athol","state":"MA","address":"","name":""},
  {"lat":42.381054,"lon":-71.262846,"city":"Waltham","state":"MA","address":"","name":""},
  {"lat":43.331459,"lon":-71.011014,"city":"Rochester","state":"NH","address":"","name":""},
  {"lat":42.463581,"lon":-70.967831,"city":"Lynn","state":"MA","address":"","name":""},
  {"lat":41.677181,"lon":-71.162113,"city":"Fall River","state":"MA","address":"","name":""},
  {"lat":42.780972,"lon":-71.230835,"city":"Salem","state":"NH","address":"","name":""},
  {"lat":43.669915,"lon":-70.337551,"city":"Westbrook","state":"ME","address":"","name":""},
  {"lat":43.771786,"lon":-71.724958,"city":"Plymouth","state":"NH","address":"","name":""},
  {"lat":42.418657,"lon":-71.448386,"city":"Maynard","state":"MA","address":"","name":""},
  {"lat":42.640731,"lon":-71.362588,"city":"Lowell","state":"MA","address":"","name":""},
  {"lat":41.702541,"lon":-71.498129,"city":"Warwick","state":"RI","address":"","name":""},
  {"lat":41.822429,"lon":-71.494959,"city":"Johnston","state":"RI","address":"","name":""},
  {"lat":42.147613,"lon":-70.842211,"city":"Hanover","state":"MA","address":"","name":""},
  {"lat":43.287943,"lon":-71.578326,"city":"Concord","state":"NH","address":"","name":""},
  {"lat":42.247305,"lon":-71.726333,"city":"Shrewsbury","state":"MA","address":"","name":""},
  {"lat":44.026235,"lon":-71.115848,"city":"North Conway","state":"NH","address":"","name":""},
  {"lat":43.930516,"lon":-69.983491,"city":"Topsham","state":"ME","address":"","name":""},
  {"lat":42.701958,"lon":-71.172117,"city":"Lawrence","state":"MA","address":"","name":""},
  {"lat":42.555342,"lon":-71.178158,"city":"Wilmington","state":"MA","address":"","name":""},
  {"lat":42.773938,"lon":-71.114427,"city":"Haverhill","state":"MA","address":"","name":""},
  {"lat":43.024729,"lon":-71.076852,"city":"Epping","state":"NH","address":"","name":""},
  {"lat":42.706508,"lon":-71.443478,"city":"Nashua","state":"NH","address":"","name":""},
  {"lat":42.580081,"lon":-71.793183,"city":"Fitchburg","state":"MA","address":"","name":""},
  {"lat":42.257129,"lon":-71.428122,"city":"Ashland","state":"MA","address":"","name":""},
  {"lat":42.708678,"lon":-70.905862,"city":"Rowley","state":"MA","address":"","name":""},
  {"lat":42.590902,"lon":-71.202359,"city":"Tewksbury","state":"MA","address":"","name":""}]}