{"key":"menards","displayName":"Menards","category":"shopping","useLocationName":false,"locations":[
  {"lat":45.460465,"lon":-98.435885,"city":"Aberdeen","state":"SD","address":"3821 6TH AVE SE","name":""},
  {"lat":45.847608,"lon":-95.380138,"city":"Alexandria","state":"MN","address":"215 50TH AVE W","name":""},
  {"lat":41.64733,"lon":-93.509689,"city":"Altoona","state":"IA","address":"370 36TH AVE SW","name":""},
  {"lat":42.006792,"lon":-93.603001,"city":"Ames","state":"IA","address":"700 SE 16TH ST","name":""},
  {"lat":40.044236,"lon":-85.651475,"city":"Anderson","state":"IN","address":"2245 E 67TH ST","name":""},
  {"lat":41.674459,"lon":-84.996782,"city":"Angola","state":"IN","address":"3200 N WAYNE ST","name":""},
  {"lat":41.704911,"lon":-93.578623,"city":"Ankeny","state":"IA","address":"2505 SE DELAWARE AVE","name":""},
  {"lat":42.288055,"lon":-83.855213,"city":"Ann Arbor","state":"MI","address":"6405 JACKSON RD","name":""},
  {"lat":45.16018,"lon":-89.136171,"city":"Antigo","state":"WI","address":"2001 JEROME ST","name":""},
  {"lat":42.468373,"lon":-88.068651,"city":"Antioch","state":"IL","address":"369 E IL ROUTE 173","name":""},
  {"lat":44.734219,"lon":-93.189713,"city":"Apple Valley","state":"MN","address":"6055 150TH ST W","name":""},
  {"lat":44.26109,"lon":-88.358037,"city":"Appleton","state":"WI","address":"3300 E EXPRESS CT","name":""},
  {"lat":44.270437,"lon":-88.483018,"city":"Grand Chute","state":"WI","address":"5105 W INTEGRITY WAY","name":""},
  {"lat":39.334225,"lon":-82.043053,"city":"Athens","state":"OH","address":"2009 E STATE ST","name":""},
  {"lat":39.761281,"lon":-86.334741,"city":"Avon","state":"IN","address":"10555 E US HIGHWAY 36","name":""},
  {"lat":41.469057,"lon":-82.013658,"city":"Avon","state":"OH","address":"35700 CHESTER RD","name":""},
  {"lat":43.455431,"lon":-89.771991,"city":"Baraboo","state":"WI","address":"1040 STATE ROAD 136","name":""},
  {"lat":38.413814,"lon":-82.288197,"city":"Barboursville","state":"WV","address":"1 MENARDS DR","name":""},
  {"lat":41.856253,"lon":-88.338265,"city":"Batavia","state":"IL","address":"300 N RANDALL RD","name":""},
  {"lat":42.265755,"lon":-85.175275,"city":"Battle Creek","state":"MI","address":"12765 HARPER VILLAGE DR","name":""},
  {"lat":46.372145,"lon":-94.241481,"city":"Baxter","state":"MN","address":"15236 DELLWOOD DR","name":""},
  {"lat":43.62149,"lon":-83.93851,"city":"Bay City","state":"MI","address":"2864 E WILDER RD","name":""},
  {"lat":43.488399,"lon":-88.806812,"city":"Beaver Dam","state":"WI","address":"121 FRANCES LN","name":""},
  {"lat":42.229108,"lon":-83.488153,"city":"Belleville","state":"MI","address":"10010 BELLEVILLE RD","name":""},
  {"lat":41.156101,"lon":-95.941226,"city":"Bellevue","state":"NE","address":"10501 S 21ST ST","name":""},
  {"lat":42.527331,"lon":-88.983027,"city":"Beloit","state":"WI","address":"2851 MILWAUKEE RD","name":""},
  {"lat":38.821656,"lon":-94.518141,"city":"Belton","state":"MO","address":"800 E MARKEY PKWY","name":""},
  {"lat":47.494327,"lon":-94.918416,"city":"Bemidji","state":"MN","address":"2600 PAUL BUNYAN DR NW","name":""},
  {"lat":43.683793,"lon":-85.516784,"city":"Big Rapids","state":"MI","address":"14777 215TH AVE","name":""},
  {"lat":46.842685,"lon":-100.775604,"city":"Bismarck","state":"ND","address":"3300 STATE ST","name":""},
  {"lat":45.156433,"lon":-93.231637,"city":"Blaine","state":"MN","address":"10251 BALTIMORE ST NE","name":""},
  {"lat":42.613053,"lon":-83.304345,"city":"Bloomfield Hills","state":"MI","address":"1901 S TELEGRAPH RD","name":""},
  {"lat":39.159018,"lon":-86.574917,"city":"Bloomington","state":"IN","address":"1285 S LIBERTY DR","name":""},
  {"lat":41.704832,"lon":-88.066265,"city":"Bolingbrook","state":"IL","address":"290 N BOLINGBROOK DR","name":""},
  {"lat":36.956986,"lon":-86.442692,"city":"Bowling Green","state":"KY","address":"1948 MENARD ST","name":""},
  {"lat":41.161556,"lon":-87.84522,"city":"Bradley","state":"IL","address":"1260 CHRISTINE DR","name":""},
  {"lat":39.319332,"lon":-80.238242,"city":"Bridgeport","state":"WV","address":"440 HADEN BLVD","name":""},
  {"lat":41.725652,"lon":-87.80155,"city":"Bridgeview","state":"IL","address":"9140 S HARLEM AVE","name":""},
  {"lat":45.097013,"lon":-93.383469,"city":"Brooklyn Park","state":"MN","address":"7800 LAKELAND AVE N","name":""},
  {"lat":45.156984,"lon":-93.846283,"city":"Buffalo","state":"MN","address":"1415 COUNTY ROAD 134","name":""},
  {"lat":42.705571,"lon":-88.240914,"city":"Burlington","state":"WI","address":"2100 MILWAUKEE AVE","name":""},
  {"lat":44.776668,"lon":-93.313252,"city":"Burnsville","state":"MN","address":"2700 HIGHWAY 13 W","name":""},
  {"lat":45.570242,"lon":-93.19486,"city":"Cambridge","state":"MN","address":"2355 2ND AVE SE","name":""},
  {"lat":39.641006,"lon":-86.331638,"city":"Camby","state":"IN","address":"8301 WINDFALL LN","name":""},
  {"lat":37.287848,"lon":-89.577508,"city":"Cape Girardeau","state":"MO","address":"535 SIEMERS DR","name":""},
  {"lat":40.003357,"lon":-86.12094,"city":"Carmel","state":"IN","address":"2150 E GREYHOUND PASS","name":""},
  {"lat":42.123875,"lon":-88.33842,"city":"Carpentersville","state":"IL","address":"2300 RANDALL RD","name":""},
  {"lat":42.845941,"lon":-106.231478,"city":"Casper","state":"WY","address":"6220 MENARD DR","name":""},
  {"lat":42.487054,"lon":-92.432857,"city":"Cedar Falls","state":"IA","address":"1125 BRANDILYNN BLVD","name":""},
  {"lat":41.950047,"lon":-91.724902,"city":"Cedar Rapids","state":"IA","address":"2800 WILEY BLVD SW","name":""},
  {"lat":40.554849,"lon":-84.543203,"city":"Celina","state":"OH","address":"1920 HAVEMANN RD","name":""},
  {"lat":40.144629,"lon":-88.252887,"city":"Champaign","state":"IL","address":"620 W TOWN CENTER BLVD","name":""},
  {"lat":42.245202,"lon":-88.982074,"city":"Rockford","state":"IL","address":"2001 S PERRYVILLE RD","name":""},
  {"lat":42.63455,"lon":-82.85,"city":"Chesterfield","state":"MI","address":"45500 MARKETPLACE BLVD","name":""},
  {"lat":41.157711,"lon":-104.777136,"city":"Cheyenne","state":"WY","address":"4355 WINDMILL RD","name":""},
  {"lat":39.368287,"lon":-82.97824,"city":"Chillicothe","state":"OH","address":"1570 N BRIDGE ST","name":""},
  {"lat":41.847386,"lon":-87.74106,"city":"Cicero","state":"IL","address":"2333 S CICERO AVE","name":""},
  {"lat":41.420098,"lon":-81.740426,"city":"Cleveland","state":"OH","address":"7700 BROOKPARK RD","name":""},
  {"lat":43.171119,"lon":-83.777229,"city":"Clio","state":"MI","address":"11357 N LINDEN RD","name":""},
  {"lat":41.612981,"lon":-93.783416,"city":"Clive","state":"IA","address":"12000 HICKMAN RD","name":""},
  {"lat":41.930503,"lon":-87.674102,"city":"Chicago","state":"IL","address":"2601 N CLYBOURN AVE","name":""},
  {"lat":38.975426,"lon":-92.287633,"city":"Columbia","state":"MO","address":"3340 VANDIVER DR","name":""},
  {"lat":39.19589,"lon":-85.949898,"city":"Columbus","state":"IN","address":"2315 MERCHANT MILE","name":""},
  {"lat":41.440596,"lon":-97.324008,"city":"Columbus","state":"NE","address":"340 E 24TH ST","name":""},
  {"lat":40.05778,"lon":-82.969773,"city":"Columbus","state":"OH","address":"1805 MORSE RD","name":""},
  {"lat":39.983477,"lon":-82.822621,"city":"Columbus","state":"OH","address":"6800 E BROAD ST","name":""},
  {"lat":39.968359,"lon":-83.150215,"city":"Columbus","state":"OH","address":"831 HILLIARD ROME RD","name":""},
  {"lat":43.038885,"lon":-85.693669,"city":"Comstock Park","state":"MI","address":"4151 ALPINE AVE NW","name":""},
  {"lat":45.199126,"lon":-93.344511,"city":"Coon Rapids","state":"MN","address":"3045 MAIN ST NW","name":""},
  {"lat":44.813579,"lon":-92.925779,"city":"Cottage Grove","state":"MN","address":"9000 E POINT DOUGLAS RD S","name":""},
  {"lat":41.245692,"lon":-95.821885,"city":"Council Bluffs","state":"IA","address":"40 MENARDS DR","name":""},
  {"lat":41.56852,"lon":-88.118106,"city":"Crest Hill","state":"IL","address":"17441 WEBER RD","name":""},
  {"lat":41.649751,"lon":-87.734761,"city":"Crestwood","state":"IL","address":"4701 W CAL SAG RD","name":""},
  {"lat":42.229076,"lon":-88.292567,"city":"Crystal Lake","state":"IL","address":"4850 ROUTE 14","name":""},
  {"lat":41.154481,"lon":-81.504784,"city":"Cuyahoga Falls","state":"OH","address":"125 GRAHAM RD","name":""},
  {"lat":40.202928,"lon":-87.622471,"city":"Danville","state":"IL","address":"36 E WEST NEWELL RD","name":""},
  {"lat":41.587501,"lon":-90.573498,"city":"Davenport","state":"IA","address":"6600 N BRADY ST","name":""},
  {"lat":43.018296,"lon":-83.560087,"city":"Davison","state":"MI","address":"7410 E COURT ST","name":""},
  {"lat":44.434252,"lon":-88.100966,"city":"de Pere","state":"WI","address":"1313 LAWRENCE DR","name":""},
  {"lat":41.31429,"lon":-84.358863,"city":"Defiance","state":"OH","address":"8845 N STATE ROUTE 66","name":""},
  {"lat":41.530966,"lon":-93.600069,"city":"Des Moines","state":"IA","address":"6000 SE 14TH ST","name":""},
  {"lat":46.822629,"lon":-95.874994,"city":"Detroit Lakes","state":"MN","address":"1465 MENARD DR","name":""},
  {"lat":46.892432,"lon":-102.845152,"city":"Dickinson","state":"ND","address":"4411 W RIDGE DR","name":""},
  {"lat":41.624698,"lon":-87.581978,"city":"Dolton","state":"IL","address":"14975 LINCOLN AVE","name":""},
  {"lat":42.48261,"lon":-90.752588,"city":"Dubuque","state":"IA","address":"5300 WESTSIDE DR","name":""},
  {"lat":44.426624,"lon":-93.20047,"city":"Dundas","state":"MN","address":"100 SCHILLING DR S","name":""},
  {"lat":44.781302,"lon":-91.435791,"city":"Eau Claire","state":"WI","address":"3619 S HASTINGS WAY","name":""},
  {"lat":44.831313,"lon":-91.547637,"city":"Eau Claire","state":"WI","address":"3210 N CLAIREMONT AVE","name":""},
  {"lat":44.86595,"lon":-93.436963,"city":"Eden Prairie","state":"MN","address":"12600 PLAZA DR","name":""},
  {"lat":39.141321,"lon":-88.559268,"city":"Effingham","state":"IL","address":"1100 AVE OF MID AMERICA","name":""},
  {"lat":42.009377,"lon":-88.333741,"city":"Elgin","state":"IL","address":"825 S RANDALL RD","name":""},
  {"lat":37.72356,"lon":-85.89613,"city":"Elizabethtown","state":"KY","address":"100 MENARDS WAY","name":""},
  {"lat":45.32632,"lon":-93.558657,"city":"Elk River","state":"MN","address":"19521 EVANS ST NW","name":""},
  {"lat":41.726933,"lon":-85.969476,"city":"Elkhart","state":"IN","address":"601 E WINDSOR AVE","name":""},
  {"lat":41.265378,"lon":-96.239063,"city":"Elkhorn","state":"NE","address":"750 N 205TH ST","name":""},
  {"lat":45.747499,"lon":-87.093035,"city":"Escanaba","state":"MI","address":"3300 LUDINGTON ST","name":""},
  {"lat":38.003077,"lon":-87.495396,"city":"Evansville","state":"IN","address":"2808 MENARDS DR","name":""},
  {"lat":39.251868,"lon":-84.428392,"city":"Evendale","state":"OH","address":"2789 CUNNINGHAM DR","name":""},
  {"lat":41.726982,"lon":-87.685457,"city":"Evergreen Park","state":"IL","address":"9100 S WESTERN AVE","name":""},
  {"lat":39.78677,"lon":-83.992736,"city":"Fairborn","state":"OH","address":"1277 E DAYTON YLW SPGS RD","name":""},
  {"lat":39.38953,"lon":-84.518705,"city":"Hamilton","state":"OH","address":"2865 PRINCETON RD","name":""},
  {"lat":46.86413,"lon":-96.878861,"city":"West Fargo","state":"ND","address":"1300 13TH AVE E","name":""},
  {"lat":37.786692,"lon":-90.44175,"city":"Farmington","state":"MO","address":"1280 MAPLE ST","name":""},
  {"lat":41.059512,"lon":-83.589601,"city":"Findlay","state":"OH","address":"15110 FLAG CITY DR","name":""},
  {"lat":39.924168,"lon":-86.042851,"city":"Indianapolis","state":"IN","address":"7145 E 96TH ST","name":""},
  {"lat":38.986282,"lon":-84.647392,"city":"Florence","state":"KY","address":"5000 APEX LN","name":""},
  {"lat":43.78675,"lon":-88.490478,"city":"Fond du Lac","state":"WI","address":"1200 RICKMEYER DR","name":""},
  {"lat":45.280489,"lon":-93.012003,"city":"Forest Lake","state":"MN","address":"22800 EVERTON AVE N","name":""},
  {"lat":39.928916,"lon":-88.958776,"city":"Forsyth","state":"IL","address":"533 MARKET DR","name":""},
  {"lat":42.499229,"lon":-94.144911,"city":"Fort Dodge","state":"IA","address":"3319 5TH AVE S","name":""},
  {"lat":41.1318,"lon":-85.016499,"city":"Fort Wayne","state":"IN","address":"5511 MEIJER DR","name":""},
  {"lat":41.01331,"lon":-85.117202,"city":"Fort Wayne","state":"IN","address":"7702 SOUTHTOWN XING","name":""},
  {"lat":41.077305,"lon":-85.222416,"city":"Fort Wayne","state":"IN","address":"6310 ILLINOIS RD","name":""},
  {"lat":42.364191,"lon":-88.17242,"city":"Fox Lake","state":"IL","address":"1400 S US HIGHWAY 12","name":""},
  {"lat":42.924137,"lon":-88.05035,"city":"Franklin","state":"WI","address":"10925 W SPEEDWAY DR","name":""},
  {"lat":42.261908,"lon":-89.628374,"city":"Freeport","state":"IL","address":"2755 IL ROUTE 26 S","name":""},
  {"lat":41.453889,"lon":-96.451538,"city":"Fremont","state":"NE","address":"3600 E 24TH ST","name":""},
  {"lat":45.065287,"lon":-93.245113,"city":"Fridley","state":"MN","address":"5351 CENTRAL AVE NE","name":""},
  {"lat":40.981554,"lon":-90.35707,"city":"Galesburg","state":"IL","address":"2791 VETERANS DR","name":""},
  {"lat":37.97623,"lon":-100.834996,"city":"Garden City","state":"KS","address":"1110 LAREU RD","name":""},
  {"lat":45.024953,"lon":-84.720156,"city":"Gaylord","state":"MI","address":"2300 SNOWDRIFT DR","name":""},
  {"lat":43.195865,"lon":-88.139731,"city":"Germantown","state":"WI","address":"W186N9754 APPLETON AVE","name":""},
  {"lat":44.2715,"lon":-105.487355,"city":"Gillette","state":"WY","address":"1051 E LAKEWAY RD","name":""},
  {"lat":41.901615,"lon":-88.066615,"city":"Glendale Heights","state":"IL","address":"521 E NORTH AVE","name":""},
  {"lat":44.973188,"lon":-93.366821,"city":"Golden Valley","state":"MN","address":"6800 WAYZATA BLVD","name":""},
  {"lat":41.560308,"lon":-85.79855,"city":"Goshen","state":"IN","address":"1925 LINCOLNWAY E","name":""},
  {"lat":47.891218,"lon":-97.079545,"city":"Grand Forks","state":"ND","address":"3550 32ND AVE S","name":""},
  {"lat":40.939703,"lon":-98.38654,"city":"Grand Island","state":"NE","address":"3620 W STATE ST","name":""},
  {"lat":44.466463,"lon":-87.955963,"city":"Green Bay","state":"WI","address":"2560 STEFFENS CT","name":""},
  {"lat":39.609639,"lon":-86.16187,"city":"Greenwood","state":"IN","address":"300 S MARLIN DR","name":""},
  {"lat":41.551325,"lon":-87.410936,"city":"Gary","state":"IN","address":"6050 W RIDGE RD","name":""},
  {"lat":41.690392,"lon":-93.771768,"city":"Grimes","state":"IA","address":"300 NE DESTINATION DR","name":""},
  {"lat":42.382827,"lon":-87.960536,"city":"Gurnee","state":"IL","address":"6401 GRAND AVE","name":""},
  {"lat":41.597874,"lon":-87.498878,"city":"Hammond","state":"IN","address":"1233 165TH ST","name":""},
  {"lat":42.006418,"lon":-88.141691,"city":"Hanover Park","state":"IL","address":"7435 BARRINGTON RD","name":""},
  {"lat":40.620125,"lon":-98.379921,"city":"Hastings","state":"NE","address":"3400 OSBORNE DR E","name":""},
  {"lat":46.824461,"lon":-92.185693,"city":"Hermantown","state":"MN","address":"4809 MILLER TRUNK HWY","name":""},
  {"lat":41.778459,"lon":-87.859321,"city":"Hodgkins","state":"IL","address":"6100 EAST AVE","name":""},
  {"lat":41.608336,"lon":-83.70713,"city":"Holland","state":"OH","address":"7001 ORCHARD CENTRE DR","name":""},
  {"lat":42.780539,"lon":-86.082936,"city":"Holland","state":"MI","address":"572 E 16TH ST","name":""},
  {"lat":36.607881,"lon":-93.227412,"city":"Hollister","state":"MO","address":"801 BIRCH ST","name":""},
  {"lat":41.634923,"lon":-87.933625,"city":"Homer Glen","state":"IL","address":"13956 S BELL RD","name":""},
  {"lat":41.570911,"lon":-87.63385,"city":"Homewood","state":"IL","address":"17545 S HALSTED ST","name":""},
  {"lat":44.546008,"lon":-88.074452,"city":"Howard","state":"WI","address":"2300 WOODMAN DR","name":""},
  {"lat":44.955792,"lon":-92.722771,"city":"Hudson","state":"WI","address":"1400 GATEWAY BLVD","name":""},
  {"lat":44.86505,"lon":-94.372168,"city":"Hutchinson","state":"MN","address":"1525 MONTREAL ST SE","name":""},
  {"lat":39.042011,"lon":-94.33791,"city":"Independence","state":"MO","address":"4101 S LITTLE BLUE PKWY","name":""},
  {"lat":39.831496,"lon":-86.032097,"city":"Indianapolis","state":"IN","address":"7701 E 42ND ST","name":""},
  {"lat":39.663872,"lon":-86.084548,"city":"Indianapolis","state":"IN","address":"7140 S EMERSON AVE","name":""},
  {"lat":48.58627,"lon":-93.441584,"city":"International Falls","state":"MN","address":"1985 VALLEY PINE CIR","name":""},
  {"lat":42.943273,"lon":-85.071421,"city":"Ionia","state":"MI","address":"3063 S STATE RD","name":""},
  {"lat":41.632831,"lon":-91.573022,"city":"Iowa City","state":"IA","address":"2605 NAPLES AVE SW","name":""},
  {"lat":42.241624,"lon":-84.352013,"city":"Jackson","state":"MI","address":"3588 PAGE AVE","name":""},
  {"lat":46.886118,"lon":-98.727857,"city":"Jamestown","state":"ND","address":"1209 23RD ST SW","name":""},
  {"lat":42.725096,"lon":-88.99764,"city":"Janesville","state":"WI","address":"2001 MORSE ST","name":""},
  {"lat":38.577556,"lon":-92.220182,"city":"Jefferson City","state":"MO","address":"810 STONECREEK DR","name":""},
  {"lat":38.331878,"lon":-85.745611,"city":"Jeffersonville","state":"IN","address":"4400 TOWN CENTER BLVD","name":""},
  {"lat":43.081632,"lon":-88.760037,"city":"Johnson Creek","state":"WI","address":"440 WRIGHT RD","name":""},
  {"lat":41.519282,"lon":-88.14533,"city":"Joliet","state":"IL","address":"2524 W JEFFERSON ST","name":""},
  {"lat":37.052866,"lon":-94.474378,"city":"Joplin","state":"MO","address":"3317 S GENEVA AVE","name":""},
  {"lat":42.298317,"lon":-85.684048,"city":"Kalamazoo","state":"MI","address":"6800 W MAIN ST","name":""},
  {"lat":42.320486,"lon":-85.52402,"city":"Kalamazoo","state":"MI","address":"5300 GULL RD","name":""},
  {"lat":39.255948,"lon":-94.622924,"city":"Kansas City","state":"MO","address":"3701 NW 90TH ST","name":""},
  {"lat":39.120278,"lon":-94.809722,"city":"Kansas City","state":"KS","address":"1301 N 98TH ST","name":""},
  {"lat":40.735347,"lon":-99.080857,"city":"Kearney","state":"NE","address":"6411 1ST AVE","name":""},
  {"lat":42.569401,"lon":-87.896345,"city":"Kenosha","state":"WI","address":"7330 74TH PL","name":""},
  {"lat":41.10046,"lon":-81.384781,"city":"Kent","state":"OH","address":"4161 MAPLECREST PKWY","name":""},
  {"lat":41.22099,"lon":-89.928934,"city":"Kewanee","state":"IL","address":"157 W SOUTH ST","name":""},
  {"lat":40.227992,"lon":-92.585329,"city":"Kirksville","state":"MO","address":"3309 N BALTIMORE ST","name":""},
  {"lat":40.494492,"lon":-86.110799,"city":"Kokomo","state":"IN","address":"1715 E HAVENS ST","name":""},
  {"lat":43.831062,"lon":-91.24122,"city":"La Crosse","state":"WI","address":"223 LANG DR","name":""},
  {"lat":40.386994,"lon":-86.843279,"city":"Lafayette","state":"IN","address":"2850 S CREASY LN","name":""},
  {"lat":42.70945,"lon":-83.297102,"city":"Lake Orion","state":"MI","address":"465 BROWN RD","name":""},
  {"lat":38.178946,"lon":-92.610848,"city":"Lake Ozark","state":"MO","address":"1015 BARRED OWL LN","name":""},
  {"lat":39.738465,"lon":-82.642826,"city":"Lancaster","state":"OH","address":"1425 ETY POINTE DR NW","name":""},
  {"lat":42.660241,"lon":-84.543005,"city":"Lansing","state":"MI","address":"725 AMERICAN RD","name":""},
  {"lat":42.738409,"lon":-84.678421,"city":"Lansing","state":"MI","address":"8505 DELTA MARKET DR","name":""},
  {"lat":38.930371,"lon":-95.253213,"city":"Lawrence","state":"KS","address":"1470 W 31ST ST","name":""},
  {"lat":40.051531,"lon":-86.490456,"city":"Lebanon","state":"IN","address":"402 N SAM RALSTON RD","name":""},
  {"lat":40.186616,"lon":-83.019948,"city":"Lewis Center","state":"OH","address":"7241 GRAPHICS WAY","name":""},
  {"lat":40.775578,"lon":-84.162519,"city":"Lima","state":"OH","address":"2614 N EASTOWN RD","name":""},
  {"lat":40.847805,"lon":-96.677956,"city":"Lincoln","state":"NE","address":"3500 N 27TH ST","name":""},
  {"lat":40.734224,"lon":-96.596843,"city":"Lincoln","state":"NE","address":"8900 ANDERMATT DR","name":""},
  {"lat":42.378115,"lon":-83.337286,"city":"Livonia","state":"MI","address":"12701 MIDDLEBELT RD","name":""},
  {"lat":42.15599,"lon":-88.024392,"city":"Long Grove","state":"IL","address":"2700 LAKE COOK RD","name":""},
  {"lat":38.106442,"lon":-85.668979,"city":"Louisville","state":"KY","address":"9625 PRESTON XING BLVD","name":""},
  {"lat":39.294506,"lon":-84.290977,"city":"Loveland","state":"OH","address":"3787 W STATE ROUTE 22 3","name":""},
  {"lat":42.367145,"lon":-89.017938,"city":"Machesney Park","state":"IL","address":"1600 W LANE RD","name":""},
  {"lat":43.058719,"lon":-89.525471,"city":"Madison","state":"WI","address":"430 COMMERCE DR","name":""},
  {"lat":38.595745,"lon":-90.49907,"city":"Ballwin","state":"MO","address":"14161 MANCHESTER RD","name":""},
  {"lat":39.191838,"lon":-96.550335,"city":"Manhattan","state":"KS","address":"515 MCCALL RD","name":""},
  {"lat":44.07499,"lon":-87.716805,"city":"Manitowoc","state":"WI","address":"5120 CALUMET AVE","name":""},
  {"lat":44.183413,"lon":-93.950721,"city":"Mankato","state":"MN","address":"1771 PREMIER DR","name":""},
  {"lat":45.129483,"lon":-93.491048,"city":"Maple Grove","state":"MN","address":"16500 96TH AVE N","name":""},
  {"lat":45.009844,"lon":-93.053197,"city":"Maplewood","state":"MN","address":"2280 MAPLEWOOD DR N","name":""},
  {"lat":45.083166,"lon":-87.654461,"city":"Marinette","state":"WI","address":"2080 OLD PESHTIGO RD","name":""},
  {"lat":42.018901,"lon":-91.609009,"city":"Marion","state":"IA","address":"200 MENARD LN","name":""},
  {"lat":40.583981,"lon":-83.066353,"city":"Marion","state":"OH","address":"2400 MARION MT GILEAD RD","name":""},
  {"lat":37.747091,"lon":-88.959375,"city":"Marion","state":"IL","address":"2500 BLUE HERON DR","name":""},
  {"lat":46.546859,"lon":-87.465207,"city":"Marquette","state":"MI","address":"3445 US HIGHWAY 41 W","name":""},
  {"lat":44.430142,"lon":-95.763492,"city":"Marshall","state":"MN","address":"1500 BOYER DR","name":""},
  {"lat":42.005265,"lon":-92.920954,"city":"Marshalltown","state":"IA","address":"504 IOWA AVE W","name":""},
  {"lat":44.691409,"lon":-90.158441,"city":"Marshfield","state":"WI","address":"2116 N CENTRAL AVE","name":""},
  {"lat":43.145085,"lon":-93.249296,"city":"Mason City","state":"IA","address":"540 VILLAGE GREEN DR SW","name":""},
  {"lat":40.755351,"lon":-81.51925,"city":"Massillon","state":"OH","address":"3725 ERIE ST S","name":""},
  {"lat":41.496122,"lon":-87.734939,"city":"Matteson","state":"IL","address":"21630 S CICERO AVE","name":""},
  {"lat":41.909163,"lon":-87.873523,"city":"Melrose Park","state":"IL","address":"3215 W NORTH AVE","name":""},
  {"lat":41.712691,"lon":-81.294132,"city":"Mentor","state":"OH","address":"9600 DIAMOND CENTRE DR","name":""},
  {"lat":41.501296,"lon":-87.318026,"city":"Merrillville","state":"IN","address":"6300 MISSISSIPPI ST","name":""},
  {"lat":39.626268,"lon":-84.224317,"city":"Miamisburg","state":"OH","address":"8480 SPRINGBORO PIKE","name":""},
  {"lat":41.670667,"lon":-86.889797,"city":"Michigan City","state":"IN","address":"5260 S FRANKLIN ST","name":""},
  {"lat":43.181095,"lon":-88.011588,"city":"Milwaukee","state":"WI","address":"8110 W BROWN DEER RD","name":""},
  {"lat":48.205824,"lon":-101.29115,"city":"Minot","state":"ND","address":"101 28TH AVE SE","name":""},
  {"lat":41.718144,"lon":-86.180399,"city":"Mishawaka","state":"IN","address":"365 W UNIVERSITY DR","name":""},
  {"lat":43.685308,"lon":-98.014621,"city":"Mitchell","state":"SD","address":"815 E SPRUCE ST","name":""},
  {"lat":41.469121,"lon":-90.453349,"city":"Moline","state":"IL","address":"6400 44TH AVE","name":""},
  {"lat":43.04936,"lon":-89.312302,"city":"Monona","state":"WI","address":"6401 COPPS AVE","name":""},
  {"lat":41.719619,"lon":-88.285538,"city":"Montgomery","state":"IL","address":"1200 OGDEN AVE","name":""},
  {"lat":46.850152,"lon":-96.730157,"city":"Moorhead","state":"MN","address":"3000 27TH AVE S","name":""},
  {"lat":41.388959,"lon":-88.42874,"city":"Morris","state":"IL","address":"500 MENARD DR","name":""},
  {"lat":42.02548,"lon":-87.783326,"city":"Morton Grove","state":"IL","address":"6301 OAKTON ST","name":""},
  {"lat":42.072046,"lon":-87.925274,"city":"Mt Prospect","state":"IL","address":"740 E RAND RD","name":""},
  {"lat":43.573346,"lon":-84.755528,"city":"Mt Pleasant","state":"MI","address":"4615 ENCORE BLVD","name":""},
  {"lat":38.302435,"lon":-88.949757,"city":"Mount Vernon","state":"IL","address":"1300 S 45TH ST","name":""},
  {"lat":40.221848,"lon":-85.465189,"city":"Muncie","state":"IN","address":"3401 N NEBO RD","name":""},
  {"lat":41.45842,"lon":-91.015117,"city":"Muscatine","state":"IA","address":"3408 N HIGHWAY 61","name":""},
  {"lat":43.151821,"lon":-86.20761,"city":"Muskegon","state":"MI","address":"5487 HARVEY ST","name":""},
  {"lat":41.761646,"lon":-88.197602,"city":"Naperville","state":"IL","address":"715 FORT HILL DR","name":""},
  {"lat":40.499628,"lon":-81.473387,"city":"New Philadelphia","state":"OH","address":"611 BLUEBELL DR NW","name":""},
  {"lat":44.328404,"lon":-94.515372,"city":"New Ulm","state":"MN","address":"2200 WESTRIDGE RD","name":""},
  {"lat":42.027393,"lon":-97.442724,"city":"Norfolk","state":"NE","address":"2311 TAYLOR AVE","name":""},
  {"lat":40.525769,"lon":-88.947815,"city":"Normal","state":"IL","address":"900 GREENBRIAR DR","name":""},
  {"lat":41.907109,"lon":-87.738457,"city":"Chicago","state":"IL","address":"4501 W NORTH AVE","name":""},
  {"lat":41.093765,"lon":-100.762003,"city":"North Platte","state":"NE","address":"4571 S PARKWAY DR","name":""},
  {"lat":38.574527,"lon":-89.934433,"city":"O Fallon","state":"IL","address":"1179 CENTRAL PARK DR","name":""},
  {"lat":42.92192,"lon":-87.946796,"city":"Oak Creek","state":"WI","address":"6800 S 27TH ST","name":""},
  {"lat":44.994454,"lon":-92.96227,"city":"Oakdale","state":"MN","address":"3205 HADLEY AVE N","name":""},
  {"lat":38.881381,"lon":-94.748654,"city":"Olathe","state":"KS","address":"14011 W 135TH ST","name":""},
  {"lat":41.265771,"lon":-96.10297,"city":"Omaha","state":"NE","address":"708 N 120TH ST","name":""},
  {"lat":43.904002,"lon":-91.223271,"city":"Onalaska","state":"WI","address":"1301 SAND LAKE RD","name":""},
  {"lat":40.786154,"lon":-82.584677,"city":"Ontario","state":"OH","address":"1999 WALKER LAKE RD","name":""},
  {"lat":41.619986,"lon":-83.474651,"city":"Oregon","state":"OH","address":"3100 BROWN RD","name":""},
  {"lat":44.02793,"lon":-88.590071,"city":"Oshkosh","state":"WI","address":"2351 WESTOWNE AVE","name":""},
  {"lat":41.013727,"lon":-92.453678,"city":"Ottumwa","state":"IA","address":"1898 VENTURE DR","name":""},
  {"lat":37.754327,"lon":-87.07296,"city":"Owensboro","state":"KY","address":"3001 HEARTLAND CROSSING","name":""},
  {"lat":37.070398,"lon":-88.707278,"city":"Paducah","state":"KY","address":"5500 US HIGHWAY 60 W","name":""},
  {"lat":40.543745,"lon":-89.594236,"city":"Pekin","state":"IL","address":"3535 COURT ST","name":""},
  {"lat":40.798838,"lon":-89.634853,"city":"Peoria","state":"IL","address":"2627 W TOWNLINE RD","name":""},
  {"lat":41.363101,"lon":-89.122936,"city":"Peru","state":"IL","address":"5353 MAHONEY DR","name":""},
  {"lat":43.08596,"lon":-88.231254,"city":"Pewaukee","state":"WI","address":"1357 CAPITOL DR","name":""},
  {"lat":44.387427,"lon":-100.311596,"city":"Pierre","state":"SD","address":"2010 N GARFIELD AVE","name":""},
  {"lat":41.638936,"lon":-88.200008,"city":"Plainfield","state":"IL","address":"13441 S ROUTE 59","name":""},
  {"lat":42.735859,"lon":-90.441433,"city":"Platteville","state":"WI","address":"1700 PROGRESSIVE PKWY","name":""},
  {"lat":44.45231,"lon":-89.527175,"city":"Plover","state":"WI","address":"1901 PLOVER RD","name":""},
  {"lat":36.79055,"lon":-90.445845,"city":"Poplar Bluff","state":"MO","address":"3105 OAK GROVE RD","name":""},
  {"lat":42.986724,"lon":-82.463217,"city":"Port Huron","state":"MI","address":"2800 INDIAN DR","name":""},
  {"lat":41.553158,"lon":-87.17433,"city":"Portage","state":"IN","address":"6220 US HIGHWAY 6","name":""},
  {"lat":38.352452,"lon":-87.595194,"city":"Princeton","state":"IN","address":"201 S RICHLAND CREEK DR","name":""},
  {"lat":39.941132,"lon":-91.327887,"city":"Quincy","state":"IL","address":"936 N 54TH ST","name":""},
  {"lat":42.694368,"lon":-87.869792,"city":"Sturtevant","state":"WI","address":"3101 S OAKES RD","name":""},
  {"lat":41.211244,"lon":-96.027038,"city":"Omaha","state":"NE","address":"7337 L ST","name":""},
  {"lat":44.089701,"lon":-103.181644,"city":"Rapid City","state":"SD","address":"710 N CREEK DR","name":""},
  {"lat":44.559973,"lon":-92.584198,"city":"Red Wing","state":"MN","address":"320 TYLER RD S","name":""},
  {"lat":45.66332,"lon":-89.37839,"city":"Rhinelander","state":"WI","address":"2221 N STEVENS ST","name":""},
  {"lat":45.470611,"lon":-91.754127,"city":"Rice Lake","state":"WI","address":"2920 DECKER DR","name":""},
  {"lat":44.863161,"lon":-93.27584,"city":"Richfield","state":"MN","address":"7701 NICOLLET AVE","name":""},
  {"lat":39.832719,"lon":-84.846563,"city":"Richmond","state":"IN","address":"3800 NATIONAL RD E","name":""},
  {"lat":37.734057,"lon":-84.277546,"city":"Richmond","state":"KY","address":"512 CAPERTON DR","name":""},
  {"lat":38.624524,"lon":-90.332663,"city":"St. Louis","state":"MO","address":"1700 S HANLEY RD","name":""},
  {"lat":44.098527,"lon":-92.516681,"city":"Rochester","state":"MN","address":"6733 PRAIRIE VISTA DR NW","name":""},
  {"lat":43.978364,"lon":-92.459189,"city":"Rochester","state":"MN","address":"3000 BROADWAY AVE S","name":""},
  {"lat":37.94624,"lon":-91.797646,"city":"Rolla","state":"MO","address":"1601 WESTSIDE DR","name":""},
  {"lat":43.439725,"lon":-84.031235,"city":"Saginaw","state":"MI","address":"5806 STATE ST","name":""},
  {"lat":38.794465,"lon":-97.620336,"city":"Salina","state":"KS","address":"805 VIRGINIA CT","name":""},
  {"lat":41.425264,"lon":-82.677433,"city":"Sandusky","state":"OH","address":"1101 LAKECREST PKWY","name":""},
  {"lat":41.498346,"lon":-87.473088,"city":"Schererville","state":"IN","address":"1300 US HIGHWAY 41","name":""},
  {"lat":41.865011,"lon":-103.631072,"city":"Scottsbluff","state":"NE","address":"2401 DELTA DR","name":""},
  {"lat":38.718333,"lon":-93.284351,"city":"Sedalia","state":"MO","address":"4400 WISCONSIN AVE","name":""},
  {"lat":43.79929,"lon":-87.767532,"city":"Sheboygan","state":"WI","address":"4825 VANGUARD DR","name":""},
  {"lat":40.289749,"lon":-84.203056,"city":"Sidney","state":"OH","address":"401 LESTER AVE","name":""},
  {"lat":42.474174,"lon":-96.33196,"city":"Sioux City","state":"IA","address":"5900 GORDON DR","name":""},
  {"lat":43.54722,"lon":-96.654834,"city":"Sioux Falls","state":"SD","address":"110 N HIGHLINE AVE","name":""},
  {"lat":43.51896,"lon":-96.776589,"city":"Sioux Falls","state":"SD","address":"3001 S SHIRLEY AVE","name":""},
  {"lat":41.626631,"lon":-86.247409,"city":"South Bend","state":"IN","address":"4640 S SAINT JOSEPH ST","name":""},
  {"lat":42.409985,"lon":-86.249416,"city":"South Haven","state":"MI","address":"125 73RD ST","name":""},
  {"lat":43.124583,"lon":-95.164189,"city":"Spencer","state":"IA","address":"1301 12TH AVE SW","name":""},
  {"lat":37.211292,"lon":-93.22212,"city":"Springfield","state":"MO","address":"500 N EASTGATE AVE","name":""},
  {"lat":39.839018,"lon":-89.608225,"city":"Springfield","state":"IL","address":"2701 MARKETPLACE DR","name":""},
  {"lat":39.738956,"lon":-89.694232,"city":"Springfield","state":"IL","address":"2250 CHUCKWAGON DR","name":""},
  {"lat":37.185268,"lon":-93.356223,"city":"Springfield","state":"MO","address":"3803 W UNIVERSITY ST","name":""},
  {"lat":45.548291,"lon":-94.231477,"city":"Waite Park","state":"MN","address":"251 10TH AVE S","name":""},
  {"lat":39.720189,"lon":-94.790824,"city":"St. Joseph","state":"MO","address":"4320 COMMONWEALTH DR","name":""},
  {"lat":44.959353,"lon":-93.184011,"city":"St. Paul","state":"MN","address":"2005 UNIVERSITY AVE W","name":""},
  {"lat":38.733639,"lon":-90.3965,"city":"St. Ann","state":"MO","address":"11140 ST CHARLES ROCK RD","name":""},
  {"lat":45.395397,"lon":-92.587091,"city":"St. Croix Falls","state":"WI","address":"1285 208TH ST","name":""},
  {"lat":38.793392,"lon":-90.604585,"city":"St. Peters","state":"MO","address":"151 SPENCER RD","name":""},
  {"lat":41.819572,"lon":-89.648235,"city":"Sterling","state":"IL","address":"4220 E 30TH ST","name":""},
  {"lat":45.033209,"lon":-92.839691,"city":"Oak Park Heights","state":"MN","address":"5800 KRUEGER LN N","name":""},
  {"lat":43.173098,"lon":-89.26236,"city":"Sun Prairie","state":"WI","address":"355 S GRAND AVE","name":""},
  {"lat":46.686731,"lon":-92.107394,"city":"Superior","state":"WI","address":"4425 TOWER AVE","name":""},
  {"lat":41.972014,"lon":-88.713512,"city":"Sycamore","state":"IL","address":"1825 MERCANTILE DR","name":""},
  {"lat":42.192686,"lon":-83.246095,"city":"Taylor","state":"MI","address":"15525 RACHO BLVD","name":""},
  {"lat":39.508325,"lon":-87.396148,"city":"Terre Haute","state":"IN","address":"1380 FORT HARRISON RD","name":""},
  {"lat":39.375009,"lon":-87.386942,"city":"Terre Haute","state":"IN","address":"1888 E JESSICA DR","name":""},
  {"lat":41.930699,"lon":-85.657652,"city":"Three Rivers","state":"MI","address":"1001 WARNER DR","name":""},
  {"lat":41.600486,"lon":-87.787467,"city":"Tinley Park","state":"IL","address":"6851 159TH ST","name":""},
  {"lat":39.965986,"lon":-84.192981,"city":"Tipp City","state":"OH","address":"75 WELLER DR","name":""},
  {"lat":41.724598,"lon":-83.513752,"city":"Toledo","state":"OH","address":"1415 E ALEXIS RD","name":""},
  {"lat":39.034788,"lon":-95.771247,"city":"Topeka","state":"KS","address":"6401 SW 17TH ST","name":""},
  {"lat":44.669441,"lon":-85.658937,"city":"Traverse City","state":"MI","address":"4155 US HIGHWAY 31 S","name":""},
  {"lat":40.053551,"lon":-80.60305,"city":"Triadelphia","state":"WV","address":"700 CABELA DR","name":""},
  {"lat":41.464886,"lon":-87.025805,"city":"Valparaiso","state":"IN","address":"351 SILHAVY RD","name":""},
  {"lat":42.261436,"lon":-87.951399,"city":"Vernon Hills","state":"IL","address":"1860 N MILWAUKEE AVE","name":""},
  {"lat":47.508737,"lon":-92.557879,"city":"Virginia","state":"MN","address":"1500 17TH ST S","name":""},
  {"lat":41.273189,"lon":-80.781386,"city":"Warren","state":"OH","address":"2015 WAL MART DR NE","name":""},
  {"lat":42.533167,"lon":-83.032422,"city":"Warren","state":"MI","address":"32501 VAN DYKE AVE","name":""},
  {"lat":41.248747,"lon":-85.819641,"city":"Warsaw","state":"IN","address":"1000 HUSKY TRL","name":""},
  {"lat":40.709312,"lon":-89.459951,"city":"Washington","state":"IL","address":"1975 FREEDOM PKWY","name":""},
  {"lat":42.460108,"lon":-92.335642,"city":"Waterloo","state":"IA","address":"1051 E SAN MARNAN DR","name":""},
  {"lat":44.888283,"lon":-97.081686,"city":"Watertown","state":"SD","address":"2100 9TH AVE SE","name":""},
  {"lat":43.034595,"lon":-88.180659,"city":"Waukesha","state":"WI","address":"2315 W BLUEMOUND RD","name":""},
  {"lat":44.955323,"lon":-89.672619,"city":"Wausau","state":"WI","address":"2801 STEWART AVE","name":""},
  {"lat":42.998411,"lon":-88.04987,"city":"West Allis","state":"WI","address":"2535 S 108TH ST","name":""},
  {"lat":43.396278,"lon":-88.183647,"city":"West Bend","state":"WI","address":"575 W PARADISE DR","name":""},
  {"lat":40.814471,"lon":-91.163995,"city":"West Burlington","state":"IA","address":"614 W AGENCY ST","name":""},
  {"lat":41.913306,"lon":-88.211619,"city":"West Chicago","state":"IL","address":"220 W NORTH AVE","name":""},
  {"lat":46.741624,"lon":-92.160669,"city":"Duluth","state":"MN","address":"503 N 50TH AVE W","name":""},
  {"lat":40.469869,"lon":-86.960033,"city":"West Lafayette","state":"IN","address":"2868 US HIGHWAY 52 W","name":""},
  {"lat":43.006814,"lon":-87.970233,"city":"West Milwaukee","state":"WI","address":"2101 MILLER PARK WAY","name":""},
  {"lat":44.902991,"lon":-93.083115,"city":"West St. Paul","state":"MN","address":"1445 ROBERT ST S","name":""},
  {"lat":39.638685,"lon":-80.00966,"city":"Westover","state":"WV","address":"351 BRATTICE DR","name":""},
  {"lat":37.743882,"lon":-97.230182,"city":"Wichita","state":"KS","address":"3250 N TOBEN ST","name":""},
  {"lat":37.749902,"lon":-97.459825,"city":"Wichita","state":"KS","address":"3660 N MAIZE RD","name":""},
  {"lat":48.148781,"lon":-103.672216,"city":"Williston","state":"ND","address":"405 32ND AVE W","name":""},
  {"lat":45.093158,"lon":-95.046354,"city":"Willmar","state":"MN","address":"3330 1ST ST S","name":""},
  {"lat":44.033043,"lon":-91.614567,"city":"Winona","state":"MN","address":"1075 FRONTENAC DR","name":""},
  {"lat":42.50218,"lon":-83.539451,"city":"Wixom","state":"MI","address":"10400 ASSEMBLY PARK DR","name":""},
  {"lat":42.291784,"lon":-88.425498,"city":"Woodstock","state":"IL","address":"2100 LAKE AVE","name":""},
  {"lat":42.863383,"lon":-85.686908,"city":"Wyoming","state":"MI","address":"5555 CLYDE PARK AVE SW","name":""},
  {"lat":42.91157,"lon":-97.394321,"city":"Yankton","state":"SD","address":"3210 BROADWAY AVE","name":""},
  {"lat":41.664906,"lon":-88.438366,"city":"Yorkville","state":"IL","address":"1800 MARKETVIEW DR","name":""}]}