{"key":"pilot","displayName":"Pilot","category":"gas_station","useLocationName":false,"locations":[
  {"lat":38.7052,"lon":-80.6636,"city":"Sutton","state":"WV","address":"270 Scott Fork Rd","name":""},
  {"lat":34.508,"lon":-81.0011,"city":"Winnsboro","state":"SC","address":"10959 SC-200","name":""},
  {"lat":41.1287,"lon":-80.7692,"city":"Youngstown","state":"OH","address":"1150 North Canfield Niles Road","name":""},
  {"lat":35.5724,"lon":-82.9557,"city":"Waynesville","state":"NC","address":"3712 Crabtree Rd","name":""},
  {"lat":44.7809,"lon":-93.0336,"city":"Inver Grove Heights","state":"MN","address":"11650 Courthouse Blvd","name":""},
  {"lat":32.6418,"lon":-96.7804,"city":"Dallas","state":"TX","address":"8787 S Lancaster Rd","name":""},
  {"lat":36.1089,"lon":-83.3386,"city":"White Pine","state":"TN","address":"3663 Roy Messer Hwy","name":""},
  {"lat":36.111,"lon":-83.3328,"city":"White Pine","state":"TN","address":"3624 Roy Messer Hwy","name":""},
  {"lat":45.6694,"lon":-120.835,"city":"Wasco","state":"OR","address":"91485 Biggs Rufus Hwy","name":""},
  {"lat":41.1397,"lon":-80.7195,"city":"Girard","state":"OH","address":"2786 Salt Springs Rd","name":""},
  {"lat":36.9386,"lon":-80.9922,"city":"Wytheville","state":"VA","address":"1318 E Lee Hwy","name":""},
  {"lat":46.9535,"lon":-122.935,"city":"Olympia","state":"WA","address":"2430 93rd Avenue SW","name":""},
  {"lat":34.9942,"lon":-78.1297,"city":"Warsaw","state":"NC","address":"2574 W NC Hwy 24","name":""},
  {"lat":35.9997,"lon":-83.7769,"city":"Knoxville","state":"TN","address":"7210 Strawberry Plains Pike","name":""},
  {"lat":35.6715,"lon":-80.8555,"city":"Troutman","state":"NC","address":"1006 Charlotte Hwy","name":""},
  {"lat":35.6125,"lon":-80.5199,"city":"Salisbury","state":"NC","address":"985 Peeler Rd","name":""},
  {"lat":36.0657,"lon":-79.3099,"city":"Mebane","state":"NC","address":"1342 Trollingwood Hawfields Rd","name":""},
  {"lat":35.6427,"lon":-82.0395,"city":"Marion","state":"NC","address":"3365 Sugar Hill Rd","name":""},
  {"lat":35.498,"lon":-80.5609,"city":"Kannapolis","state":"NC","address":"2825 Lane St","name":""},
  {"lat":35.7211,"lon":-81.1892,"city":"Conover","state":"NC","address":"1343 Rock Barn Rd NE","name":""},
  {"lat":35.2705,"lon":-80.8381,"city":"Charlotte","state":"NC","address":"3807 Statesville Ave","name":""},
  {"lat":35.2986,"lon":-79.7266,"city":"Candor","state":"NC","address":"801 NC Highway 211 E","name":""},
  {"lat":35.5831,"lon":-78.1478,"city":"Kenly","state":"NC","address":"1000 Truckstop Rd","name":""},
  {"lat":35.9037,"lon":-84.1408,"city":"Knoxville","state":"TN","address":"314 Lovell Rd","name":""},
  {"lat":36.0707,"lon":-79.3511,"city":"Haw River","state":"NC","address":"1044 Jimmie Kerr Rd","name":""},
  {"lat":35.1663,"lon":-81.4509,"city":"Blacksburg","state":"SC","address":"2768 E Cherokee St","name":""},
  {"lat":40.834,"lon":-83.2455,"city":"Upper Sandusky","state":"OH","address":"1600 E Wyandot Ave","name":""},
  {"lat":41.7238,"lon":-83.5077,"city":"Toledo","state":"OH","address":"5820 Hagman Rd","name":""},
  {"lat":35.8812,"lon":-84.236,"city":"Knoxville","state":"TN","address":"800 Watt Rd","name":""},
  {"lat":41.0297,"lon":-81.9068,"city":"Seville","state":"OH","address":"8924 Lake Rd","name":""},
  {"lat":41.2762,"lon":-81.6264,"city":"Richfield","state":"OH","address":"5219 Brecksville Rd","name":""},
  {"lat":40.9592,"lon":-80.6605,"city":"North Lima","state":"OH","address":"10920 Market St","name":""},
  {"lat":41.4164,"lon":-84.1043,"city":"Napoleon","state":"OH","address":"905 American Rd","name":""},
  {"lat":40.3703,"lon":-82.8308,"city":"Marengo","state":"OH","address":"488 OH-61","name":""},
  {"lat":39.9591,"lon":-83.3698,"city":"London","state":"OH","address":"1365 US-42","name":""},
  {"lat":41.5227,"lon":-83.4614,"city":"Perrysburg","state":"OH","address":"3430 Libbey Rd","name":""},
  {"lat":40.2659,"lon":-82.924,"city":"Sunbury","state":"OH","address":"7680 E OH-37","name":""},
  {"lat":41.7987,"lon":-83.6937,"city":"Ottawa Lake","state":"MI","address":"6158 US-223","name":""},
  {"lat":39.9452,"lon":-82.5361,"city":"Hebron","state":"OH","address":"10258 Lancaster Rd","name":""},
  {"lat":39.5426,"lon":-84.2905,"city":"Franklin","state":"OH","address":"6830 Franklin Lebanon Rd","name":""},
  {"lat":41.1366,"lon":-83.6608,"city":"Findlay","state":"OH","address":"11471 OH-613","name":""},
  {"lat":39.8316,"lon":-84.6299,"city":"Eaton","state":"OH","address":"6141 US-127","name":""},
  {"lat":39.973,"lon":-83.1001,"city":"Columbus","state":"OH","address":"3600 Interchange Rd","name":""},
  {"lat":39.558,"lon":-82.9578,"city":"Circleville","state":"OH","address":"25600 US-23","name":""},
  {"lat":39.339,"lon":-82.952,"city":"Chillicothe","state":"OH","address":"1111 E Main St","name":""},
  {"lat":40.7502,"lon":-81.4033,"city":"Canton","state":"OH","address":"2320 Faircrest St SW","name":""},
  {"lat":39.9971,"lon":-81.5773,"city":"Cambridge","state":"OH","address":"61700 Southgate Rd","name":""},
  {"lat":39.7375,"lon":-81.5276,"city":"Caldwell","state":"OH","address":"44133 Fairground Rd","name":""},
  {"lat":40.9992,"lon":-81.9972,"city":"Burbank","state":"OH","address":"10048 Avon Lake Rd","name":""},
  {"lat":40.0579,"lon":-81.0508,"city":"Belmont","state":"OH","address":"663 Belmont Morristown Rd","name":""},
  {"lat":41.9636,"lon":-83.3537,"city":"Monroe","state":"MI","address":"1200 Nadeau Rd","name":""},
  {"lat":41.9246,"lon":-83.3661,"city":"Monroe","state":"MI","address":"1100 N Dixie Hwy","name":""},
  {"lat":40.8349,"lon":-83.9655,"city":"Beaver Dam","state":"OH","address":"427 East Main Street","name":""},
  {"lat":41.465,"lon":-82.0606,"city":"Avon","state":"OH","address":"39115 Colorado Ave","name":""},
  {"lat":41.7442,"lon":-85.0001,"city":"Fremont","state":"IN","address":"6900 N Old US-27","name":""},
  {"lat":36.6962,"lon":-97.3493,"city":"Tonkawa","state":"OK","address":"16600 W South Ave","name":""},
  {"lat":35.4043,"lon":-94.5218,"city":"Roland","state":"OK","address":"302 W Ray Fine Blvd","name":""},
  {"lat":35.785,"lon":-95.4015,"city":"Muskogee","state":"OK","address":"3000 N 32nd St","name":""},
  {"lat":34.3646,"lon":-96.1406,"city":"Atoka","state":"OK","address":"1954 S Mississippi Ave","name":""},
  {"lat":34.2008,"lon":-97.1673,"city":"Ardmore","state":"OK","address":"2450 Cooper Dr","name":""},
  {"lat":45.766,"lon":-119.205,"city":"Stanfield","state":"OR","address":"2115 S Hwy 395","name":""},
  {"lat":45.0491,"lon":-122.975,"city":"Salem","state":"OR","address":"4220 Brooklake Road NE","name":""},
  {"lat":42.3023,"lon":-85.0829,"city":"Battle Creek","state":"MI","address":"15901 11 Mile Rd","name":""},
  {"lat":41.7855,"lon":-80.8543,"city":"Austinburg","state":"OH","address":"2246 OH-45","name":""},
  {"lat":42.2567,"lon":-121.798,"city":"Klamath Falls","state":"OR","address":"3817 US-97","name":""},
  {"lat":35.4621,"lon":-97.687,"city":"Oklahoma City","state":"OK","address":"400 S Morgan Rd","name":""},
  {"lat":43.2156,"lon":-121.784,"city":"Chemult","state":"OR","address":"109450 US-97","name":""},
  {"lat":42.3783,"lon":-122.899,"city":"Central Point","state":"OR","address":"1600 E Pine St","name":""},
  {"lat":40.9648,"lon":-80.1397,"city":"Portersville","state":"PA","address":"2010 New Castle Rd","name":""},
  {"lat":40.1149,"lon":-85.5732,"city":"Daleville","state":"IN","address":"15876 W Commerce Rd","name":""},
  {"lat":41.3143,"lon":-75.7553,"city":"Pittston","state":"PA","address":"417 PA-315","name":""},
  {"lat":42.0697,"lon":-80.0382,"city":"Erie","state":"PA","address":"8035 Perry Hwy","name":""},
  {"lat":39.6919,"lon":-79.1007,"city":"Grantsville","state":"MD","address":"3000 Chestnut Ridge Rd","name":""},
  {"lat":40.4057,"lon":-77.0096,"city":"Duncannon","state":"PA","address":"30 Benvenue Rd","name":""},
  {"lat":41.1416,"lon":-78.7825,"city":"DuBois","state":"PA","address":"1742 Rich Hwy","name":""},
  {"lat":41.0274,"lon":-76.0796,"city":"Drums","state":"PA","address":"1114 PA-93","name":""},
  {"lat":41.0343,"lon":-77.5164,"city":"Mill Hall","state":"PA","address":"5868 Nittany Valley Dr","name":""},
  {"lat":41.3991,"lon":-122.377,"city":"Weed","state":"CA","address":"395 E Vista Dr","name":""},
  {"lat":42.9767,"lon":-82.542,"city":"Smiths Creek","state":"MI","address":"2424 Wadhams Rd","name":""},
  {"lat":33.9301,"lon":-81.0784,"city":"West Columbia","state":"SC","address":"3008 Highway 321","name":""},
  {"lat":33.6329,"lon":-80.8795,"city":"St. Matthews","state":"SC","address":"1300 Burke Rd","name":""},
  {"lat":34.2405,"lon":-81.4593,"city":"Prosperity","state":"SC","address":"2221 SC-773","name":""},
  {"lat":34.7105,"lon":-82.4973,"city":"Piedmont","state":"SC","address":"110 Frontage Rd","name":""},
  {"lat":34.193,"lon":-80.6868,"city":"Lugoff","state":"SC","address":"522 Hwy 601 S","name":""},
  {"lat":32.2688,"lon":-81.0806,"city":"Hardeeville","state":"SC","address":"15976 Whyte Hardee Blvd","name":""},
  {"lat":33.604,"lon":-81.8418,"city":"Graniteville","state":"SC","address":"574 Bettis Academy Rd","name":""},
  {"lat":34.9155,"lon":-82.1081,"city":"Duncan","state":"SC","address":"1405 E Main St","name":""},
  {"lat":32.9036,"lon":-79.9846,"city":"Charleston","state":"SC","address":"5714 N Rhett Ave","name":""},
  {"lat":33.2697,"lon":-80.5671,"city":"St. George","state":"SC","address":"9587 Charleston Hwy","name":""},
  {"lat":33.4176,"lon":-80.6663,"city":"Bowman","state":"SC","address":"2064 Homestead Rd","name":""},
  {"lat":34.3898,"lon":-83.2267,"city":"Carnesville","state":"GA","address":"11156 GA-106","name":""},
  {"lat":34.3449,"lon":-79.5348,"city":"Latta","state":"SC","address":"1504 SC-38","name":""},
  {"lat":32.1819,"lon":-81.4569,"city":"Ellabell","state":"GA","address":"130 Interstate Exchange Way","name":""},
  {"lat":33.5242,"lon":-82.0334,"city":"Augusta","state":"GA","address":"2975 Gun Club Rd","name":""},
  {"lat":34.2665,"lon":-79.7018,"city":"Florence","state":"SC","address":"3006 N Williston Rd","name":""},
  {"lat":34.2326,"lon":-79.8025,"city":"Florence","state":"SC","address":"2015 W Lucas St","name":""},
  {"lat":32.1888,"lon":-81.1949,"city":"Port Wentworth","state":"GA","address":"7001 GA-21","name":""},
  {"lat":34.1929,"lon":-80.283,"city":"Bishopville","state":"SC","address":"1340 Sumter Hwy","name":""},
  {"lat":43.8857,"lon":-100.705,"city":"Murdo","state":"SD","address":"601 E 5th St","name":""},
  {"lat":36.3767,"lon":-84.2487,"city":"Pioneer","state":"TN","address":"106 Comfort Ln","name":""},
  {"lat":35.5446,"lon":-84.5656,"city":"Niota","state":"TN","address":"507 Hwy 309","name":""},
  {"lat":35.8075,"lon":-86.3956,"city":"Murfreesboro","state":"TN","address":"2441 S Church St","name":""},
  {"lat":34.1195,"lon":-83.762,"city":"Braselton","state":"GA","address":"5888 Hwy 53","name":""},
  {"lat":35.2329,"lon":-85.8255,"city":"Monteagle","state":"TN","address":"640 Dixie Lee Ave","name":""},
  {"lat":35.1528,"lon":-84.9532,"city":"McDonald","state":"TN","address":"281 Pleasant Grove Road SW","name":""},
  {"lat":35.3884,"lon":-89.4108,"city":"Mason","state":"TN","address":"7530 TN-222","name":""},
  {"lat":36.1792,"lon":-86.2995,"city":"Lebanon","state":"TN","address":"921 Murfreesboro Rd","name":""},
  {"lat":35.9979,"lon":-86.5951,"city":"La Vergne","state":"TN","address":"535 Waldron Rd","name":""},
  {"lat":35.6828,"lon":-88.7772,"city":"Jackson","state":"TN","address":"30 Sand Pebble Dr","name":""},
  {"lat":35.8822,"lon":-87.801,"city":"Hurricane Mills","state":"TN","address":"15559 TN-13","name":""},
  {"lat":44.1128,"lon":-103.273,"city":"Rapid City","state":"SD","address":"2783 Deadwood Ave","name":""},
  {"lat":36.7217,"lon":-84.1683,"city":"Williamsburg","state":"KY","address":"481 KY-92","name":""},
  {"lat":36.3205,"lon":-82.832,"city":"Greeneville","state":"TN","address":"11190 Baileyton Rd","name":""},
  {"lat":33.5603,"lon":-83.4792,"city":"Madison","state":"GA","address":"1881 Eatonton Rd","name":""},
  {"lat":36.1773,"lon":-85.9486,"city":"Gordonsville","state":"TN","address":"502 Gordonsville Hwy","name":""},
  {"lat":34.7697,"lon":-85.5419,"city":"Rising Fawn","state":"GA","address":"319 Deer Head Cove Rd","name":""},
  {"lat":34.6554,"lon":-84.9803,"city":"Dalton","state":"GA","address":"142 Carbondale Rd SW","name":""},
  {"lat":35.1576,"lon":-90.1371,"city":"West Memphis","state":"AR","address":"1100 Martin Luther King Jr Dr","name":""},
  {"lat":36.0226,"lon":-87.3412,"city":"Dickson","state":"TN","address":"2320 TN-46","name":""},
  {"lat":36.9751,"lon":-84.1078,"city":"Corbin","state":"KY","address":"249 W Cumberland Gap Pkwy","name":""},
  {"lat":35.986,"lon":-85.0119,"city":"Crossville","state":"TN","address":"2449 Genesis Rd","name":""},
  {"lat":35.3052,"lon":-86.8839,"city":"Cornersville","state":"TN","address":"9211 Lewisburg Hwy","name":""},
  {"lat":33.2107,"lon":-84.0565,"city":"Jackson","state":"GA","address":"2995 GA-36","name":""},
  {"lat":34.5588,"lon":-84.9356,"city":"Calhoun","state":"GA","address":"2111 US-41","name":""},
  {"lat":32.7273,"lon":-97.8243,"city":"Weatherford","state":"TX","address":"1201 W I-20","name":""},
  {"lat":29.2795,"lon":-98.6693,"city":"Von Ormy","state":"TX","address":"14555 I-35 S","name":""},
  {"lat":35.2354,"lon":-102.429,"city":"Vega","state":"TX","address":"6555 US-385","name":""},
  {"lat":33.6852,"lon":-84.3116,"city":"Atlanta","state":"GA","address":"2605 Bouldercrest Rd","name":""},
  {"lat":33.1167,"lon":-95.6346,"city":"Sulphur Springs","state":"TX","address":"1200 Hillcrest Dr S","name":""},
  {"lat":36.3324,"lon":-102.073,"city":"Stratford","state":"TX","address":"100 S Poplar St","name":""},
  {"lat":31.4566,"lon":-97.172,"city":"Waco","state":"TX","address":"8055 South I-35","name":""},
  {"lat":29.4398,"lon":-98.3806,"city":"San Antonio","state":"TX","address":"5619 I-10 E","name":""},
  {"lat":29.2196,"lon":-98.4151,"city":"San Antonio","state":"TX","address":"4105 S Loop 1604 E","name":""},
  {"lat":31.5075,"lon":-97.1451,"city":"Waco","state":"TX","address":"2409 S New Rd","name":""},
  {"lat":33.7205,"lon":-84.9044,"city":"Villa Rica","state":"GA","address":"95 Liberty Rd","name":""},
  {"lat":32.958,"lon":-97.3076,"city":"Fort Worth","state":"TX","address":"2400 Alliance Gateway Fwy","name":""},
  {"lat":32.4508,"lon":-95.2837,"city":"Tyler","state":"TX","address":"12881 FM 14","name":""},
  {"lat":31.0359,"lon":-104.83,"city":"Van Horn","state":"TX","address":"501 Van Horn Dr","name":""},
  {"lat":35.1962,"lon":-101.741,"city":"Amarillo","state":"TX","address":"715 S Lakeside Dr","name":""},
  {"lat":29.6951,"lon":-96.9018,"city":"Schulenburg","state":"TX","address":"709 N US-77","name":""},
  {"lat":33.1004,"lon":-97.4704,"city":"Rhome","state":"TX","address":"8221 US-287","name":""},
  {"lat":31.5278,"lon":-103.12,"city":"Pyote","state":"TX","address":"164 FM 1927","name":""},
  {"lat":33.6826,"lon":-85.2628,"city":"Tallapoosa","state":"GA","address":"882 GA-100","name":""},
  {"lat":33.7189,"lon":-85.0292,"city":"Temple","state":"GA","address":"625 Carrollton St","name":""},
  {"lat":31.8258,"lon":-103.909,"city":"Orla","state":"TX","address":"3752 US-285 N","name":""},
  {"lat":29.6762,"lon":-98.1558,"city":"New Braunfels","state":"TX","address":"4142 TX-337 Loop","name":""},
  {"lat":31.8436,"lon":-103.104,"city":"Kermit","state":"TX","address":"127 TX-302","name":""},
  {"lat":31.4014,"lon":-103.52,"city":"Pecos","state":"TX","address":"2500 S Bickley Ave","name":""},
  {"lat":31.5767,"lon":-102.886,"city":"Monahans","state":"TX","address":"4840 E I-20","name":""},
  {"lat":31.5875,"lon":-102.917,"city":"Monahans","state":"TX","address":"101 S Loop 464 Rd","name":""},
  {"lat":29.8005,"lon":-95.2679,"city":"Houston","state":"TX","address":"4440 N McCarty St","name":""},
  {"lat":32.1207,"lon":-103.189,"city":"Jal","state":"NM","address":"410 E Kansas Ave","name":""},
  {"lat":31.78,"lon":-102.369,"city":"Odessa","state":"TX","address":"6001 US-385","name":""},
  {"lat":31.8764,"lon":-102.422,"city":"Odessa","state":"TX","address":"4200 TX-302","name":""},
  {"lat":31.784582,"lon":-102.477374,"city":"Odessa","state":"TX","address":"3145 Meteor Crater Rd","name":""},
  {"lat":30.1125,"lon":-93.8218,"city":"Orange","state":"TX","address":"2205 TX-62","name":""},
  {"lat":31.3178,"lon":-94.6985,"city":"Lufkin","state":"TX","address":"1920 E Denman Ave","name":""},
  {"lat":31.9148,"lon":-102.216,"city":"Midland","state":"TX","address":"4015 S FM 1788","name":""},
  {"lat":32.6974,"lon":-103.184,"city":"Hobbs","state":"NM","address":"3710 W Carlsbad Hwy","name":""},
  {"lat":30.2537,"lon":-93.0147,"city":"Iowa","state":"LA","address":"1119 Lowe-Grout Rd","name":""},
  {"lat":31.9685,"lon":-102.073,"city":"Midland","state":"TX","address":"2810 Rankin Hwy","name":""},
  {"lat":31.9676,"lon":-102.252,"city":"Midland","state":"TX","address":"11501 TX-191 E","name":""},
  {"lat":30.5057,"lon":-99.7765,"city":"Junction","state":"TX","address":"2342 N Main St","name":""},
  {"lat":30.7375,"lon":-95.5942,"city":"Huntsville","state":"TX","address":"639 TX-75","name":""},
  {"lat":30.1081,"lon":-96.0474,"city":"Hempstead","state":"TX","address":"2000 FM 1488","name":""},
  {"lat":27.6202,"lon":-99.5245,"city":"Laredo","state":"TX","address":"14070 Mines Rd","name":""},
  {"lat":27.684,"lon":-99.4615,"city":"Laredo","state":"TX","address":"1101 Uniroyal Dr","name":""},
  {"lat":27.2115,"lon":-98.1417,"city":"Falfurrias","state":"TX","address":"1419 US-281","name":""},
  {"lat":34.4351,"lon":-100.231,"city":"Childress","state":"TX","address":"2301 Avenue F NW","name":""},
  {"lat":33.0438,"lon":-96.1774,"city":"Caddo Mills","state":"TX","address":"2226 FM 1903","name":""},
  {"lat":31.4485,"lon":-96.079,"city":"Buffalo","state":"TX","address":"2605 W Commerce St","name":""},
  {"lat":30.0545,"lon":-97.69,"city":"Buda","state":"TX","address":"10700 U.S. Hwy 183 N.","name":""},
  {"lat":28.6691,"lon":-100.456,"city":"Eagle Pass","state":"TX","address":"4392 El Indio Hwy","name":""},
  {"lat":32.2655,"lon":-101.475,"city":"Big Spring","state":"TX","address":"706 E I-20 Frontage Rd","name":""},
  {"lat":31.1905,"lon":-101.45,"city":"Big Lake","state":"TX","address":"1310 US-67","name":""},
  {"lat":29.4955,"lon":-95.9114,"city":"Beasley","state":"TX","address":"525 S 1st St","name":""},
  {"lat":31.9971,"lon":-106.586,"city":"Anthony","state":"TX","address":"2015 Antonio St","name":""},
  {"lat":32.3071,"lon":-102.542,"city":"Andrews","state":"TX","address":"1103 S Main St","name":""},
  {"lat":37.0599,"lon":-113.582,"city":"St. George","state":"UT","address":"2841 S 60 E","name":""},
  {"lat":32.5448,"lon":-93.5156,"city":"Haughton","state":"LA","address":"490 N Elm St","name":""},
  {"lat":38.9675,"lon":-78.4379,"city":"Toms Brook","state":"VA","address":"1014 Mt Olive Rd","name":""},
  {"lat":38.0199,"lon":-79.141,"city":"Staunton","state":"VA","address":"3541 Lee Jackson Hwy","name":""},
  {"lat":36.6754,"lon":-78.9271,"city":"South Boston","state":"VA","address":"2190 Philpott Rd #58","name":""},
  {"lat":36.6067,"lon":-77.561,"city":"Skippers","state":"VA","address":"781 Moore's Ferry Rd","name":""},
  {"lat":37.9323,"lon":-79.2328,"city":"Raphine","state":"VA","address":"713 Oakland Cir","name":""},
  {"lat":37.5,"lon":-77.0894,"city":"Providence Forge","state":"VA","address":"6721 Emmaus Church Rd","name":""},
  {"lat":38.4801,"lon":-78.8185,"city":"Harrisonburg","state":"VA","address":"3634 N Valley Pike","name":""},
  {"lat":37.1843,"lon":-77.3184,"city":"Disputanta","state":"VA","address":"4610 County Dr","name":""},
  {"lat":36.5825,"lon":-79.3543,"city":"Danville","state":"VA","address":"110 River Point Dr","name":""},
  {"lat":37.3107,"lon":-77.3919,"city":"Colonial Heights","state":"VA","address":"2126 Ruffin Mill Rd","name":""},
  {"lat":48.8484,"lon":-122.573,"city":"Ferndale","state":"WA","address":"5670 Barrett Rd","name":""},
  {"lat":38.4436,"lon":-81.8308,"city":"Nitro","state":"WV","address":"4304 1st Ave","name":""},
  {"lat":39.5389,"lon":-79.9944,"city":"Morgantown","state":"WV","address":"2309 Smithtown Rd","name":""},
  {"lat":42.8718,"lon":-87.9442,"city":"Oak Creek","state":"WI","address":"2031 W Ryan Rd","name":""},
  {"lat":43.7969,"lon":-90.0509,"city":"Mauston","state":"WI","address":"1101 Gateway Ave","name":""},
  {"lat":42.7798,"lon":-87.9513,"city":"Franksville","state":"WI","address":"13712 Northwestern Ave","name":""},
  {"lat":39.6296,"lon":-77.783,"city":"Hagerstown","state":"MD","address":"16921 Halfway Blvd","name":""},
  {"lat":47.0054,"lon":-120.587,"city":"Ellensburg","state":"WA","address":"1307 N Dolarway Rd","name":""},
  {"lat":48.1869,"lon":-122.196,"city":"Arlington","state":"WA","address":"2430 WA-530","name":""},
  {"lat":39.6336,"lon":-77.8071,"city":"Hagerstown","state":"MD","address":"11633 Greencastle Pike","name":""},
  {"lat":42.5273,"lon":-88.9801,"city":"Beloit","state":"WI","address":"3001 Milwaukee Rd","name":""},
  {"lat":41.3275,"lon":-105.61,"city":"Laramie","state":"WY","address":"1564 N McCue St","name":""},
  {"lat":36.241,"lon":-115.098,"city":"North Las Vegas","state":"NV","address":"3812 E Craig Rd","name":""},
  {"lat":41.9336,"lon":-89.0358,"city":"Rochelle","state":"IL","address":"1201 E IL-38","name":""},
  {"lat":41.1364,"lon":-104.707,"city":"Cheyenne","state":"WY","address":"8020 Campstool Rd","name":""},
  {"lat":41.2691,"lon":-110.941,"city":"Evanston","state":"WY","address":"289 Bear River Dr","name":""},
  {"lat":41.7545,"lon":-87.7992,"city":"Bridgeview","state":"IL","address":"7501 S Harlem Ave","name":""},
  {"lat":42.7812,"lon":-74.0287,"city":"Schenectady","state":"NY","address":"1128 Duanesburg Road","name":""},
  {"lat":41.5208,"lon":-74.1135,"city":"Newburgh","state":"NY","address":"239 Route 17K","name":""},
  {"lat":43.0869,"lon":-76.1652,"city":"Liverpool","state":"NY","address":"107 7th North St","name":""},
  {"lat":41.4605,"lon":-88.272,"city":"Minooka","state":"IL","address":"301 Ridge Rd","name":""},
  {"lat":41.3953,"lon":-88.4208,"city":"Morris","state":"IL","address":"3801 N Division St","name":""},
  {"lat":41.6634,"lon":-87.7009,"city":"Alsip","state":"IL","address":"12680 S Kedzie Ave","name":""},
  {"lat":41.092,"lon":-74.1556,"city":"Mahwah","state":"NJ","address":"230 NJ-17 S","name":""},
  {"lat":35.7002,"lon":-114.477,"city":"Willow Beach","state":"AZ","address":"12683 White Hills Rd","name":""},
  {"lat":40.6369,"lon":-74.9685,"city":"Hampton","state":"NJ","address":"66 NJ-173","name":""},
  {"lat":40.007,"lon":-74.9747,"city":"Cinnaminson","state":"NJ","address":"2601 US-130","name":""},
  {"lat":40.6595,"lon":-75.073,"city":"Bloomsbury","state":"NJ","address":"979 RT-173","name":""},
  {"lat":34.9465,"lon":-104.652,"city":"Santa Rosa","state":"NM","address":"2464 U.S. Route 66","name":""},
  {"lat":41.48,"lon":-88.0796,"city":"Joliet","state":"IL","address":"40 E Laraway Rd","name":""},
  {"lat":41.4574,"lon":-88.1922,"city":"Channahon","state":"IL","address":"23841 W Eames St","name":""},
  {"lat":41.5673,"lon":-87.473,"city":"Highland","state":"IN","address":"8150 Indianapolis Blvd","name":""},
  {"lat":34.3962,"lon":-103.153,"city":"Clovis","state":"NM","address":"4100 Mabry Dr","name":""},
  {"lat":39.6813,"lon":-75.4793,"city":"Carneys Point","state":"NJ","address":"600 Pennsville Auburn Rd","name":""},
  {"lat":42.9462,"lon":-74.3563,"city":"Fultonville","state":"NY","address":"164 Riverside Dr","name":""},
  {"lat":42.4976,"lon":-73.6747,"city":"Castleton-On-Hudson","state":"NY","address":"995 US-9","name":""},
  {"lat":32.3424,"lon":-108.681,"city":"Lordsburg","state":"NM","address":"1124 E Motel Dr","name":""},
  {"lat":35.011,"lon":-106.044,"city":"Moriarty","state":"NM","address":"305 W Abrahames Rd","name":""},
  {"lat":41.5731,"lon":-87.4029,"city":"Gary","state":"IN","address":"2501 Burr St","name":""},
  {"lat":41.4276,"lon":-87.7568,"city":"Monee","state":"IL","address":"6002 W Monee Manhattan Rd","name":""},
  {"lat":42.3771,"lon":-77.3638,"city":"Bath","state":"NY","address":"7767 State Route 53","name":""},
  {"lat":34.7284,"lon":-114.315,"city":"Lake Havasu City","state":"AZ","address":"14750 AZ-95","name":""},
  {"lat":34.9595,"lon":-106.66,"city":"Albuquerque","state":"NM","address":"9220 Broadway Blvd SE","name":""},
  {"lat":41.604782,"lon":-87.1147,"city":"Chesterton","state":"IN","address":"243 Melton Road","name":""},
  {"lat":41.9033,"lon":-88.1229,"city":"Carol Stream","state":"IL","address":"170 W North Ave","name":""},
  {"lat":41.988,"lon":-87.9603,"city":"Bensenville","state":"IL","address":"60106 Busse Rd","name":""},
  {"lat":42.0654,"lon":-72.1088,"city":"Sturbridge","state":"MA","address":"400 Haynes St","name":""},
  {"lat":40.7398,"lon":-114.066,"city":"West Wendover","state":"NV","address":"1200 Wendover Blvd","name":""},
  {"lat":40.7603,"lon":-98.5865,"city":"Wood River","state":"NE","address":"11775 NE-11","name":""},
  {"lat":33.4853,"lon":-89.7703,"city":"Winona","state":"MS","address":"403 SW Frontage Rd","name":""},
  {"lat":32.5079,"lon":-92.1929,"city":"West Monroe","state":"LA","address":"300 Well Rd","name":""},
  {"lat":41.1806,"lon":-90.338,"city":"Woodhull","state":"IL","address":"900 Plaza Ave","name":""},
  {"lat":40.9314,"lon":-117.806,"city":"Winnemucca","state":"NV","address":"5625 W Winnemucca Blvd","name":""},
  {"lat":46.0051,"lon":-112.612,"city":"Butte","state":"MT","address":"1000 Grizzly Trail","name":""},
  {"lat":43.1426,"lon":-115.663,"city":"Mountain Home","state":"ID","address":"1050 US-20","name":""},
  {"lat":38.8749,"lon":-97.6097,"city":"Salina","state":"KS","address":"1944 N 9th St","name":""},
  {"lat":41.6196,"lon":-90.784,"city":"Walcott","state":"IA","address":"3500 N Plainview Rd","name":""},
  {"lat":41.6144,"lon":-90.7822,"city":"Walcott","state":"IA","address":"2975 N Plainview Rd","name":""},
  {"lat":39.5515,"lon":-86.0458,"city":"Whiteland","state":"IN","address":"2962 E 500 N","name":""},
  {"lat":38.9176,"lon":-84.6326,"city":"Walton","state":"KY","address":"11229 Frontage Rd","name":""},
  {"lat":38.9709,"lon":-89.1361,"city":"Vandalia","state":"IL","address":"10 Interstate Dr","name":""},
  {"lat":38.7318,"lon":-89.9085,"city":"Troy","state":"IL","address":"820 Edwardsville Rd","name":""},
  {"lat":40.1237,"lon":-87.7789,"city":"Oakwood","state":"IL","address":"503 N Oakwood St","name":""},
  {"lat":38.5555,"lon":-89.806,"city":"Mascoutah","state":"IL","address":"9810 Perrin Rd","name":""},
  {"lat":39.419,"lon":-87.6947,"city":"Marshall","state":"IL","address":"104 W Trefz Dr","name":""},
  {"lat":37.7403,"lon":-88.9645,"city":"Marion","state":"IL","address":"2611 Vernell Rd","name":""},
  {"lat":38.2762,"lon":-84.5597,"city":"Georgetown","state":"KY","address":"259 Cherry Blossom Way","name":""},
  {"lat":40.7507,"lon":-88.0015,"city":"Gilman","state":"IL","address":"815 US-24","name":""},
  {"lat":38.6509,"lon":-90.1314,"city":"East St. Louis","state":"IL","address":"699 IL-203","name":""},
  {"lat":38.3123,"lon":-88.9608,"city":"Mount Vernon","state":"IL","address":"4610 Broadway St","name":""},
  {"lat":39.9077,"lon":-88.896,"city":"Decatur","state":"IL","address":"4030 E Boyd Rd","name":""},
  {"lat":39.1492,"lon":-88.5313,"city":"Effingham","state":"IL","address":"2500 N 3rd St","name":""},
  {"lat":40.4827,"lon":-89.0167,"city":"Bloomington","state":"IL","address":"1522 W Market St","name":""},
  {"lat":38.2758,"lon":-84.5536,"city":"Georgetown","state":"KY","address":"110 Triport Rd","name":""},
  {"lat":41.736,"lon":-86.3364,"city":"South Bend","state":"IN","address":"6424 W Brick Rd","name":""},
  {"lat":39.5837,"lon":-85.8185,"city":"Shelbyville","state":"IN","address":"1851 W 400 N","name":""},
  {"lat":41.0472,"lon":-86.2186,"city":"Rochester","state":"IN","address":"389 Rochester Crossing Dr","name":""},
  {"lat":40.7665,"lon":-87.1239,"city":"Remington","state":"IN","address":"4154 US-24","name":""},
  {"lat":41.3419,"lon":-86.2642,"city":"Plymouth","state":"IN","address":"10619 9A Rd","name":""},
  {"lat":38.2385,"lon":-86.3615,"city":"Leavenworth","state":"IN","address":"6921 IN-66","name":""},
  {"lat":39.8214,"lon":-85.9164,"city":"Greenfield","state":"IN","address":"2640 N 600 W","name":""},
  {"lat":38.1744,"lon":-87.5485,"city":"Haubstadt","state":"IN","address":"1042 E Warrenton Rd","name":""},
  {"lat":40.0455,"lon":-86.8196,"city":"Crawfordsville","state":"IN","address":"4403 IN-32","name":""},
  {"lat":39.4516,"lon":-87.125,"city":"Brazil","state":"IN","address":"4376 IN-59","name":""},
  {"lat":41.2903,"lon":-87.295,"city":"Hebron","state":"IN","address":"18011 Colorado St","name":""},
  {"lat":41.63,"lon":-93.7798,"city":"Urbandale","state":"IA","address":"11957 Douglas Avenue","name":""},
  {"lat":42.4354,"lon":-96.3733,"city":"Sioux City","state":"IA","address":"2815 Singing Hills Blvd","name":""},
  {"lat":40.6903,"lon":-95.7929,"city":"Percival","state":"IA","address":"2495 210th Ave","name":""},
  {"lat":41.0408,"lon":-93.7956,"city":"Osceola","state":"IA","address":"2010 W Clay St","name":""},
  {"lat":40.9828,"lon":-91.5399,"city":"Mount Pleasant","state":"IA","address":"1300 N Grand Ave","name":""},
  {"lat":41.2356,"lon":-95.8788,"city":"Council Bluffs","state":"IA","address":"2647 S 24th St","name":""},
  {"lat":43.145,"lon":-93.3585,"city":"Clear Lake","state":"IA","address":"2411 US-18","name":""},
  {"lat":41.8914,"lon":-91.6672,"city":"Cedar Rapids","state":"IA","address":"8950 Earhart Ln SW","name":""},
  {"lat":41.6979,"lon":-92.359,"city":"Brooklyn","state":"IA","address":"4126 IA-21","name":""},
  {"lat":39.3647,"lon":-101.032,"city":"Colby","state":"KS","address":"1110 E Willow Ave","name":""},
  {"lat":38.2102,"lon":-85.3481,"city":"Simpsonville","state":"KY","address":"819 Buck Creek Rd","name":""},
  {"lat":38.0605,"lon":-85.7029,"city":"Shepherdsville","state":"KY","address":"2050 E Blue Lick Rd","name":""},
  {"lat":37.0975,"lon":-88.6911,"city":"Paducah","state":"KY","address":"5353 Cairo Rd","name":""},
  {"lat":38.0858,"lon":-83.8992,"city":"Mount Sterling","state":"KY","address":"3060 Owingsville Rd","name":""},
  {"lat":37.2553,"lon":-87.4491,"city":"Madisonville","state":"KY","address":"95 Free Henry Ford Rd","name":""},
  {"lat":37.8272,"lon":-85.724,"city":"Lebanon Junction","state":"KY","address":"150 Plaza Park Rd","name":""},
  {"lat":37.5953,"lon":-85.8649,"city":"Glendale","state":"KY","address":"58 Glendale Hodgenville Rd W","name":""},
  {"lat":32.4595,"lon":-91.759,"city":"Rayville","state":"LA","address":"103 Grimshaw St","name":""},
  {"lat":38.4575,"lon":-85.2991,"city":"Pendleton","state":"KY","address":"489 Pendleton Road","name":""},
  {"lat":38.4542,"lon":-85.2971,"city":"Pendleton","state":"KY","address":"205 Pendleton Rd","name":""},
  {"lat":30.454,"lon":-91.2454,"city":"Port Allen","state":"LA","address":"420 N Lobdell Hwy","name":""},
  {"lat":30.4776,"lon":-90.4566,"city":"Hammond","state":"LA","address":"2111 SW Railroad Ave","name":""},
  {"lat":36.6784,"lon":-87.4052,"city":"Oak Grove","state":"KY","address":"8190 Pembroke Oak Grove Rd","name":""},
  {"lat":36.6922,"lon":-87.4517,"city":"Oak Grove","state":"KY","address":"12900 Fort Campbell Blvd","name":""},
  {"lat":30.7816,"lon":-92.187,"city":"Bunkie","state":"LA","address":"7349 LA-29","name":""},
  {"lat":30.294,"lon":-91.9145,"city":"Breaux Bridge","state":"LA","address":"2112 Rees St","name":""},
  {"lat":42.7408,"lon":-86.0705,"city":"Holland","state":"MI","address":"853 Interchange Dr","name":""},
  {"lat":36.7178,"lon":-86.5253,"city":"Franklin","state":"KY","address":"2940 Scottsville Rd","name":""},
  {"lat":42.0901,"lon":-86.4123,"city":"Benton Harbor","state":"MI","address":"1860 E Napier Ave","name":""},
  {"lat":45.4963,"lon":-94.149,"city":"St. Cloud","state":"MN","address":"4231 Clearwater Rd","name":""},
  {"lat":45.861,"lon":-95.4234,"city":"Alexandria","state":"MN","address":"3181 Evergreen Ln SW","name":""},
  {"lat":34.4678,"lon":-89.006,"city":"New Albany","state":"MS","address":"500 MS-15","name":""},
  {"lat":30.4384,"lon":-88.5288,"city":"Moss Point","state":"MS","address":"6705 MS-63","name":""},
  {"lat":32.2731,"lon":-90.1926,"city":"Jackson","state":"MS","address":"2520 S Gallatin St","name":""},
  {"lat":42.3017,"lon":-83.8772,"city":"Dexter","state":"MI","address":"750 Baker Rd","name":""},
  {"lat":42.2962,"lon":-83.879,"city":"Dexter","state":"MI","address":"195 Baker Rd","name":""},
  {"lat":38.487,"lon":-90.7588,"city":"Pacific","state":"MO","address":"1475 Thornton St","name":""},
  {"lat":37.8354,"lon":-94.3247,"city":"Nevada","state":"MO","address":"2424 E Austin Blvd","name":""},
  {"lat":30.8726,"lon":-88.0465,"city":"Satsuma","state":"AL","address":"6109 US-43 S","name":""},
  {"lat":32.3454,"lon":-88.7283,"city":"Meridian","state":"MS","address":"1555 Tommy Webb Dr","name":""},
  {"lat":30.5594,"lon":-88.2056,"city":"Theodore","state":"AL","address":"6955 Theodore Dawes Rd","name":""},
  {"lat":39.3687,"lon":-94.3743,"city":"Kearney","state":"MO","address":"600 W MO-92","name":""},
  {"lat":39.0037,"lon":-93.7342,"city":"Higginsville","state":"MO","address":"6676 MO-13","name":""},
  {"lat":36.2277,"lon":-89.7252,"city":"Hayti","state":"MO","address":"1701 MO-84","name":""},
  {"lat":39.6008,"lon":-94.7912,"city":"Faucett","state":"MO","address":"1307 SE Grand DD Hwy","name":""},
  {"lat":37.8743,"lon":-93.6214,"city":"Collins","state":"MO","address":"9890 MO-13","name":""},
  {"lat":39.1563,"lon":-94.4764,"city":"Kansas City","state":"MO","address":"8801 NE Birmingham Rd","name":""},
  {"lat":38.9394,"lon":-92.7735,"city":"Boonville","state":"MO","address":"1701 W Ashley Rd","name":""},
  {"lat":47.1893,"lon":-114.885,"city":"Superior","state":"MT","address":"27 Diamond Road","name":""},
  {"lat":48.5132,"lon":-111.873,"city":"Shelby","state":"MT","address":"1350 W Roosevelt Hwy","name":""},
  {"lat":46.8756,"lon":-113.887,"city":"Milltown","state":"MT","address":"7985 MT-200","name":""},
  {"lat":46.3969,"lon":-105.822,"city":"Miles City","state":"MT","address":"1210 S Haynes Ave","name":""},
  {"lat":46.757,"lon":-114.082,"city":"Lolo","state":"MT","address":"11882 US-93","name":""},
  {"lat":37.0046,"lon":-94.5521,"city":"Joplin","state":"MO","address":"4500 Hwy 43","name":""},
  {"lat":45.6449,"lon":-109.247,"city":"Columbus","state":"MT","address":"602 E 8th Ave","name":""},
  {"lat":48.3698,"lon":-114.239,"city":"Columbia Falls","state":"MT","address":"6102 US-2","name":""},
  {"lat":45.7745,"lon":-111.2,"city":"Belgrade","state":"MT","address":"561 Business Hub Dr","name":""},
  {"lat":45.8159,"lon":-108.416,"city":"Billings","state":"MT","address":"2711 N Frontage Rd","name":""},
  {"lat":41.2365,"lon":-73.0224,"city":"Milford","state":"CT","address":"433 Old Gate Ln","name":""},
  {"lat":39.6137,"lon":-119.266,"city":"Fernley","state":"NV","address":"465 Pilot Rd","name":""},
  {"lat":30.7553,"lon":-83.2727,"city":"Valdosta","state":"GA","address":"3460 Madison Hwy","name":""},
  {"lat":31.4286,"lon":-83.5163,"city":"Tifton","state":"GA","address":"4431 Union Rd","name":""},
  {"lat":30.7604,"lon":-81.6489,"city":"St. Mary's","state":"GA","address":"491 St Mary's Rd","name":""},
  {"lat":33.3211,"lon":-84.7778,"city":"Newnan","state":"GA","address":"1645 S US-29","name":""},
  {"lat":30.7599,"lon":-81.6558,"city":"Kingsland","state":"GA","address":"2607 Scrubby Bluff Rd","name":""},
  {"lat":32.685,"lon":-114.581,"city":"Yuma","state":"AZ","address":"3075 Gila Ridge Rd","name":""},
  {"lat":33.9929,"lon":-87.7787,"city":"Winfield","state":"AL","address":"159 Michael Spann Dr","name":""},
  {"lat":32.4716,"lon":-85.6904,"city":"Tuskegee","state":"AL","address":"3680 AL-81","name":""},
  {"lat":33.1734,"lon":-87.4783,"city":"Tuscaloosa","state":"AL","address":"4416 Skyland Blvd E","name":""},
  {"lat":30.5163,"lon":-83.0587,"city":"Jasper","state":"FL","address":"8067 FL-6","name":""},
  {"lat":28.8736,"lon":-82.0906,"city":"Wildwood","state":"FL","address":"744 FL-44","name":""},
  {"lat":29.2679,"lon":-82.1916,"city":"Ocala","state":"FL","address":"4255 W Hwy 326","name":""},
  {"lat":30.284,"lon":-81.9838,"city":"Jacksonville","state":"FL","address":"1050 US 301 South","name":""},
  {"lat":34.8549,"lon":-117.087,"city":"Barstow","state":"CA","address":"2591 Commerce Pkwy","name":""},
  {"lat":28.8735,"lon":-82.0969,"city":"Wildwood","state":"FL","address":"493 FL-44","name":""},
  {"lat":34.5379,"lon":-86.9109,"city":"Decatur","state":"AL","address":"3240 Point Mallard Parkway","name":""},
  {"lat":34.1167,"lon":-86.8635,"city":"Cullman","state":"AL","address":"1600 County Road 437","name":""},
  {"lat":33.5621,"lon":-86.8307,"city":"Birmingham","state":"AL","address":"224 Daniel Payne Dr","name":""},
  {"lat":30.3716,"lon":-81.7644,"city":"Jacksonville","state":"FL","address":"4075 Jones Branch Rd","name":""},
  {"lat":33.7653,"lon":-112.514,"city":"Wittmann","state":"AZ","address":"31120 US-60","name":""},
  {"lat":33.5939,"lon":-86.1216,"city":"Lincoln","state":"AL","address":"75750 AL-77","name":""},
  {"lat":33.593,"lon":-86.1592,"city":"Lincoln","state":"AL","address":"130 Honda Dr","name":""},
  {"lat":29.0245,"lon":-82.1592,"city":"Ocala","state":"FL","address":"2020 SW Hwy 484","name":""},
  {"lat":29.2658,"lon":-82.1889,"city":"Ocala","state":"FL","address":"4032 W Hwy 326","name":""},
  {"lat":30.7255,"lon":-85.1871,"city":"Marianna","state":"FL","address":"2209 FL-71","name":""},
  {"lat":34.6995,"lon":-113.61,"city":"Wikieup","state":"AZ","address":"18183 US-93","name":""},
  {"lat":33.4941,"lon":-112.937,"city":"Tonopah","state":"AZ","address":"41112 W Indian School Rd","name":""},
  {"lat":31.4322,"lon":-110.962,"city":"Rio Rico","state":"AZ","address":"769 E Frontage Rd","name":""},
  {"lat":36.9953,"lon":-111.565,"city":"Page","state":"AZ","address":"101 W Glen Dr","name":""},
  {"lat":31.3387,"lon":-110.967,"city":"Nogales","state":"AZ","address":"330 N Mariposa Rd","name":""},
  {"lat":34.3273,"lon":-112.117,"city":"Mayer","state":"AZ","address":"14905 Cordes Lake Road","name":""},
  {"lat":32.1256,"lon":-110.874,"city":"Tucson","state":"AZ","address":"5570 E Travel Plaza Way","name":""},
  {"lat":33.6335,"lon":-113.768,"city":"Salome","state":"AZ","address":"48286 Vicksburg Rd","name":""},
  {"lat":33.4145,"lon":-111.996,"city":"Phoenix","state":"AZ","address":"3444 S 40th St","name":""},
  {"lat":33.6615,"lon":-114.236,"city":"Quartzsite","state":"AZ","address":"1201 W Main St","name":""},
  {"lat":35.2385,"lon":-111.823,"city":"Bellemont","state":"AZ","address":"12500 W I-40","name":""},
  {"lat":30.4854,"lon":-84.42,"city":"Midway","state":"FL","address":"33333 Blue Star Hwy","name":""},
  {"lat":33.4565,"lon":-112.274,"city":"Avondale","state":"AZ","address":"900 N 99th Ave","name":""},
  {"lat":32.9297,"lon":-112.673,"city":"Gila Bend","state":"AZ","address":"3006 S Butterfield Trl","name":""},
  {"lat":36.176,"lon":-94.1933,"city":"Springdale","state":"AR","address":"5660 W Sunset Ave","name":""},
  {"lat":34.7814,"lon":-92.1273,"city":"North Little Rock","state":"AR","address":"3300 AR-391","name":""},
  {"lat":32.7393,"lon":-111.548,"city":"Eloy","state":"AZ","address":"619 S Sunshine Blvd","name":""},
  {"lat":34.6083,"lon":-92.5328,"city":"Benton","state":"AR","address":"7801 Alcoa Rd","name":""},
  {"lat":34.1871,"lon":-93.0703,"city":"Arkadelphia","state":"AR","address":"170 Valley Street","name":""},
  {"lat":35.1272,"lon":-118.415,"city":"Tehachapi","state":"CA","address":"1668 E Tehachapi Blvd","name":""},
  {"lat":32.5684,"lon":-116.953,"city":"San Diego","state":"CA","address":"1497 Piper Ranch Rd","name":""},
  {"lat":35.2803,"lon":-93.0922,"city":"Russellville","state":"AR","address":"215 AR-331 N","name":""},
  {"lat":36.6656,"lon":-121.63,"city":"Salinas","state":"CA","address":"951 Work St","name":""},
  {"lat":34.1379,"lon":-117.428,"city":"Rialto","state":"CA","address":"2325 Sierra Lakes Pkwy","name":""},
  {"lat":34.5436,"lon":-118.036,"city":"Palmdale","state":"CA","address":"5231 Pearblossom Hwy","name":""},
  {"lat":39.7504,"lon":-122.208,"city":"Orland","state":"CA","address":"4444 Commerce Ln","name":""},
  {"lat":33.903,"lon":-116.546,"city":"North Palm Springs","state":"CA","address":"6605 N Indian Canyon Dr","name":""},
  {"lat":35.532,"lon":-119.189,"city":"Bakersfield","state":"CA","address":"17047 Zachary Ave","name":""},
  {"lat":35.6151,"lon":-119.659,"city":"Lost Hills","state":"CA","address":"14808 Warren St","name":""},
  {"lat":34.4081,"lon":-117.399,"city":"Hesperia","state":"CA","address":"8701 US-395","name":""},
  {"lat":38.862,"lon":-121.95,"city":"Dunnigan","state":"CA","address":"30035 County Road 8","name":""},
  {"lat":34.0624,"lon":-117.289,"city":"Colton","state":"CA","address":"2300 E Steel Rd","name":""},
  {"lat":37.0187,"lon":-120.133,"city":"Madera","state":"CA","address":"22717 Ave 18 1/2","name":""},
  {"lat":34.4946,"lon":-118.62,"city":"Castaic","state":"CA","address":"31642 Castiac Rd","name":""},
  {"lat":32.9779,"lon":-115.504,"city":"Brawley","state":"CA","address":"234 Ben Hulse Hwy","name":""},
  {"lat":34.9917,"lon":-117.542,"city":"Boron","state":"CA","address":"5725 CA-58","name":""},
  {"lat":40.104418,"lon":-104.601929,"city":"Hudson","state":"CO","address":"7044 County Rd 49","name":""},
  {"lat":39.1125,"lon":-108.648,"city":"Grand Junction","state":"CO","address":"2195 Hwy 6 and 50","name":""},
  {"lat":39.0558,"lon":-104.853,"city":"Colorado Springs","state":"CO","address":"15455 Terrazzo Drive","name":""},
  {"lat":26.6668,"lon":-80.7165,"city":"South Bay","state":"FL","address":"210 US-27","name":""},
  {"lat":30.0801,"lon":-81.4782,"city":"St. Johns","state":"FL","address":"1625 County Road 210 West","name":""},
  {"lat":26.894,"lon":-82.0092,"city":"Punta Gorda","state":"FL","address":"26505 Jones Loop Rd","name":""},
  {"lat":27.6991,"lon":-80.9015,"city":"Okeechobee","state":"FL","address":"3051 State Rd 60","name":""},
  {"lat":28.1181,"lon":-81.6391,"city":"Haines City","state":"FL","address":"35647 US-27","name":""},
  {"lat":26.6552,"lon":-81.8016,"city":"Fort Myers","state":"FL","address":"6050 Plaza Dr","name":""},
  {"lat":27.9174,"lon":-81.7189,"city":"Bartow","state":"FL","address":"7990 SR-60","name":""},
  {"lat":32.4904,"lon":-82.9342,"city":"Dublin","state":"GA","address":"2185 US-441","name":""},
  {"lat":27.4139,"lon":-80.4001,"city":"Fort Pierce","state":"FL","address":"7300 Okeechobee Rd","name":""},
  {"lat":31.9596,"lon":-83.7466,"city":"Cordele","state":"GA","address":"2201 16th Ave E","name":""},
  {"lat":34.2723,"lon":-84.8076,"city":"Cartersville","state":"GA","address":"968 Cassville White Rd","name":""},
  {"lat":32.6122,"lon":-83.7443,"city":"Byron","state":"GA","address":"2965 Highway 247C","name":""},
  {"lat":31.5809,"lon":-84.0858,"city":"Albany","state":"GA","address":"310 Cordele Rd","name":""}]}