{"key":"pjs_coffee","displayName":"PJ's Coffee","category":"coffee","useLocationName":false,"locations":[
  {"lat":34.731401,"lon":-86.588319,"city":"Huntsville","state":"AL","address":"133 Holmes Avenue NW","name":""},
  {"lat":34.707037,"lon":-86.748218,"city":"Madison","state":"AL","address":"243 Browns Ferry Road","name":""},
  {"lat":30.597886,"lon":-88.161581,"city":"Mobile","state":"AL","address":"5000 Rangeline Xing Dr S","name":""},
  {"lat":33.210599,"lon":-87.553472,"city":"Tuscaloosa","state":"AL","address":"1201 University Blvd","name":""},
  {"lat":34.479838,"lon":-91.555258,"city":"Stuttgart","state":"AR","address":"210 West 22nd St.","name":""},
  {"lat":41.657335,"lon":-72.726896,"city":"Newington","state":"CT","address":"3313 Berlin Turnpike Unit 12","name":""},
  {"lat":30.474991,"lon":-87.246168,"city":"Pensacola","state":"FL","address":"85 West Airport Blvd.","name":""},
  {"lat":32.401659,"lon":-81.758253,"city":"Statesboro","state":"GA","address":"23 Independence Way","name":""},
  {"lat":38.038039,"lon":-84.507451,"city":"Lexington","state":"KY","address":"555 S Limestone","name":""},
  {"lat":30.650837,"lon":-91.193713,"city":"Zachary","state":"LA","address":"20103 Old Scenic Highway","name":""},
  {"lat":38.997048,"lon":-77.028841,"city":"Silver Spring","state":"MD","address":"8621 Georgia Ave., Ste. A-2","name":""},
  {"lat":31.690052,"lon":-90.393196,"city":"Wesson","state":"MS","address":"1028 Jc Redd Dr","name":""},
  {"lat":39.361282,"lon":-94.770817,"city":"Platte City","state":"MO","address":"1401 Branch Street","name":""},
  {"lat":40.739624,"lon":-74.167721,"city":"Newark","state":"NJ","address":"2 Center St Suite 176","name":""},
  {"lat":32.484022,"lon":-80.979488,"city":"Ridgeland","state":"SC","address":"8026 East Main St","name":""},
  {"lat":30.06668,"lon":-95.921265,"city":"Waller","state":"TX","address":"2230 Field Store Rd Building 1","name":""},
  {"lat":38.78293,"lon":-77.08027,"city":"Alexandria","state":"VA","address":"6220 N Kings Hwy","name":""},
  {"lat":38.038039,"lon":-84.507451,"city":"Lexington","state":"KY","address":"555 S. Limestone","name":""},
  {"lat":30.67641,"lon":-88.14887,"city":"Mobile","state":"AL","address":"3950 Airport Blvd","name":""},
  {"lat":32.27749,"lon":-95.336354,"city":"Tyler","state":"TX","address":"6555 Old Jacksonville Hwy","name":""},
  {"lat":30.08023,"lon":-95.56175,"city":"Tomball","state":"TX","address":"9210 FM 2920 Road Suite 117","name":""},
  {"lat":29.567112,"lon":-95.684985,"city":"Sugar Land","state":"TX","address":"17211 W. Grand Parkway South","name":""},
  {"lat":30.012106,"lon":-95.514744,"city":"Spring","state":"TX","address":"16000 Stuebner Airline Road","name":""},
  {"lat":29.689861,"lon":-98.454034,"city":"San Antonio","state":"TX","address":"25219 US Hwy 281 N","name":""},
  {"lat":31.432783,"lon":-100.441749,"city":"San Angelo","state":"TX","address":"2902 S. Bryant Blvd.","name":""},
  {"lat":29.55476,"lon":-95.417456,"city":"Pearland","state":"TX","address":"12640 Broadway Street","name":""},
  {"lat":26.235932,"lon":-98.384483,"city":"Palmview","state":"TX","address":"1314 Palma Vista Dr.","name":""},
  {"lat":33.025572,"lon":-97.268302,"city":"Northlake","state":"TX","address":"4901 Texas Highway 114","name":""},
  {"lat":32.847656,"lon":-97.240772,"city":"North Richland Hills","state":"TX","address":"5555 Rufe Snow Suite 100","name":""},
  {"lat":30.3852,"lon":-95.653,"city":"Montgomery","state":"TX","address":"17128 Walden Road","name":""},
  {"lat":29.555875,"lon":-95.512373,"city":"Missouri City","state":"TX","address":"1021 Lake Olympia Pkwy","name":""},
  {"lat":38.89036,"lon":-77.03196,"city":"Midland","state":"TX","address":"8404 W County Rd 60","name":""},
  {"lat":26.07182,"lon":-97.47644,"city":"Los Fresnos","state":"TX","address":"1010 W Ocean Blvd. Ste 103","name":""},
  {"lat":30.578666,"lon":-97.865959,"city":"Leander","state":"TX","address":"11620 Hero Way West","name":""},
  {"lat":29.492184,"lon":-95.104071,"city":"League City","state":"TX","address":"1120 Grand Oak Blvd.","name":""},
  {"lat":27.575662,"lon":-99.468171,"city":"Laredo","state":"TX","address":"1705 E. Del Mar","name":""},
  {"lat":29.531254,"lon":-95.534614,"city":"Missouri City","state":"TX","address":"5822 Sienna Pkwy","name":""},
  {"lat":29.42385,"lon":-98.48491,"city":"San Antonio","state":"TX","address":"849 E Commerce st","name":""},
  {"lat":29.68968,"lon":-98.45407,"city":"San Antonio","state":"TX","address":"25219 US Hwy 281 N","name":""},
  {"lat":29.43672,"lon":-98.65646,"city":"San Antonio","state":"TX","address":"8530 State Hwy 151 Suite 109","name":""},
  {"lat":29.59472,"lon":-98.42318,"city":"San Antonio","state":"TX","address":"16918 Bulverde Road","name":""},
  {"lat":29.542545,"lon":-98.699511,"city":"San Antonio","state":"TX","address":"10630 Braun Road","name":""},
  {"lat":29.624637,"lon":-98.610663,"city":"San Antonio","state":"TX","address":"19739 IH 10 East","name":""},
  {"lat":29.532555,"lon":-98.561677,"city":"San Antonio","state":"TX","address":"9811 IH- 10 West","name":""},
  {"lat":29.53509,"lon":-98.648242,"city":"San Antonio","state":"TX","address":"9703 Bandera Rd","name":""},
  {"lat":29.788958,"lon":-95.802134,"city":"Katy","state":"TX","address":"1185 Katy Fort Bend Road Suite 280","name":""},
  {"lat":32.871623,"lon":-96.994825,"city":"Irving","state":"TX","address":"3575 West Story Road","name":""},
  {"lat":29.7528,"lon":-95.4544,"city":"Houston","state":"TX","address":"2222 West Loop South","name":""},
  {"lat":33.143,"lon":-96.733302,"city":"Frisco","state":"TX","address":"7967 S Custer Rd. Suite 100","name":""},
  {"lat":32.645683,"lon":-97.410022,"city":"Fort Worth","state":"TX","address":"7048 Granbury Road","name":""},
  {"lat":32.849063,"lon":-97.099351,"city":"Euless","state":"TX","address":"900 N Industrial Blvd","name":""},
  {"lat":32.934346,"lon":-96.839682,"city":"Dallas","state":"TX","address":"13605 Midway Road","name":""},
  {"lat":30.58939,"lon":-96.31559,"city":"College Station","state":"TX","address":"1800 Harvey Mitchell Parkway","name":""},
  {"lat":32.154564,"lon":-80.731637,"city":"Hilton Head Island","state":"SC","address":"130 Shipyard Drive","name":""},
  {"lat":35.007317,"lon":-80.945394,"city":"Fort Mill","state":"SC","address":"3080 US-21","name":""},
  {"lat":32.785373,"lon":-79.947959,"city":"Charleston","state":"SC","address":"171 Ashley Ave.","name":""},
  {"lat":39.348004,"lon":-74.580479,"city":"Linwood","state":"NJ","address":"1201 New Rd Suite 105","name":""},
  {"lat":40.884483,"lon":-74.288262,"city":"Fairfield","state":"NJ","address":"437 US-46","name":""},
  {"lat":38.774748,"lon":-90.699365,"city":"O'Fallon","state":"MO","address":"2426 State Hwy K","name":""},
  {"lat":30.371838,"lon":-89.61728,"city":"Stennis Space Center","state":"MS","address":"1100 Stennis Space Center","name":""},
  {"lat":32.413661,"lon":-90.104049,"city":"Ridgeland","state":"MS","address":"849 Lake Harbour Dr. Suite C","name":""},
  {"lat":30.844329,"lon":-89.543052,"city":"Poplarville","state":"MS","address":"101 US 11","name":""},
  {"lat":29.812202,"lon":-95.774738,"city":"Katy","state":"TX","address":"2533 W Grand Pkwy N","name":""},
  {"lat":30.526891,"lon":-89.681081,"city":"Picayune","state":"MS","address":"117 North Main Street","name":""},
  {"lat":30.416732,"lon":-88.826125,"city":"Ocean Springs","state":"MS","address":"1112 Ames Ave","name":""},
  {"lat":31.516526,"lon":-91.387449,"city":"Natchez","state":"MS","address":"112 Hwy 61 S","name":""},
  {"lat":32.412449,"lon":-88.679561,"city":"Meridian","state":"MS","address":"5145 MS-39","name":""},
  {"lat":31.247015,"lon":-90.467211,"city":"McComb","state":"MS","address":"1213 Delaware Avenue","name":""},
  {"lat":32.331864,"lon":-90.169977,"city":"Jackson","state":"MS","address":"2500 N. State St.","name":""},
  {"lat":30.946936,"lon":-89.64097,"city":"Hattiesburg","state":"MS","address":"6106 Hwy-98","name":""},
  {"lat":30.422527,"lon":-89.093113,"city":"Gulfport","state":"MS","address":"9347 US 49","name":""},
  {"lat":30.438274,"lon":-88.89587,"city":"D'Iberville","state":"MS","address":"10439 D'Iberville Blvd","name":""},
  {"lat":31.579179,"lon":-90.45974,"city":"Brookhaven","state":"MS","address":"771 Brookway Blvd Brookhaven","name":""},
  {"lat":30.457924,"lon":-88.844735,"city":"Biloxi","state":"MS","address":"14100 LTG Chesty Puller Blvd.","name":""},
  {"lat":30.31182,"lon":-89.32943,"city":"Bay St. Louis","state":"MS","address":"207 Main St.","name":""},
  {"lat":39.20112,"lon":-76.6555,"city":"Linthicum Heights","state":"MD","address":"504 South Camp Meade Road","name":""},
  {"lat":39.10189,"lon":-76.80084,"city":"Laurel","state":"MD","address":"3569 Russett Green","name":""},
  {"lat":39.157858,"lon":-77.161108,"city":"Gaithersburg","state":"MD","address":"18251 Flower Hill Way","name":""},
  {"lat":39.21474,"lon":-76.86108,"city":"Columbia","state":"MD","address":"10300 Little Patuxent Pkwy","name":""},
  {"lat":39.743943,"lon":-105.020089,"city":"Capitol Heights","state":"MD","address":"1708 Ritchie Station Ct","name":""},
  {"lat":32.265997,"lon":-90.001041,"city":"Jackson","state":"MS","address":"3100 Old Canton Rd","name":""},
  {"lat":38.82849,"lon":-76.90862,"city":"Camp Springs","state":"MD","address":"4501 Telfair Blvd","name":""},
  {"lat":38.96327,"lon":-76.78754,"city":"Bowie","state":"MD","address":"12530 Fairwood Parkway","name":""},
  {"lat":32.517884,"lon":-92.159433,"city":"West Monroe","state":"LA","address":"3414 Cypress Street","name":""},
  {"lat":30.489271,"lon":-90.877646,"city":"Walker","state":"LA","address":"12646 Burgess Avenue","name":""},
  {"lat":29.799479,"lon":-90.814922,"city":"Thibodaux","state":"LA","address":"200 E. Bayou Road","name":""},
  {"lat":30.272417,"lon":-89.756954,"city":"Slidell","state":"LA","address":"1806 Lindberg Drive","name":""},
  {"lat":32.4805,"lon":-93.7607,"city":"Shreveport","state":"LA","address":"1501 Kings Hwy.","name":""},
  {"lat":32.542144,"lon":-92.61402,"city":"Ruston","state":"LA","address":"1736 Farmerville Hwy","name":""},
  {"lat":29.961497,"lon":-90.221945,"city":"River Ridge","state":"LA","address":"10158 Jefferson Hwy","name":""},
  {"lat":29.6984,"lon":-90.55797,"city":"Raceland","state":"LA","address":"4730 LA - 1","name":""},
  {"lat":30.287797,"lon":-90.980084,"city":"Prairieville","state":"LA","address":"15089 Hwy 73","name":""},
  {"lat":30.439477,"lon":-90.400336,"city":"Ponchatoula","state":"LA","address":"19452 LA-22","name":""},
  {"lat":29.950235,"lon":-90.066179,"city":"New Orleans","state":"LA","address":"300 Canal St. Suite R","name":""},
  {"lat":32.590368,"lon":-92.069885,"city":"Monroe","state":"LA","address":"400 Century Link Drive","name":""},
  {"lat":29.973957,"lon":-90.150946,"city":"Metairie","state":"LA","address":"2600 Airline Drive","name":""},
  {"lat":29.893681,"lon":-90.129486,"city":"Marrero","state":"LA","address":"7335 Westbank Expressway","name":""},
  {"lat":30.398328,"lon":-90.103632,"city":"Mandeville","state":"LA","address":"4520 LA-22","name":""},
  {"lat":30.412693,"lon":-90.042469,"city":"Mandeville","state":"LA","address":"1665 Dove Park Rd","name":""},
  {"lat":30.390164,"lon":-90.062481,"city":"Mandeville","state":"LA","address":"925 Hwy 59","name":""},
  {"lat":30.390382,"lon":-90.083304,"city":"Mandeville","state":"LA","address":"2963 Highway 190","name":""},
  {"lat":29.912805,"lon":-90.083572,"city":"Marrero","state":"LA","address":"1101 Medical Center Blvd","name":""},
  {"lat":30.0169,"lon":-90.1986,"city":"Metairie","state":"LA","address":"5016 West Esplanade Ave","name":""},
  {"lat":29.996691,"lon":-90.218117,"city":"Metairie","state":"LA","address":"2200 David Drive","name":""},
  {"lat":30.001746,"lon":-90.127794,"city":"Metairie","state":"LA","address":"509 Veterans Blvd.","name":""},
  {"lat":30.01701,"lon":-90.188522,"city":"Metairie","state":"LA","address":"4400 Clearview Pkwy","name":""},
  {"lat":32.517795,"lon":-92.106304,"city":"Monroe","state":"LA","address":"1809 Louisville Ave.","name":""},
  {"lat":29.952044,"lon":-90.078373,"city":"New Orleans","state":"LA","address":"1515 Poydras St.","name":""},
  {"lat":29.929625,"lon":-90.07656,"city":"New Orleans","state":"LA","address":"2140 Magazine Street","name":""},
  {"lat":29.921128,"lon":-90.011428,"city":"New Orleans","state":"LA","address":"3070 Holiday Drive","name":""},
  {"lat":29.955279,"lon":-90.066475,"city":"New Orleans","state":"LA","address":"501 Decatur Street","name":""},
  {"lat":29.920801,"lon":-90.11591,"city":"New Orleans","state":"LA","address":"5432 Magazine St.","name":""},
  {"lat":29.991108,"lon":-90.10908,"city":"New Orleans","state":"LA","address":"5555 Canal Blvd.","name":""},
  {"lat":30.026494,"lon":-90.054261,"city":"New Orleans","state":"LA","address":"6600 Franklin Avenue Suite B1","name":""},
  {"lat":29.945034,"lon":-90.071684,"city":"New Orleans","state":"LA","address":"840 St. Charles Ave.","name":""},
  {"lat":29.963717,"lon":-90.184402,"city":"New Orleans","state":"LA","address":"1221 S Clearview Parkway","name":""},
  {"lat":29.9257,"lon":-90.0922,"city":"New Orleans","state":"LA","address":"1401 Foucher Street","name":""},
  {"lat":29.9605,"lon":-90.0814,"city":"New Orleans","state":"LA","address":"2000 Canal Street","name":""},
  {"lat":29.938288,"lon":-90.120938,"city":"New Orleans","state":"LA","address":"24 McAlister Dr.","name":""},
  {"lat":29.968402,"lon":-90.058058,"city":"New Orleans","state":"LA","address":"2222 St. Claude Avenue","name":""},
  {"lat":29.967554,"lon":-90.103923,"city":"New Orleans","state":"LA","address":"3900 Tulane Avenue","name":""},
  {"lat":29.9381,"lon":-90.1043,"city":"New Orleans","state":"LA","address":"4429 Clara St.","name":""},
  {"lat":29.939964,"lon":-90.124344,"city":"New Orleans","state":"LA","address":"7001 Freret Street","name":""},
  {"lat":30.0201,"lon":-90.112,"city":"New Orleans","state":"LA","address":"153 Robert E Lee Blvd","name":""},
  {"lat":30.005,"lon":-90.1054,"city":"New Orleans","state":"LA","address":"801 Harrison Ave","name":""},
  {"lat":29.9562,"lon":-90.1206,"city":"New Orleans","state":"LA","address":"8115 South Claiborne Ave","name":""},
  {"lat":29.9557,"lon":-90.0678,"city":"New Orleans","state":"LA","address":"Royal Sonesta, 300 Bourbon St.","name":""},
  {"lat":29.951636,"lon":-90.06515,"city":"New Orleans","state":"LA","address":"333 Canal Street","name":""},
  {"lat":29.942833,"lon":-90.09326,"city":"New Orleans","state":"LA","address":"2616 S. Claiborne Ave","name":""},
  {"lat":29.942069,"lon":-90.118593,"city":"New Orleans","state":"LA","address":"6501 Willow St.","name":""},
  {"lat":30.03505,"lon":-89.97386,"city":"New Orleans","state":"LA","address":"5733 Read Blvd","name":""},
  {"lat":30.029278,"lon":-90.064732,"city":"New Orleans","state":"LA","address":"2000 Lakeshore Drive","name":""},
  {"lat":30.441769,"lon":-90.455249,"city":"Ponchatoula","state":"LA","address":"1143 US-51","name":""},
  {"lat":30.326873,"lon":-90.983059,"city":"Prairieville","state":"LA","address":"17385 Airline Highway","name":""},
  {"lat":30.286592,"lon":-89.740729,"city":"Slidell","state":"LA","address":"2040 East Gause Blvd.","name":""},
  {"lat":30.057942,"lon":-90.706129,"city":"Lutcher","state":"LA","address":"1935 Lutcher Avenue","name":""},
  {"lat":29.897288,"lon":-90.393635,"city":"Luling","state":"LA","address":"12413 Hwy 90","name":""},
  {"lat":30.1554,"lon":-93.249264,"city":"Lake Charles","state":"LA","address":"5675 Nelson Rd","name":""},
  {"lat":30.20449,"lon":-92.09106,"city":"Lafayette","state":"LA","address":"315 Rue Du Bellier","name":""},
  {"lat":30.074883,"lon":-90.499702,"city":"LaPlace","state":"LA","address":"1819 W Airline Hwy","name":""},
  {"lat":30.0244,"lon":-90.2709,"city":"Kenner","state":"LA","address":"180 W Esplanade Ave","name":""},
  {"lat":29.9617,"lon":-90.1454,"city":"Jefferson","state":"LA","address":"1514 Jefferson Hwy.","name":""},
  {"lat":29.597027,"lon":-90.714239,"city":"Houma","state":"LA","address":"8166 Main St.","name":""},
  {"lat":32.545561,"lon":-93.514279,"city":"Haughton","state":"LA","address":"131 Hwy 3227","name":""},
  {"lat":29.874169,"lon":-90.047359,"city":"Harvey","state":"LA","address":"2645 Manhattan Blvd","name":""},
  {"lat":29.962162,"lon":-90.18997,"city":"Harahan","state":"LA","address":"1200 S. Clearview Pkwy. #1200","name":""},
  {"lat":30.482681,"lon":-90.456382,"city":"Hammond","state":"LA","address":"1913 SW Railroad Avenue","name":""},
  {"lat":29.8844,"lon":-90.0275,"city":"Gretna","state":"LA","address":"2500 Belle Chasse Hwy","name":""},
  {"lat":30.211352,"lon":-90.923474,"city":"Gonzales","state":"LA","address":"402 Hwy 30","name":""},
  {"lat":29.987322,"lon":-90.365093,"city":"Destrehan","state":"LA","address":"150 Ormond Center Court","name":""},
  {"lat":30.50022,"lon":-90.942126,"city":"Denham Springs","state":"LA","address":"1160 Hatchell Ln","name":""},
  {"lat":30.22868,"lon":-92.38115,"city":"Crowley","state":"LA","address":"2040 N Parkerson Avenue","name":""},
  {"lat":30.518424,"lon":-90.494421,"city":"Hammond","state":"LA","address":"14282 University Ave Suite A","name":""},
  {"lat":30.503782,"lon":-90.463362,"city":"Hammond","state":"LA","address":"224 W. Thomas St.","name":""},
  {"lat":30.465904,"lon":-90.46313,"city":"Hammond","state":"LA","address":"15790 Paul Vega MD Dr.","name":""},
  {"lat":29.957493,"lon":-90.187168,"city":"Harahan","state":"LA","address":"5359 Mounes Street","name":""},
  {"lat":29.585917,"lon":-90.746429,"city":"Houma","state":"LA","address":"1311 St. Charles St.","name":""},
  {"lat":29.577717,"lon":-90.689213,"city":"Houma","state":"LA","address":"1128 Grand Caillou Rd","name":""},
  {"lat":29.972,"lon":-90.1197,"city":"Kenner","state":"LA","address":"1 Terminal Drive - Main Terminal","name":""},
  {"lat":30.165842,"lon":-92.034237,"city":"Lafayette","state":"LA","address":"1801 Camellia Blvd.","name":""},
  {"lat":30.2079,"lon":-93.2581,"city":"Lake Charles","state":"LA","address":"777 Avenue L'auberge","name":""},
  {"lat":30.449772,"lon":-90.142097,"city":"Covington","state":"LA","address":"1000 Ochsner Blvd","name":""},
  {"lat":30.4658,"lon":-90.104594,"city":"Covington","state":"LA","address":"917 S Jahncke Avenue","name":""},
  {"lat":29.938066,"lon":-89.944003,"city":"Chalmette","state":"LA","address":"2015 E. Judge Perez","name":""},
  {"lat":30.135168,"lon":-91.974394,"city":"Broussard","state":"LA","address":"1137 South Bernard Blvd","name":""},
  {"lat":32.535033,"lon":-93.708054,"city":"Bossier City","state":"LA","address":"2119 Airline Drive, Suite 100","name":""},
  {"lat":29.866913,"lon":-90.00289,"city":"Belle Chase","state":"LA","address":"7614 Highway 23","name":""},
  {"lat":30.3728,"lon":-91.1833,"city":"Baton Rouge","state":"LA","address":"L'Auberge Casino","name":""},
  {"lat":30.726998,"lon":-90.521561,"city":"Amite","state":"LA","address":"820 West Oak St.","name":""},
  {"lat":31.298327,"lon":-92.488406,"city":"Alexandria","state":"LA","address":"4108 Coliseum Blvd.","name":""},
  {"lat":34.24844,"lon":-85.17087,"city":"Rome","state":"GA","address":"402 East 2nd Ave.","name":""},
  {"lat":33.45635,"lon":-83.2435,"city":"Greensboro","state":"GA","address":"1010 Market St","name":""},
  {"lat":30.216932,"lon":-85.874837,"city":"Panama City Beach","state":"FL","address":"701 Pier Park Drive","name":""},
  {"lat":30.157937,"lon":-81.835272,"city":"Middleburg","state":"FL","address":"3470 Royal Pines Drive","name":""},
  {"lat":28.299661,"lon":-81.416086,"city":"Kissimmee","state":"FL","address":"826 N. John Young Parkway","name":""},
  {"lat":36.315985,"lon":-94.180704,"city":"Rogers","state":"AR","address":"1803 S 46th St Suite 101","name":""},
  {"lat":33.211977,"lon":-92.66388,"city":"El Dorado","state":"AR","address":"106 W. Main St.","name":""},
  {"lat":30.668168,"lon":-87.910515,"city":"Spanish Fort","state":"AL","address":"6510 Spanish Fort Blvd","name":""},
  {"lat":30.534317,"lon":-91.157114,"city":"Baton Rouge","state":"LA","address":"9430 Jackie Cochran Dr.","name":""},
  {"lat":30.534317,"lon":-91.157114,"city":"Baton Rouge","state":"LA","address":"9430 Jackie Cochran Dr.","name":""},
  {"lat":30.386513,"lon":-91.076425,"city":"Baton Rouge","state":"LA","address":"10310 The Grove Blvd.","name":""},
  {"lat":30.448066,"lon":-91.189262,"city":"Baton Rouge","state":"LA","address":"100 Lafayette St.","name":""},
  {"lat":30.474653,"lon":-90.098737,"city":"Covington","state":"LA","address":"122 S Massachusetts St.","name":""},
  {"lat":30.452,"lon":-90.1423,"city":"Covington","state":"LA","address":"1201 Ochsner Blvd.","name":""},
  {"lat":30.468408,"lon":-90.112705,"city":"Covington","state":"LA","address":"1202 S Tyler St.","name":""},
  {"lat":30.500977,"lon":-90.108736,"city":"Covington","state":"LA","address":"73015 Hwy 25","name":""},
  {"lat":30.439999,"lon":-90.083716,"city":"Covington","state":"LA","address":"653 Hwy 190","name":""},
  {"lat":30.453866,"lon":-90.134159,"city":"Covington","state":"LA","address":"70456 Hwy 21","name":""},
  {"lat":30.453738,"lon":-90.08128,"city":"Covington","state":"LA","address":"1600 Highway 190","name":""},
  {"lat":30.451534,"lon":-90.175584,"city":"Covington","state":"LA","address":"70325 Hwy 1077","name":""}]}