{"key":"publix","displayName":"Publix","category":"grocery","useLocationName":false,"locations":[
  {"lat":38.425997,"lon":-77.434023,"city":"Stafford","state":"VA","address":"1640 Publix Way","name":""},
  {"lat":38.425997,"lon":-77.434023,"city":"Stafford","state":"VA","address":"1640 Publix Way","name":""},
  {"lat":38.291406,"lon":-77.579355,"city":"Fredericksburg","state":"VA","address":"5940 Plank Rd","name":""},
  {"lat":38.291406,"lon":-77.579355,"city":"Fredericksburg","state":"VA","address":"5940 Plank Rd","name":""},
  {"lat":38.219113,"lon":-77.50658,"city":"Fredericksburg","state":"VA","address":"9601 Patriot Hwy","name":""},
  {"lat":38.219113,"lon":-77.50658,"city":"Fredericksburg","state":"VA","address":"9601 Patriot Hwy","name":""},
  {"lat":37.610899,"lon":-77.335779,"city":"Mechanicsville","state":"VA","address":"6603 Mechanicsville Tpke","name":""},
  {"lat":37.610899,"lon":-77.335779,"city":"Mechanicsville","state":"VA","address":"6603 Mechanicsville Tpke","name":""},
  {"lat":37.675134,"lon":-77.463099,"city":"Glen Allen","state":"VA","address":"10150 Brook Rd","name":""},
  {"lat":37.675134,"lon":-77.463099,"city":"Glen Allen","state":"VA","address":"10150 Brook Rd","name":""},
  {"lat":37.272481,"lon":-76.758388,"city":"Williamsburg","state":"VA","address":"4660 Monticello Ave","name":""},
  {"lat":37.272481,"lon":-76.758388,"city":"Williamsburg","state":"VA","address":"4660 Monticello Ave","name":""},
  {"lat":37.656944,"lon":-77.525855,"city":"Glen Allen","state":"VA","address":"10250 Staples Mill Rd","name":""},
  {"lat":37.656944,"lon":-77.525855,"city":"Glen Allen","state":"VA","address":"10250 Staples Mill Rd","name":""},
  {"lat":37.525627,"lon":-77.351833,"city":"Richmond","state":"VA","address":"4591 S Laburnum Ave","name":""},
  {"lat":37.525627,"lon":-77.351833,"city":"Richmond","state":"VA","address":"4591 S Laburnum Ave","name":""},
  {"lat":37.683972,"lon":-77.586556,"city":"Glen Allen","state":"VA","address":"5400 Wyndham Forest Dr","name":""},
  {"lat":37.683972,"lon":-77.586556,"city":"Glen Allen","state":"VA","address":"5400 Wyndham Forest Dr","name":""},
  {"lat":37.640016,"lon":-77.563247,"city":"Glen Allen","state":"VA","address":"9645 W Broad St","name":""},
  {"lat":37.640016,"lon":-77.563247,"city":"Glen Allen","state":"VA","address":"9645 W Broad St","name":""},
  {"lat":37.590977,"lon":-77.532723,"city":"Richmond","state":"VA","address":"7035 Three Chopt Rd","name":""},
  {"lat":37.648953,"lon":-77.615845,"city":"Henrico","state":"VA","address":"3460 Pump Rd","name":""},
  {"lat":37.648953,"lon":-77.615845,"city":"Henrico","state":"VA","address":"3460 Pump Rd","name":""},
  {"lat":37.5569,"lon":-77.488063,"city":"Richmond","state":"VA","address":"3535 Ellwood Ave","name":""},
  {"lat":37.622541,"lon":-77.624026,"city":"Henrico","state":"VA","address":"2250 John Rolfe Pkwy","name":""},
  {"lat":37.622541,"lon":-77.624026,"city":"Henrico","state":"VA","address":"2250 John Rolfe Pkwy","name":""},
  {"lat":37.534405,"lon":-77.524564,"city":"Richmond","state":"VA","address":"7045 Forest Hill Ave","name":""},
  {"lat":37.534405,"lon":-77.524564,"city":"Richmond","state":"VA","address":"7045 Forest Hill Ave","name":""},
  {"lat":37.519873,"lon":-77.612815,"city":"North","state":"VA","address":"2015 Huguenot Rd","name":""},
  {"lat":37.519873,"lon":-77.612815,"city":"North","state":"VA","address":"2015 Huguenot Rd","name":""},
  {"lat":36.943193,"lon":-76.534471,"city":"Carrollton","state":"VA","address":"22449 Spadea Way","name":""},
  {"lat":36.943193,"lon":-76.534471,"city":"Carrollton","state":"VA","address":"22449 Spadea Way","name":""},
  {"lat":37.505069,"lon":-77.658971,"city":"Midlothian","state":"VA","address":"200 Charter Colony Pkwy","name":""},
  {"lat":37.505069,"lon":-77.658971,"city":"Midlothian","state":"VA","address":"200 Charter Colony Pkwy","name":""},
  {"lat":36.764581,"lon":-76.012893,"city":"Virginia Beach","state":"VA","address":"2200 General Booth Blvd","name":""},
  {"lat":36.764581,"lon":-76.012893,"city":"Virginia Beach","state":"VA","address":"2200 General Booth Blvd","name":""},
  {"lat":37.268885,"lon":-77.410468,"city":"Colonial Heights","state":"VA","address":"3007 Boulevard","name":""},
  {"lat":37.268885,"lon":-77.410468,"city":"Colonial Heights","state":"VA","address":"3007 Boulevard","name":""},
  {"lat":37.410348,"lon":-77.656127,"city":"Midlothian","state":"VA","address":"13700 Hull Street Rd","name":""},
  {"lat":37.410348,"lon":-77.656127,"city":"Midlothian","state":"VA","address":"13700 Hull Street Rd","name":""},
  {"lat":37.401539,"lon":-77.708731,"city":"Chesterfield","state":"VA","address":"7200 Cosby Village Rd","name":""},
  {"lat":37.401539,"lon":-77.708731,"city":"Chesterfield","state":"VA","address":"7200 Cosby Village Rd","name":""},
  {"lat":36.728185,"lon":-76.299903,"city":"Chesapeake","state":"VA","address":"1620 Cedar Rd Ste 100","name":""},
  {"lat":36.728185,"lon":-76.299903,"city":"Chesapeake","state":"VA","address":"1620 Cedar Rd Ste 100","name":""},
  {"lat":36.786213,"lon":-76.590721,"city":"Suffolk","state":"VA","address":"3189 Godwin Blvd","name":""},
  {"lat":36.786213,"lon":-76.590721,"city":"Suffolk","state":"VA","address":"3189 Godwin Blvd","name":""},
  {"lat":36.027336,"lon":-75.671134,"city":"Kill Devil Hills","state":"NC","address":"1530 N Croatan Hwy","name":""},
  {"lat":35.588303,"lon":-77.370126,"city":"Greenville","state":"NC","address":"705 Greenville Blvd SE","name":""},
  {"lat":35.588303,"lon":-77.370126,"city":"Greenville","state":"NC","address":"705 Greenville Blvd SE","name":""},
  {"lat":35.945905,"lon":-78.507943,"city":"Wake Forest","state":"NC","address":"1030 Forestville Rd","name":""},
  {"lat":35.945905,"lon":-78.507943,"city":"Wake Forest","state":"NC","address":"1030 Forestville Rd","name":""},
  {"lat":35.90819,"lon":-78.477,"city":"Rolesville","state":"NC","address":"821 S Main Street","name":""},
  {"lat":35.90819,"lon":-78.477,"city":"Rolesville","state":"NC","address":"821 S Main Street","name":""},
  {"lat":35.844086,"lon":-78.515267,"city":"Raleigh","state":"NC","address":"7330 Buffaloe Rd","name":""},
  {"lat":35.844086,"lon":-78.515267,"city":"Raleigh","state":"NC","address":"7330 Buffaloe Rd","name":""}]}