{"key":"radisson","displayName":"Radisson","category":"hotels","useLocationName":false,"locations":[
  {"lat":42.028979,"lon":-91.654293,"city":"Cedar Rapids","state":"IA","address":"1200 Collins Rd NE","name":""},
  {"lat":36.144018,"lon":-86.663949,"city":"Nashville","state":"TN","address":"1112 Airport Center Drive","name":""},
  {"lat":43.755959,"lon":-88.477431,"city":"Fond du Lac","state":"WI","address":"625 W. Rolling Meadows Dr.","name":""},
  {"lat":33.452747,"lon":-111.98632,"city":"Phoenix","state":"AZ","address":"427 North 44th Street","name":""},
  {"lat":30.209656,"lon":-85.865572,"city":"Panama City Beach","state":"FL","address":"15325 Front Beach Road","name":""},
  {"lat":40.771308,"lon":-111.953087,"city":"Salt Lake City","state":"UT","address":"2177 W North Temple","name":""},
  {"lat":40.769137,"lon":-111.897302,"city":"Salt Lake City","state":"UT","address":"215 West South Temple","name":""},
  {"lat":40.12376,"lon":-74.978108,"city":"Trevose","state":"PA","address":"2400 Old Lincoln Hwy","name":""},
  {"lat":42.995481,"lon":-85.675343,"city":"Grand Rapids","state":"MI","address":"270 Ann Street Northwest","name":""},
  {"lat":38.95465,"lon":-94.73271,"city":"Lenexa","state":"KS","address":"12601 W 95th Street","name":""},
  {"lat":35.181975,"lon":-80.884759,"city":"Charlotte","state":"NC","address":"212 Woodlawn Road","name":""},
  {"lat":35.15821,"lon":-90.15897,"city":"West Memphis","state":"AR","address":"2007 S. Service Road","name":""},
  {"lat":37.409871,"lon":-122.002294,"city":"Sunnyvale","state":"CA","address":"1300 Chesapeake Terrace","name":""},
  {"lat":44.951522,"lon":-93.107557,"city":"St. Paul","state":"MN","address":"161 Rondo Ave.","name":""},
  {"lat":47.440375,"lon":-122.295498,"city":"Seattle","state":"WA","address":"18118 International Boulevard","name":""},
  {"lat":39.085447,"lon":-84.521276,"city":"Covington","state":"KY","address":"668 W. 5th St.","name":""},
  {"lat":32.82412,"lon":-97.3149,"city":"Fort Worth","state":"TX","address":"2540 Meacham Blvd","name":""},
  {"lat":45.568612,"lon":-122.582226,"city":"Portland","state":"OR","address":"6233 N.E. 78th Ct.","name":""},
  {"lat":32.70065,"lon":-114.610843,"city":"Yuma","state":"AZ","address":"1501 S. Redondo Center Drive","name":""},
  {"lat":44.855188,"lon":-92.627355,"city":"River Falls","state":"WI","address":"100 Spring Street","name":""},
  {"lat":33.634028,"lon":-84.458215,"city":"College Park","state":"GA","address":"4475 Best Road","name":""},
  {"lat":34.896888,"lon":-120.444504,"city":"Santa Maria","state":"CA","address":"3455 Skyway Drive","name":""},
  {"lat":42.24173,"lon":-83.34771,"city":"Romulus","state":"MI","address":"8800 Wickham Road","name":""},
  {"lat":42.483881,"lon":-83.285768,"city":"Southfield","state":"MI","address":"26555 Telegraph Road","name":""},
  {"lat":38.283661,"lon":-85.755295,"city":"Clarksville","state":"IN","address":"505 Marriott Dr.","name":""},
  {"lat":25.81543,"lon":-80.12252,"city":"Miami Beach","state":"FL","address":"4343 Collins Ave.","name":""},
  {"lat":43.813266,"lon":-91.254176,"city":"La Crosse","state":"WI","address":"200 Harborview Plaza","name":""},
  {"lat":31.793399,"lon":-106.395249,"city":"El Paso","state":"TX","address":"1770 Airway Blvd","name":""},
  {"lat":42.291795,"lon":-85.584313,"city":"Kalamazoo","state":"MI","address":"100 West Michigan Avenue","name":""},
  {"lat":42.268804,"lon":-88.969132,"city":"Rockford","state":"IL","address":"200 South Bell School Road","name":""},
  {"lat":46.782372,"lon":-92.105173,"city":"Duluth","state":"MN","address":"505 W Superior St","name":""},
  {"lat":41.405798,"lon":-75.661725,"city":"Scranton","state":"PA","address":"700 Lackawanna Avenue","name":""},
  {"lat":42.142266,"lon":-77.050392,"city":"Corning","state":"NY","address":"125 Denison Parkway East","name":""},
  {"lat":40.247039,"lon":-74.298118,"city":"Freehold","state":"NJ","address":"50 Gibson Place","name":""},
  {"lat":35.459281,"lon":-97.604588,"city":"Oklahoma City","state":"OK","address":"4716 W I 40 Service Rd","name":""},
  {"lat":41.12683,"lon":-81.654508,"city":"Akron","state":"OH","address":"200 Montrose West Avenue","name":""},
  {"lat":45.688615,"lon":-118.838495,"city":"Pendleton","state":"OR","address":"4343 NW A Avenue","name":""},
  {"lat":40.806259,"lon":-73.263748,"city":"Hauppauge","state":"NY","address":"110 Vanderbilt Motor Parkway","name":""},
  {"lat":38.63322,"lon":-90.19206,"city":"St. Louis","state":"MO","address":"811 N 9th St","name":""},
  {"lat":38.60415,"lon":-89.98236,"city":"Fairview Heights","state":"IL","address":"319 Fountains Pkwy","name":""},
  {"lat":46.80633,"lon":-100.78267,"city":"Bismarck","state":"ND","address":"605 E. Broadway Avenue","name":""}]}