{"key":"ramada","displayName":"Ramada","category":"hotels","useLocationName":false,"locations":[
  {"lat":21.285112,"lon":-157.836975,"city":"Honolulu","state":"HI","address":"1830 Ala Moana Boulevard","name":""},
  {"lat":39.667942,"lon":-75.675158,"city":"Newark","state":"DE","address":"280 Chapman Rd","name":""},
  {"lat":58.29944,"lon":-134.41584,"city":"Juneau","state":"AK","address":"375 Whittier St","name":""},
  {"lat":61.219807,"lon":-149.882111,"city":"Anchorage","state":"AK","address":"115 East 3rd Ave","name":""},
  {"lat":41.823318,"lon":-71.336838,"city":"Seekonk","state":"MA","address":"213 Taunton Ave","name":""},
  {"lat":42.294998,"lon":-71.046692,"city":"Boston","state":"MA","address":"800 Morrissey Boulevard","name":""},
  {"lat":41.115361,"lon":-100.764942,"city":"North Platte","state":"NE","address":"2102 S Jeffers St","name":""},
  {"lat":40.89776,"lon":-98.33941,"city":"Grand Island","state":"NE","address":"2503 S. Locust St.","name":""},
  {"lat":35.972717,"lon":-114.911837,"city":"Henderson","state":"NV","address":"1500 Railroad Pass Casino Road","name":""},
  {"lat":40.831001,"lon":-115.761772,"city":"Elko","state":"NV","address":"340 Commercial St","name":""},
  {"lat":39.53397,"lon":-119.798866,"city":"Reno","state":"NV","address":"1000 East 6th St","name":""},
  {"lat":33.483325,"lon":-80.469551,"city":"Santee","state":"SC","address":"123 Mall st","name":""},
  {"lat":33.826309,"lon":-78.648412,"city":"North Myrtle Beach","state":"SC","address":"1908 N Ocean Blvd","name":""},
  {"lat":33.72787,"lon":-78.8365,"city":"North Myrtle Beach","state":"SC","address":"1908 N Ocean Blvd","name":""},
  {"lat":33.698918,"lon":-78.87247,"city":"Myrtle Beach","state":"SC","address":"1802 North Ocean Blvd","name":""},
  {"lat":34.039751,"lon":-81.091108,"city":"Columbia","state":"SC","address":"1315 Garner Lane","name":""},
  {"lat":41.397033,"lon":-81.654583,"city":"Independence","state":"OH","address":"5300 Rockside RD","name":""},
  {"lat":40.108364,"lon":-82.951866,"city":"Columbus","state":"OH","address":"6767 Schrock Hill Court","name":""},
  {"lat":40.592674,"lon":-81.525612,"city":"Strasburg","state":"OH","address":"509 South Wooster Ave.","name":""},
  {"lat":41.420776,"lon":-81.866486,"city":"Fairview Park","state":"OH","address":"22115 Brookpark Rd","name":""},
  {"lat":41.943953,"lon":-91.671818,"city":"Cedar Rapids","state":"IA","address":"3315 Southgate CT SW","name":""},
  {"lat":41.650661,"lon":-93.699333,"city":"Des Moines","state":"IA","address":"5000 Merle Hay Road","name":""},
  {"lat":41.554032,"lon":-90.518466,"city":"Bettendorf","state":"IA","address":"3020 Utica Ridge Road","name":""},
  {"lat":43.423172,"lon":-95.129852,"city":"Spirit Lake","state":"IA","address":"2704 17th Street","name":""},
  {"lat":30.38656,"lon":-89.366442,"city":"Diamondhead","state":"MS","address":"103 Live Oak Dr.","name":""},
  {"lat":32.274429,"lon":-90.073166,"city":"Pearl","state":"MS","address":"341 Airport Road","name":""},
  {"lat":41.90409,"lon":-72.63707,"city":"Windsor Locks","state":"CT","address":"383 South Center St","name":""},
  {"lat":41.367741,"lon":-72.062759,"city":"Groton","state":"CT","address":"156 Kings Highway","name":""},
  {"lat":43.572581,"lon":-116.214454,"city":"Boise","state":"ID","address":"3300 S Vista Ave","name":""},
  {"lat":47.698905,"lon":-116.782363,"city":"Coeur D Alene","state":"ID","address":"2303 N 4th St","name":""},
  {"lat":43.656737,"lon":-93.336625,"city":"Albert Lea","state":"MN","address":"2301 E Main St","name":""},
  {"lat":45.008514,"lon":-93.455605,"city":"Plymouth","state":"MN","address":"2705 Annapolis Lane North","name":""},
  {"lat":44.971988,"lon":-93.360954,"city":"Golden Valley","state":"MN","address":"6300 Wayzata Boulevard","name":""},
  {"lat":41.697948,"lon":-84.999963,"city":"Angola","state":"IN","address":"3855 North State Road 127","name":""},
  {"lat":38.3946,"lon":-85.759377,"city":"Sellersburg","state":"IN","address":"360 Triangle Dr","name":""},
  {"lat":41.638354,"lon":-87.5087,"city":"Hammond","state":"IN","address":"4141 South Calumet Avenue","name":""},
  {"lat":37.935675,"lon":-86.759093,"city":"Tell City","state":"IN","address":"235 Orchard Hill Drive","name":""},
  {"lat":44.778373,"lon":-106.938036,"city":"Sheridan","state":"WY","address":"1809 Sugarland Dr","name":""},
  {"lat":43.89302,"lon":-103.42426,"city":"Keystone","state":"SD","address":"115 Swanzey Street","name":""},
  {"lat":43.543707,"lon":-96.774601,"city":"Sioux Falls","state":"SD","address":"407 South Lyons Avenue","name":""},
  {"lat":42.348639,"lon":-122.874641,"city":"Medford","state":"OR","address":"2111 Biddle Rd","name":""},
  {"lat":45.519421,"lon":-122.563194,"city":"Portland","state":"OR","address":"9707 Southeast Stark Street","name":""},
  {"lat":35.710591,"lon":-83.520208,"city":"Gatlinburg","state":"TN","address":"929 Parkway","name":""},
  {"lat":36.188709,"lon":-86.297195,"city":"Lebanon","state":"TN","address":"704 South Cumberland Street","name":""},
  {"lat":35.817326,"lon":-83.577301,"city":"Pigeon Forge","state":"TN","address":"2193 Parkway","name":""},
  {"lat":35.819942,"lon":-86.394394,"city":"Murfreesboro","state":"TN","address":"1855 Church Street South","name":""},
  {"lat":47.654281,"lon":-117.396911,"city":"Spokane","state":"WA","address":"923 East 3rd Avenue.","name":""},
  {"lat":47.628324,"lon":-117.536977,"city":"Spokane","state":"WA","address":"8909 West Airport Drive","name":""},
  {"lat":47.401596,"lon":-122.226379,"city":"Kent","state":"WA","address":"22318 84th Avenue South","name":""},
  {"lat":47.048713,"lon":-122.824777,"city":"Olympia","state":"WA","address":"4520 Martin Way East","name":""},
  {"lat":47.66584,"lon":-117.197197,"city":"Spokane Valley","state":"WA","address":"905 North Sullivan Rd","name":""},
  {"lat":47.100025,"lon":-119.247177,"city":"Moses Lake","state":"WA","address":"1745 Kittleson Road","name":""},
  {"lat":47.452755,"lon":-122.293678,"city":"Sea Tac","state":"WA","address":"16720 International Boulevard","name":""},
  {"lat":47.47858,"lon":-122.283903,"city":"Tukwila","state":"WA","address":"4006 South 139th Street","name":""},
  {"lat":47.460426,"lon":-122.246262,"city":"Tukwila","state":"WA","address":"15901 West Valley Hwy","name":""},
  {"lat":39.10757,"lon":-77.18652,"city":"Rockville","state":"MD","address":"3 Research Court","name":""},
  {"lat":39.651051,"lon":-78.759264,"city":"Cumberland","state":"MD","address":"100 South George Street","name":""},
  {"lat":39.452886,"lon":-76.304192,"city":"Edgewood","state":"MD","address":"1700 Van Bibber Road","name":""},
  {"lat":39.4654,"lon":-76.6369,"city":"Cockeysville","state":"MD","address":"10100 York Road","name":""},
  {"lat":39.285671,"lon":-76.757957,"city":"Baltimore","state":"MD","address":"6422 Baltimore National Pike","name":""},
  {"lat":39.050648,"lon":-95.668587,"city":"Topeka","state":"KS","address":"420 Southeast 6th Ave","name":""},
  {"lat":38.756526,"lon":-90.465914,"city":"Maryland Heights","state":"MO","address":"13735 Riverport Drive","name":""},
  {"lat":39.351016,"lon":-94.761421,"city":"Platte City","state":"MO","address":"2512 NW Prairie View Road","name":""},
  {"lat":38.96021,"lon":-92.293569,"city":"Columbia","state":"MO","address":"901 Conley Rd","name":""},
  {"lat":39.12171,"lon":-88.56523,"city":"Effingham","state":"IL","address":"1606 W Fayette Ave","name":""},
  {"lat":41.904815,"lon":-88.052604,"city":"Glendale Heights","state":"IL","address":"780 E North Ave","name":""},
  {"lat":40.486991,"lon":-89.033182,"city":"Bloomington","state":"IL","address":"919 Maple Hill Rd","name":""},
  {"lat":39.913384,"lon":-88.951938,"city":"Decatur","state":"IL","address":"355 East Hickory Point Rd.","name":""},
  {"lat":38.9697,"lon":-89.128332,"city":"Vandalia","state":"IL","address":"2707 Veterans Ave.","name":""},
  {"lat":39.83373,"lon":-89.599799,"city":"Springfield","state":"IL","address":"3281 Northfield Drive","name":""},
  {"lat":44.956324,"lon":-70.639191,"city":"Rangeley","state":"ME","address":"2222 Main Street","name":""},
  {"lat":43.52,"lon":-70.45755,"city":"Saco","state":"ME","address":"352 North Street","name":""},
  {"lat":44.078564,"lon":-70.179512,"city":"Lewiston","state":"ME","address":"490 Pleasant Street","name":""},
  {"lat":43.681922,"lon":-70.32858,"city":"Portland","state":"ME","address":"155 Riverside Street","name":""},
  {"lat":38.708272,"lon":-84.908677,"city":"Sparta","state":"KY","address":"525 Dale Drive","name":""},
  {"lat":37.814719,"lon":-82.812281,"city":"Paintsville","state":"KY","address":"624 James S Trimble Blvd","name":""},
  {"lat":38.079612,"lon":-83.951374,"city":"Mount Sterling","state":"KY","address":"115 Stone Trace Drive","name":""},
  {"lat":37.865655,"lon":-87.572891,"city":"Henderson","state":"KY","address":"2044 U.S. Highway 41 North","name":""},
  {"lat":37.708976,"lon":-85.8326,"city":"Elizabethtown","state":"KY","address":"205 Commerce Drive","name":""},
  {"lat":38.388369,"lon":-82.605568,"city":"Catlettsburg","state":"KY","address":"6000 Crider Drive","name":""},
  {"lat":36.930376,"lon":-86.413874,"city":"Bowling Green","state":"KY","address":"4767 Scottsville Rd","name":""},
  {"lat":34.673984,"lon":-93.030579,"city":"Hot Springs Village","state":"AR","address":"1 Los Lagos Dr","name":""},
  {"lat":35.158944,"lon":-90.160828,"city":"West Memphis","state":"AR","address":"2003 South Service Road","name":""},
  {"lat":36.35061,"lon":-92.366849,"city":"Mountain Home","state":"AR","address":"1127 North East Highway 62","name":""},
  {"lat":37.204397,"lon":-113.271745,"city":"La Verkin","state":"UT","address":"150 North State Street","name":""},
  {"lat":38.77272,"lon":-112.08513,"city":"Richfield","state":"UT","address":"333 N. Main Street","name":""},
  {"lat":40.214401,"lon":-111.659039,"city":"Provo","state":"UT","address":"1460 S University Ave","name":""},
  {"lat":37.679974,"lon":-113.083023,"city":"Cedar City","state":"UT","address":"1575 West 200 North","name":""},
  {"lat":40.521797,"lon":-111.88987,"city":"Draper","state":"UT","address":"12605 South Minuteman Drive","name":""},
  {"lat":37.109612,"lon":-113.55294,"city":"St. George","state":"UT","address":"1440 E St George Boulevard","name":""},
  {"lat":35.442993,"lon":-97.600243,"city":"Oklahoma City","state":"OK","address":"2200 S Meridian Ave","name":""},
  {"lat":36.390057,"lon":-97.915817,"city":"Enid","state":"OK","address":"3005 West Owen K Garriott Road","name":""},
  {"lat":48.241486,"lon":-103.61656,"city":"Williston","state":"ND","address":"325 Depot Lane","name":""},
  {"lat":46.861695,"lon":-96.83347,"city":"Fargo","state":"ND","address":"3333 13th Ave S","name":""},
  {"lat":46.830067,"lon":-100.770309,"city":"Bismarck","state":"ND","address":"1400 East Interchange Ave","name":""},
  {"lat":47.931295,"lon":-97.091026,"city":"Grand Forks","state":"ND","address":"1205 North 43rd Street","name":""},
  {"lat":32.22242,"lon":-110.88879,"city":"Tucson","state":"AZ","address":"4855 E Broadway Blvd","name":""},
  {"lat":32.668599,"lon":-114.61421,"city":"Yuma","state":"AZ","address":"711 E 32nd St","name":""},
  {"lat":32.21604,"lon":-110.980901,"city":"Tucson","state":"AZ","address":"777 West Cushing St","name":""},
  {"lat":35.258877,"lon":-112.18969,"city":"Williams","state":"AZ","address":"950 North Grand Canyon Blvd","name":""},
  {"lat":35.193714,"lon":-111.621544,"city":"Flagstaff","state":"AZ","address":"2350 East Lucky Lane","name":""},
  {"lat":35.213608,"lon":-114.012489,"city":"Kingman","state":"AZ","address":"3100 East Andy Devine Avenue","name":""},
  {"lat":31.253652,"lon":-85.431199,"city":"Dothan","state":"AL","address":"112 Rock Bridge Road","name":""},
  {"lat":30.26164,"lon":-87.61345,"city":"Orange Beach","state":"AL","address":"24060 Perdido Beach Blvd","name":""},
  {"lat":30.256612,"lon":-87.633571,"city":"Orange Beach","state":"AL","address":"22984 Perdido Beach Blvd","name":""},
  {"lat":33.547577,"lon":-86.758446,"city":"Birmingham","state":"AL","address":"5216 Messer Airport Hwy","name":""},
  {"lat":33.338008,"lon":-86.781135,"city":"Pelham","state":"AL","address":"113 Cahaba Valley PKWY East","name":""},
  {"lat":33.167373,"lon":-87.526445,"city":"Tuscaloosa","state":"AL","address":"631 Skyland Blvd East","name":""},
  {"lat":35.646834,"lon":-106.005286,"city":"Santa Fe","state":"NM","address":"3450 Cerillos Rd","name":""},
  {"lat":35.107826,"lon":-106.623053,"city":"Albuquerque","state":"NM","address":"2020 Menual Blvd","name":""},
  {"lat":35.055759,"lon":-106.621078,"city":"Albuquerque","state":"NM","address":"2300 Yale Blvd SE","name":""},
  {"lat":32.282833,"lon":-106.767876,"city":"Las Cruces","state":"NM","address":"201 East University Avenue","name":""},
  {"lat":40.774159,"lon":-74.040885,"city":"North Bergen","state":"NJ","address":"2750 Tonnelle Ave","name":""},
  {"lat":40.893167,"lon":-74.27181,"city":"Fairfield","state":"NJ","address":"38 Two Bridges Road","name":""},
  {"lat":40.891669,"lon":-74.507921,"city":"Rockaway","state":"NJ","address":"156 Route 46 East","name":""},
  {"lat":40.761994,"lon":-74.221863,"city":"East Orange","state":"NJ","address":"120 Evergreen Place","name":""},
  {"lat":40.732343,"lon":-74.067379,"city":"Jersey City","state":"NJ","address":"65 Tonnelle Ave","name":""},
  {"lat":40.862365,"lon":-74.379973,"city":"Parsippany","state":"NJ","address":"949 Route 46","name":""},
  {"lat":40.493633,"lon":-74.859896,"city":"Flemington","state":"NJ","address":"250 Highway 202","name":""},
  {"lat":39.3794,"lon":-74.492104,"city":"Atlantic City","state":"NJ","address":"8037 Black Horse Pike","name":""},
  {"lat":40.91869,"lon":-74.085518,"city":"Rochelle Park","state":"NJ","address":"375 West Passaic Street","name":""},
  {"lat":39.49001,"lon":-75.06797,"city":"Vineland","state":"NJ","address":"2216 West Landis Avenue","name":""},
  {"lat":40.664012,"lon":-73.956336,"city":"Brooklyn","state":"NY","address":"169 Empire Blvd","name":""},
  {"lat":40.62987,"lon":-73.947197,"city":"Brooklyn","state":"NY","address":"2249 Nostrand Ave","name":""},
  {"lat":40.676408,"lon":-73.897858,"city":"Brooklyn","state":"NY","address":"51 Sheffield Avenue","name":""},
  {"lat":43.210078,"lon":-75.459502,"city":"Rome","state":"NY","address":"200 S. James St","name":""},
  {"lat":40.759368,"lon":-73.990817,"city":"New York City","state":"NY","address":"343 W 44th Street","name":""},
  {"lat":40.821907,"lon":-73.928104,"city":"The Bronx","state":"NY","address":"646 Gerard Avenue","name":""},
  {"lat":40.608578,"lon":-74.14666,"city":"Staten Island","state":"NY","address":"535 North Gannon Ave.","name":""},
  {"lat":40.879829,"lon":-73.831284,"city":"The Bronx","state":"NY","address":"1000 Baychester Avenue","name":""},
  {"lat":40.761555,"lon":-73.832573,"city":"Flushing","state":"NY","address":"3627 Prince Street","name":""},
  {"lat":40.656613,"lon":-73.622724,"city":"Rockville Centre","state":"NY","address":"1000 Sunrise Highway","name":""},
  {"lat":43.974235,"lon":-75.952346,"city":"Watertown","state":"NY","address":"21000 NYS Rt 3","name":""},
  {"lat":41.507632,"lon":-74.068245,"city":"Newburgh","state":"NY","address":"1289 Route 300","name":""},
  {"lat":34.649699,"lon":-79.014622,"city":"Lumberton","state":"NC","address":"3030 N Roberts Ave","name":""},
  {"lat":34.70051,"lon":-76.74777,"city":"Atlantic Beach","state":"NC","address":"715 W Fort Macon Rd","name":""},
  {"lat":35.772243,"lon":-80.860909,"city":"Statesville","state":"NC","address":"1215 Garner Bagnal Blvd","name":""},
  {"lat":35.518223,"lon":-83.096382,"city":"Maggie Valley","state":"NC","address":"4048 Soco Road","name":""},
  {"lat":35.340825,"lon":-82.435741,"city":"Hendersonville","state":"NC","address":"150 Sugarloaf Road","name":""},
  {"lat":35.999294,"lon":-75.647636,"city":"Kill Devil Hills","state":"NC","address":"1701 South Virginia Dare Trail","name":""},
  {"lat":35.801353,"lon":-78.705681,"city":"Raleigh","state":"NC","address":"1520 Blue Ridge Road","name":""},
  {"lat":28.286684,"lon":-81.350427,"city":"Kissimmee","state":"FL","address":"2261 E Irlo Bronson Memorial","name":""},
  {"lat":28.35974,"lon":-80.79161,"city":"Cocoa","state":"FL","address":"4225 W King St","name":""},
  {"lat":28.230829,"lon":-81.650612,"city":"Davenport","state":"FL","address":"43824 Highway 27","name":""},
  {"lat":25.80811,"lon":-80.277734,"city":"Miami Springs","state":"FL","address":"5001 Northwest 36th Street","name":""},
  {"lat":30.219856,"lon":-81.568794,"city":"Jacksonville","state":"FL","address":"9150 Baymeadows Road","name":""},
  {"lat":27.412849,"lon":-82.572772,"city":"Sarasota","state":"FL","address":"7150 North Tamiami Trail","name":""},
  {"lat":27.105371,"lon":-82.435389,"city":"Venice","state":"FL","address":"425 US 41 Bypass N","name":""},
  {"lat":28.456158,"lon":-81.307602,"city":"Orlando","state":"FL","address":"7500 Augusta National Drive","name":""},
  {"lat":28.457758,"lon":-81.469055,"city":"Orlando","state":"FL","address":"6500 International Drive","name":""},
  {"lat":27.95404,"lon":-82.524142,"city":"Tampa","state":"FL","address":"1200 N Westshore Blvd","name":""},
  {"lat":28.663017,"lon":-81.390534,"city":"Altamonte Springs","state":"FL","address":"150 Douglas Ave","name":""},
  {"lat":28.0554,"lon":-82.3523,"city":"Tampa","state":"FL","address":"11714 Morris Bridge Road","name":""},
  {"lat":30.181244,"lon":-85.716705,"city":"Panama City","state":"FL","address":"4306 West Highway 98","name":""},
  {"lat":25.954185,"lon":-80.120352,"city":"Sunny Isles Beach","state":"FL","address":"19201 Collins Ave","name":""},
  {"lat":28.332386,"lon":-81.58582,"city":"Kissimmee","state":"FL","address":"7470 W Irlo Bronson","name":""},
  {"lat":27.236307,"lon":-81.331061,"city":"Lake Placid","state":"FL","address":"2165 US Highway 27 South","name":""},
  {"lat":30.18251,"lon":-81.627495,"city":"Jacksonville","state":"FL","address":"3130 Hartley Rd","name":""},
  {"lat":29.982374,"lon":-90.260446,"city":"Kenner","state":"LA","address":"1021 Airline Drive","name":""},
  {"lat":29.99661,"lon":-90.158661,"city":"Metairie","state":"LA","address":"3400 South I-10 Service Road W","name":""},
  {"lat":29.940172,"lon":-90.381967,"city":"Luling","state":"LA","address":"13889 River Road","name":""},
  {"lat":29.602712,"lon":-90.746285,"city":"Houma","state":"LA","address":"1400 West Tunnel Blvd","name":""},
  {"lat":45.079784,"lon":-83.453443,"city":"Alpena","state":"MI","address":"1000 US 23 North","name":""},
  {"lat":44.647489,"lon":-84.708965,"city":"Grayling","state":"MI","address":"2650 I-75 Business Loop","name":""},
  {"lat":43.437305,"lon":-83.987885,"city":"Saginaw","state":"MI","address":"3325 Davenport Avenue","name":""},
  {"lat":47.125089,"lon":-88.576863,"city":"Hancock","state":"MI","address":"99 Navy Street","name":""},
  {"lat":45.773457,"lon":-84.726548,"city":"Mackinaw City","state":"MI","address":"723 South Huron I-75","name":""},
  {"lat":46.544444,"lon":-87.40023,"city":"Marquette","state":"MI","address":"412 West Washington Street","name":""},
  {"lat":36.85703,"lon":-75.97812,"city":"Virginia Beach","state":"VA","address":"2810 Atlantic Ave","name":""},
  {"lat":36.856979,"lon":-75.977005,"city":"Virginia Beach","state":"VA","address":"2809 Atlantic Ave","name":""},
  {"lat":38.999959,"lon":-78.346231,"city":"Strasburg","state":"VA","address":"21 Signal Knob Drive","name":""},
  {"lat":38.549007,"lon":-77.340874,"city":"Triangle","state":"VA","address":"4316 Inn St","name":""},
  {"lat":38.40559,"lon":-78.906614,"city":"Harrisonburg","state":"VA","address":"91 Pleasant Valley Road","name":""},
  {"lat":36.849777,"lon":-76.21109,"city":"Norfolk","state":"VA","address":"515 North Military Highway","name":""},
  {"lat":36.965265,"lon":-81.070349,"city":"Wytheville","state":"VA","address":"955 Peppers Ferry Road","name":""},
  {"lat":43.038524,"lon":-87.941798,"city":"Milwaukee","state":"WI","address":"2301 W Wisconsin Avenue","name":""},
  {"lat":43.58317,"lon":-89.81981,"city":"Wisconsin Dells","state":"WI","address":"874 Xanadu Road","name":""},
  {"lat":44.357468,"lon":-89.118622,"city":"Waupaca","state":"WI","address":"110 Grand Seasons Dr","name":""},
  {"lat":43.322655,"lon":-90.381042,"city":"Richland Center","state":"WI","address":"1450 Veterans Drive","name":""},
  {"lat":43.576788,"lon":-89.77803,"city":"Wisconsin Dells","state":"WI","address":"1073 Frontage Road East","name":""},
  {"lat":39.76252,"lon":-104.79048,"city":"Aurora","state":"CO","address":"16921 E 32nd Avenue","name":""},
  {"lat":39.809238,"lon":-104.771232,"city":"Denver","state":"CO","address":"6210 Tower Road","name":""},
  {"lat":39.590885,"lon":-106.093523,"city":"Frisco","state":"CO","address":"990 Lakepoint Dr","name":""},
  {"lat":39.1141,"lon":-108.53593,"city":"Grand Junction","state":"CO","address":"752 Horizon Drive","name":""},
  {"lat":34.077278,"lon":-98.555608,"city":"Burkburnett","state":"TX","address":"1008 Sheppard Rd","name":""},
  {"lat":29.738365,"lon":-95.575815,"city":"Houston","state":"TX","address":"2451 Hayes Rd","name":""},
  {"lat":33.16257,"lon":-96.934921,"city":"Little Elm","state":"TX","address":"301 E Eldorado Parkway","name":""},
  {"lat":32.83562,"lon":-97.0147,"city":"Irving","state":"TX","address":"4440B West Airport Freeway","name":""},
  {"lat":30.21165,"lon":-97.7528,"city":"Austin","state":"TX","address":"4323 South S IH 35","name":""},
  {"lat":31.869389,"lon":-102.320698,"city":"Odessa","state":"TX","address":"3001 E Business 20","name":""},
  {"lat":29.984859,"lon":-95.300308,"city":"Humble","state":"TX","address":"6115 Will Clayton Parkway","name":""},
  {"lat":31.458944,"lon":-97.174408,"city":"Hewitt","state":"TX","address":"778 Sun Valley Boulevard","name":""},
  {"lat":30.644558,"lon":-96.31428,"city":"College Station","state":"TX","address":"506 Earl Rudder Freeway South","name":""},
  {"lat":29.452745,"lon":-98.628227,"city":"San Antonio","state":"TX","address":"7043 Culebra Road","name":""},
  {"lat":26.134327,"lon":-97.171433,"city":"South Padre Island","state":"TX","address":"6200 Padre Blvd","name":""},
  {"lat":31.479171,"lon":-100.455647,"city":"San Angelo","state":"TX","address":"2201 North Bryant Boulevard Hwy 87N, 23rd Street","name":""},
  {"lat":29.940676,"lon":-95.330513,"city":"Houston","state":"TX","address":"15350 John F Kennedy Blvd","name":""},
  {"lat":29.386064,"lon":-100.905236,"city":"Del Rio","state":"TX","address":"2101 Veterans Boulevard","name":""},
  {"lat":31.7428,"lon":-106.330065,"city":"El Paso","state":"TX","address":"8250 Gateway Blvd East","name":""},
  {"lat":30.903213,"lon":-84.585224,"city":"Bainbridge","state":"GA","address":"751 W Shotwell St","name":""},
  {"lat":33.768776,"lon":-84.60402,"city":"Lithia Springs","state":"GA","address":"920 Bob Arnold Blvd","name":""},
  {"lat":32.00467,"lon":-81.28136,"city":"Savannah","state":"GA","address":"1 Gateway Blvd East","name":""},
  {"lat":33.619203,"lon":-84.472875,"city":"Atlanta","state":"GA","address":"5010 Old National Highway","name":""},
  {"lat":32.809551,"lon":-83.723122,"city":"Macon","state":"GA","address":"4755 Chambers Rd.","name":""},
  {"lat":33.351879,"lon":-84.121149,"city":"Locust Grove","state":"GA","address":"197 Stanley K Tanger Boulevard","name":""},
  {"lat":34.038441,"lon":-84.296364,"city":"Alpharetta","state":"GA","address":"3020 Mansell Road","name":""},
  {"lat":33.473984,"lon":-81.962498,"city":"Augusta","state":"GA","address":"640 Broad Street","name":""},
  {"lat":40.840442,"lon":-79.916853,"city":"Butler","state":"PA","address":"139 Pittsburgh Rd","name":""},
  {"lat":39.98326,"lon":-76.7333,"city":"York","state":"PA","address":"40 Arsenal Road","name":""},
  {"lat":40.21803,"lon":-79.610255,"city":"New Stanton","state":"PA","address":"127 West Byers Avenue","name":""},
  {"lat":40.594872,"lon":-79.162148,"city":"Indiana","state":"PA","address":"1395 Wayne Avenue","name":""},
  {"lat":40.81909,"lon":-80.32593,"city":"Beaver Falls","state":"PA","address":"7195 Eastwood Road","name":""},
  {"lat":40.328053,"lon":-76.792512,"city":"Harrisburg","state":"PA","address":"300 North Mountain Road","name":""},
  {"lat":40.243333,"lon":-79.240415,"city":"Ligonier","state":"PA","address":"216 West Loyalhanna Street","name":""},
  {"lat":40.784073,"lon":-77.839973,"city":"State College","state":"PA","address":"1450 South Atherton Street","name":""},
  {"lat":40.62601,"lon":-75.48736,"city":"Whitehall Township","state":"PA","address":"1500 MacArthur Road","name":""},
  {"lat":37.288941,"lon":-120.453318,"city":"Merced","state":"CA","address":"1983 E. Childs Ave","name":""},
  {"lat":40.804184,"lon":-124.158086,"city":"Eureka","state":"CA","address":"1209 4th Street","name":""},
  {"lat":32.763176,"lon":-117.159082,"city":"San Diego","state":"CA","address":"631 Camino Del Rio S","name":""},
  {"lat":33.797026,"lon":-117.914162,"city":"Anaheim","state":"CA","address":"2060 S Harbor Blvd","name":""},
  {"lat":37.666386,"lon":-120.993981,"city":"Modesto","state":"CA","address":"1525 McHenry Ave","name":""},
  {"lat":37.80282,"lon":-122.26997,"city":"Oakland","state":"CA","address":"371 13th St","name":""},
  {"lat":32.676105,"lon":-117.10762,"city":"National City","state":"CA","address":"700 National City Blvd","name":""},
  {"lat":40.902763,"lon":-124.090538,"city":"Arcata","state":"CA","address":"3535 Janes Road","name":""},
  {"lat":36.683678,"lon":-121.790352,"city":"Marina","state":"CA","address":"323 Reservation Road","name":""},
  {"lat":36.809029,"lon":-119.884666,"city":"Fresno","state":"CA","address":"5046 North Barcus Avenue","name":""},
  {"lat":34.145679,"lon":-118.105835,"city":"Pasadena","state":"CA","address":"2156 East Colorado Blvd","name":""},
  {"lat":34.443897,"lon":-119.787766,"city":"Santa Barbara","state":"CA","address":"4770 Calle Real","name":""},
  {"lat":34.010492,"lon":-118.415081,"city":"Culver City","state":"CA","address":"3930 Sepulveda Blvd","name":""},
  {"lat":33.835316,"lon":-118.385574,"city":"Redondo Beach","state":"CA","address":"435 S Pacific Coast Highway","name":""},
  {"lat":34.070644,"lon":-117.612656,"city":"Ontario","state":"CA","address":"1841 East G Street","name":""},
  {"lat":34.894096,"lon":-117.001411,"city":"Barstow","state":"CA","address":"1511 East Main Street","name":""},
  {"lat":35.366638,"lon":-119.042107,"city":"Bakersfield","state":"CA","address":"828 Real Road","name":""},
  {"lat":37.406281,"lon":-122.063904,"city":"Mountain View","state":"CA","address":"55 Fairchild Drive","name":""},
  {"lat":32.952036,"lon":-117.061199,"city":"Poway","state":"CA","address":"12448 Poway Rd","name":""},
  {"lat":32.725047,"lon":-117.228658,"city":"San Diego","state":"CA","address":"1403 Rosecrans St","name":""},
  {"lat":38.629829,"lon":-121.400322,"city":"Sacramento","state":"CA","address":"2600 Auburn Blvd","name":""},
  {"lat":34.061161,"lon":-118.311386,"city":"Los Angeles","state":"CA","address":"3900 Wilshire Blvd","name":""},
  {"lat":33.201946,"lon":-117.369667,"city":"Oceanside","state":"CA","address":"1440 Mission Avenue","name":""},
  {"lat":37.391193,"lon":-121.99221,"city":"Sunnyvale","state":"CA","address":"1217 Wildwood Ave","name":""},
  {"lat":33.635006,"lon":-117.923431,"city":"Costa Mesa","state":"CA","address":"1680 Superior Ave I-405","name":""},
  {"lat":36.595367,"lon":-121.863853,"city":"Monterey","state":"CA","address":"2058 North Fremont Street","name":""},
  {"lat":33.916084,"lon":-118.372154,"city":"Hawthorne","state":"CA","address":"5250 West El Segundo Boulevard","name":""},
  {"lat":33.773376,"lon":-117.958,"city":"Garden Grove","state":"CA","address":"10022 Garden Grove Boulevard","name":""},
  {"lat":34.088802,"lon":-118.378777,"city":"West Hollywood","state":"CA","address":"8585 Santa Monica Blvd 405-101and 10 Freeways","name":""},
  {"lat":33.794601,"lon":-118.337852,"city":"Torrance","state":"CA","address":"2888 Pacific Coast Highway","name":""},
  {"lat":36.809906,"lon":-119.783165,"city":"Fresno","state":"CA","address":"324 East Shaw","name":""},
  {"lat":34.200752,"lon":-118.340324,"city":"Burbank","state":"CA","address":"2900 North San Fernando","name":""}]}