{"key":"red_roof","displayName":"Red Roof Inn","category":"hotels","useLocationName":false,"locations":[
  {"lat":30.208091,"lon":-97.755207,"city":"Austin","state":"TX","address":"4701 S I-35 Frontage Rd","name":""},
  {"lat":39.930492,"lon":-74.962295,"city":"Mt Laurel Township","state":"NJ","address":"603 Fellowship Rd","name":""},
  {"lat":27.640378,"lon":-80.508738,"city":"Vero Beach","state":"FL","address":"8800 20th St., Building B","name":""},
  {"lat":29.895434,"lon":-90.088161,"city":"Harvey","state":"LA","address":"3750 Westbank Expy","name":""},
  {"lat":29.843985,"lon":-95.499043,"city":"Houston","state":"TX","address":"12929 Northwest Fwy","name":""},
  {"lat":28.428998,"lon":-81.408556,"city":"Orlando","state":"FL","address":"9435 Delegates Dr","name":""},
  {"lat":28.659945,"lon":-81.337492,"city":"Casselberry","state":"FL","address":"210 N Oxford Rd","name":""},
  {"lat":28.564588,"lon":-81.196038,"city":"Orlando","state":"FL","address":"12350 E Colonial Dr","name":""},
  {"lat":42.779217,"lon":-71.240878,"city":"Salem","state":"NH","address":"15 Red Roof Ln","name":""},
  {"lat":46.85025,"lon":-96.860225,"city":"Fargo","state":"ND","address":"1921 44th St SW","name":""},
  {"lat":33.397339,"lon":-84.758853,"city":"Newnan","state":"GA","address":"590 Bullsboro Dr","name":""},
  {"lat":26.187442,"lon":-80.186068,"city":"Fort Lauderdale","state":"FL","address":"3031 W Commercial Blvd","name":""},
  {"lat":34.078989,"lon":-84.674718,"city":"Acworth","state":"GA","address":"5320 Cherokee St","name":""},
  {"lat":39.697251,"lon":-75.567607,"city":"New Castle","state":"DE","address":"1612 N Dupont Hwy, BLDG B","name":""},
  {"lat":33.511636,"lon":-82.047709,"city":"Augusta","state":"GA","address":"3030 Washington Rd, BLDG A","name":""},
  {"lat":41.369719,"lon":-72.112779,"city":"New London","state":"CT","address":"707 Colman St, Building B","name":""},
  {"lat":31.832815,"lon":-81.617416,"city":"Hinesville","state":"GA","address":"773 Veterans Parkway","name":""},
  {"lat":39.91446,"lon":-75.42408,"city":"Media","state":"PA","address":"4 S New Middletown Road","name":""},
  {"lat":35.282131,"lon":-81.188941,"city":"Gastonia","state":"NC","address":"1700 N Chester St","name":""},
  {"lat":30.18111,"lon":-85.79324,"city":"Panama City Beach","state":"FL","address":"9424 Front Beach Rd","name":""},
  {"lat":33.563229,"lon":-86.523804,"city":"Leeds","state":"AL","address":"1838 Asheville Road","name":""},
  {"lat":40.454021,"lon":-86.1128,"city":"Kokomo","state":"IN","address":"2808 South Reed Road","name":""},
  {"lat":41.638908,"lon":-87.50821,"city":"Hammond","state":"IN","address":"4111 Calumet Ave","name":""},
  {"lat":29.57618,"lon":-90.68869,"city":"Houma","state":"LA","address":"1254 Grand Caillou Road","name":""},
  {"lat":32.11717,"lon":-110.86074,"city":"Tucson","state":"AZ","address":"6161 E Benson Highway","name":""},
  {"lat":37.03997,"lon":-76.38668,"city":"Hampton","state":"VA","address":"1918 Coliseum Drive","name":""},
  {"lat":33.541984,"lon":-86.760325,"city":"Birmingham","state":"AL","address":"5101 Messer Airport Highway","name":""},
  {"lat":41.750318,"lon":-71.220511,"city":"Swansea","state":"MA","address":"999 GAR Highway","name":""},
  {"lat":29.657227,"lon":-95.031,"city":"La Porte","state":"TX","address":"702 Highway 146 South","name":""},
  {"lat":35.503314,"lon":-84.61399,"city":"Athens","state":"TN","address":"115 Liberty Branch Lane","name":""},
  {"lat":40.241987,"lon":-83.344496,"city":"Marysville","state":"OH","address":"16510 Square Drive","name":""},
  {"lat":35.455676,"lon":-86.049507,"city":"Manchester","state":"TN","address":"2314 Hillsboro Blvd","name":""},
  {"lat":36.0627,"lon":-80.29932,"city":"Winston-Salem","state":"NC","address":"100 Capitol Lodging Ct","name":""},
  {"lat":44.018791,"lon":-90.504086,"city":"Tomah","state":"WI","address":"2005 N Superior Ave","name":""},
  {"lat":40.579822,"lon":-75.620502,"city":"Allentown","state":"PA","address":"7471 Keebler Way","name":""},
  {"lat":39.589125,"lon":-76.06675,"city":"Perryville","state":"MD","address":"61 Heather Lane","name":""},
  {"lat":41.883493,"lon":-70.916795,"city":"Middleborough","state":"MA","address":"30 East Clark Street","name":""},
  {"lat":33.414335,"lon":-110.83246,"city":"Miami","state":"AZ","address":"2370 US-60","name":""},
  {"lat":36.949881,"lon":-81.055717,"city":"Wytheville","state":"VA","address":"220 Lithia Road","name":""},
  {"lat":38.441219,"lon":-85.654787,"city":"Charlestown","state":"IN","address":"2201 Grace Ave","name":""},
  {"lat":40.663531,"lon":-73.997665,"city":"Brooklyn","state":"NY","address":"687 3rd Avenue","name":""},
  {"lat":40.64599,"lon":-73.95846,"city":"Brooklyn","state":"NY","address":"1026 Flatbush Avenue","name":""},
  {"lat":32.836807,"lon":-97.096761,"city":"Euless","state":"TX","address":"901 West Airport Freeway","name":""},
  {"lat":38.912336,"lon":-76.995624,"city":"Washington","state":"DC","address":"600 New York Ave NE","name":""},
  {"lat":37.504484,"lon":-77.514808,"city":"Richmond","state":"VA","address":"6346 Midlothian Turnpike","name":""},
  {"lat":35.82942,"lon":-78.77168,"city":"Cary","state":"NC","address":"600 Weston Parkway","name":""},
  {"lat":42.00938,"lon":-93.580417,"city":"Ames","state":"IA","address":"1418 South Dayton Place","name":""},
  {"lat":42.948105,"lon":-78.694208,"city":"Bowmansville","state":"NY","address":"146 Maple Drive, BLDG B","name":""},
  {"lat":43.296389,"lon":-73.680356,"city":"Queensbury","state":"NY","address":"191 Corinth Rd","name":""},
  {"lat":39.602665,"lon":-77.808475,"city":"Williamsport","state":"MD","address":"310 E Potomac St, Bldg B","name":""},
  {"lat":40.004084,"lon":-81.577244,"city":"Cambridge","state":"OH","address":"2248 Southgate Parkway","name":""},
  {"lat":28.098484,"lon":-81.95237,"city":"Lakeland","state":"FL","address":"4375 Lakeland Park Dr","name":""},
  {"lat":29.64131,"lon":-95.570084,"city":"Stafford","state":"TX","address":"11206 West Airport Blvd","name":""},
  {"lat":40.32092,"lon":-78.92079,"city":"Johnstown","state":"PA","address":"430 Napoleon Place","name":""},
  {"lat":28.3134,"lon":-81.46821,"city":"Kissimmee","state":"FL","address":"4624 W Irlo Bronson Memorial Hwy","name":""},
  {"lat":35.796879,"lon":-78.5755,"city":"Raleigh","state":"NC","address":"3804 New Bern Ave","name":""},
  {"lat":38.883957,"lon":-77.446487,"city":"Chantilly","state":"VA","address":"4504 Brookfield Corp. Dr","name":""},
  {"lat":36.051839,"lon":-79.889298,"city":"Greensboro","state":"NC","address":"1705 Stanley Rd","name":""},
  {"lat":34.938709,"lon":-79.780819,"city":"Rockingham","state":"NC","address":"408 West Broad Avenue","name":""},
  {"lat":35.64011,"lon":-117.677595,"city":"Ridgecrest","state":"CA","address":"1050 N Norma St, Building B","name":""},
  {"lat":33.689622,"lon":-93.596576,"city":"Hope","state":"AR","address":"2205 N Hazel St","name":""},
  {"lat":41.641514,"lon":-70.908001,"city":"Fairhaven","state":"MA","address":"110 Middle St","name":""},
  {"lat":26.548662,"lon":-81.80653,"city":"Fort Myers","state":"FL","address":"8955 Daniels Pkwy","name":""},
  {"lat":32.580528,"lon":-95.857397,"city":"Canton","state":"TX","address":"17350 I-20","name":""},
  {"lat":40.994124,"lon":-76.638136,"city":"Danville","state":"PA","address":"31 Red Roof Road Building B","name":""},
  {"lat":29.410375,"lon":-100.905467,"city":"Del Rio","state":"TX","address":"3808 Veterans Blvd","name":""},
  {"lat":35.64011,"lon":-117.677595,"city":"Ridgecrest","state":"CA","address":"1050 N Norma St, Building A","name":""},
  {"lat":35.911267,"lon":-86.821789,"city":"Franklin","state":"TN","address":"3915 Carothers Pkwy","name":""},
  {"lat":28.023293,"lon":-82.546378,"city":"Tampa","state":"FL","address":"6121 W Sitka St","name":""},
  {"lat":32.610565,"lon":-83.744182,"city":"Byron","state":"GA","address":"2968 GA-247CONN","name":""},
  {"lat":35.500007,"lon":-79.204182,"city":"Sanford","state":"NC","address":"1403 N Horner Blvd","name":""},
  {"lat":29.38754,"lon":-95.021907,"city":"La Marque","state":"TX","address":"5201 Gulf Fwy","name":""},
  {"lat":32.364779,"lon":-86.26951,"city":"Montgomery","state":"AL","address":"2625 Zelda Rd, Building B","name":""},
  {"lat":41.561781,"lon":-70.597688,"city":"Falmouth","state":"MA","address":"51 Teaticket Hwy","name":""},
  {"lat":34.812769,"lon":-82.332097,"city":"Greenville","state":"SC","address":"91 Vision Ct, Building B","name":""},
  {"lat":34.678445,"lon":-86.745642,"city":"Madison","state":"AL","address":"8779 Madison Blvd","name":""},
  {"lat":33.175472,"lon":-86.292932,"city":"Sylacauga","state":"AL","address":"40770 US-280","name":""},
  {"lat":37.843695,"lon":-77.450224,"city":"Doswell","state":"VA","address":"16116 Theme Park Way","name":""},
  {"lat":35.242788,"lon":-80.93638,"city":"Charlotte","state":"NC","address":"2625 Little Rock Rd","name":""},
  {"lat":32.326002,"lon":-90.329146,"city":"Clinton","state":"MS","address":"102 Clinton Loop Dr","name":""},
  {"lat":37.517259,"lon":-77.342521,"city":"Sandston","state":"VA","address":"5209 Williamsburg Rd BLDG B","name":""},
  {"lat":32.985053,"lon":-85.031457,"city":"LaGrange","state":"GA","address":"2606 Whitesville Rd, Bldg B","name":""},
  {"lat":35.300847,"lon":-78.598685,"city":"Dunn","state":"NC","address":"1011 E Cumberland St","name":""},
  {"lat":37.517259,"lon":-77.342521,"city":"Sandston","state":"VA","address":"5209 Williamsburg Rd BLDG A","name":""},
  {"lat":28.843662,"lon":-82.028729,"city":"Wildwood","state":"FL","address":"345 East State Rd 44","name":""},
  {"lat":37.61236,"lon":-77.521014,"city":"Richmond","state":"VA","address":"7201 W Broad St, Building A","name":""},
  {"lat":37.61236,"lon":-77.521014,"city":"Richmond","state":"VA","address":"7201 W Broad St, Building B","name":""},
  {"lat":43.065021,"lon":-83.763953,"city":"Flint","state":"MI","address":"4160 Pier North Blvd, BLDG A","name":""},
  {"lat":40.026923,"lon":-76.211686,"city":"Lancaster","state":"PA","address":"2307 Lincoln Hwy E, BLDG B","name":""},
  {"lat":39.142835,"lon":-121.625043,"city":"Yuba City","state":"CA","address":"1001 Clark Ave, Building B","name":""},
  {"lat":33.142169,"lon":-95.563246,"city":"Sulphur Springs","state":"TX","address":"1521 Shannon Rd E","name":""},
  {"lat":43.065021,"lon":-83.763953,"city":"Flint","state":"MI","address":"4160 Pier North Blvd, BLDG B","name":""},
  {"lat":39.142969,"lon":-121.623809,"city":"Yuba City","state":"CA","address":"1001 Clark Ave, Building A","name":""},
  {"lat":30.432072,"lon":-91.058753,"city":"Baton Rouge","state":"LA","address":"11255 Boardwalk Dr","name":""},
  {"lat":32.648741,"lon":-96.703569,"city":"Hutchins","state":"TX","address":"1100 Dowdy Ferry Rd","name":""},
  {"lat":42.607224,"lon":-76.165694,"city":"Cortland","state":"NY","address":"2 River Street","name":""},
  {"lat":42.657654,"lon":-83.241531,"city":"Auburn Hills","state":"MI","address":"1294 N Opdyke Rd, BLDG B","name":""},
  {"lat":37.174691,"lon":-76.567853,"city":"Newport News","state":"VA","address":"16890 Warwick Blvd, Building A","name":""},
  {"lat":42.657654,"lon":-83.241531,"city":"Auburn Hills","state":"MI","address":"1294 N Opdyke Rd, BLDG A","name":""},
  {"lat":35.555888,"lon":-77.05874,"city":"Washington","state":"NC","address":"1031 Carolina Ave","name":""},
  {"lat":28.239919,"lon":-82.357396,"city":"Wesley Chapel","state":"FL","address":"5703 Oakley Blvd","name":""},
  {"lat":40.982172,"lon":-75.191144,"city":"Stroudsburg","state":"PA","address":"100 Park Ave","name":""},
  {"lat":32.955191,"lon":-96.843224,"city":"Addison","state":"TX","address":"4103 Belt Line Rd","name":""},
  {"lat":29.186986,"lon":-82.189543,"city":"Ocala","state":"FL","address":"120 NW 40th Ave","name":""},
  {"lat":29.459618,"lon":-98.621974,"city":"San Antonio","state":"TX","address":"6880 NW Loop 410, BLDG A","name":""},
  {"lat":28.44478,"lon":-81.403306,"city":"Orlando","state":"FL","address":"8296 S Orange Blossom Trl","name":""},
  {"lat":30.482742,"lon":-84.162927,"city":"Tallahassee","state":"FL","address":"6737 Mahan Dr","name":""},
  {"lat":27.640378,"lon":-80.508738,"city":"Vero Beach","state":"FL","address":"8800 20th St., Building A","name":""},
  {"lat":26.139015,"lon":-81.781268,"city":"Naples","state":"FL","address":"1925 Davis Blvd","name":""},
  {"lat":32.935282,"lon":-96.753903,"city":"Dallas","state":"TX","address":"13685 N Central Expy","name":""},
  {"lat":27.528369,"lon":-82.51406,"city":"Ellenton","state":"FL","address":"4915 17th St E","name":""},
  {"lat":30.731535,"lon":-86.358407,"city":"Defuniak Springs","state":"FL","address":"326 Green Acres Dr","name":""},
  {"lat":30.719737,"lon":-86.567999,"city":"Crestview","state":"FL","address":"4255 S Ferdon Blvd","name":""},
  {"lat":30.43285,"lon":-81.657401,"city":"Jacksonville","state":"FL","address":"10901 Harts Rd","name":""},
  {"lat":28.051827,"lon":-82.426975,"city":"Tampa","state":"FL","address":"11310 N 30th St","name":""},
  {"lat":29.62115,"lon":-82.387312,"city":"Gainesville","state":"FL","address":"3500 SW 42nd St","name":""},
  {"lat":27.406088,"lon":-80.324487,"city":"Fort Pierce","state":"FL","address":"3236 S US Hwy 1","name":""},
  {"lat":30.755164,"lon":-85.549068,"city":"Chipley","state":"FL","address":"1593 Main St","name":""},
  {"lat":25.805098,"lon":-80.263252,"city":"Miami","state":"FL","address":"3401 NW Le Jeune Rd","name":""},
  {"lat":40.017629,"lon":-83.024494,"city":"Columbus","state":"OH","address":"441 Ackerman Rd","name":""},
  {"lat":32.81242,"lon":-96.651077,"city":"Mesquite","state":"TX","address":"3447 I-30","name":""},
  {"lat":35.463337,"lon":-97.601637,"city":"Oklahoma City","state":"OK","address":"309 S Meridian Ave","name":""},
  {"lat":32.918455,"lon":-97.007301,"city":"Irving","state":"TX","address":"8150 Esters Blvd","name":""},
  {"lat":34.201201,"lon":-97.158935,"city":"Ardmore","state":"OK","address":"2432 Veterans Blvd","name":""},
  {"lat":40.11634,"lon":-83.01545,"city":"Columbus","state":"OH","address":"7480 N High St","name":""},
  {"lat":30.527921,"lon":-97.691406,"city":"Round Rock","state":"TX","address":"1990 N Interstate Hwy 35","name":""},
  {"lat":40.69122,"lon":-73.396664,"city":"Copiague","state":"NY","address":"10 34th St","name":""},
  {"lat":29.55273,"lon":-81.214294,"city":"Palm Coast","state":"FL","address":"10 Kingswood Dr","name":""},
  {"lat":32.755493,"lon":-97.061062,"city":"Arlington","state":"TX","address":"820 N Watson Rd","name":""},
  {"lat":42.529815,"lon":-82.908526,"city":"Roseville","state":"MI","address":"31800 Little Mack Ave","name":""},
  {"lat":26.758099,"lon":-80.093605,"city":"West Palm Beach","state":"FL","address":"2421 Metrocentre Blvd","name":""},
  {"lat":35.160517,"lon":-90.157481,"city":"West Memphis","state":"AR","address":"1401 Ingram Blvd","name":""},
  {"lat":40.100024,"lon":-83.128125,"city":"Dublin","state":"OH","address":"5125 Post Rd","name":""},
  {"lat":40.130199,"lon":-74.970158,"city":"Trevose","state":"PA","address":"4055 Street Rd","name":""},
  {"lat":28.388792,"lon":-81.486903,"city":"Orlando","state":"FL","address":"12235 Regency Village Dr","name":""},
  {"lat":42.741557,"lon":-83.243785,"city":"Orion","state":"MI","address":"2755 S Lapeer Rd","name":""},
  {"lat":34.276205,"lon":-88.718793,"city":"Tupelo","state":"MS","address":"1516 McCullough Blvd","name":""},
  {"lat":42.239171,"lon":-83.736989,"city":"Ann Arbor","state":"MI","address":"3505 S State St","name":""},
  {"lat":42.259997,"lon":-85.197248,"city":"Battle Creek","state":"MI","address":"5050 Beckley Rd, BLDG A","name":""},
  {"lat":40.411331,"lon":-81.351489,"city":"Uhrichsville","state":"OH","address":"111 W McCauley Dr","name":""},
  {"lat":42.079203,"lon":-86.418894,"city":"Benton Harbor","state":"MI","address":"1630 Mall Dr","name":""},
  {"lat":33.485772,"lon":-88.887159,"city":"Starkville","state":"MS","address":"410 Dr M.L.K. Jr Dr E","name":""},
  {"lat":42.641902,"lon":-83.172644,"city":"Rochester Hills","state":"MI","address":"2580 Crooks Rd","name":""},
  {"lat":42.300169,"lon":-83.273793,"city":"Dearborn","state":"MI","address":"24130 Michigan Ave","name":""},
  {"lat":30.441298,"lon":-88.542219,"city":"Moss Point","state":"MS","address":"6824 Highway 613","name":""},
  {"lat":42.469344,"lon":-83.419469,"city":"Farmington Hills","state":"MI","address":"24300 Sinacola Ct NE","name":""},
  {"lat":40.693842,"lon":-82.515105,"city":"Mansfield","state":"OH","address":"2425 Interstate Cir","name":""},
  {"lat":32.35103,"lon":-88.693221,"city":"Meridian","state":"MS","address":"2219 S Frontage Rd","name":""},
  {"lat":42.360708,"lon":-83.432595,"city":"Plymouth","state":"MI","address":"39700 Ann Arbor Rd","name":""},
  {"lat":42.556125,"lon":-83.129746,"city":"Troy","state":"MI","address":"2350 Rochester Ct","name":""},
  {"lat":42.486914,"lon":-83.084058,"city":"Warren","state":"MI","address":"26300 Dequindre Rd","name":""},
  {"lat":42.200003,"lon":-83.242351,"city":"Taylor","state":"MI","address":"21230 Eureka Rd","name":""},
  {"lat":42.913876,"lon":-85.541387,"city":"Grand Rapids","state":"MI","address":"5131 28th St SE","name":""},
  {"lat":41.681977,"lon":-83.625487,"city":"Toledo","state":"OH","address":"3530 Executive Pkwy","name":""},
  {"lat":32.304396,"lon":-90.167166,"city":"Jackson","state":"MS","address":"700 Larson St","name":""},
  {"lat":41.588142,"lon":-83.663876,"city":"Maumee","state":"OH","address":"1570 S Reynolds Rd","name":""},
  {"lat":39.690923,"lon":-75.65613,"city":"Newark","state":"DE","address":"415 Stanton Christiana Rd","name":""},
  {"lat":30.424623,"lon":-89.093965,"city":"Gulfport","state":"MS","address":"9435 US 49","name":""},
  {"lat":39.651143,"lon":-75.747597,"city":"Newark","state":"DE","address":"1119 S College Ave","name":""},
  {"lat":40.074565,"lon":-80.867647,"city":"St. Clairsville","state":"OH","address":"68301 Red Roof Ln","name":""},
  {"lat":33.535956,"lon":-88.438103,"city":"Columbus","state":"MS","address":"Hwy 45 N","name":""},
  {"lat":39.697251,"lon":-75.567607,"city":"New Castle","state":"DE","address":"1612 N Dupont Hwy, BLDG A","name":""},
  {"lat":32.316244,"lon":-90.880362,"city":"Vicksburg","state":"MS","address":"20 Orme Dr","name":""},
  {"lat":39.894372,"lon":-83.815438,"city":"Springfield","state":"OH","address":"155 W Leffel Ln","name":""},
  {"lat":42.262911,"lon":-85.533992,"city":"Kalamazoo","state":"MI","address":"3701 East Cork Street","name":""},
  {"lat":32.22324,"lon":-90.155978,"city":"Richland","state":"MS","address":"101 Roland Dr","name":""},
  {"lat":42.270484,"lon":-85.656707,"city":"Kalamazoo","state":"MI","address":"5425 W Michigan Ave","name":""},
  {"lat":39.438165,"lon":-76.631997,"city":"Timonium","state":"MD","address":"111 W Timonium Rd","name":""},
  {"lat":41.331512,"lon":-82.623625,"city":"Milan","state":"OH","address":"11303 US-250","name":""},
  {"lat":42.217884,"lon":-83.488027,"city":"Belleville","state":"MI","address":"45707 S Interstate 94 Service Dr","name":""},
  {"lat":30.532394,"lon":-87.086579,"city":"Milton","state":"FL","address":"2672 Avalon Blvd","name":""},
  {"lat":39.602627,"lon":-77.808543,"city":"Williamsport","state":"MD","address":"310 E Potomac St, Building A","name":""},
  {"lat":30.282901,"lon":-81.98444,"city":"Baldwin","state":"FL","address":"1088 Highway 301 S","name":""},
  {"lat":42.306982,"lon":-83.690288,"city":"Ann Arbor","state":"MI","address":"3621 Plymouth Rd","name":""},
  {"lat":30.195686,"lon":-81.74267,"city":"Jacksonville","state":"FL","address":"6099 Youngerman Cir","name":""},
  {"lat":39.168583,"lon":-76.789076,"city":"Jessup","state":"MD","address":"8000 Washington Blvd","name":""},
  {"lat":38.724138,"lon":-82.85923,"city":"Wheelersburg","state":"OH","address":"8340 Ohio River Rd","name":""},
  {"lat":42.498553,"lon":-83.299115,"city":"Southfield","state":"MI","address":"28500 Northwestern Hwy, BLDG A","name":""},
  {"lat":30.48288,"lon":-81.644733,"city":"Jacksonville","state":"FL","address":"1063 Airport Rd","name":""},
  {"lat":38.9648,"lon":-76.859597,"city":"Lanham","state":"MD","address":"9050 Lanham Severn Rd","name":""},
  {"lat":30.258234,"lon":-82.124396,"city":"Macclenny","state":"FL","address":"151 Woodlawn Rd","name":""},
  {"lat":41.529213,"lon":-83.464443,"city":"Perrysburg","state":"OH","address":"3555 Hanley Rd, Building B","name":""},
  {"lat":43.417663,"lon":-83.894303,"city":"Saginaw","state":"MI","address":"966 S Outer Dr","name":""},
  {"lat":30.17836,"lon":-85.65814,"city":"Panama City","state":"FL","address":"217 North US Highway 231","name":""},
  {"lat":39.063055,"lon":-76.837454,"city":"Laurel","state":"MD","address":"12525 Laurel - Bowie Rd","name":""},
  {"lat":42.742733,"lon":-84.66008,"city":"Lansing","state":"MI","address":"7412 W Saginaw Hwy","name":""},
  {"lat":30.502483,"lon":-87.22295,"city":"Pensacola","state":"FL","address":"7340 Plantation Rd","name":""},
  {"lat":39.171683,"lon":-76.736493,"city":"Hanover","state":"MD","address":"7306 Parkway Dr S","name":""},
  {"lat":30.51923,"lon":-87.314678,"city":"Pensacola","state":"FL","address":"2591 Wilde Lake Blvd","name":""},
  {"lat":42.68986,"lon":-84.499723,"city":"Lansing","state":"MI","address":"3615 Dunckel Rd","name":""},
  {"lat":39.407341,"lon":-81.421126,"city":"Marietta","state":"OH","address":"702 Pike St","name":""},
  {"lat":27.944437,"lon":-82.332197,"city":"Tampa","state":"FL","address":"10121 Horace Ave","name":""},
  {"lat":29.916584,"lon":-81.414291,"city":"St. Augustine","state":"FL","address":"2445 FL-16","name":""},
  {"lat":36.137189,"lon":-85.504469,"city":"Cookeville","state":"TN","address":"1292 S Walnut Ave","name":""},
  {"lat":36.343549,"lon":-82.371706,"city":"Johnson City","state":"TN","address":"210 Broyles Dr","name":""},
  {"lat":36.012683,"lon":-83.971146,"city":"Knoxville","state":"TN","address":"5334 Central Ave Pike","name":""},
  {"lat":35.059556,"lon":-90.024597,"city":"Memphis","state":"TN","address":"3265 Elvis Presley Blvd","name":""},
  {"lat":36.145233,"lon":-86.668621,"city":"Nashville","state":"TN","address":"510 Claridge Dr","name":""},
  {"lat":30.249722,"lon":-81.596469,"city":"Jacksonville","state":"FL","address":"6969 Lenoir Ave E","name":""},
  {"lat":39.037061,"lon":-82.604062,"city":"Jackson","state":"OH","address":"1000 Acy Avenue","name":""},
  {"lat":39.453112,"lon":-76.309193,"city":"Edgewood","state":"MD","address":"2116 Emmorton Park Rd","name":""},
  {"lat":33.231534,"lon":-97.176078,"city":"Denton","state":"TX","address":"3116 Bandera St","name":""},
  {"lat":39.197835,"lon":-76.614337,"city":"Glen Burnie","state":"MD","address":"6600 Ritchie Hwy","name":""},
  {"lat":30.348156,"lon":-97.553762,"city":"Manor","state":"TX","address":"11301 US-290","name":""},
  {"lat":39.311336,"lon":-76.742378,"city":"Baltimore","state":"MD","address":"1660 Whitehead Ct","name":""},
  {"lat":33.209261,"lon":-96.637657,"city":"McKinney","state":"TX","address":"1300 N Central Expressway","name":""},
  {"lat":38.981197,"lon":-76.547784,"city":"Annapolis","state":"MD","address":"2520C Riva Rd","name":""},
  {"lat":39.6379,"lon":-84.233848,"city":"Miamisburg","state":"OH","address":"222 Byers Rd","name":""},
  {"lat":27.9925,"lon":-82.357064,"city":"Tampa","state":"FL","address":"5001 US-301","name":""},
  {"lat":39.524571,"lon":-76.185895,"city":"Aberdeen","state":"MD","address":"988 Hospitality Way","name":""},
  {"lat":27.81708,"lon":-82.679018,"city":"St. Petersburg","state":"FL","address":"4999 34th St N","name":""},
  {"lat":41.306736,"lon":-72.718745,"city":"Guilford","state":"CT","address":"2300 Boston Post Rd","name":""},
  {"lat":39.719834,"lon":-84.217407,"city":"Dayton","state":"OH","address":"2450 Dryden Rd","name":""},
  {"lat":38.618017,"lon":-90.28508,"city":"St. Louis","state":"MO","address":"5823 Wilson Ave","name":""},
  {"lat":39.197027,"lon":-76.686073,"city":"Linthicum Heights","state":"MD","address":"827 Elkridge Landing Rd","name":""},
  {"lat":41.369759,"lon":-72.112817,"city":"New London","state":"CT","address":"707 Colman St, Building A","name":""},
  {"lat":41.212765,"lon":-73.090476,"city":"Milford","state":"CT","address":"10 Rowe Ave","name":""},
  {"lat":39.854308,"lon":-84.191297,"city":"Dayton","state":"OH","address":"7370 Miller Ln","name":""},
  {"lat":38.803076,"lon":-76.979915,"city":"Oxon Hill","state":"MD","address":"6170 Oxon Hill Rd","name":""},
  {"lat":41.528124,"lon":-72.768706,"city":"Meriden","state":"CT","address":"10 Bee St","name":""},
  {"lat":41.829616,"lon":-72.483486,"city":"Vernon","state":"CT","address":"425 Hartford Turnpike","name":""},
  {"lat":38.700204,"lon":-90.436199,"city":"St. Louis","state":"MO","address":"11837 Lackland Rd","name":""},
  {"lat":39.11904,"lon":-77.181535,"city":"Rockville","state":"MD","address":"16001 Shady Grove Rd","name":""},
  {"lat":39.866902,"lon":-84.102226,"city":"Dayton","state":"OH","address":"7911 Brandt Pike","name":""},
  {"lat":41.667594,"lon":-72.779567,"city":"New Britain","state":"CT","address":"65 Columbus Blvd","name":""},
  {"lat":37.253861,"lon":-93.266482,"city":"Springfield","state":"MO","address":"3125 N Kentwood Ave","name":""},
  {"lat":41.64927,"lon":-70.232093,"city":"West Yarmouth","state":"MA","address":"573 Route 28","name":""},
  {"lat":41.991126,"lon":-72.584669,"city":"Enfield","state":"CT","address":"5 Hazard Ave","name":""},
  {"lat":39.109904,"lon":-108.641697,"city":"Grand Junction","state":"CO","address":"2210 US-6","name":""},
  {"lat":39.778413,"lon":-84.051969,"city":"Fairborn","state":"OH","address":"2580 Colonel Glenn Hwy","name":""},
  {"lat":38.115123,"lon":-92.685613,"city":"Osage Beach","state":"MO","address":"5927 Osage Beach Pkwy","name":""},
  {"lat":37.955191,"lon":-121.315838,"city":"Stockton","state":"CA","address":"1707 W Fremont St","name":""},
  {"lat":39.979974,"lon":-83.151892,"city":"Columbus","state":"OH","address":"5001 Renner Rd","name":""},
  {"lat":33.771433,"lon":-117.867621,"city":"Santa Ana","state":"CA","address":"2600 N Main St","name":""},
  {"lat":34.109759,"lon":-117.822122,"city":"San Dimas","state":"CA","address":"204 Village Ct","name":""},
  {"lat":38.970459,"lon":-92.335188,"city":"Columbia","state":"MO","address":"201 E Texas Ave","name":""},
  {"lat":40.577158,"lon":-122.387317,"city":"Redding","state":"CA","address":"2220 Pine St","name":""},
  {"lat":34.579345,"lon":-118.13126,"city":"Palmdale","state":"CA","address":"200 W Palmdale Blvd","name":""},
  {"lat":40.103557,"lon":-82.925659,"city":"Westerville","state":"OH","address":"909 S State St","name":""},
  {"lat":42.138058,"lon":-72.626391,"city":"West Springfield","state":"MA","address":"1254 Riverdale St","name":""},
  {"lat":39.935704,"lon":-82.831622,"city":"Reynoldsburg","state":"OH","address":"2449 Brice Rd","name":""},
  {"lat":39.75117,"lon":-94.232815,"city":"Cameron","state":"MO","address":"501 Northland Dr","name":""},
  {"lat":42.472739,"lon":-72.615607,"city":"Deerfield","state":"MA","address":"9 Greenfield Rd","name":""},
  {"lat":36.636,"lon":-93.264818,"city":"Branson","state":"MO","address":"210 Wildwood Dr S","name":""},
  {"lat":34.849201,"lon":-114.621633,"city":"Needles","state":"CA","address":"2306 W Broadway St","name":""},
  {"lat":40.08634,"lon":-82.984386,"city":"Columbus","state":"OH","address":"1221 E Dublin Granville Rd","name":""},
  {"lat":42.506785,"lon":-71.130323,"city":"Woburn","state":"MA","address":"19 Commerce Way","name":""},
  {"lat":35.916055,"lon":-84.092998,"city":"Knoxville","state":"TN","address":"208 Market Pl Blvd","name":""},
  {"lat":35.789023,"lon":-80.86133,"city":"Statesville","state":"NC","address":"1508 E Broad St","name":""},
  {"lat":31.313097,"lon":-92.477353,"city":"Alexandria","state":"LA","address":"2716 N MacArthur Dr","name":""},
  {"lat":39.939266,"lon":-82.536672,"city":"Hebron","state":"OH","address":"10668 Lancaster Rd","name":""},
  {"lat":35.028311,"lon":-85.314389,"city":"Chattanooga","state":"TN","address":"2431 Williams St","name":""},
  {"lat":35.75493,"lon":-78.647978,"city":"Raleigh","state":"NC","address":"1813 S Saunders St","name":""},
  {"lat":36.323431,"lon":-86.702576,"city":"Goodlettsville","state":"TN","address":"110 Northgate Dr","name":""},
  {"lat":37.61631,"lon":-84.767908,"city":"Danville","state":"KY","address":"210 Brenda Ave","name":""},
  {"lat":36.333645,"lon":-78.439932,"city":"Henderson","state":"NC","address":"200 Simmons St","name":""},
  {"lat":36.59693,"lon":-87.282435,"city":"Clarksville","state":"TN","address":"197 Holiday Dr","name":""},
  {"lat":39.880005,"lon":-83.047297,"city":"Grove City","state":"OH","address":"4055 Jackpot Rd","name":""},
  {"lat":38.919284,"lon":-84.631488,"city":"Walton","state":"KY","address":"11165 Frontage Rd","name":""},
  {"lat":35.01673,"lon":-85.382523,"city":"Chattanooga","state":"TN","address":"30 Birmingham Hwy","name":""},
  {"lat":34.245169,"lon":-77.880863,"city":"Wilmington","state":"NC","address":"5107 Market St","name":""},
  {"lat":37.076773,"lon":-84.618845,"city":"Somerset","state":"KY","address":"1201 S Hwy 27","name":""},
  {"lat":41.317317,"lon":-83.005209,"city":"Clyde","state":"OH","address":"1363 W McPherson Hwy","name":""},
  {"lat":38.201377,"lon":-85.264957,"city":"Shelbyville","state":"KY","address":"101 Howard Dr","name":""},
  {"lat":36.063109,"lon":-77.818457,"city":"Rocky Mount","state":"NC","address":"6956 NC-4","name":""},
  {"lat":35.798866,"lon":-83.570316,"city":"Pigeon Forge","state":"TN","address":"2826 Parkway","name":""},
  {"lat":37.767911,"lon":-84.315782,"city":"Richmond","state":"KY","address":"111 Bahama Ct","name":""},
  {"lat":36.430171,"lon":-77.632497,"city":"Roanoke Rapids","state":"NC","address":"1911 Julian R Allsbrook Hwy","name":""},
  {"lat":37.097075,"lon":-88.683682,"city":"Paducah","state":"KY","address":"5106 Cairo Rd","name":""},
  {"lat":36.004126,"lon":-83.778182,"city":"Knoxville","state":"TN","address":"7525 Crosswood Blvd","name":""},
  {"lat":41.370067,"lon":-81.822575,"city":"Middleburg Heights","state":"OH","address":"17555 Bagley Rd","name":""},
  {"lat":35.760262,"lon":-78.744223,"city":"Cary","state":"NC","address":"1800 Walnut St","name":""},
  {"lat":33.874237,"lon":-118.145633,"city":"Bellflower","state":"CA","address":"8730 Artesia Blvd","name":""},
  {"lat":30.479755,"lon":-84.306299,"city":"Tallahassee","state":"FL","address":"2930 Hospitality St","name":""},
  {"lat":41.469971,"lon":-81.949448,"city":"Westlake","state":"OH","address":"29595 Clemens Rd","name":""},
  {"lat":36.594915,"lon":-88.316558,"city":"Murray","state":"KY","address":"1202 S 12th St","name":""},
  {"lat":38.187682,"lon":-83.478791,"city":"Morehead","state":"KY","address":"175 Toms Dr","name":""},
  {"lat":34.638605,"lon":-120.445575,"city":"Lompoc","state":"CA","address":"1020 E Ocean Ave","name":""},
  {"lat":35.83586,"lon":-78.674442,"city":"Raleigh","state":"NC","address":"3921 Arrow Dr","name":""},
  {"lat":37.61721,"lon":-122.07702,"city":"Hayward","state":"CA","address":"2286 Industrial Pkwy W","name":""},
  {"lat":33.79067,"lon":-118.275982,"city":"Los Angeles","state":"CA","address":"1023 W Pacific Coast Hwy","name":""},
  {"lat":33.609462,"lon":-114.606284,"city":"Blythe","state":"CA","address":"850 W Hobsonway","name":""},
  {"lat":41.63891,"lon":-81.372831,"city":"Willoughby","state":"OH","address":"4166 OH-306","name":""},
  {"lat":30.407197,"lon":-87.276593,"city":"Pensacola","state":"FL","address":"4 N New Warrington Rd","name":""},
  {"lat":34.6438,"lon":-79.013407,"city":"Lumberton","state":"NC","address":"3530 Capuano St","name":""},
  {"lat":38.200473,"lon":-85.68735,"city":"Louisville","state":"KY","address":"3322 Red Roof Inn Pl","name":""},
  {"lat":35.916747,"lon":-81.524092,"city":"Lenoir","state":"NC","address":"206 Blowing Rock Blvd","name":""},
  {"lat":41.394737,"lon":-81.649955,"city":"Independence","state":"OH","address":"6020 Quarry Ln","name":""},
  {"lat":38.179062,"lon":-85.718462,"city":"Louisville","state":"KY","address":"4704 Preston Hwy","name":""},
  {"lat":35.58211,"lon":-78.143233,"city":"Kenly","state":"NC","address":"1139 Johnston Pkwy","name":""},
  {"lat":41.138017,"lon":-81.796391,"city":"Medina","state":"OH","address":"5021 Eastpointe Dr","name":""},
  {"lat":38.226358,"lon":-85.58165,"city":"Hurstbourne","state":"KY","address":"9330 Blairwood Rd","name":""},
  {"lat":37.14316,"lon":-84.10957,"city":"London","state":"KY","address":"110 Melcon Ln","name":""},
  {"lat":32.339691,"lon":-111.070329,"city":"Tucson","state":"AZ","address":"4940 W Ina Rd","name":""},
  {"lat":35.715357,"lon":-81.315642,"city":"Hickory","state":"NC","address":"1184 Lenoir Rhyne Blvd SE","name":""},
  {"lat":37.997104,"lon":-84.51881,"city":"Lexington","state":"KY","address":"2651 Wilhite Dr","name":""},
  {"lat":32.16191,"lon":-110.913596,"city":"Tucson","state":"AZ","address":"3704 E Irvington Rd","name":""},
  {"lat":35.337466,"lon":-82.439264,"city":"Hendersonville","state":"NC","address":"240 Mitchelle Dr","name":""},
  {"lat":38.011247,"lon":-84.170819,"city":"Winchester","state":"KY","address":"1100 Interstate Dr","name":""},
  {"lat":32.23866,"lon":-110.971487,"city":"Tucson","state":"AZ","address":"1300 N Stone Ave","name":""},
  {"lat":39.267695,"lon":-84.437345,"city":"Sharonville","state":"OH","address":"2301 Sharon Rd","name":""},
  {"lat":35.581221,"lon":-77.377796,"city":"Greenville","state":"NC","address":"301 Greenville Blvd SE","name":""},
  {"lat":33.411143,"lon":-111.971551,"city":"Tempe","state":"AZ","address":"2135 W 15th St","name":""},
  {"lat":38.07736,"lon":-84.459803,"city":"Lexington","state":"KY","address":"1980 Haggard Ct","name":""},
  {"lat":33.464382,"lon":-112.171664,"city":"Phoenix","state":"AZ","address":"5215 W Willetta St","name":""},
  {"lat":36.044648,"lon":-79.836808,"city":"Greensboro","state":"NC","address":"2101 W Meadowview Rd","name":""},
  {"lat":38.215227,"lon":-84.530369,"city":"Georgetown","state":"KY","address":"3075 Paris Pike, BLDG A","name":""},
  {"lat":40.859019,"lon":-81.434122,"city":"North Canton","state":"OH","address":"5353 Inn Circle Ct NW","name":""},
  {"lat":36.096587,"lon":-79.953723,"city":"Greensboro","state":"NC","address":"615 Regional Rd","name":""},
  {"lat":33.643032,"lon":-112.116281,"city":"Phoenix","state":"AZ","address":"17222 N Black Cyn Hwy","name":""},
  {"lat":36.716893,"lon":-86.528163,"city":"Franklin","state":"KY","address":"2805 Scottsville Rd","name":""},
  {"lat":33.49602,"lon":-112.11452,"city":"Phoenix","state":"AZ","address":"4130 N Black Canyon Hwy","name":""},
  {"lat":35.008447,"lon":-78.827868,"city":"Fayetteville","state":"NC","address":"1902 Cedar Creek Rd","name":""},
  {"lat":41.789833,"lon":-80.852444,"city":"Austinburg","state":"OH","address":"1860 Austinburg Rd","name":""},
  {"lat":33.367038,"lon":-87.006659,"city":"Bessemer","state":"AL","address":"4985 Academy Ct","name":""},
  {"lat":35.910834,"lon":-78.892329,"city":"Durham","state":"NC","address":"4405 NC-55","name":""},
  {"lat":32.461711,"lon":-86.390143,"city":"Prattville","state":"AL","address":"2585 Cobbs Ford Rd, BLDG A","name":""},
  {"lat":34.735119,"lon":-87.667044,"city":"Muscle Shoals","state":"AL","address":"2807 Woodward Ave","name":""},
  {"lat":36.029986,"lon":-78.923544,"city":"Durham","state":"NC","address":"1915 N Pointe Dr","name":""},
  {"lat":40.991326,"lon":-81.490114,"city":"Akron","state":"OH","address":"2939 S Arlington Rd","name":""},
  {"lat":33.848202,"lon":-87.262052,"city":"Jasper","state":"AL","address":"1100 Hwy 78 E","name":""},
  {"lat":35.279515,"lon":-80.795392,"city":"Charlotte","state":"NC","address":"5111 Equipment Dr","name":""},
  {"lat":33.791655,"lon":-85.760356,"city":"Jacksonville","state":"AL","address":"1530 Pelham Rd S","name":""},
  {"lat":34.734398,"lon":-86.621012,"city":"Huntsville","state":"AL","address":"3803 University Dr","name":""},
  {"lat":33.98274,"lon":-86.004548,"city":"Gadsden","state":"AL","address":"1600 Rainbow Dr","name":""},
  {"lat":40.558972,"lon":-84.16823,"city":"Wapakoneta","state":"OH","address":"1659 Bellefontaine St","name":""},
  {"lat":38.684244,"lon":-84.600529,"city":"Dry Ridge","state":"KY","address":"88 Blackburn Ln","name":""},
  {"lat":39.026786,"lon":-84.616139,"city":"Erlanger","state":"KY","address":"599 Donaldson Hwy","name":""},
  {"lat":38.651437,"lon":-85.124425,"city":"Carrollton","state":"KY","address":"10 Slumber Ln","name":""},
  {"lat":35.949396,"lon":-79.000246,"city":"Durham","state":"NC","address":"5623 Durham-Chapel Hill Blvd","name":""},
  {"lat":39.495023,"lon":-84.32071,"city":"Middletown","state":"OH","address":"3510 Commerce Dr","name":""},
  {"lat":35.560825,"lon":-82.638064,"city":"Asheville","state":"NC","address":"16 Crowell Rd","name":""},
  {"lat":36.879256,"lon":-87.733906,"city":"Cadiz","state":"KY","address":"154 Hospitality Ln","name":""},
  {"lat":30.803786,"lon":-88.100267,"city":"Saraland","state":"AL","address":"1210 Industrial Pkwy","name":""},
  {"lat":39.952659,"lon":-83.12215,"city":"Columbus","state":"OH","address":"4530 W Broad St","name":""},
  {"lat":31.253349,"lon":-85.429824,"city":"Dothan","state":"AL","address":"3285 Montgomery Hwy","name":""},
  {"lat":35.765369,"lon":-78.005848,"city":"Wilson","state":"NC","address":"5016 Hayes Pl","name":""},
  {"lat":36.941642,"lon":-86.420041,"city":"Bowling Green","state":"KY","address":"3140 Scottsville Rd","name":""},
  {"lat":34.206956,"lon":-86.881272,"city":"Cullman","state":"AL","address":"6349 AL-157","name":""},
  {"lat":37.570502,"lon":-84.309843,"city":"Berea","state":"KY","address":"196 Prince Royal Dr","name":""},
  {"lat":36.141896,"lon":-81.17742,"city":"Wilkesboro","state":"NC","address":"1206 River St","name":""},
  {"lat":35.043109,"lon":-85.159095,"city":"Chattanooga","state":"TN","address":"7014 Shallowford Rd","name":""},
  {"lat":38.044595,"lon":-84.423535,"city":"Lexington","state":"KY","address":"2241 Elkhorn Rd","name":""},
  {"lat":36.086149,"lon":-86.762446,"city":"Nashville","state":"TN","address":"4271 Sidco Dr","name":""},
  {"lat":34.989885,"lon":-80.531734,"city":"Monroe","state":"NC","address":"608 W Roosevelt Blvd","name":""},
  {"lat":36.210483,"lon":-86.777034,"city":"Nashville","state":"TN","address":"2407 Brick Church Pike","name":""},
  {"lat":36.920054,"lon":-84.127599,"city":"Corbin","state":"KY","address":"1888 Cumberland Falls Hwy","name":""},
  {"lat":34.743831,"lon":-77.380475,"city":"Jacksonville","state":"NC","address":"1723 Lejeune Blvd","name":""},
  {"lat":39.071812,"lon":-84.302794,"city":"Cincinnati","state":"OH","address":"4035 Mt Carmel Tobasco Rd","name":""},
  {"lat":35.84976,"lon":-86.434507,"city":"Murfreesboro","state":"TN","address":"2282 Armory Dr","name":""},
  {"lat":37.136556,"lon":-85.972861,"city":"Cave City","state":"KY","address":"807 Mammoth Cave St","name":""},
  {"lat":35.228431,"lon":-85.825225,"city":"Monteagle","state":"TN","address":"742 Dixie Lee Ave","name":""},
  {"lat":37.678279,"lon":-97.250457,"city":"Wichita","state":"KS","address":"7335 E Kellogg Dr","name":""},
  {"lat":35.023633,"lon":-78.924976,"city":"Fayetteville","state":"NC","address":"3136 Bordeaux Park Dr","name":""},
  {"lat":35.167318,"lon":-89.862393,"city":"Memphis","state":"TN","address":"6055 Shelby Oaks Dr","name":""},
  {"lat":35.946018,"lon":-84.000238,"city":"Knoxville","state":"TN","address":"1315 Kirby Rd","name":""},
  {"lat":36.54633,"lon":-82.511532,"city":"Kingsport","state":"TN","address":"100 Indian Center Ct","name":""},
  {"lat":39.265952,"lon":-81.503585,"city":"Parkersburg","state":"WV","address":"3714 E 7th St","name":""},
  {"lat":42.990014,"lon":-78.793174,"city":"Amherst","state":"NY","address":"42 Flint Rd","name":""},
  {"lat":35.041982,"lon":-85.686149,"city":"Kimball","state":"TN","address":"130 Main St","name":""},
  {"lat":35.338291,"lon":-84.520826,"city":"Etowah","state":"TN","address":"600 Tennessee Ave","name":""},
  {"lat":39.462091,"lon":-77.988988,"city":"Martinsburg","state":"WV","address":"209 Viking Way","name":""},
  {"lat":38.415498,"lon":-82.296851,"city":"Huntington","state":"WV","address":"458 Braley Road","name":""},
  {"lat":36.037967,"lon":-83.446389,"city":"Dandridge","state":"TN","address":"531 Patriot Dr","name":""},
  {"lat":35.998792,"lon":-85.043278,"city":"Crossville","state":"TN","address":"105 Executive Dr","name":""},
  {"lat":35.64249,"lon":-86.898421,"city":"Columbia","state":"TN","address":"1548 Bear Creek Pike","name":""},
  {"lat":39.42962,"lon":-80.18888,"city":"White Hall","state":"WV","address":"42 Spencer Dr","name":""},
  {"lat":36.293574,"lon":-84.213799,"city":"Caryville","state":"TN","address":"276 John McGhee Blvd","name":""},
  {"lat":38.359683,"lon":-81.739554,"city":"Dunbar","state":"WV","address":"317 11th St","name":""},
  {"lat":35.665727,"lon":-88.827434,"city":"Jackson","state":"TN","address":"2262 N Highland Ave","name":""},
  {"lat":36.163966,"lon":-84.082159,"city":"Clinton","state":"TN","address":"141 Buffalo Rd","name":""},
  {"lat":38.458116,"lon":-81.93008,"city":"Hurricane","state":"WV","address":"500 Putnam Village Dr","name":""},
  {"lat":41.649297,"lon":-73.928126,"city":"Poughkeepsie","state":"NY","address":"2349 South Rd","name":""},
  {"lat":40.738232,"lon":-73.602423,"city":"Westbury","state":"NY","address":"699 Dibblee Dr","name":""},
  {"lat":38.307937,"lon":-81.564367,"city":"Kanawha City","state":"WV","address":"100 Trueman Cir","name":""},
  {"lat":40.69759,"lon":-73.804991,"city":"Jamaica","state":"NY","address":"97-26 147th pl","name":""},
  {"lat":43.13599,"lon":-89.301444,"city":"Madison","state":"WI","address":"4830 Hayes Rd","name":""},
  {"lat":42.928992,"lon":-87.928911,"city":"Oak Creek","state":"WI","address":"6360 South 13th Street","name":""},
  {"lat":35.211933,"lon":-84.869861,"city":"Cleveland","state":"TN","address":"156 James Asbury Dr NW","name":""},
  {"lat":47.451447,"lon":-122.294879,"city":"Seattle","state":"WA","address":"16838 International Blvd","name":""},
  {"lat":38.650694,"lon":-87.527636,"city":"Vincennes","state":"IN","address":"1800 S Old Decker Rd","name":""},
  {"lat":40.67626,"lon":-73.89772,"city":"Brooklyn","state":"NY","address":"55 Sheffield Ave","name":""},
  {"lat":38.799987,"lon":-77.515407,"city":"Manassas","state":"VA","address":"10610 Automotive Dr","name":""},
  {"lat":42.787194,"lon":-96.913492,"city":"Vermillion","state":"SD","address":"1208 E Cherry St","name":""},
  {"lat":32.802417,"lon":-79.892733,"city":"Mt Pleasant","state":"SC","address":"301 Johnnie Dodds Blvd","name":""},
  {"lat":41.719133,"lon":-86.166381,"city":"Granger","state":"IN","address":"1325 University Dr Ct","name":""},
  {"lat":38.787887,"lon":-77.065759,"city":"Alexandria","state":"VA","address":"5975 Richmond Hwy","name":""},
  {"lat":44.847647,"lon":-74.300234,"city":"Malone","state":"NY","address":"42 Finney Blvd","name":""},
  {"lat":32.634201,"lon":-80.876737,"city":"Yemassee","state":"SC","address":"138 Frampton Dr","name":""},
  {"lat":38.686426,"lon":-85.792045,"city":"Scottsburg","state":"IN","address":"1522 W McClain Ave","name":""},
  {"lat":32.880944,"lon":-80.713973,"city":"Walterboro","state":"SC","address":"1288 Sniders Hwy","name":""},
  {"lat":36.838873,"lon":-75.973473,"city":"Virginia Beach","state":"VA","address":"1005 Pacific Ave","name":""},
  {"lat":33.956154,"lon":-80.379283,"city":"Sumter","state":"SC","address":"1211 Camden Hwy","name":""},
  {"lat":39.870188,"lon":-84.886992,"city":"Richmond","state":"IN","address":"2525 Chester Blvd","name":""},
  {"lat":33.196361,"lon":-80.608732,"city":"St. George","state":"SC","address":"115 Winningham Rd","name":""},
  {"lat":39.161617,"lon":-78.154095,"city":"Winchester","state":"VA","address":"991 Millwood Pike","name":""},
  {"lat":43.055609,"lon":-76.558983,"city":"Weedsport","state":"NY","address":"9050 NY-34","name":""},
  {"lat":35.01602,"lon":-81.897061,"city":"Spartanburg","state":"SC","address":"105 Jones Rd","name":""},
  {"lat":41.667022,"lon":-86.895378,"city":"Michigan City","state":"IN","address":"110 W Kieffer Rd","name":""},
  {"lat":34.989811,"lon":-82.023051,"city":"Spartanburg","state":"SC","address":"6765 Pottery Rd","name":""},
  {"lat":37.280739,"lon":-76.688217,"city":"Williamsburg","state":"VA","address":"824 Capitol Landing Rd","name":""},
  {"lat":39.701497,"lon":-86.079984,"city":"Indianapolis","state":"IN","address":"5221 Victory Dr","name":""},
  {"lat":33.483505,"lon":-80.465808,"city":"Santee","state":"SC","address":"9091 Old Number Six Hwy","name":""},
  {"lat":38.718605,"lon":-77.808569,"city":"Warrenton","state":"VA","address":"6 Broadview Ave","name":""},
  {"lat":34.972955,"lon":-80.99024,"city":"Rock Hill","state":"SC","address":"1037 Riverview Rd","name":""},
  {"lat":43.113779,"lon":-75.216943,"city":"Utica","state":"NY","address":"20 Weaver St","name":""},
  {"lat":36.883116,"lon":-76.18168,"city":"Virginia Beach","state":"VA","address":"5745 Northampton Blvd","name":""},
  {"lat":39.924985,"lon":-86.22714,"city":"Indianapolis","state":"IN","address":"9520 Valparaiso Ct","name":""},
  {"lat":32.937259,"lon":-80.044969,"city":"North Charleston","state":"SC","address":"7480 Northwoods Blvd","name":""},
  {"lat":39.797166,"lon":-86.038539,"city":"Indianapolis","state":"IN","address":"7314 East 21st St","name":""},
  {"lat":36.843189,"lon":-76.181589,"city":"Virginia Beach","state":"VA","address":"196 Ballard Court","name":""},
  {"lat":33.664947,"lon":-78.917376,"city":"Myrtle Beach","state":"SC","address":"2801 S Kings Hwy","name":""},
  {"lat":43.091522,"lon":-76.092325,"city":"Syracuse","state":"NY","address":"6614 Thompson Rd","name":""},
  {"lat":39.902862,"lon":-86.046574,"city":"Indianapolis","state":"IN","address":"8110 Shadeland Ave","name":""},
  {"lat":32.174213,"lon":-80.734553,"city":"Hilton Head Island","state":"SC","address":"5 Regency Pkwy","name":""},
  {"lat":38.16536,"lon":-79.013472,"city":"Staunton","state":"VA","address":"855 Bells Ln","name":""},
  {"lat":39.727092,"lon":-86.249119,"city":"Indianapolis","state":"IN","address":"2631 S Lynhurst Dr","name":""},
  {"lat":32.275871,"lon":-81.082217,"city":"Hardeeville","state":"SC","address":"1122 Hummingbird Ln","name":""},
  {"lat":34.812769,"lon":-82.332097,"city":"Greenville","state":"SC","address":"91 Vision Ct, Building A","name":""},
  {"lat":35.081759,"lon":-81.702062,"city":"Gaffney","state":"SC","address":"132 New Painter Dr","name":""},
  {"lat":37.464822,"lon":-77.426763,"city":"Richmond","state":"VA","address":"4350 Commerce Rd","name":""},
  {"lat":41.467775,"lon":-87.32555,"city":"Merrillville","state":"IN","address":"8290 Georgia St","name":""},
  {"lat":37.144584,"lon":-77.357342,"city":"Petersburg","state":"VA","address":"12205 S Crater Rd","name":""},
  {"lat":40.583109,"lon":-85.664576,"city":"Marion","state":"IN","address":"1615 N Baldwin Ave","name":""},
  {"lat":39.109397,"lon":-84.851955,"city":"Greendale","state":"IN","address":"515 E Eads Pkwy","name":""},
  {"lat":43.057403,"lon":-77.651778,"city":"Henrietta","state":"NY","address":"4820 W Henrietta Rd","name":""},
  {"lat":36.836376,"lon":-76.309747,"city":"Portsmouth","state":"VA","address":"925 London Blvd","name":""},
  {"lat":34.227557,"lon":-79.795271,"city":"Florence","state":"SC","address":"1811 W Lucas St","name":""},
  {"lat":40.416772,"lon":-86.82776,"city":"Lafayette","state":"IN","address":"4201 South St","name":""},
  {"lat":34.188581,"lon":-79.835278,"city":"Florence","state":"SC","address":"2690 David H McLeod Blvd","name":""},
  {"lat":37.148439,"lon":-76.460059,"city":"Yorktown","state":"VA","address":"4531 George Washington Memorial Hwy","name":""},
  {"lat":43.136877,"lon":-77.666985,"city":"Rochester","state":"NY","address":"155 Buell Rd","name":""},
  {"lat":39.613109,"lon":-86.076712,"city":"Greenwood","state":"IN","address":"110 Sheek Rd","name":""},
  {"lat":34.439397,"lon":-79.370263,"city":"Dillon","state":"SC","address":"810 Radford Blvd","name":""},
  {"lat":36.845626,"lon":-81.49307,"city":"Marion","state":"VA","address":"1424 N Main St","name":""},
  {"lat":33.955503,"lon":-81.095651,"city":"West Columbia","state":"SC","address":"2204 Airport Blvd","name":""},
  {"lat":39.525383,"lon":-86.801987,"city":"Cloverdale","state":"IN","address":"924 N Main St","name":""},
  {"lat":37.433422,"lon":-79.122946,"city":"Madison Heights","state":"VA","address":"5016 S Amherst Hwy","name":""},
  {"lat":42.148286,"lon":-77.109278,"city":"Painted Post","state":"NY","address":"304 S Hamilton St BLDG A","name":""},
  {"lat":38.290731,"lon":-85.914811,"city":"Georgetown","state":"IN","address":"1079 N Luther Rd","name":""},
  {"lat":34.075855,"lon":-80.943112,"city":"Columbia","state":"SC","address":"7431 Nates Rd","name":""},
  {"lat":39.10556,"lon":-77.547745,"city":"Leesburg","state":"VA","address":"721 E Market St","name":""},
  {"lat":41.116887,"lon":-85.183968,"city":"Fort Wayne","state":"IN","address":"3017 Coliseum Blvd W","name":""},
  {"lat":34.196137,"lon":-80.27756,"city":"Bishopville","state":"SC","address":"1135 Sumter Hwy","name":""},
  {"lat":41.726351,"lon":-85.971555,"city":"Elkhart","state":"IN","address":"2902 Cassopolis St","name":""},
  {"lat":36.746903,"lon":-80.770712,"city":"Hillsville","state":"VA","address":"2666 Old Galax Pike","name":""},
  {"lat":34.20916,"lon":-82.176644,"city":"Greenwood","state":"SC","address":"919 Montague Ave","name":""},
  {"lat":42.53304,"lon":-75.524485,"city":"Norwich","state":"NY","address":"75 N Broad St","name":""},
  {"lat":34.916709,"lon":-82.111719,"city":"Duncan","state":"SC","address":"1386 E Main St","name":""},
  {"lat":39.298154,"lon":-85.960117,"city":"Taylorsville","state":"IN","address":"10330 N U.S Hwy 31","name":""},
  {"lat":41.364469,"lon":-85.081754,"city":"Auburn","state":"IN","address":"503 Ley Dr","name":""},
  {"lat":38.339486,"lon":-77.488343,"city":"Fredericksburg","state":"VA","address":"386 Warrenton Rd","name":""},
  {"lat":38.245721,"lon":-77.498576,"city":"Fredericksburg","state":"VA","address":"10417 Patriot Hwy","name":""},
  {"lat":40.050988,"lon":-85.653963,"city":"Anderson","state":"IN","address":"6325 S Scatterfield Rd","name":""},
  {"lat":41.536005,"lon":-71.291783,"city":"Middletown","state":"RI","address":"1359 W Main Rd","name":""},
  {"lat":43.088268,"lon":-78.988624,"city":"Niagara Falls","state":"NY","address":"6505 Niagara Falls Blvd","name":""},
  {"lat":38.582385,"lon":-77.323212,"city":"Dumfries","state":"VA","address":"17113 Dumfries Rd","name":""},
  {"lat":40.449895,"lon":-80.157267,"city":"Pittsburgh","state":"PA","address":"6404 Steubenville Pike","name":""},
  {"lat":38.348496,"lon":-77.054388,"city":"King George","state":"VA","address":"4661 James Madison Pkwy","name":""},
  {"lat":40.435206,"lon":-79.757564,"city":"Monroeville","state":"PA","address":"2729 Mosside Blvd","name":""},
  {"lat":39.867676,"lon":-75.306187,"city":"Tinicum Township","state":"PA","address":"49 Industrial Hwy","name":""},
  {"lat":36.738565,"lon":-76.583476,"city":"Suffolk","state":"VA","address":"633 N Main St","name":""},
  {"lat":42.118729,"lon":-80.079211,"city":"Erie","state":"PA","address":"10 W 18th St","name":""},
  {"lat":41.751675,"lon":-87.943475,"city":"Willowbrook","state":"IL","address":"7535 Kingery Hwy","name":""},
  {"lat":41.798974,"lon":-88.203961,"city":"Naperville","state":"IL","address":"1698 W Diehl Rd","name":""},
  {"lat":38.454471,"lon":-78.020976,"city":"Culpeper","state":"VA","address":"889 Willis Ln","name":""},
  {"lat":42.06315,"lon":-88.141758,"city":"Hoffman Estates","state":"IL","address":"2500 Hassell Rd","name":""},
  {"lat":37.353589,"lon":-77.40979,"city":"Chester","state":"VA","address":"2405 West Hundred Road","name":""},
  {"lat":38.73485,"lon":-89.912987,"city":"Troy","state":"IL","address":"2030 Formosa Rd","name":""},
  {"lat":36.791507,"lon":-76.234198,"city":"Chesapeake","state":"VA","address":"724 Woodlake Dr","name":""},
  {"lat":39.788122,"lon":-89.603017,"city":"Springfield","state":"IL","address":"3200 Singer Ave","name":""},
  {"lat":42.606717,"lon":-76.166898,"city":"Cortland","state":"NY","address":"2B River Street","name":""},
  {"lat":39.964512,"lon":-76.729526,"city":"York","state":"PA","address":"132 N George St","name":""},
  {"lat":38.057704,"lon":-78.492553,"city":"Charlottesville","state":"VA","address":"2011 Holiday Dr","name":""},
  {"lat":42.270835,"lon":-88.971525,"city":"Rockford","state":"IL","address":"7434 E State St","name":""},
  {"lat":42.866367,"lon":-73.774198,"city":"Clifton Park","state":"NY","address":"41 Old Route 146","name":""},
  {"lat":41.251802,"lon":-75.828111,"city":"Wilkes-Barre Township","state":"PA","address":"1035 PA-315","name":""},
  {"lat":40.164896,"lon":-80.274534,"city":"Washington","state":"PA","address":"1399 W Chestnut St","name":""},
  {"lat":36.62525,"lon":-82.15691,"city":"Bristol","state":"VA","address":"2741 Lee Hwy","name":""},
  {"lat":40.019316,"lon":-79.08089,"city":"Somerset","state":"PA","address":"220 Waterworks Rd","name":""},
  {"lat":36.71549,"lon":-81.936452,"city":"Abingdon","state":"VA","address":"887 Empire Dr SW","name":""},
  {"lat":40.369839,"lon":-75.925774,"city":"Reading","state":"PA","address":"2545 N 5th Street Hwy","name":""},
  {"lat":42.052799,"lon":-87.799963,"city":"Morton Grove","state":"IL","address":"9424 Waukegan Rd","name":""},
  {"lat":40.674775,"lon":-80.101046,"city":"Cranberry Twp","state":"PA","address":"20009 Rte 19","name":""},
  {"lat":42.948135,"lon":-78.694161,"city":"Bowmansville","state":"NY","address":"146 Maple Dr, Building A","name":""},
  {"lat":40.505713,"lon":-80.008993,"city":"Pittsburgh","state":"PA","address":"4607 McKnight Rd","name":""},
  {"lat":42.347772,"lon":-87.877031,"city":"Waukegan","state":"IL","address":"3031 Belvidere Rd","name":""},
  {"lat":38.469689,"lon":-77.414927,"city":"Stafford","state":"VA","address":"153 Garrisonville Rd","name":""},
  {"lat":42.740727,"lon":-78.84803,"city":"Hamburg","state":"NY","address":"5370 Camp Rd","name":""},
  {"lat":40.191281,"lon":-74.866567,"city":"Langhorne","state":"PA","address":"3100 Cabot Blvd W","name":""},
  {"lat":42.045348,"lon":-87.984121,"city":"Arlington Heights","state":"IL","address":"22 W Algonquin Rd","name":""},
  {"lat":42.124433,"lon":-75.909168,"city":"Binghamton","state":"NY","address":"650 Old Front Street","name":""},
  {"lat":40.220272,"lon":-79.607549,"city":"New Stanton","state":"PA","address":"110 N Main St","name":""},
  {"lat":40.023819,"lon":-76.203776,"city":"Lancaster","state":"PA","address":"2390 Lincoln Hwy E","name":""},
  {"lat":40.0269,"lon":-76.211645,"city":"Lancaster","state":"PA","address":"2307 Lincoln Hwy E, BLDG A","name":""},
  {"lat":37.092232,"lon":-113.585352,"city":"St. George","state":"UT","address":"915 S Bluff St","name":""},
  {"lat":42.127523,"lon":-75.969864,"city":"Johnson City","state":"NY","address":"590 Fairview St","name":""},
  {"lat":40.300291,"lon":-76.610685,"city":"Hershey","state":"PA","address":"1806 E Chocolate Ave","name":""},
  {"lat":29.279474,"lon":-94.805938,"city":"Galveston","state":"TX","address":"3924 Avenue U","name":""},
  {"lat":40.306336,"lon":-76.848638,"city":"Harrisburg","state":"PA","address":"400 Corporate Cir","name":""},
  {"lat":40.239851,"lon":-76.804471,"city":"Harrisburg","state":"PA","address":"950 Eisenhower Blvd","name":""},
  {"lat":40.304544,"lon":-79.510721,"city":"Greensburg","state":"PA","address":"111 Sheraton Dr","name":""},
  {"lat":43.016532,"lon":-78.194134,"city":"Batavia","state":"NY","address":"8204 Park Rd","name":""},
  {"lat":32.56618,"lon":-97.316597,"city":"Fort Worth","state":"TX","address":"200 Pace Alsbury Ct","name":""},
  {"lat":42.723733,"lon":-73.801791,"city":"Albany","state":"NY","address":"188 Wolf Rd","name":""},
  {"lat":29.937427,"lon":-95.391869,"city":"Houston","state":"TX","address":"502 N Sam Houston Pkwy E","name":""},
  {"lat":41.492822,"lon":-74.077423,"city":"New Windsor","state":"NY","address":"915 Union Ave","name":""},
  {"lat":42.071437,"lon":-80.038903,"city":"Erie","state":"PA","address":"7865 Perry Hwy","name":""},
  {"lat":40.221152,"lon":-76.098558,"city":"Denver","state":"PA","address":"2017 N Reading Rd","name":""},
  {"lat":43.018616,"lon":-74.990965,"city":"Herkimer","state":"NY","address":"100 Marginal Rd","name":""},
  {"lat":32.704101,"lon":-96.276973,"city":"Terrell","state":"TX","address":"1614 TX-34","name":""},
  {"lat":39.911883,"lon":-77.649899,"city":"Chambersburg","state":"PA","address":"1110 Sheller Ave","name":""},
  {"lat":41.794785,"lon":-88.329035,"city":"North Aurora","state":"IL","address":"201 Smoke Tree Plaza Dr, BLDG A","name":""},
  {"lat":29.432774,"lon":-98.405111,"city":"San Antonio","state":"TX","address":"138 N WW White Rd","name":""},
  {"lat":40.565634,"lon":-75.485217,"city":"Allentown","state":"PA","address":"2650 Moravian Ave","name":""},
  {"lat":41.581435,"lon":-87.557578,"city":"Lansing","state":"IL","address":"2450 173rd St","name":""},
  {"lat":40.639333,"lon":-75.432071,"city":"Allentown","state":"PA","address":"1846 Catasauqua Rd","name":""},
  {"lat":33.025428,"lon":-96.708556,"city":"Plano","state":"TX","address":"1820 North Central Expressway","name":""},
  {"lat":41.18924,"lon":-80.456853,"city":"Hermitage","state":"PA","address":"2700 Wilson Rd","name":""},
  {"lat":41.514258,"lon":-88.123457,"city":"Joliet","state":"IL","address":"1750 McDonough St","name":""},
  {"lat":31.3974,"lon":-103.516343,"city":"Pecos","state":"TX","address":"205 S Frontage Rd","name":""},
  {"lat":40.984143,"lon":-75.979872,"city":"Hazleton","state":"PA","address":"1341 N Church St","name":""},
  {"lat":41.667582,"lon":-87.739624,"city":"Alsip","state":"IL","address":"12340 S Cicero Ave","name":""},
  {"lat":35.50724,"lon":-108.826831,"city":"Gallup","state":"NM","address":"3304 U.S. Rt. 66","name":""},
  {"lat":40.13596,"lon":-88.246086,"city":"Champaign","state":"IL","address":"212 West Anthony Drive","name":""},
  {"lat":31.621056,"lon":-94.682259,"city":"Nacogdoches","state":"TX","address":"2020 NW Stallings Dr","name":""},
  {"lat":41.024112,"lon":-76.320294,"city":"Mifflinville","state":"PA","address":"488 W 3rd St","name":""},
  {"lat":35.110125,"lon":-106.622944,"city":"Albuquerque","state":"NM","address":"2015 Menaul Blvd NE","name":""},
  {"lat":30.966098,"lon":-95.88535,"city":"Madisonville","state":"TX","address":"203 Interstate 45 N","name":""},
  {"lat":41.163675,"lon":-87.852005,"city":"Bourbonnais","state":"IL","address":"1311 IL-50","name":""},
  {"lat":47.209067,"lon":-122.293361,"city":"Puyallup","state":"WA","address":"2101 N Meridian","name":""},
  {"lat":40.592776,"lon":-74.230768,"city":"Carteret","state":"NJ","address":"1000 Roosevelt Ave","name":""},
  {"lat":33.030892,"lon":-96.990971,"city":"Lewisville","state":"TX","address":"1102 Texas St","name":""},
  {"lat":47.376423,"lon":-122.297689,"city":"Kent","state":"WA","address":"25104 Pacific Hwy S","name":""},
  {"lat":32.619258,"lon":-96.820726,"city":"Lancaster","state":"TX","address":"2514 Balomede Ave","name":""},
  {"lat":47.658052,"lon":-117.233397,"city":"Spokane","state":"WA","address":"12803 E Sprague Ave","name":""},
  {"lat":39.009899,"lon":-74.868942,"city":"Middle Township","state":"NJ","address":"1801 NJ-47","name":""},
  {"lat":29.975629,"lon":-95.56542,"city":"Houston","state":"TX","address":"19319 Tomball Pkwy","name":""},
  {"lat":37.0186,"lon":-76.444783,"city":"Newport News","state":"VA","address":"6069 Jefferson Ave","name":""},
  {"lat":30.064724,"lon":-95.435027,"city":"Spring","state":"TX","address":"20543 I-45","name":""},
  {"lat":40.485031,"lon":-89.023497,"city":"Bloomington","state":"IL","address":"1905 W Market St","name":""},
  {"lat":41.424529,"lon":-87.758151,"city":"Monee","state":"IL","address":"25640 S Friendship Dr","name":""},
  {"lat":40.861271,"lon":-74.377962,"city":"Parsippany-Troy Hills","state":"NJ","address":"855 US-46","name":""},
  {"lat":41.930437,"lon":-88.776526,"city":"DeKalb","state":"IL","address":"1212 W Lincoln Hwy","name":""},
  {"lat":29.885226,"lon":-95.573563,"city":"Jersey Village","state":"TX","address":"16884 Northwest Fwy","name":""},
  {"lat":40.121114,"lon":-87.539504,"city":"Danville","state":"IL","address":"389 Lynch Dr","name":""},
  {"lat":32.793073,"lon":-97.245393,"city":"Haltom City","state":"TX","address":"6401 Airport Fwy","name":""},
  {"lat":32.739013,"lon":-97.465507,"city":"Fort Worth","state":"TX","address":"8500 West Fwy","name":""},
  {"lat":41.651738,"lon":-93.601283,"city":"Des Moines","state":"IA","address":"5020 NE 14th St","name":""},
  {"lat":40.208019,"lon":-74.07008,"city":"Neptune City","state":"NJ","address":"3310 NJ-33","name":""},
  {"lat":32.650224,"lon":-97.323108,"city":"Fort Worth","state":"TX","address":"6600 South Fwy","name":""},
  {"lat":42.034082,"lon":-71.2367,"city":"Mansfield","state":"MA","address":"60 Forbes Blvd","name":""},
  {"lat":32.841027,"lon":-97.341064,"city":"Fort Worth","state":"TX","address":"5370 S Blue Mound Rd","name":""},
  {"lat":33.474524,"lon":-94.042145,"city":"Texarkana","state":"AR","address":"5300 N State Line Ave","name":""},
  {"lat":41.230934,"lon":-95.847425,"city":"Council Bluffs","state":"IA","address":"500 30th Ave","name":""},
  {"lat":40.265963,"lon":-74.293009,"city":"Freehold","state":"NJ","address":"4089 US-9","name":""},
  {"lat":27.802036,"lon":-97.453475,"city":"Corpus Christi","state":"TX","address":"901 Navigation Blvd","name":""},
  {"lat":42.468718,"lon":-71.024404,"city":"Saugus","state":"MA","address":"920 Broadway","name":""},
  {"lat":40.877734,"lon":-74.297061,"city":"Fairfield","state":"NJ","address":"286 US-46","name":""},
  {"lat":30.422622,"lon":-95.492465,"city":"Willis","state":"TX","address":"Interstate 45 N","name":""},
  {"lat":31.458592,"lon":-83.52905,"city":"Tifton","state":"GA","address":"1025 W 2nd St","name":""},
  {"lat":30.605797,"lon":-96.309094,"city":"College Station","state":"TX","address":"2504 Texas Ave S","name":""},
  {"lat":29.459618,"lon":-98.621974,"city":"San Antonio","state":"TX","address":"6880 NW Loop 410, BLDG B","name":""},
  {"lat":42.308647,"lon":-71.385881,"city":"Framingham","state":"MA","address":"650 Cochituate Rd","name":""},
  {"lat":40.12959,"lon":-74.704284,"city":"Bordentown","state":"NJ","address":"1073 US Hwy 206, BLDG A","name":""},
  {"lat":32.194836,"lon":-81.195031,"city":"Port Wentworth","state":"GA","address":"7200 GA-21","name":""},
  {"lat":34.517164,"lon":-93.038559,"city":"Hot Springs","state":"AR","address":"1125 E Grand Ave","name":""},
  {"lat":29.432423,"lon":-98.40708,"city":"San Antonio","state":"TX","address":"4403 I-10","name":""},
  {"lat":29.81885,"lon":-94.902199,"city":"Baytown","state":"TX","address":"8833 N Hwy 146","name":""},
  {"lat":30.123921,"lon":-93.763627,"city":"Orange","state":"TX","address":"4407 27th St","name":""},
  {"lat":32.985053,"lon":-85.031457,"city":"LaGrange","state":"GA","address":"2606 Whitesville Rd, Bldg A","name":""},
  {"lat":42.157354,"lon":-71.731818,"city":"Sutton","state":"MA","address":"200 Worcester-Providence Tpke","name":""},
  {"lat":32.818141,"lon":-96.636539,"city":"Mesquite","state":"TX","address":"2544 US-67","name":""},
  {"lat":39.512772,"lon":-74.925124,"city":"Buena","state":"NJ","address":"102 Tuckahoe Rd","name":""},
  {"lat":32.864822,"lon":-96.994171,"city":"Irving","state":"TX","address":"3440 W Walnut Hill Ln","name":""},
  {"lat":35.032422,"lon":-90.790851,"city":"Forrest City","state":"AR","address":"2333 N Washington St","name":""},
  {"lat":29.743351,"lon":-95.646131,"city":"Houston","state":"TX","address":"2130 S Texas 6","name":""},
  {"lat":31.973068,"lon":-102.07813,"city":"Midland","state":"TX","address":"920 I-20","name":""},
  {"lat":30.449067,"lon":-91.245376,"city":"Port Allen","state":"LA","address":"234 N Lobdell Hwy","name":""},
  {"lat":29.853194,"lon":-95.515912,"city":"Houston","state":"TX","address":"5959 Guhn Rd","name":""},
  {"lat":32.987395,"lon":-96.829328,"city":"Dallas","state":"TX","address":"17425 Dallas Pkwy","name":""},
  {"lat":35.18688,"lon":-101.933176,"city":"Amarillo","state":"TX","address":"6800 I-40 West, Building B","name":""},
  {"lat":30.457778,"lon":-97.790364,"city":"Austin","state":"TX","address":"12621 Hymeadow Dr","name":""},
  {"lat":34.984612,"lon":-81.969556,"city":"Spartanburg","state":"SC","address":"130 Mobile Dr","name":""},
  {"lat":40.157518,"lon":-80.281218,"city":"Washington","state":"PA","address":"2110 N Franklin Dr","name":""},
  {"lat":40.220518,"lon":-76.097255,"city":"Denver","state":"PA","address":"2031 N Reading Rd","name":""},
  {"lat":31.416523,"lon":-100.440841,"city":"San Angelo","state":"TX","address":"4205 S Bryant Blvd","name":""},
  {"lat":39.450117,"lon":-74.534901,"city":"Galloway","state":"NJ","address":"202 E White Horse Pike","name":""},
  {"lat":32.449381,"lon":-94.714416,"city":"Longview","state":"TX","address":"707 N Access Rd","name":""},
  {"lat":30.884028,"lon":-87.786901,"city":"Bay Minette","state":"AL","address":"610 McMeans Ave","name":""},
  {"lat":32.83526,"lon":-97.008267,"city":"Irving","state":"TX","address":"4110 W Airport Fwy","name":""},
  {"lat":32.005486,"lon":-81.287543,"city":"Savannah","state":"GA","address":"45 Fort Argyle Rd","name":""},
  {"lat":44.970706,"lon":-122.989059,"city":"Salem","state":"OR","address":"3535 Fisher Rd NE","name":""},
  {"lat":30.005049,"lon":-95.265109,"city":"Humble","state":"TX","address":"9821 Farm to Market 1960 Bypass Rd E","name":""},
  {"lat":44.071555,"lon":-123.033964,"city":"Springfield","state":"OR","address":"520 Harlow Rd","name":""},
  {"lat":42.290321,"lon":-71.560445,"city":"Southborough","state":"MA","address":"367 Turnpike Rd","name":""},
  {"lat":31.98371,"lon":-81.15319,"city":"Savannah","state":"GA","address":"11750 Abercorn Street","name":""},
  {"lat":39.290812,"lon":-84.316874,"city":"Cincinnati","state":"OH","address":"8870 Governors Hill Dr","name":""},
  {"lat":29.650138,"lon":-95.251741,"city":"Houston","state":"TX","address":"9902 Gulf Fwy","name":""},
  {"lat":36.597168,"lon":-121.857751,"city":"Monterey","state":"CA","address":"2227 N Fremont St","name":""},
  {"lat":31.925933,"lon":-81.33546,"city":"Richmond Hill","state":"GA","address":"4494 Hwy 17","name":""},
  {"lat":40.094459,"lon":-82.987535,"city":"Columbus","state":"OH","address":"6275 Quarter Horse Dr","name":""},
  {"lat":35.486188,"lon":-80.875472,"city":"Cornelius","state":"NC","address":"20740 Torrence Chapel Rd","name":""},
  {"lat":30.015549,"lon":-95.429948,"city":"Houston","state":"TX","address":"17111 North Fwy","name":""},
  {"lat":42.148286,"lon":-77.109278,"city":"Painted Post","state":"NY","address":"304 S Hamilton St BLDG B","name":""},
  {"lat":43.092264,"lon":-76.085363,"city":"East Syracuse","state":"NY","address":"6611 Old Collamer Rd S","name":""},
  {"lat":32.468992,"lon":-83.739047,"city":"Perry","state":"GA","address":"110 Perimeter Rd","name":""},
  {"lat":34.676194,"lon":-92.346237,"city":"Little Rock","state":"AR","address":"Frenchmans Ln","name":""},
  {"lat":33.282144,"lon":-84.292811,"city":"Griffin","state":"GA","address":"1719 N Expy","name":""},
  {"lat":42.281748,"lon":-83.170522,"city":"Melvindale","state":"MI","address":"17600 Dix Rd","name":""},
  {"lat":31.40055,"lon":-81.451352,"city":"Darien","state":"GA","address":"12885 GA-251","name":""},
  {"lat":40.288989,"lon":-74.690428,"city":"Trenton","state":"NJ","address":"3203 Brunswick Pike, BLDG B","name":""},
  {"lat":39.177838,"lon":-75.526724,"city":"Dover","state":"DE","address":"652 N Dupont Hwy","name":""},
  {"lat":33.667406,"lon":-84.338305,"city":"Conley","state":"GA","address":"3140 Moreland Ave","name":""},
  {"lat":39.413523,"lon":-74.575398,"city":"Egg Harbor Township","state":"NJ","address":"6641 Black Horse Pike","name":""},
  {"lat":30.852507,"lon":-83.944035,"city":"Thomasville","state":"GA","address":"14866 U.S. Hwy 19","name":""},
  {"lat":39.228116,"lon":-76.06906,"city":"Chestertown","state":"MD","address":"160 Scheeler Rd","name":""},
  {"lat":29.772262,"lon":-95.22541,"city":"Houston","state":"TX","address":"11999 East Fwy","name":""},
  {"lat":40.12959,"lon":-74.704284,"city":"Bordentown","state":"NJ","address":"1073 US Hwy 206, BLDG B","name":""},
  {"lat":33.59201,"lon":-85.043077,"city":"Carrollton","state":"GA","address":"1125 Bankhead Hwy","name":""},
  {"lat":34.780629,"lon":-86.937959,"city":"Athens","state":"AL","address":"1218 Kelli Dr","name":""},
  {"lat":39.966899,"lon":-75.00188,"city":"Maple Shade","state":"NJ","address":"2868 NJ-73","name":""},
  {"lat":30.4571,"lon":-88.845691,"city":"Biloxi","state":"MS","address":"14201 Cook Rd","name":""},
  {"lat":35.364026,"lon":-80.709964,"city":"Concord","state":"NC","address":"7725 Sossamon Ln NW","name":""},
  {"lat":32.505718,"lon":-92.081216,"city":"Monroe","state":"LA","address":"927 Martin Luther King Jr Dr","name":""},
  {"lat":40.027388,"lon":-74.818757,"city":"Mt Holly","state":"NJ","address":"2015 Burlington-Mount Holly Rd","name":""},
  {"lat":30.28498,"lon":-87.687889,"city":"Gulf Shores","state":"AL","address":"3049 W 1st St","name":""},
  {"lat":32.876507,"lon":-85.149652,"city":"West Point","state":"GA","address":"1870 GA-18","name":""},
  {"lat":39.864359,"lon":-75.078162,"city":"Bellmawr","state":"NJ","address":"217 S Black Horse Pike","name":""},
  {"lat":33.617593,"lon":-84.470236,"city":"College Park","state":"GA","address":"2450 Old National Pkwy","name":""},
  {"lat":36.151393,"lon":-80.27407,"city":"Winston-Salem","state":"NC","address":"7910 North Point Blvd","name":""},
  {"lat":30.868793,"lon":-83.286532,"city":"Valdosta","state":"GA","address":"2811 N Ashley St","name":""},
  {"lat":38.77057,"lon":-90.366258,"city":"Hazelwood","state":"MO","address":"6065 N Lindbergh Blvd","name":""},
  {"lat":33.532639,"lon":-101.845983,"city":"Lubbock","state":"TX","address":"6624 I-27","name":""},
  {"lat":34.055541,"lon":-84.592588,"city":"Kennesaw","state":"GA","address":"1460 George Busbee Pkwy NW","name":""},
  {"lat":30.05716,"lon":-94.138241,"city":"Beaumont","state":"TX","address":"2310 I-10 S","name":""},
  {"lat":42.498553,"lon":-83.299115,"city":"Southfield","state":"MI","address":"28500 Northwestern Hwy, BLDG B","name":""},
  {"lat":42.680478,"lon":-84.435524,"city":"Okemos","state":"MI","address":"2335 Woodlake Dr","name":""},
  {"lat":34.471023,"lon":-84.922155,"city":"Calhoun","state":"GA","address":"189 Jameson St","name":""},
  {"lat":42.372074,"lon":-83.331557,"city":"Livonia","state":"MI","address":"11808 Middlebelt Rd","name":""},
  {"lat":30.005532,"lon":-90.240067,"city":"Kenner","state":"LA","address":"2125 Veterans Blvd","name":""},
  {"lat":31.072096,"lon":-97.359227,"city":"Temple","state":"TX","address":"400 SW H K Dodgen Loop","name":""},
  {"lat":32.441205,"lon":-81.78369,"city":"Statesboro","state":"GA","address":"316 S Main St","name":""},
  {"lat":42.259997,"lon":-85.197248,"city":"Battle Creek","state":"MI","address":"5050 Beckley Rd, BLDG B","name":""},
  {"lat":32.644444,"lon":-85.344703,"city":"Opelika","state":"AL","address":"1520 Columbus Pkwy","name":""},
  {"lat":30.21491,"lon":-93.32854,"city":"Sulphur","state":"LA","address":"104 Mallard Rd","name":""},
  {"lat":31.447135,"lon":-96.078779,"city":"Buffalo","state":"TX","address":"2736 W Commerce St","name":""},
  {"lat":33.033444,"lon":-83.922471,"city":"Forsyth","state":"GA","address":"480 Holiday Cir","name":""},
  {"lat":40.542222,"lon":-74.393004,"city":"Edison","state":"NJ","address":"860 New Durham Rd","name":""},
  {"lat":38.215227,"lon":-84.530369,"city":"Georgetown","state":"KY","address":"3075 Paris Pike, BLDG B","name":""},
  {"lat":33.17677,"lon":-87.47298,"city":"Tuscaloosa","state":"AL","address":"4810 Skyland E Blvd","name":""},
  {"lat":27.69586,"lon":-97.348913,"city":"Corpus Christi","state":"TX","address":"6805 S Padre Island Dr","name":""},
  {"lat":39.002182,"lon":-84.644847,"city":"Florence","state":"KY","address":"7810 Commerce Dr","name":""},
  {"lat":41.794785,"lon":-88.329035,"city":"North Aurora","state":"IL","address":"201 Smoke Tree Plaza Dr, BLDG B","name":""},
  {"lat":42.338212,"lon":-87.887161,"city":"Waukegan","state":"IL","address":"1177 S Northpoint Blvd","name":""},
  {"lat":33.601859,"lon":-85.830155,"city":"Oxford","state":"AL","address":"138 Elm St","name":""},
  {"lat":33.511636,"lon":-82.047709,"city":"Augusta","state":"GA","address":"3030 Washington Rd, BLDG B","name":""},
  {"lat":30.520687,"lon":-90.501736,"city":"Hammond","state":"LA","address":"46053 N Puma Dr","name":""},
  {"lat":35.848635,"lon":-101.972797,"city":"Dumas","state":"TX","address":"1525 S Dumas Ave","name":""},
  {"lat":30.695452,"lon":-95.552417,"city":"Huntsville","state":"TX","address":"606 I-45","name":""},
  {"lat":34.655017,"lon":-86.024246,"city":"Scottsboro","state":"AL","address":"23518 John T Reid Pkwy","name":""},
  {"lat":34.032633,"lon":-84.049533,"city":"Suwanee","state":"GA","address":"3103 Lawrenceville-Suwanee Rd","name":""},
  {"lat":40.283868,"lon":-74.081154,"city":"Tinton Falls","state":"NJ","address":"11 Centre Plaza","name":""},
  {"lat":26.232544,"lon":-98.179314,"city":"Pharr","state":"TX","address":"4401 N Cage Blvd","name":""},
  {"lat":34.759814,"lon":-85.000572,"city":"Dalton","state":"GA","address":"1529 W Walnut Ave","name":""},
  {"lat":34.206723,"lon":-84.758934,"city":"Cartersville","state":"GA","address":"28 GA-20 Spur","name":""},
  {"lat":34.447513,"lon":-86.903681,"city":"Hartselle","state":"AL","address":"1800 Dixie Ln SE","name":""},
  {"lat":35.18688,"lon":-101.933176,"city":"Amarillo","state":"TX","address":"6800 I-40 West, Building A","name":""},
  {"lat":40.798912,"lon":-74.066271,"city":"Secaucus","state":"NJ","address":"15 Meadowlands Pkwy","name":""},
  {"lat":32.138351,"lon":-81.24257,"city":"Pooler","state":"GA","address":"20 Mill Creek Cir","name":""},
  {"lat":32.364779,"lon":-86.26951,"city":"Montgomery","state":"AL","address":"2625 Zelda Rd, Building A","name":""},
  {"lat":34.678214,"lon":-86.746321,"city":"Madison","state":"AL","address":"8781 Madison Blvd","name":""},
  {"lat":33.900372,"lon":-84.298433,"city":"Chamblee","state":"GA","address":"2050 Peachtree Industrial Ct","name":""},
  {"lat":33.417946,"lon":-86.803085,"city":"Birmingham","state":"AL","address":"1466 Montgomery Hwy","name":""},
  {"lat":30.687709,"lon":-88.124612,"city":"Mobile","state":"AL","address":"1 E Interstate 65 Service Rd S","name":""},
  {"lat":30.586396,"lon":-88.171728,"city":"Mobile","state":"AL","address":"5635 Tillmans Corner Pkwy","name":""},
  {"lat":30.790522,"lon":-81.652779,"city":"Kingsland","state":"GA","address":"1363 GA-40","name":""},
  {"lat":33.616668,"lon":-83.846493,"city":"Covington","state":"GA","address":"9161 City Pond Rd","name":""},
  {"lat":31.036725,"lon":-104.856747,"city":"Van Horn","state":"TX","address":"200 Golf Course Dr","name":""},
  {"lat":32.876303,"lon":-83.667132,"city":"Macon","state":"GA","address":"2720 Riverside Dr","name":""},
  {"lat":34.288093,"lon":-83.835329,"city":"Gainesville","state":"GA","address":"1115 Jesse Jewell Pkwy","name":""},
  {"lat":33.352281,"lon":-84.122445,"city":"Locust Grove","state":"GA","address":"4840 Bill Gardner Pkwy","name":""},
  {"lat":40.288989,"lon":-74.690428,"city":"Trenton","state":"NJ","address":"3203 Brunswick Pike, BLDG A","name":""},
  {"lat":29.426197,"lon":-98.480902,"city":"San Antonio","state":"TX","address":"1011 E Houston St","name":""},
  {"lat":34.222982,"lon":-85.146502,"city":"Rome","state":"GA","address":"217 Hwy 411","name":""},
  {"lat":33.960946,"lon":-84.006395,"city":"Lawrenceville","state":"GA","address":"474 W Pike St","name":""},
  {"lat":33.947048,"lon":-84.238705,"city":"Norcross","state":"GA","address":"7049 Jimmy Carter Blvd","name":""},
  {"lat":33.547463,"lon":-84.275982,"city":"Stockbridge","state":"GA","address":"637 GA-138","name":""},
  {"lat":33.942915,"lon":-84.20918,"city":"Norcross","state":"GA","address":"200 Lawrenceville St NW","name":""},
  {"lat":33.930533,"lon":-84.220095,"city":"Norcross","state":"GA","address":"6295 Jimmy Carter Blvd","name":""},
  {"lat":31.836053,"lon":-106.567661,"city":"El Paso","state":"TX","address":"7530 Remcon Cir","name":""},
  {"lat":31.21886,"lon":-81.522231,"city":"Brunswick","state":"GA","address":"25 Tourist Dr","name":""},
  {"lat":30.235744,"lon":-93.128731,"city":"Lake Charles","state":"LA","address":"269 LA-397","name":""},
  {"lat":39.728367,"lon":-105.110592,"city":"Lakewood","state":"CO","address":"715 Kipling St","name":""},
  {"lat":27.544903,"lon":-99.50613,"city":"Laredo","state":"TX","address":"1006 W Calton Rd","name":""},
  {"lat":31.586669,"lon":-84.185258,"city":"Albany","state":"GA","address":"1400 Dawson Rd","name":""},
  {"lat":39.767404,"lon":-104.810742,"city":"Aurora","state":"CO","address":"3705 Chambers Rd","name":""},
  {"lat":30.213892,"lon":-93.375455,"city":"Sulphur","state":"LA","address":"2619 Ruth St","name":""},
  {"lat":39.855444,"lon":-104.983234,"city":"Denver","state":"CO","address":"8750 Grant St","name":""},
  {"lat":34.253045,"lon":-83.462156,"city":"Commerce","state":"GA","address":"30747 HWY 441 South","name":""},
  {"lat":29.529356,"lon":-98.486674,"city":"San Antonio","state":"TX","address":"333 Wolfe Rd","name":""},
  {"lat":38.815481,"lon":-104.761711,"city":"Colorado Springs","state":"CO","address":"3490 Afternoon Cir","name":""},
  {"lat":29.69281,"lon":-91.183408,"city":"Morgan City","state":"LA","address":"7408 LA-182","name":""},
  {"lat":39.708187,"lon":-104.931007,"city":"Denver","state":"CO","address":"4850 Leetsdale Dr","name":""},
  {"lat":33.930055,"lon":-84.17995,"city":"Norcross","state":"GA","address":"5171 Brook Hollow Pkwy","name":""},
  {"lat":29.786113,"lon":-95.657339,"city":"Houston","state":"TX","address":"15701 Park Ten Pl","name":""},
  {"lat":36.81036,"lon":-119.854722,"city":"Fresno","state":"CA","address":"3460 W Shaw Ave","name":""},
  {"lat":30.286237,"lon":-89.751893,"city":"Slidell","state":"LA","address":"1662 Gause Blvd","name":""},
  {"lat":33.834674,"lon":-84.340319,"city":"Atlanta","state":"GA","address":"1960 N Druid Hills Rd","name":""},
  {"lat":46.909962,"lon":-102.787222,"city":"Dickinson","state":"ND","address":"165 26th St W","name":""},
  {"lat":32.503387,"lon":-92.158289,"city":"West Monroe","state":"LA","address":"102 Constitution Dr","name":""},
  {"lat":36.337773,"lon":-94.212553,"city":"Bentonville","state":"AR","address":"200 SW Suburban Ln","name":""},
  {"lat":31.731454,"lon":-106.313223,"city":"El Paso","state":"TX","address":"11400 Chito Samaniego Dr","name":""},
  {"lat":42.531294,"lon":-83.112358,"city":"Madison Heights","state":"MI","address":"32511 Concord Dr","name":""},
  {"lat":33.578773,"lon":-84.346441,"city":"Morrow","state":"GA","address":"1348 Southlake Plaza Dr","name":""},
  {"lat":30.253334,"lon":-92.035547,"city":"Lafayette","state":"LA","address":"1718 N University Ave","name":""},
  {"lat":32.461711,"lon":-86.390143,"city":"Prattville","state":"AL","address":"2585 Cobbs Ford Rd, BLDG B","name":""},
  {"lat":40.994124,"lon":-76.638136,"city":"Danville","state":"PA","address":"31 Red Roof Road, Building A","name":""},
  {"lat":33.53228,"lon":-86.703309,"city":"Irondale","state":"AL","address":"1813 Crestwood Blvd","name":""},
  {"lat":29.879388,"lon":-97.926886,"city":"San Marcos","state":"TX","address":"817 I 35 N Frontage Rd","name":""},
  {"lat":39.968515,"lon":-82.998409,"city":"Columbus","state":"OH","address":"111 E Nationwide Boulevard","name":""}]}