{"key":"red_lobster","displayName":"Red Lobster","category":"restaurant","useLocationName":false,"locations":[
  {"lat":41.684529,"lon":-72.654072,"city":"Wethersfield","state":"CT","address":"1324 Silas Deane Highway","name":""},
  {"lat":41.353835,"lon":-72.872714,"city":"North Haven","state":"CT","address":"320 Universal Drive North","name":""},
  {"lat":40.813086,"lon":-73.100644,"city":"Ronkonkoma","state":"NY","address":"5010 Express Drive South","name":""},
  {"lat":40.76405,"lon":-73.30932,"city":"Deer Park","state":"NY","address":"1700 The Arches Circle","name":""},
  {"lat":41.220564,"lon":-73.217485,"city":"Bridgeport","state":"CT","address":"4485 Main Street","name":""},
  {"lat":40.688852,"lon":-73.408386,"city":"Copiague","state":"NY","address":"801 Sunrise Highway","name":""},
  {"lat":40.777197,"lon":-73.527669,"city":"Hicksville","state":"NY","address":"1 Nevada Street","name":""},
  {"lat":40.74397,"lon":-73.613478,"city":"Carle Place","state":"NY","address":"211 Old Country Rd #217","name":""},
  {"lat":41.374869,"lon":-73.486014,"city":"Danbury","state":"CT","address":"34 Backus Avenue","name":""},
  {"lat":40.665135,"lon":-73.722242,"city":"Valley Stream","state":"NY","address":"606 West Sunrise Hwy.","name":""},
  {"lat":40.650956,"lon":-73.870081,"city":"Brooklyn","state":"NY","address":"455 Gateway Drive","name":""},
  {"lat":40.869064,"lon":-73.82713,"city":"The Bronx","state":"NY","address":"2090 Bartow Avenue","name":""},
  {"lat":40.92709,"lon":-73.85236,"city":"Yonkers","state":"NY","address":"5135 Xavier Drive","name":""},
  {"lat":40.755536,"lon":-73.987534,"city":"New York City","state":"NY","address":"5 Times Square NYC/5","name":""},
  {"lat":39.987027,"lon":-74.179343,"city":"Toms River","state":"NJ","address":"1298 Hooper Ave","name":""},
  {"lat":40.786373,"lon":-74.046041,"city":"Secaucus","state":"NJ","address":"700 Plaza Drive","name":""},
  {"lat":40.935208,"lon":-74.071514,"city":"Paramus","state":"NJ","address":"211 Route 17 S","name":""},
  {"lat":40.558785,"lon":-74.30628,"city":"Iselin","state":"NJ","address":"635 U.S. HWY 1","name":""},
  {"lat":40.8938,"lon":-74.241968,"city":"Wayne","state":"NJ","address":"520 Highway 46","name":""},
  {"lat":40.689444,"lon":-74.302038,"city":"Union","state":"NJ","address":"2520 US Highway Route 22","name":""},
  {"lat":42.722501,"lon":-73.802571,"city":"Colonie","state":"NY","address":"170 Wolf Road","name":""},
  {"lat":39.452022,"lon":-74.644008,"city":"Mays Landing","state":"NJ","address":"4411 Black Horse Pike","name":""},
  {"lat":40.554236,"lon":-74.432368,"city":"South Plainfield","state":"NJ","address":"7000 Hadley Rd.","name":""},
  {"lat":41.454916,"lon":-74.382042,"city":"Middletown","state":"NY","address":"450 Route 211 E","name":""},
  {"lat":39.432645,"lon":-75.039914,"city":"Vineland","state":"NJ","address":"3849 South Delsea Drive","name":""},
  {"lat":40.178139,"lon":-74.880147,"city":"Langhorne","state":"PA","address":"2275 E. Lincoln Highway","name":""},
  {"lat":40.01236,"lon":-74.962726,"city":"Delran","state":"NJ","address":"3003 Route 130 South","name":""},
  {"lat":39.939728,"lon":-75.021399,"city":"Cherry Hill","state":"NJ","address":"2100 Route 38","name":""},
  {"lat":40.07605,"lon":-75.034374,"city":"Philadelphia","state":"PA","address":"9140 Roosevelt Blvd E.","name":""},
  {"lat":39.826174,"lon":-75.100518,"city":"Woodbury","state":"NJ","address":"1500 Almonesson Road","name":""},
  {"lat":38.398479,"lon":-75.56998,"city":"Salisbury","state":"MD","address":"2314 N Salisbury Blvd","name":""},
  {"lat":39.923982,"lon":-75.312126,"city":"Springfield","state":"PA","address":"1 Baltimore Pike","name":""},
  {"lat":40.24749,"lon":-75.245061,"city":"Lansdale","state":"PA","address":"640 Cowpath Road","name":""},
  {"lat":39.171021,"lon":-75.518289,"city":"Dover","state":"DE","address":"271 N Dupont Highway","name":""},
  {"lat":40.090719,"lon":-75.373462,"city":"King of Prussia","state":"PA","address":"425 W. DeKalb Pike","name":""},
  {"lat":36.812965,"lon":-76.069832,"city":"Virginia Beach","state":"VA","address":"821 Lynnhaven Pkwy","name":""},
  {"lat":41.00041,"lon":-75.27099,"city":"Bartonsville","state":"PA","address":"3588 Route 611","name":""},
  {"lat":39.819559,"lon":-75.549476,"city":"Talleyville","state":"DE","address":"309 Rocky Run Parkway","name":""},
  {"lat":39.690237,"lon":-75.661123,"city":"Newark","state":"DE","address":"1249 New Churchman's Rd","name":""},
  {"lat":40.633583,"lon":-75.479362,"city":"Whitehall","state":"PA","address":"800 Lehigh Lifestyle Center","name":""},
  {"lat":40.25422,"lon":-75.660489,"city":"Pottstown","state":"PA","address":"223 Shoemaker Road","name":""},
  {"lat":36.825436,"lon":-76.410098,"city":"Chesapeake","state":"VA","address":"4115 Chesapeake Square Blvd","name":""},
  {"lat":37.043148,"lon":-76.383699,"city":"Hampton","state":"VA","address":"1046 W Mercury Blvd","name":""},
  {"lat":41.470287,"lon":-75.636636,"city":"Scranton","state":"PA","address":"1502 Scranton-Carbondale Hwy","name":""},
  {"lat":43.086148,"lon":-75.316783,"city":"New Hartford","state":"NY","address":"4573 Commercial DR","name":""},
  {"lat":40.346638,"lon":-75.967886,"city":"Wyomissing","state":"PA","address":"945 Woodland Road","name":""},
  {"lat":41.25015,"lon":-75.851307,"city":"Wilkes Barre","state":"PA","address":"10 East End Center","name":""},
  {"lat":40.030397,"lon":-76.235958,"city":"Lancaster","state":"PA","address":"2090 Lincoln Highway East","name":""},
  {"lat":38.985139,"lon":-76.544336,"city":"Annapolis","state":"MD","address":"183 Jennifer Road","name":""},
  {"lat":39.371301,"lon":-76.468875,"city":"Nottingham","state":"MD","address":"8019 Honeygo Blvd","name":""},
  {"lat":42.091433,"lon":-76.029719,"city":"Vestal","state":"NY","address":"1200 Vestal Parkway East","name":""},
  {"lat":39.154308,"lon":-76.728808,"city":"Hanover","state":"MD","address":"7063 Arundel Mills BLVD","name":""},
  {"lat":35.567276,"lon":-77.402456,"city":"Greenville","state":"NC","address":"3501 S Memorial Drive","name":""},
  {"lat":38.616009,"lon":-76.922467,"city":"Waldorf","state":"MD","address":"11035 Mall Circle","name":""},
  {"lat":38.960377,"lon":-76.862884,"city":"Lanham","state":"MD","address":"8905 Annapolis Rd.","name":""},
  {"lat":39.975256,"lon":-76.676288,"city":"York","state":"PA","address":"2555 E Market Street","name":""},
  {"lat":39.404666,"lon":-76.792754,"city":"Owings Mills","state":"MD","address":"3 Restaurant Park Drive","name":""},
  {"lat":38.826331,"lon":-76.920892,"city":"Suitland","state":"MD","address":"5051 Auth Way","name":""},
  {"lat":40.299593,"lon":-76.820234,"city":"Harrisburg","state":"PA","address":"4300 Jonestown Road","name":""},
  {"lat":43.18469,"lon":-76.239534,"city":"Liverpool","state":"NY","address":"3938 State Route 31","name":""},
  {"lat":39.82464,"lon":-76.98036,"city":"Hanover","state":"PA","address":"407 Eisenhower Drive","name":""},
  {"lat":40.237913,"lon":-76.963666,"city":"Mechanicsburg","state":"PA","address":"4711 Carlisle Pike","name":""},
  {"lat":38.652336,"lon":-77.288687,"city":"Woodbridge","state":"VA","address":"2544 Prince William Parkway","name":""},
  {"lat":38.859884,"lon":-77.30093,"city":"Fairfax","state":"VA","address":"10325 Fairfax Blvd","name":""},
  {"lat":37.625104,"lon":-77.530844,"city":"Richmond","state":"VA","address":"8009 W Broad St","name":""},
  {"lat":37.41617,"lon":-77.640431,"city":"Midlothian","state":"VA","address":"13236 Rittenhouse Drive","name":""},
  {"lat":38.292771,"lon":-77.517694,"city":"Fredericksburg","state":"VA","address":"3109 Spotsylvania Mall Drive","name":""},
  {"lat":41.248595,"lon":-76.961908,"city":"Williamsport","state":"PA","address":"1951 E. Third Street","name":""},
  {"lat":39.028366,"lon":-77.424071,"city":"Sterling","state":"VA","address":"21065 Dulles Town Center","name":""},
  {"lat":38.791624,"lon":-77.51493,"city":"Manassas","state":"VA","address":"7505 Broken Branch Lane","name":""},
  {"lat":42.161034,"lon":-76.877909,"city":"Horseheads","state":"NY","address":"3328 Chambers Road S.","name":""},
  {"lat":39.416041,"lon":-77.439821,"city":"Frederick","state":"MD","address":"1020 W Patrick Street","name":""},
  {"lat":39.914268,"lon":-77.653014,"city":"Chambersburg","state":"PA","address":"935 Wayne Ave","name":""},
  {"lat":39.630211,"lon":-77.76239,"city":"Hagerstown","state":"MD","address":"1681 Wesel Blvd.","name":""},
  {"lat":35.841072,"lon":-78.610643,"city":"Raleigh","state":"NC","address":"4408 Old Wake Forest Road","name":""},
  {"lat":33.705935,"lon":-78.920439,"city":"Myrtle Beach","state":"SC","address":"1230 N Retail CT","name":""},
  {"lat":39.155331,"lon":-78.174407,"city":"Winchester","state":"VA","address":"2400 S. Pleasant Valley Rd","name":""},
  {"lat":40.80751,"lon":-77.896004,"city":"State College","state":"PA","address":"1670 N Atherton Street","name":""},
  {"lat":35.07708,"lon":-78.955299,"city":"Fayetteville","state":"NC","address":"533 N McPherson Church Rd","name":""},
  {"lat":43.204948,"lon":-77.668067,"city":"Rochester","state":"NY","address":"1515 W Ridge Rd","name":""},
  {"lat":26.20169,"lon":-80.108687,"city":"Fort Lauderdale","state":"FL","address":"5950 N Federal Hwy","name":""},
  {"lat":26.533778,"lon":-80.090036,"city":"Boynton Beach","state":"FL","address":"700 N Congress Ave","name":""},
  {"lat":25.898081,"lon":-80.161721,"city":"North Miami","state":"FL","address":"13300 Biscayne Blvd.","name":""},
  {"lat":26.711779,"lon":-80.096772,"city":"West Palm Beach","state":"FL","address":"2201 Palm Beach Lakes Blvd.","name":""},
  {"lat":26.03781,"lon":-80.162905,"city":"Hollywood","state":"FL","address":"2900 Oakwood Blvd.","name":""},
  {"lat":26.617129,"lon":-80.149298,"city":"Lake Worth","state":"FL","address":"6638 Lake Worth Road","name":""},
  {"lat":40.482648,"lon":-78.400933,"city":"Altoona","state":"PA","address":"3329 Pleasant Valley Blvd.","name":""},
  {"lat":26.01143,"lon":-80.248728,"city":"Pembroke Pines","state":"FL","address":"296 N University Drive","name":""},
  {"lat":26.11321,"lon":-80.251451,"city":"Plantation","state":"FL","address":"803 S. University Drive","name":""},
  {"lat":26.256115,"lon":-80.252413,"city":"Coral Springs","state":"FL","address":"2000 University Dr","name":""},
  {"lat":38.424682,"lon":-78.839786,"city":"Harrisonburg","state":"VA","address":"2121 E Market Street","name":""},
  {"lat":25.789398,"lon":-80.336297,"city":"Doral","state":"FL","address":"1695 NW 87th AVE","name":""},
  {"lat":25.685835,"lon":-80.383414,"city":"Miami","state":"FL","address":"11550 SW 88th St","name":""},
  {"lat":37.366078,"lon":-79.174295,"city":"Lynchburg","state":"VA","address":"3425 Candlers Mountain Rd","name":""},
  {"lat":38.122963,"lon":-79.065011,"city":"Staunton","state":"VA","address":"1477 Greenville Ave","name":""},
  {"lat":27.414328,"lon":-80.390619,"city":"Fort Pierce","state":"FL","address":"6401 Darter Court","name":""},
  {"lat":40.297769,"lon":-78.836397,"city":"Johnstown","state":"PA","address":"525 Galleria Drive","name":""},
  {"lat":41.124772,"lon":-78.738301,"city":"du Bois","state":"PA","address":"813 E. Dubois Avenue","name":""},
  {"lat":34.188167,"lon":-79.830847,"city":"Florence","state":"SC","address":"2540 David H McLeod BLVD","name":""},
  {"lat":32.876671,"lon":-80.014275,"city":"North Charleston","state":"SC","address":"2460 Mall Drive","name":""},
  {"lat":28.078153,"lon":-80.660889,"city":"Melbourne","state":"FL","address":"2355 W. New Haven Ave.","name":""},
  {"lat":28.356564,"lon":-80.695781,"city":"Merritt Island","state":"FL","address":"215 E Merritt Island Causeway","name":""},
  {"lat":36.054931,"lon":-79.897362,"city":"Greensboro","state":"NC","address":"4415 W. Wendover Ave.","name":""},
  {"lat":40.300833,"lon":-79.491902,"city":"Greensburg","state":"PA","address":"5080 RT 30 E","name":""},
  {"lat":33.947463,"lon":-80.374775,"city":"Sumter","state":"SC","address":"1034 Broad Street","name":""},
  {"lat":39.907839,"lon":-79.742062,"city":"Uniontown","state":"PA","address":"515 W Main Street","name":""},
  {"lat":36.068619,"lon":-80.306053,"city":"Winston Salem","state":"NC","address":"1690 Westbrook Plaza Drive","name":""},
  {"lat":29.17566,"lon":-81.081753,"city":"Daytona Beach","state":"FL","address":"2625 West International Speedway","name":""},
  {"lat":40.43842,"lon":-79.775312,"city":"Monroeville","state":"PA","address":"3941 William Penn Highway","name":""},
  {"lat":28.554509,"lon":-81.205624,"city":"Orlando","state":"FL","address":"617 N. Alafaya Trail","name":""},
  {"lat":39.65536,"lon":-80.005415,"city":"Morgantown","state":"WV","address":"1512 University Town Centre Dr","name":""},
  {"lat":40.33835,"lon":-79.951934,"city":"Pittsburgh","state":"PA","address":"259 Clairton Blvd.","name":""},
  {"lat":37.163877,"lon":-80.425176,"city":"Christiansburg","state":"VA","address":"75 Peppers FRY RD NW","name":""},
  {"lat":35.1335,"lon":-80.71356,"city":"Matthews","state":"NC","address":"9801 INDEPENDENCE POINTE PKWY","name":""},
  {"lat":40.519385,"lon":-80.004236,"city":"Pittsburgh","state":"PA","address":"4766 McKnight Road","name":""},
  {"lat":40.877619,"lon":-79.951176,"city":"Butler","state":"PA","address":"104 Moraine Pointe","name":""},
  {"lat":35.370791,"lon":-80.715791,"city":"Concord","state":"NC","address":"8012 Concord Mills BLVD","name":""},
  {"lat":27.489785,"lon":-81.484032,"city":"Sebring","state":"FL","address":"721 US 27","name":""},
  {"lat":34.117178,"lon":-80.881544,"city":"Columbia","state":"SC","address":"10136 Two Notch Road","name":""},
  {"lat":31.998179,"lon":-81.123256,"city":"Savannah","state":"GA","address":"11 W Montgomery Cross Roads","name":""},
  {"lat":28.424529,"lon":-81.461533,"city":"Orlando","state":"FL","address":"9892 International dr","name":""},
  {"lat":28.461685,"lon":-81.46158,"city":"Orlando","state":"FL","address":"5936 International Drive","name":""},
  {"lat":40.451322,"lon":-80.160474,"city":"Pittsburgh","state":"PA","address":"6150 Robinson Center Drive","name":""},
  {"lat":28.3321,"lon":-81.513111,"city":"Kissimmee","state":"FL","address":"5690 Irlo Bronson Memorial Hwy","name":""},
  {"lat":35.086654,"lon":-80.876961,"city":"Pineville","state":"NC","address":"9415 Pineville-Matthews Road","name":""},
  {"lat":40.184853,"lon":-80.223556,"city":"Washington","state":"PA","address":"1005 Trinity CIR","name":""},
  {"lat":35.809227,"lon":-80.86896,"city":"Statesville","state":"NC","address":"1145 Glenway Drive","name":""},
  {"lat":28.339203,"lon":-81.597258,"city":"Kissimmee","state":"FL","address":"7780 W Irlo Bronson Memorial HWY","name":""},
  {"lat":41.623555,"lon":-80.201386,"city":"Meadville","state":"PA","address":"16736 Conneaut Lake Road","name":""},
  {"lat":28.003523,"lon":-81.725042,"city":"Winter Haven","state":"FL","address":"230 Cypress Garden Blvd.","name":""},
  {"lat":26.607003,"lon":-81.871419,"city":"Fort Myers","state":"FL","address":"3801 Cleveland Ave","name":""},
  {"lat":35.264623,"lon":-81.150993,"city":"Gastonia","state":"NC","address":"200 N. New Hope Road","name":""},
  {"lat":41.23071,"lon":-80.447522,"city":"Hermitage","state":"PA","address":"3370 Shenango Valley Freeway","name":""},
  {"lat":30.187926,"lon":-81.740129,"city":"Orange Park","state":"FL","address":"32 Blanding Blvd","name":""},
  {"lat":28.089431,"lon":-81.974458,"city":"Lakeland","state":"FL","address":"3706 North Road 98","name":""},
  {"lat":41.024789,"lon":-80.629043,"city":"Youngstown","state":"OH","address":"1410 Boardman-Poland Rd","name":""},
  {"lat":35.70675,"lon":-81.307315,"city":"Hickory","state":"NC","address":"1846 US-70 SE","name":""},
  {"lat":27.011825,"lon":-82.146585,"city":"Port Charlotte","state":"FL","address":"1331 Tamiami Trail","name":""},
  {"lat":40.074039,"lon":-80.870624,"city":"St. Clairsville","state":"OH","address":"50740 Valley Center Blvd","name":""},
  {"lat":41.210296,"lon":-80.749084,"city":"Niles","state":"OH","address":"5701 Youngstown-Warren Rd","name":""},
  {"lat":33.508069,"lon":-81.711865,"city":"Aiken","state":"SC","address":"6071 Braided Mane Pass","name":""},
  {"lat":41.877856,"lon":-80.757092,"city":"Ashtabula","state":"OH","address":"3013 N Ridge RD E","name":""},
  {"lat":29.156929,"lon":-82.178981,"city":"Ocala","state":"FL","address":"3393 SW College Road","name":""},
  {"lat":27.940883,"lon":-82.325425,"city":"Brandon","state":"FL","address":"2604 West Brandon Blvd","name":""},
  {"lat":33.465149,"lon":-81.961314,"city":"Augusta","state":"GA","address":"440 Walton Way","name":""},
  {"lat":33.511517,"lon":-82.035536,"city":"Augusta","state":"GA","address":"2847 Washington Road","name":""},
  {"lat":28.054484,"lon":-82.503252,"city":"Tampa","state":"FL","address":"11601 N. Dale Mabry","name":""},
  {"lat":27.440017,"lon":-82.574963,"city":"Bradenton","state":"FL","address":"5711 14th Street West","name":""},
  {"lat":34.930791,"lon":-81.989631,"city":"Spartanburg","state":"SC","address":"170 E Blackstock Road","name":""},
  {"lat":39.297161,"lon":-81.547343,"city":"Parkersburg","state":"WV","address":"3705 Murdock Avenue","name":""},
  {"lat":40.479913,"lon":-81.444511,"city":"New Philadelphia","state":"OH","address":"255 Graff Road SE","name":""},
  {"lat":38.317486,"lon":-81.716881,"city":"Charleston","state":"WV","address":"101 Cross Terrace Blvd","name":""},
  {"lat":28.466152,"lon":-82.621411,"city":"Spring Hill","state":"FL","address":"2328 Commercial Way","name":""},
  {"lat":34.216991,"lon":-82.158293,"city":"Greenwood","state":"SC","address":"1616 By-Pass 72 N.E.","name":""},
  {"lat":27.827823,"lon":-82.679211,"city":"St. Petersburg","state":"FL","address":"6151 34th Street N.","name":""},
  {"lat":40.856007,"lon":-81.433871,"city":"Canton","state":"OH","address":"4600 Belden Village ST NW","name":""},
  {"lat":41.660708,"lon":-81.378994,"city":"Mentor","state":"OH","address":"7744 Reynolds Rd","name":""},
  {"lat":28.011788,"lon":-82.734928,"city":"Clearwater","state":"FL","address":"26320 U.S. 19th North","name":""},
  {"lat":41.162479,"lon":-81.474266,"city":"Cuyahoga Falls","state":"OH","address":"1090 Graham Road","name":""},
  {"lat":30.180347,"lon":-82.678931,"city":"Lake City","state":"FL","address":"2847 W. US Highway 90","name":""},
  {"lat":36.629083,"lon":-82.126335,"city":"Bristol","state":"VA","address":"3167 Linden Drive","name":""},
  {"lat":41.136475,"lon":-81.640209,"city":"Akron","state":"OH","address":"3901 Medina Road","name":""},
  {"lat":34.879145,"lon":-82.35986,"city":"Greenville","state":"SC","address":"1940 Wade Hampton Blvd","name":""},
  {"lat":41.379973,"lon":-81.736726,"city":"Parma","state":"OH","address":"7607 Day Drive","name":""},
  {"lat":36.337581,"lon":-82.37413,"city":"Johnson City","state":"TN","address":"1909 N Roan Street","name":""},
  {"lat":39.948225,"lon":-82.001703,"city":"Zanesville","state":"OH","address":"755 Zane Street","name":""},
  {"lat":40.846116,"lon":-81.943466,"city":"Wooster","state":"OH","address":"3805 Burbank Road.","name":""},
  {"lat":35.591873,"lon":-82.531116,"city":"Asheville","state":"NC","address":"139 Tunnel RD","name":""},
  {"lat":41.418186,"lon":-81.904615,"city":"North Olmsted","state":"OH","address":"25615 Brookpark Rd","name":""},
  {"lat":34.547995,"lon":-82.671334,"city":"Anderson","state":"SC","address":"3426 Clemson Blvd","name":""},
  {"lat":38.423478,"lon":-82.442105,"city":"Huntington","state":"WV","address":"200 10th Street","name":""},
  {"lat":41.398313,"lon":-82.114969,"city":"Elyria","state":"OH","address":"6935 Midway Mall","name":""},
  {"lat":40.026801,"lon":-82.447162,"city":"Heath","state":"OH","address":"909 Hebron Road","name":""},
  {"lat":30.840549,"lon":-83.320764,"city":"Valdosta","state":"GA","address":"1179 N Saint Augustine Road","name":""},
  {"lat":39.732418,"lon":-82.624243,"city":"Lancaster","state":"OH","address":"1515 River Valley Circle North","name":""},
  {"lat":40.774338,"lon":-82.59852,"city":"Mansfield","state":"OH","address":"2322 West 4th Street","name":""},
  {"lat":31.456944,"lon":-83.52671,"city":"Tifton","state":"GA","address":"101 S. Virginia Ave.","name":""},
  {"lat":41.419936,"lon":-82.674977,"city":"Sandusky","state":"OH","address":"4016 Milan Road","name":""},
  {"lat":39.930867,"lon":-82.880173,"city":"Columbus","state":"OH","address":"2147 S. Hamilton Road","name":""},
  {"lat":39.35906,"lon":-82.97572,"city":"Chillicothe","state":"OH","address":"1079 N. Bridge Street","name":""},
  {"lat":40.14233,"lon":-82.985524,"city":"Columbus","state":"OH","address":"1270 Polaris Parkway","name":""},
  {"lat":32.857617,"lon":-83.644794,"city":"Macon","state":"GA","address":"2077 Riverside Drive","name":""},
  {"lat":40.090232,"lon":-83.092408,"city":"Dublin","state":"OH","address":"6091 Sawmill RD","name":""},
  {"lat":32.46695,"lon":-83.739833,"city":"Perry","state":"GA","address":"1359 Sam Nunn Blvd.","name":""},
  {"lat":39.920212,"lon":-83.125219,"city":"Columbus","state":"OH","address":"1520 Georgesville Road","name":""},
  {"lat":40.581381,"lon":-83.094223,"city":"Marion","state":"OH","address":"1318 Mount Vernon Avenue","name":""},
  {"lat":35.834237,"lon":-83.57329,"city":"Sevierville","state":"TN","address":"1600 Parkway","name":""},
  {"lat":42.626261,"lon":-82.98986,"city":"Sterling Heights","state":"MI","address":"13800 Hall Road","name":""},
  {"lat":42.484896,"lon":-83.007027,"city":"Warren","state":"MI","address":"25901 Hoover Road","name":""},
  {"lat":34.284369,"lon":-83.844655,"city":"Gainesville","state":"GA","address":"1707 Browns Bridge Road","name":""},
  {"lat":42.504264,"lon":-83.107465,"city":"Madison Heights","state":"MI","address":"101 Twelve Mile Rd","name":""},
  {"lat":42.639144,"lon":-83.131083,"city":"Rochester Hills","state":"MI","address":"2825 S Rochester Road","name":""},
  {"lat":42.198862,"lon":-83.194304,"city":"Southgate","state":"MI","address":"13999 Eureka Road","name":""},
  {"lat":33.647906,"lon":-83.994277,"city":"Conyers","state":"GA","address":"1560 Dogwood Drive","name":""},
  {"lat":34.065028,"lon":-83.990079,"city":"Buford","state":"GA","address":"3230 Buford Drive","name":""},
  {"lat":42.338216,"lon":-83.272306,"city":"Dearborn Heights","state":"MI","address":"6850 North Telegraph Road","name":""},
  {"lat":41.928775,"lon":-83.353943,"city":"Monroe","state":"MI","address":"1553 N. Dixie Hghway","name":""},
  {"lat":33.83873,"lon":-84.068996,"city":"Snellville","state":"GA","address":"4001 Highway 78 W","name":""},
  {"lat":42.369666,"lon":-83.338182,"city":"Livonia","state":"MI","address":"29980 Plymouth Road","name":""},
  {"lat":30.476362,"lon":-84.296381,"city":"Tallahassee","state":"FL","address":"2583 North Monroe St.","name":""},
  {"lat":42.647459,"lon":-83.326927,"city":"Waterford","state":"MI","address":"479 Telegraph Road","name":""},
  {"lat":42.32589,"lon":-83.38799,"city":"Westland","state":"MI","address":"5774 North Wayne Road","name":""},
  {"lat":36.010055,"lon":-83.974893,"city":"Knoxville","state":"TN","address":"305 Merchant Dr","name":""},
  {"lat":33.955505,"lon":-84.132797,"city":"Duluth","state":"GA","address":"2055 Pleasant Hill Road","name":""},
  {"lat":41.055942,"lon":-83.596301,"city":"Findlay","state":"OH","address":"2340 Tiffin Avenue","name":""},
  {"lat":33.464913,"lon":-84.216381,"city":"McDonough","state":"GA","address":"1846 Jonesboro RD","name":""},
  {"lat":35.923975,"lon":-84.048593,"city":"Knoxville","state":"TN","address":"8040 Kingston Pike","name":""},
  {"lat":42.490567,"lon":-83.475221,"city":"Novi","state":"MI","address":"27760 Novi Road","name":""},
  {"lat":33.844654,"lon":-84.255628,"city":"Tucker","state":"GA","address":"3937 Lavista Road","name":""},
  {"lat":33.71644,"lon":-84.273561,"city":"Decatur","state":"GA","address":"2522 Candler Rd","name":""},
  {"lat":41.698349,"lon":-83.640917,"city":"Toledo","state":"OH","address":"4990 Monroe St","name":""},
  {"lat":41.583511,"lon":-83.664173,"city":"Maumee","state":"OH","address":"1422 Reynolds Road","name":""},
  {"lat":39.941968,"lon":-83.839493,"city":"Springfield","state":"OH","address":"1898 W. First Street","name":""},
  {"lat":42.251412,"lon":-83.68141,"city":"Ann Arbor","state":"MI","address":"2420 Carpenter Road","name":""},
  {"lat":36.006934,"lon":-84.254361,"city":"Oak Ridge","state":"TN","address":"359 S. Illinois Ave.","name":""},
  {"lat":33.889831,"lon":-84.474353,"city":"Smyrna","state":"GA","address":"2579 Cobb Parkway","name":""},
  {"lat":33.657053,"lon":-84.499993,"city":"Atlanta","state":"GA","address":"3360 Camp Creek Parkway","name":""},
  {"lat":39.771407,"lon":-84.052805,"city":"Beavercreek","state":"OH","address":"2803 N. Fairfield Road","name":""},
  {"lat":34.249962,"lon":-84.477093,"city":"Canton","state":"GA","address":"1405 Riverstone Parkway","name":""},
  {"lat":43.060015,"lon":-83.768902,"city":"Flint","state":"MI","address":"4417 West Pierson Road","name":""},
  {"lat":37.730813,"lon":-84.281514,"city":"Richmond","state":"KY","address":"828 Eastern Bypass","name":""},
  {"lat":34.014832,"lon":-84.566817,"city":"Kennesaw","state":"GA","address":"2626 George Busbee Pkwy","name":""},
  {"lat":40.730405,"lon":-84.065442,"city":"Lima","state":"OH","address":"2150 Harding Hwy","name":""},
  {"lat":33.853563,"lon":-84.605468,"city":"Austell","state":"GA","address":"1805 East-West Connector S.W.","name":""},
  {"lat":39.842562,"lon":-84.191466,"city":"Dayton","state":"OH","address":"6500 Miller LN","name":""},
  {"lat":39.631446,"lon":-84.225113,"city":"Miamisburg","state":"OH","address":"8200 N Springboro Pike","name":""},
  {"lat":41.876083,"lon":-84.043761,"city":"Adrian","state":"MI","address":"1420 S. Main ST","name":""},
  {"lat":39.066072,"lon":-84.294369,"city":"Cincinnati","state":"OH","address":"616 Ohio Pike","name":""},
  {"lat":43.624053,"lon":-83.889825,"city":"Bay City","state":"MI","address":"4109 Wilder Road","name":""},
  {"lat":40.150625,"lon":-84.223446,"city":"Piqua","state":"OH","address":"991 E. Ash Street","name":""},
  {"lat":38.01903,"lon":-84.41856,"city":"Lexington","state":"KY","address":"1848 Alysheba Way","name":""},
  {"lat":33.397441,"lon":-84.745557,"city":"Newnan","state":"GA","address":"990 Bullsboro Drive","name":""},
  {"lat":43.467439,"lon":-83.976333,"city":"Saginaw","state":"MI","address":"4141 Bay Road","name":""},
  {"lat":39.205449,"lon":-84.366353,"city":"Cincinnati","state":"OH","address":"8220 Montgomery Road","name":""},
  {"lat":33.720136,"lon":-84.76362,"city":"Douglasville","state":"GA","address":"3100 Bill Arp RD","name":""},
  {"lat":37.998457,"lon":-84.519795,"city":"Lexington","state":"KY","address":"2550 Nicholasville Road","name":""},
  {"lat":34.172678,"lon":-84.782083,"city":"Cartersville","state":"GA","address":"375 Cherokee Place","name":""},
  {"lat":32.544401,"lon":-84.948228,"city":"Columbus","state":"GA","address":"2679 Adams Farm Dr","name":""},
  {"lat":32.471537,"lon":-84.971098,"city":"Columbus","state":"GA","address":"1425 13th Street","name":""},
  {"lat":39.302668,"lon":-84.522774,"city":"Cincinnati","state":"OH","address":"320 Cincinnati Mills Drive","name":""},
  {"lat":39.249728,"lon":-84.595917,"city":"Cincinnati","state":"OH","address":"3564 Springdale Road","name":""},
  {"lat":38.98928,"lon":-84.642335,"city":"Florence","state":"KY","address":"7921 Dream Street","name":""},
  {"lat":42.276904,"lon":-84.429753,"city":"Jackson","state":"MI","address":"2400 Shirley Drive","name":""},
  {"lat":34.759885,"lon":-85.003491,"city":"Dalton","state":"GA","address":"901 W. Bridge Rd","name":""},
  {"lat":42.740329,"lon":-84.50706,"city":"Lansing","state":"MI","address":"3130 East Saginaw Street","name":""},
  {"lat":39.832954,"lon":-84.828453,"city":"Richmond","state":"IN","address":"5400 National Road East","name":""},
  {"lat":34.2662,"lon":-85.201539,"city":"Rome","state":"GA","address":"700 Shorter Ave NW","name":""},
  {"lat":35.038913,"lon":-85.157513,"city":"Chattanooga","state":"TN","address":"2200 Bams Drive","name":""},
  {"lat":31.252124,"lon":-85.4271,"city":"Dothan","state":"AL","address":"3116 Montgomery Highway","name":""},
  {"lat":35.133107,"lon":-85.240675,"city":"Chattanooga","state":"TN","address":"2131 Northgate Mall Lane","name":""},
  {"lat":43.574891,"lon":-84.766218,"city":"Mount Pleasant","state":"MI","address":"4062 E. Bluegrass Road","name":""},
  {"lat":30.188812,"lon":-85.64546,"city":"Panama City","state":"FL","address":"910 E 23rd ST","name":""},
  {"lat":41.1235,"lon":-85.13637,"city":"Fort Wayne","state":"IN","address":"4825 Coldwater Road","name":""},
  {"lat":36.137405,"lon":-85.512161,"city":"Cookeville","state":"TN","address":"1410 Interstate Drive","name":""},
  {"lat":42.264555,"lon":-85.198199,"city":"Battle Creek","state":"MI","address":"2565 Capitol Ave. S.W.","name":""},
  {"lat":40.218504,"lon":-85.388754,"city":"Muncie","state":"IN","address":"223 West McGalliard Road","name":""},
  {"lat":33.616743,"lon":-85.82708,"city":"Oxford","state":"AL","address":"515 Quintard Drive","name":""},
  {"lat":38.232368,"lon":-85.639614,"city":"St. Matthews","state":"KY","address":"986 Breckenridge Lane","name":""},
  {"lat":38.138421,"lon":-85.676982,"city":"Louisville","state":"KY","address":"4639 Outer Loop","name":""},
  {"lat":40.056878,"lon":-85.652047,"city":"Anderson","state":"IN","address":"5806 Scatterfield Road","name":""},
  {"lat":38.317432,"lon":-85.761823,"city":"Clarksville","state":"IN","address":"951 E lewis and Clark Parkway","name":""},
  {"lat":33.980538,"lon":-86.007628,"city":"Gadsden","state":"AL","address":"1725 Rainbow Drive","name":""},
  {"lat":42.221557,"lon":-85.588786,"city":"Portage","state":"MI","address":"6535 S Westnedge Avenue","name":""},
  {"lat":37.739008,"lon":-85.890235,"city":"Elizabethtown","state":"KY","address":"2020 N Dixie ave","name":""},
  {"lat":42.912078,"lon":-85.570841,"city":"Kentwood","state":"MI","address":"3920 28th Street. S.E.","name":""},
  {"lat":32.38266,"lon":-86.207504,"city":"Montgomery","state":"AL","address":"300 Eastdale Circle","name":""},
  {"lat":39.223426,"lon":-85.902621,"city":"Columbus","state":"IN","address":"2000 25th Street","name":""},
  {"lat":42.883149,"lon":-85.749648,"city":"Grandville","state":"MI","address":"3464 River Towne Point Circle","name":""},
  {"lat":44.727365,"lon":-85.646941,"city":"Traverse City","state":"MI","address":"2691 North U.S. 31 South","name":""},
  {"lat":35.386,"lon":-86.234022,"city":"Tullahoma","state":"TN","address":"1947 N. Jackson Street","name":""},
  {"lat":39.905943,"lon":-86.0573,"city":"Indianapolis","state":"IN","address":"6410 E. 82nd Street","name":""},
  {"lat":39.693859,"lon":-86.145915,"city":"Indianapolis","state":"IN","address":"690 East Thompson Road","name":""},
  {"lat":40.464014,"lon":-86.107153,"city":"Kokomo","state":"IN","address":"1900 S. Reed Rd","name":""},
  {"lat":35.845299,"lon":-86.419664,"city":"Murfreesboro","state":"TN","address":"1745 Old Fort Parkway","name":""},
  {"lat":36.951249,"lon":-86.426203,"city":"Bowling Green","state":"KY","address":"2525 Scottsville Road","name":""},
  {"lat":41.697467,"lon":-86.181667,"city":"Mishawaka","state":"IN","address":"3930 N Main ST","name":""},
  {"lat":36.167818,"lon":-86.512841,"city":"Mount Juliet","state":"TN","address":"401 S Mount Juliet RD","name":""},
  {"lat":39.763144,"lon":-86.342578,"city":"Avon","state":"IN","address":"10189 E. US Highway 36","name":""},
  {"lat":33.605695,"lon":-86.635552,"city":"Birmingham","state":"AL","address":"3525 ROOSEVELT BLVD","name":""},
  {"lat":34.741256,"lon":-86.599212,"city":"Huntsville","state":"AL","address":"1818 University Drive N.W.","name":""},
  {"lat":43.153432,"lon":-86.20376,"city":"Muskegon","state":"MI","address":"1681 Sternberg Road","name":""},
  {"lat":39.164708,"lon":-86.499227,"city":"Bloomington","state":"IN","address":"2617 E 3rd Street","name":""},
  {"lat":36.047347,"lon":-86.657066,"city":"Antioch","state":"TN","address":"5259 Hickory Hollow Pkwy","name":""},
  {"lat":33.438595,"lon":-86.789863,"city":"Vestavia Hills","state":"AL","address":"1030 Montgomery Highway - S.","name":""},
  {"lat":36.299433,"lon":-86.697825,"city":"Madison","state":"TN","address":"1814 Gallatin Pike N","name":""},
  {"lat":35.964494,"lon":-86.810277,"city":"Franklin","state":"TN","address":"1718 Galleria Blvd","name":""},
  {"lat":40.416915,"lon":-86.840208,"city":"Lafayette","state":"IN","address":"120 S CREASY LN","name":""},
  {"lat":37.737987,"lon":-87.11934,"city":"Owensboro","state":"KY","address":"3410 Frederica Street","name":""},
  {"lat":36.590376,"lon":-87.292841,"city":"Clarksville","state":"TN","address":"2838 Wilma Rudolph Blvd.","name":""},
  {"lat":41.470387,"lon":-87.318893,"city":"Merrillville","state":"IN","address":"1450 E 82nd Ave","name":""},
  {"lat":39.426444,"lon":-87.417078,"city":"Terre Haute","state":"IN","address":"3407 South U.S. Hwy 41","name":""},
  {"lat":37.967293,"lon":-87.494396,"city":"Evansville","state":"IN","address":"4605 Bellemeade Ave","name":""},
  {"lat":34.834093,"lon":-87.630136,"city":"Florence","state":"AL","address":"243 Cox Creek Parkway","name":""},
  {"lat":41.544181,"lon":-87.508283,"city":"Munster","state":"IN","address":"9311 Calumet Avenue","name":""},
  {"lat":46.548851,"lon":-87.453338,"city":"Marquette","state":"MI","address":"2923 U.S. 41 West","name":""},
  {"lat":41.50562,"lon":-87.711973,"city":"Matteson","state":"IL","address":"3915 W 211th St","name":""},
  {"lat":42.01151,"lon":-87.712466,"city":"Lincolnwood","state":"IL","address":"3301 W Touhy Avenue","name":""},
  {"lat":41.798357,"lon":-87.72264,"city":"Chicago","state":"IL","address":"5201 S. Pulaski Road","name":""},
  {"lat":41.718982,"lon":-87.769779,"city":"Oak Lawn","state":"IL","address":"9500 Southwest Highway","name":""},
  {"lat":41.959923,"lon":-87.836081,"city":"Norridge","state":"IL","address":"4401 N Cumberland Ave","name":""},
  {"lat":41.621649,"lon":-87.854321,"city":"Orland Park","state":"IL","address":"14750 S LaGrange Rd","name":""},
  {"lat":42.698898,"lon":-87.854313,"city":"Mount Pleasant","state":"WI","address":"2800 S GREEN BAY RD","name":""},
  {"lat":42.384429,"lon":-87.956277,"city":"Gurnee","state":"IL","address":"6230 Grand Ave.","name":""},
  {"lat":41.833018,"lon":-88.024275,"city":"Downers Grove","state":"IL","address":"3001 Finley Road","name":""},
  {"lat":42.960496,"lon":-88.009003,"city":"Greenfield","state":"WI","address":"4645 South 76th Street","name":""},
  {"lat":42.050655,"lon":-88.0593,"city":"Schaumburg","state":"IL","address":"800 E Golf Road","name":""},
  {"lat":41.693239,"lon":-88.123269,"city":"Bolingbrook","state":"IL","address":"209 South Weber Road","name":""},
  {"lat":41.578046,"lon":-88.160665,"city":"Joliet","state":"IL","address":"2950 Plainfield Road","name":""},
  {"lat":44.506451,"lon":-88.073895,"city":"Ashwaubenon","state":"WI","address":"1251 Lombardi Access Road","name":""},
  {"lat":41.774124,"lon":-88.206402,"city":"Aurora","state":"IL","address":"1036 N Route 59","name":""},
  {"lat":40.138427,"lon":-88.258566,"city":"Champaign","state":"IL","address":"1901 N Prospect Ave.","name":""},
  {"lat":42.102205,"lon":-88.289608,"city":"West Dundee","state":"IL","address":"701 Spring Hill Ring Road","name":""},
  {"lat":32.364139,"lon":-88.674646,"city":"Meridian","state":"MS","address":"201 S. Frontage Road","name":""},
  {"lat":44.272432,"lon":-88.475518,"city":"Appleton","state":"WI","address":"1200 N Casaloma Drive","name":""},
  {"lat":34.315021,"lon":-88.703845,"city":"Tupelo","state":"MS","address":"895 Barnes Crossing Road","name":""},
  {"lat":37.075994,"lon":-88.691137,"city":"Paducah","state":"KY","address":"5151 Hinkleville RD","name":""},
  {"lat":35.68558,"lon":-88.856498,"city":"Jackson","state":"TN","address":"123 Stonebrook Place","name":""},
  {"lat":37.745385,"lon":-88.975301,"city":"Marion","state":"IL","address":"2900 W Deyoung ST","name":""},
  {"lat":39.920576,"lon":-88.956211,"city":"Forsyth","state":"IL","address":"997 S. State Route 51","name":""},
  {"lat":40.471759,"lon":-88.951818,"city":"Bloomington","state":"IL","address":"714 Eldorado Road","name":""},
  {"lat":42.265778,"lon":-89.002919,"city":"Rockford","state":"IL","address":"5827 E State St","name":""},
  {"lat":41.362988,"lon":-89.126268,"city":"Peru","state":"IL","address":"4381 Venture Drive","name":""},
  {"lat":43.128002,"lon":-89.307206,"city":"Madison","state":"WI","address":"4502 East Towne Blvd.","name":""},
  {"lat":37.30214,"lon":-89.577996,"city":"Cape Girardeau","state":"MO","address":"3269 William Street","name":""},
  {"lat":39.766863,"lon":-89.606593,"city":"Springfield","state":"IL","address":"2696 South Dirksen Parkway","name":""},
  {"lat":35.203966,"lon":-89.790301,"city":"Memphis","state":"TN","address":"8161 Highway 64","name":""},
  {"lat":34.955989,"lon":-89.99082,"city":"Southaven","state":"MS","address":"6535 Airways Blvd","name":""},
  {"lat":38.600522,"lon":-89.991756,"city":"Fairview Heights","state":"IL","address":"110 Ludwig Drive","name":""},
  {"lat":38.921113,"lon":-90.173422,"city":"Alton","state":"IL","address":"170 E. Beltline Parkway","name":""},
  {"lat":38.522143,"lon":-90.349902,"city":"St. Louis","state":"MO","address":"5733 S. Lindbergh Blvd.","name":""},
  {"lat":38.752019,"lon":-90.426456,"city":"Bridgeton","state":"MO","address":"12235 Saint Charles Rock Rd","name":""},
  {"lat":41.551191,"lon":-90.522832,"city":"Davenport","state":"IA","address":"3420 East Kimberly Road","name":""},
  {"lat":38.795002,"lon":-90.572403,"city":"St. Peters","state":"MO","address":"4101 Veterans Memorial Pkwy","name":""},
  {"lat":38.667875,"lon":-90.595644,"city":"Chesterfield","state":"MO","address":"17204 Chesterfield Airport Rd","name":""},
  {"lat":35.81089,"lon":-90.66863,"city":"Jonesboro","state":"AR","address":"2642 RED WOLF BLVD","name":""},
  {"lat":30.393282,"lon":-91.087207,"city":"Baton Rouge","state":"LA","address":"6051 Bluebonnet Blvd","name":""},
  {"lat":44.792097,"lon":-91.514472,"city":"Eau Claire","state":"WI","address":"1019 W. Clairemont Ave.","name":""},
  {"lat":41.688758,"lon":-91.607429,"city":"Coralville","state":"IA","address":"2671 2nd Street","name":""},
  {"lat":42.027264,"lon":-91.628711,"city":"Cedar Rapids","state":"IA","address":"163 Collins Rd NE","name":""},
  {"lat":46.783978,"lon":-92.096612,"city":"Duluth","state":"MN","address":"301 S Lake Avenue","name":""},
  {"lat":34.208389,"lon":-91.970512,"city":"Pine Bluff","state":"AR","address":"3000 Pines Mall Drive","name":""},
  {"lat":32.49685,"lon":-92.06355,"city":"Monroe","state":"LA","address":"4601 Pecanland Mall Drive","name":""},
  {"lat":44.004839,"lon":-92.481315,"city":"Rochester","state":"MN","address":"1280 Highway 14 SW","name":""},
  {"lat":38.964323,"lon":-92.354936,"city":"Columbia","state":"MO","address":"1110 Interstate 70 DR SW","name":""},
  {"lat":34.792929,"lon":-92.230131,"city":"North Little Rock","state":"AR","address":"3707 McCain Blvd","name":""},
  {"lat":44.951029,"lon":-92.935467,"city":"Oakdale","state":"MN","address":"8350 3rd ST N","name":""},
  {"lat":45.028626,"lon":-93.018882,"city":"Maplewood","state":"MN","address":"2925 White Bear Ave.","name":""},
  {"lat":45.011016,"lon":-93.18154,"city":"Roseville","state":"MN","address":"2330 Prior Avenue","name":""},
  {"lat":45.125081,"lon":-93.26569,"city":"Minneapolis","state":"MN","address":"8500 Hwy. 47","name":""},
  {"lat":44.745919,"lon":-93.297407,"city":"Burnsville","state":"MN","address":"1301 County Road 42 West","name":""},
  {"lat":44.85814,"lon":-93.304367,"city":"Bloomington","state":"MN","address":"1951 American Blvd West","name":""},
  {"lat":34.451361,"lon":-93.07889,"city":"Hot Springs","state":"AR","address":"4500 Central Avenue","name":""},
  {"lat":37.175128,"lon":-93.263082,"city":"Springfield","state":"MO","address":"2141 S. Glenstone Ave","name":""},
  {"lat":36.652172,"lon":-93.288113,"city":"Branson","state":"MO","address":"3559 Shepherd of The Hills Expressway","name":""},
  {"lat":42.013072,"lon":-93.610906,"city":"Ames","state":"IA","address":"1100 Buckeye Ave.","name":""},
  {"lat":41.594949,"lon":-93.756371,"city":"West Des Moines","state":"IA","address":"3838 Westown Parkway","name":""},
  {"lat":44.167272,"lon":-93.950089,"city":"Mankato","state":"MN","address":"1890 E Madison Ave","name":""},
  {"lat":45.552754,"lon":-94.193994,"city":"St. Cloud","state":"MN","address":"2920 W. Division Street","name":""},
  {"lat":36.122274,"lon":-94.145854,"city":"Fayetteville","state":"AR","address":"3885 N Shiloh Drive","name":""},
  {"lat":36.316335,"lon":-94.183696,"city":"Rogers","state":"AR","address":"1710 S 46th ST","name":""},
  {"lat":33.461284,"lon":-94.078564,"city":"Texarkana","state":"TX","address":"3002 Saint Michael DR","name":""},
  {"lat":38.926289,"lon":-94.401889,"city":"Lees Summit","state":"MO","address":"670 NW Blue Parkway","name":""},
  {"lat":39.041366,"lon":-94.415896,"city":"Independence","state":"MO","address":"4328 Noland Rd","name":""},
  {"lat":35.353101,"lon":-94.350365,"city":"Fort Smith","state":"AR","address":"7401 Rogers Ave.","name":""},
  {"lat":39.246818,"lon":-94.585296,"city":"Kansas City","state":"MO","address":"450 NW Barry Road","name":""},
  {"lat":37.055553,"lon":-94.477658,"city":"Joplin","state":"MO","address":"3131 S Rangeline Rd.","name":""},
  {"lat":38.957165,"lon":-94.666951,"city":"Overland Park","state":"KS","address":"9475 Metcalf Avenue","name":""},
  {"lat":39.777573,"lon":-94.795011,"city":"St. Joseph","state":"MO","address":"4101 Frederick Ave.","name":""},
  {"lat":35.769257,"lon":-95.361988,"city":"Muskogee","state":"OK","address":"225 W. Shawnee","name":""},
  {"lat":29.543473,"lon":-95.137215,"city":"Webster","state":"TX","address":"888 W. Bay Area Blvd.","name":""},
  {"lat":39.030356,"lon":-95.762772,"city":"Topeka","state":"KS","address":"2011 SW Wanamaker Rd","name":""},
  {"lat":41.256256,"lon":-96.024524,"city":"Omaha","state":"NE","address":"330 S. 72nd Street","name":""},
  {"lat":30.011774,"lon":-95.263783,"city":"Humble","state":"TX","address":"20414 US Highway 59 N","name":""},
  {"lat":41.233418,"lon":-96.133232,"city":"West Omaha","state":"NE","address":"2707 S 140th Street","name":""},
  {"lat":46.862328,"lon":-96.852838,"city":"Fargo","state":"ND","address":"4215 13th Ave S","name":""},
  {"lat":42.448851,"lon":-96.353714,"city":"Sioux City","state":"IA","address":"4290 Sergeant Road","name":""},
  {"lat":30.188233,"lon":-95.453878,"city":"Shenandoah","state":"TX","address":"18446 Interstate 45 S","name":""},
  {"lat":30.34625,"lon":-95.48192,"city":"Conroe","state":"TX","address":"2944 Interstate 45 N","name":""},
  {"lat":36.064873,"lon":-95.887024,"city":"Tulsa","state":"OK","address":"6728 S Memorial Drive","name":""},
  {"lat":36.090346,"lon":-95.925186,"city":"Tulsa","state":"OK","address":"4525 East 51st. Street","name":""},
  {"lat":29.729803,"lon":-95.644993,"city":"Houston","state":"TX","address":"2760 S. Highway 6","name":""},
  {"lat":43.513939,"lon":-96.77378,"city":"Sioux Falls","state":"SD","address":"3901 W 41st Street","name":""},
  {"lat":29.777535,"lon":-95.813618,"city":"Katy","state":"TX","address":"25408 Bell Patna","name":""},
  {"lat":33.093574,"lon":-96.109111,"city":"Greenville","state":"TX","address":"7601 Wesley Street","name":""},
  {"lat":33.677168,"lon":-96.610274,"city":"Sherman","state":"TX","address":"3600 N HWY 75","name":""},
  {"lat":32.818547,"lon":-96.630711,"city":"Mesquite","state":"TX","address":"3906 Towne Crossing Blvd","name":""},
  {"lat":33.044478,"lon":-96.701789,"city":"Plano","state":"TX","address":"3501 Central Expressway","name":""},
  {"lat":35.385141,"lon":-96.926927,"city":"Shawnee","state":"OK","address":"435 Shawnee Mall Drive","name":""},
  {"lat":33.103323,"lon":-96.804832,"city":"Frisco","state":"TX","address":"3056 Preston Road","name":""},
  {"lat":37.682241,"lon":-97.252181,"city":"Wichita","state":"KS","address":"333 S. Towne East Mall Drive","name":""},
  {"lat":32.657945,"lon":-96.891944,"city":"Duncanville","state":"TX","address":"603 N Cockrell Hill Road","name":""},
  {"lat":33.002977,"lon":-96.96694,"city":"Lewisville","state":"TX","address":"2497 S Stemmons Freeway","name":""},
  {"lat":37.675427,"lon":-97.390143,"city":"Wichita","state":"KS","address":"555 South West Street","name":""},
  {"lat":32.838441,"lon":-97.01012,"city":"Irving","state":"TX","address":"4205 W. Airport Freeway","name":""},
  {"lat":33.183313,"lon":-97.102283,"city":"Denton","state":"TX","address":"2801 S I 35 E","name":""},
  {"lat":32.678135,"lon":-97.134377,"city":"Arlington","state":"TX","address":"4233 S. Cooper Street","name":""},
  {"lat":32.833776,"lon":-97.211585,"city":"North Richland Hills","state":"TX","address":"7800 Bedford-Euless Road","name":""},
  {"lat":35.221067,"lon":-97.486654,"city":"Norman","state":"OK","address":"302 N Interstate Drive","name":""},
  {"lat":31.514095,"lon":-97.188074,"city":"Waco","state":"TX","address":"5925 West Waco Drive","name":""},
  {"lat":35.390619,"lon":-97.532094,"city":"Oklahoma City","state":"OK","address":"1000 SW 74th Street","name":""},
  {"lat":35.6103,"lon":-97.561909,"city":"Oklahoma City","state":"OK","address":"2625 W Memorial Rd","name":""},
  {"lat":32.569221,"lon":-97.319836,"city":"Burleson","state":"TX","address":"1175 N. Burleson Blvd","name":""},
  {"lat":32.676643,"lon":-97.395458,"city":"Fort Worth","state":"TX","address":"4805 S. Hulen Street","name":""},
  {"lat":40.931857,"lon":-98.382771,"city":"Grand Island","state":"NE","address":"3430 W. 13th Street","name":""},
  {"lat":27.704874,"lon":-97.36597,"city":"Corpus Christi","state":"TX","address":"5825 South Padre Island Drive","name":""},
  {"lat":31.095518,"lon":-97.731257,"city":"Killeen","state":"TX","address":"1001 E Central Texas Expressway","name":""},
  {"lat":30.480765,"lon":-97.682375,"city":"Round Rock","state":"TX","address":"2702 A Parker Road","name":""},
  {"lat":30.34362,"lon":-97.706078,"city":"Austin","state":"TX","address":"109 W. Anderson Lane","name":""},
  {"lat":30.23761,"lon":-97.789594,"city":"Austin","state":"TX","address":"3815 S. Lamar Blvd.","name":""},
  {"lat":25.949849,"lon":-97.503849,"city":"Brownsville","state":"TX","address":"1075 FM 802","name":""},
  {"lat":40.674328,"lon":-99.084596,"city":"Kearney","state":"NE","address":"121 Second Ave. East","name":""},
  {"lat":29.868317,"lon":-97.938233,"city":"San Marcos","state":"TX","address":"100 N IH 35","name":""},
  {"lat":33.863573,"lon":-98.535343,"city":"Wichita Falls","state":"TX","address":"4401 Kemp Blvd.","name":""},
  {"lat":29.512806,"lon":-98.396164,"city":"San Antonio","state":"TX","address":"8210 I-H 35 North","name":""},
  {"lat":46.838504,"lon":-100.77401,"city":"Bismarck","state":"ND","address":"1130 E Century AVE","name":""},
  {"lat":26.272383,"lon":-98.218706,"city":"McAllen","state":"TX","address":"7617 N 10th Street","name":""},
  {"lat":26.188323,"lon":-98.229587,"city":"McAllen","state":"TX","address":"701 West Expressway 83","name":""},
  {"lat":29.488993,"lon":-98.573873,"city":"San Antonio","state":"TX","address":"4550 NW Loop 410","name":""},
  {"lat":29.591658,"lon":-98.601678,"city":"San Antonio","state":"TX","address":"5815 N. Loop 1604 West","name":""},
  {"lat":29.420056,"lon":-98.650328,"city":"San Antonio","state":"TX","address":"1381 S.W. Loop 410","name":""},
  {"lat":32.436434,"lon":-99.78785,"city":"Abilene","state":"TX","address":"1280 S Clack Street","name":""},
  {"lat":27.551829,"lon":-99.503023,"city":"Laredo","state":"TX","address":"5315 San Dario Avenue","name":""},
  {"lat":44.105279,"lon":-103.212828,"city":"Rapid City","state":"SD","address":"120 Disk Drive","name":""},
  {"lat":35.190947,"lon":-101.87528,"city":"Amarillo","state":"TX","address":"3311 I-40 W","name":""},
  {"lat":33.549453,"lon":-101.921063,"city":"Lubbock","state":"TX","address":"5034 50th Street","name":""},
  {"lat":31.87885,"lon":-102.330045,"city":"Odessa","state":"TX","address":"4536 E. University Blvd.","name":""},
  {"lat":34.424547,"lon":-103.196076,"city":"Clovis","state":"NM","address":"2601 North Prince","name":""},
  {"lat":41.159778,"lon":-104.794423,"city":"Cheyenne","state":"WY","address":"1923 Dell Range Blvd.","name":""},
  {"lat":39.604788,"lon":-104.711699,"city":"Aurora","state":"CO","address":"6139 S Southlands PKWY","name":""},
  {"lat":39.710608,"lon":-104.862065,"city":"Aurora","state":"CO","address":"10854 East Alameda Avenue","name":""},
  {"lat":40.541952,"lon":-105.077665,"city":"Fort Collins","state":"CO","address":"3301 S. College Ave.","name":""},
  {"lat":38.882243,"lon":-104.71891,"city":"Colorado Springs","state":"CO","address":"3510 New Center PT","name":""},
  {"lat":38.304234,"lon":-104.614067,"city":"Pueblo","state":"CO","address":"3306 N Elizabeth Street","name":""},
  {"lat":39.884511,"lon":-105.003169,"city":"Northglenn","state":"CO","address":"1350 West 104th Ave.","name":""},
  {"lat":40.142348,"lon":-105.129068,"city":"Longmont","state":"CO","address":"2177 Ken Pratt Blvd.","name":""},
  {"lat":39.613701,"lon":-105.090326,"city":"Littleton","state":"CO","address":"5656 S Wadsworth Blvd","name":""},
  {"lat":42.848221,"lon":-106.25809,"city":"Casper","state":"WY","address":"5010 East 2nd Street","name":""},
  {"lat":33.426568,"lon":-104.522537,"city":"Roswell","state":"NM","address":"2625 N. Main","name":""},
  {"lat":45.754629,"lon":-108.572193,"city":"Billings","state":"MT","address":"2250 King Ave W","name":""},
  {"lat":35.637911,"lon":-106.015778,"city":"Santa Fe","state":"NM","address":"4450 Rodeo Road","name":""},
  {"lat":35.131839,"lon":-106.578676,"city":"Albuquerque","state":"NM","address":"5555 Montgomery Blvd. NE","name":""},
  {"lat":35.208521,"lon":-106.657566,"city":"Albuquerque","state":"NM","address":"10520 Coors Bypass NW","name":""},
  {"lat":31.757041,"lon":-106.266803,"city":"El Paso","state":"TX","address":"1860 Joe Battle Blvd","name":""},
  {"lat":31.775424,"lon":-106.383453,"city":"El Paso","state":"TX","address":"8401 Gateway Blvd. West","name":""},
  {"lat":31.81646,"lon":-106.54699,"city":"El Paso","state":"TX","address":"800 Sunland Park Drive","name":""},
  {"lat":32.31439,"lon":-106.742498,"city":"Las Cruces","state":"NM","address":"575 S Telshor Blvd","name":""},
  {"lat":39.088316,"lon":-108.599584,"city":"Grand Junction","state":"CO","address":"575 24 1/2 Road","name":""},
  {"lat":36.748798,"lon":-108.159831,"city":"Farmington","state":"NM","address":"3451 E Main Street","name":""},
  {"lat":40.273627,"lon":-111.675535,"city":"Orem","state":"UT","address":"1261 S. 800 East","name":""},
  {"lat":41.074321,"lon":-111.974605,"city":"Layton","state":"UT","address":"979 North 400 West","name":""},
  {"lat":40.7205,"lon":-111.854071,"city":"Salt Lake City","state":"UT","address":"2294 S 1300 E","name":""},
  {"lat":40.632157,"lon":-111.882122,"city":"Murray","state":"UT","address":"298 E Winchester Street","name":""},
  {"lat":32.221058,"lon":-110.867764,"city":"Tucson","state":"AZ","address":"5870 E. Broadway Blvd","name":""},
  {"lat":35.176798,"lon":-111.662342,"city":"Flagstaff","state":"AZ","address":"2500 S. Beulah Blvd.","name":""},
  {"lat":32.298001,"lon":-110.979231,"city":"Tucson","state":"AZ","address":"5061 North Oracle Road","name":""},
  {"lat":32.155191,"lon":-110.987138,"city":"Tucson","state":"AZ","address":"5315 S Calle Santa Cruz","name":""},
  {"lat":47.70679,"lon":-116.790828,"city":"Coeur D'Alene","state":"ID","address":"212 Neider Ave.","name":""},
  {"lat":33.393434,"lon":-111.698361,"city":"East Mesa","state":"AZ","address":"6149 E Southern Ave","name":""},
  {"lat":47.700981,"lon":-117.411767,"city":"Spokane","state":"WA","address":"4703 N Division Street","name":""},
  {"lat":33.280252,"lon":-111.789066,"city":"Gilbert","state":"AZ","address":"3845 S. Gilbert Road","name":""},
  {"lat":33.387827,"lon":-111.856679,"city":"Mesa","state":"AZ","address":"1403 S Alma School Rd","name":""},
  {"lat":33.598267,"lon":-111.977492,"city":"Scottsdale","state":"AZ","address":"4802 E Cactus Road","name":""},
  {"lat":33.320567,"lon":-111.967799,"city":"Chandler","state":"AZ","address":"7240 West Ray Rd","name":""},
  {"lat":33.579064,"lon":-112.122275,"city":"Phoenix","state":"AZ","address":"10220 N 28th Drive","name":""},
  {"lat":34.54955,"lon":-112.43523,"city":"Prescott","state":"AZ","address":"1821 AZ-69","name":""},
  {"lat":33.637705,"lon":-112.229497,"city":"Peoria","state":"AZ","address":"7921 West Bell Rd.","name":""},
  {"lat":33.638253,"lon":-112.35086,"city":"Surprise","state":"AZ","address":"13709 West Bell Road","name":""},
  {"lat":33.464051,"lon":-112.388458,"city":"Goodyear","state":"AZ","address":"15311 W McDowell Road","name":""},
  {"lat":37.112329,"lon":-113.554446,"city":"St. George","state":"UT","address":"263 N Red Cliffs Drive","name":""},
  {"lat":43.609629,"lon":-116.284325,"city":"Boise","state":"ID","address":"550 N Milwaukee Street","name":""},
  {"lat":46.222701,"lon":-119.222581,"city":"Kennewick","state":"WA","address":"1120 Columbia Center Blvd.","name":""},
  {"lat":36.062392,"lon":-115.036002,"city":"Henderson","state":"NV","address":"570 Marks Street","name":""},
  {"lat":36.114299,"lon":-115.120511,"city":"Las Vegas","state":"NV","address":"2325 E Flamingo Road","name":""},
  {"lat":36.239918,"lon":-115.167133,"city":"North Las Vegas","state":"NV","address":"1870 W Craig Road","name":""},
  {"lat":36.171686,"lon":-115.206566,"city":"Las Vegas","state":"NV","address":"200 S. Decatur Blvd.","name":""},
  {"lat":46.613854,"lon":-120.510962,"city":"Yakima","state":"WA","address":"905 North First Street","name":""},
  {"lat":47.821399,"lon":-122.291144,"city":"Lynnwood","state":"WA","address":"4231 196th SW","name":""},
  {"lat":47.315612,"lon":-122.307667,"city":"Federal Way","state":"WA","address":"2006 S. 320th Street","name":""},
  {"lat":47.192218,"lon":-122.461048,"city":"Tacoma","state":"WA","address":"1929 S 72nd Street","name":""},
  {"lat":47.048123,"lon":-122.825096,"city":"Olympia","state":"WA","address":"4505 Martin Way East","name":""},
  {"lat":33.72897,"lon":-116.40367,"city":"Palm Desert","state":"CA","address":"72291 Highway 111","name":""},
  {"lat":45.509084,"lon":-122.43309,"city":"Gresham","state":"OR","address":"240 NW Burnside Road","name":""},
  {"lat":46.143258,"lon":-122.899945,"city":"Kelso","state":"WA","address":"203 Three Rivers Drive","name":""},
  {"lat":45.656485,"lon":-122.588275,"city":"Vancouver","state":"WA","address":"8219 NE Vancouver Mall Dr","name":""},
  {"lat":34.472162,"lon":-117.346139,"city":"Victorville","state":"CA","address":"12180 Amargosa Road","name":""},
  {"lat":34.065548,"lon":-117.283787,"city":"San Bernardino","state":"CA","address":"195 E. Hospitality Lane","name":""},
  {"lat":45.445605,"lon":-122.775964,"city":"Tigard","state":"OR","address":"10330 SW Greenburg Road","name":""},
  {"lat":33.52035,"lon":-117.152718,"city":"Temecula","state":"CA","address":"41649 Margarita Rd","name":""},
  {"lat":33.903767,"lon":-117.471695,"city":"Riverside","state":"CA","address":"3700 Park Sierra","name":""},
  {"lat":34.076872,"lon":-117.556613,"city":"Ontario","state":"CA","address":"4413 E. Mills Circle","name":""},
  {"lat":32.63079,"lon":-117.08902,"city":"Chula Vista","state":"CA","address":"598 H Street","name":""},
  {"lat":39.476212,"lon":-119.795602,"city":"Reno","state":"NV","address":"5015 Kietzke LN","name":""},
  {"lat":44.937196,"lon":-122.98355,"city":"Salem","state":"OR","address":"521 Lancaster Drive N.E.","name":""},
  {"lat":33.915248,"lon":-117.883369,"city":"Brea","state":"CA","address":"250 Brea Mall Way","name":""},
  {"lat":33.994531,"lon":-117.919565,"city":"City of Industry","state":"CA","address":"17601 East Castleton Street","name":""},
  {"lat":34.605058,"lon":-118.148765,"city":"Palmdale","state":"CA","address":"1041 W Avenue P","name":""},
  {"lat":33.775475,"lon":-117.917384,"city":"Garden Grove","state":"CA","address":"12892 Harbor Blvd","name":""},
  {"lat":33.854216,"lon":-118.141176,"city":"Lakewood","state":"CA","address":"4333 Candlewood Street","name":""},
  {"lat":44.069808,"lon":-123.102922,"city":"Eugene","state":"OR","address":"1085 Valley River Way","name":""},
  {"lat":33.945161,"lon":-118.331162,"city":"Inglewood","state":"CA","address":"3400 W. Century Blvd","name":""},
  {"lat":36.316639,"lon":-119.314468,"city":"Visalia","state":"CA","address":"1545 S. Mooney Blvd.","name":""},
  {"lat":34.421324,"lon":-118.583112,"city":"Valencia","state":"CA","address":"27524 The Old Road","name":""},
  {"lat":34.193301,"lon":-118.623884,"city":"Canoga Park","state":"CA","address":"22800 Vanowen St","name":""},
  {"lat":35.383929,"lon":-119.093109,"city":"Bakersfield","state":"CA","address":"8180 RosedaleHWY","name":""},
  {"lat":36.809032,"lon":-119.761863,"city":"Fresno","state":"CA","address":"1460 E Shaw Avenue","name":""},
  {"lat":42.348546,"lon":-122.877797,"city":"Medford","state":"OR","address":"2200 Crater Lake Highway","name":""},
  {"lat":38.679538,"lon":-121.272031,"city":"Citrus Heights","state":"CA","address":"6231 Sunrise Blvd","name":""},
  {"lat":37.682415,"lon":-121.04939,"city":"Modesto","state":"CA","address":"3000 Sisk Rd","name":""},
  {"lat":37.986127,"lon":-121.334486,"city":"Stockton","state":"CA","address":"2283 W. March Lane","name":""},
  {"lat":34.933169,"lon":-120.418656,"city":"Santa Maria","state":"CA","address":"1525 S. Bradley Road","name":""},
  {"lat":38.007633,"lon":-121.844,"city":"Pittsburg","state":"CA","address":"4095 Century Blvd","name":""},
  {"lat":38.258372,"lon":-122.057634,"city":"Fairfield","state":"CA","address":"1525 Travis Blvd.","name":""},
  {"lat":37.311066,"lon":-121.807636,"city":"San Jose","state":"CA","address":"2040 Aborn Road","name":""},
  {"lat":38.13518,"lon":-122.214859,"city":"Vallejo","state":"CA","address":"1180 Admiral Callaghan Lane","name":""},
  {"lat":36.716187,"lon":-121.654632,"city":"Salinas","state":"CA","address":"1720 N Main Street","name":""},
  {"lat":37.638751,"lon":-122.421936,"city":"San Bruno","state":"CA","address":"1210 El Camino Real","name":""},
  {"lat":21.285507,"lon":-157.839178,"city":"Honolulu","state":"HI","address":"1765 Ala Moana Blvd STE 7","name":""}]}