{"key":"ritas","displayName":"Rita's Italian Ice","category":"sweets","useLocationName":false,"locations":[
  {"lat":40.525707,"lon":-75.511974,"city":"","state":"PA","address":"","name":""},
  {"lat":40.15648,"lon":-74.921156,"city":"","state":"PA","address":"","name":""},
  {"lat":29.736667,"lon":-95.813142,"city":"","state":"TX","address":"","name":""},
  {"lat":41.463549,"lon":-75.651543,"city":"","state":"PA","address":"","name":""},
  {"lat":40.200968,"lon":-75.101311,"city":"","state":"PA","address":"","name":""},
  {"lat":40.038624,"lon":-75.123671,"city":"","state":"PA","address":"","name":""},
  {"lat":40.032958,"lon":-75.180716,"city":"","state":"PA","address":"","name":""},
  {"lat":40.010324,"lon":-75.166797,"city":"","state":"PA","address":"","name":""},
  {"lat":40.024493,"lon":-75.123549,"city":"","state":"PA","address":"","name":""},
  {"lat":39.089826,"lon":-77.524141,"city":"","state":"VA","address":"","name":""},
  {"lat":40.625645,"lon":-75.427548,"city":"","state":"PA","address":"","name":""},
  {"lat":33.466798,"lon":-117.696506,"city":"","state":"CA","address":"","name":""},
  {"lat":39.803558,"lon":-75.508454,"city":"","state":"DE","address":"","name":""},
  {"lat":40.07083,"lon":-74.966377,"city":"","state":"PA","address":"","name":""},
  {"lat":40.042208,"lon":-75.474027,"city":"","state":"PA","address":"","name":""},
  {"lat":40.654585,"lon":-74.313901,"city":"","state":"NJ","address":"","name":""},
  {"lat":37.695719,"lon":-122.079713,"city":"","state":"CA","address":"","name":""},
  {"lat":37.505194,"lon":-122.258308,"city":"","state":"CA","address":"","name":""},
  {"lat":30.285214,"lon":-89.740337,"city":"","state":"LA","address":"","name":""},
  {"lat":36.829454,"lon":-76.169521,"city":"","state":"VA","address":"","name":""},
  {"lat":39.536818,"lon":-104.766864,"city":"","state":"CO","address":"","name":""},
  {"lat":41.239708,"lon":-81.346602,"city":"","state":"OH","address":"","name":""},
  {"lat":41.100036,"lon":-80.775698,"city":"","state":"OH","address":"","name":""},
  {"lat":40.4415,"lon":-75.3415,"city":"","state":"PA","address":"","name":""},
  {"lat":41.060157,"lon":-85.222043,"city":"","state":"IN","address":"","name":""},
  {"lat":38.306262,"lon":-77.807665,"city":"","state":"VA","address":"","name":""},
  {"lat":40.128799,"lon":-75.023661,"city":"","state":"PA","address":"","name":""},
  {"lat":37.3303,"lon":-121.9507,"city":"","state":"CA","address":"","name":""},
  {"lat":33.654593,"lon":-112.188707,"city":"","state":"AZ","address":"","name":""},
  {"lat":32.117442,"lon":-81.253584,"city":"","state":"GA","address":"","name":""},
  {"lat":33.831506,"lon":-78.673545,"city":"","state":"SC","address":"","name":""},
  {"lat":37.756704,"lon":-122.251233,"city":"","state":"CA","address":"","name":""},
  {"lat":39.899817,"lon":-76.61248,"city":"","state":"PA","address":"","name":""},
  {"lat":39.003641,"lon":-84.631386,"city":"","state":"KY","address":"","name":""},
  {"lat":41.7028,"lon":-72.8881,"city":"","state":"CT","address":"","name":""},
  {"lat":38.430125,"lon":-78.851248,"city":"","state":"VA","address":"","name":""},
  {"lat":39.51945,"lon":-76.186161,"city":"","state":"MD","address":"","name":""},
  {"lat":39.169979,"lon":-76.864417,"city":"","state":"MD","address":"","name":""},
  {"lat":35.02334,"lon":-80.848566,"city":"","state":"NC","address":"","name":""},
  {"lat":37.038256,"lon":-76.406963,"city":"","state":"VA","address":"","name":""},
  {"lat":34.182009,"lon":-118.926774,"city":"","state":"CA","address":"","name":""},
  {"lat":30.621761,"lon":-81.638038,"city":"","state":"FL","address":"","name":""},
  {"lat":30.498675,"lon":-97.615713,"city":"","state":"TX","address":"","name":""},
  {"lat":32.143417,"lon":-80.750457,"city":"","state":"SC","address":"","name":""},
  {"lat":38.784361,"lon":-77.512002,"city":"","state":"VA","address":"","name":""},
  {"lat":39.097954,"lon":-76.80877,"city":"","state":"MD","address":"","name":""},
  {"lat":40.444269,"lon":-75.861282,"city":"","state":"PA","address":"","name":""},
  {"lat":35.79305,"lon":-83.56115,"city":"","state":"TN","address":"","name":""},
  {"lat":34.01936,"lon":-118.421669,"city":"","state":"CA","address":"","name":""},
  {"lat":41.720211,"lon":-87.74971,"city":"","state":"IL","address":"","name":""},
  {"lat":39.363162,"lon":-77.162956,"city":"","state":"MD","address":"","name":""},
  {"lat":33.917697,"lon":-117.907835,"city":"","state":"CA","address":"","name":""},
  {"lat":34.752584,"lon":-86.751652,"city":"","state":"AL","address":"","name":""},
  {"lat":40.613342,"lon":-111.98088,"city":"","state":"UT","address":"","name":""},
  {"lat":39.2221,"lon":-76.8891,"city":"","state":"MD","address":"","name":""},
  {"lat":40.10978,"lon":-76.484771,"city":"","state":"PA","address":"","name":""},
  {"lat":38.65031,"lon":-77.294104,"city":"","state":"VA","address":"","name":""},
  {"lat":39.131298,"lon":-76.742496,"city":"","state":"MD","address":"","name":""},
  {"lat":33.638237,"lon":-111.978294,"city":"","state":"AZ","address":"","name":""},
  {"lat":39.542225,"lon":-76.326035,"city":"","state":"MD","address":"","name":""},
  {"lat":38.926044,"lon":-104.684215,"city":"","state":"CO","address":"","name":""},
  {"lat":44.803791,"lon":-93.139399,"city":"","state":"MN","address":"","name":""},
  {"lat":33.516261,"lon":-82.080292,"city":"","state":"GA","address":"","name":""},
  {"lat":32.735848,"lon":-97.106785,"city":"","state":"TX","address":"","name":""},
  {"lat":29.817543,"lon":-95.804134,"city":"","state":"TX","address":"","name":""},
  {"lat":39.978514,"lon":-86.129326,"city":"","state":"IN","address":"","name":""},
  {"lat":28.070544,"lon":-82.740935,"city":"","state":"FL","address":"","name":""},
  {"lat":27.269681,"lon":-82.512824,"city":"","state":"FL","address":"","name":""},
  {"lat":32.283495,"lon":-110.960722,"city":"","state":"AZ","address":"","name":""},
  {"lat":39.964512,"lon":-75.132808,"city":"","state":"PA","address":"","name":""},
  {"lat":27.788868,"lon":-82.727874,"city":"","state":"FL","address":"","name":""},
  {"lat":39.208685,"lon":-76.780933,"city":"","state":"MD","address":"","name":""},
  {"lat":32.830831,"lon":-85.959933,"city":"","state":"AL","address":"","name":""},
  {"lat":34.891154,"lon":-82.380354,"city":"","state":"SC","address":"","name":""},
  {"lat":30.017321,"lon":-81.509583,"city":"","state":"FL","address":"","name":""},
  {"lat":26.30116,"lon":-80.134205,"city":"","state":"FL","address":"","name":""},
  {"lat":28.148321,"lon":-81.450554,"city":"","state":"FL","address":"","name":""},
  {"lat":40.88229,"lon":-74.707251,"city":"","state":"NJ","address":"","name":""},
  {"lat":26.707612,"lon":-80.112613,"city":"","state":"FL","address":"","name":""},
  {"lat":41.675563,"lon":-83.683322,"city":"","state":"OH","address":"","name":""},
  {"lat":41.233679,"lon":-80.465733,"city":"","state":"PA","address":"","name":""},
  {"lat":29.267114,"lon":-94.82592,"city":"","state":"TX","address":"","name":""},
  {"lat":40.266943,"lon":-74.807037,"city":"","state":"NJ","address":"","name":""},
  {"lat":32.273473,"lon":-80.917924,"city":"","state":"SC","address":"","name":""},
  {"lat":28.811981,"lon":-81.34618,"city":"","state":"FL","address":"","name":""},
  {"lat":28.080955,"lon":-81.964839,"city":"","state":"FL","address":"","name":""},
  {"lat":28.219431,"lon":-82.260367,"city":"","state":"FL","address":"","name":""},
  {"lat":38.752714,"lon":-77.13987,"city":"","state":"VA","address":"","name":""},
  {"lat":40.617344,"lon":-73.730595,"city":"","state":"NY","address":"","name":""},
  {"lat":27.483492,"lon":-82.431905,"city":"","state":"FL","address":"","name":""},
  {"lat":26.967909,"lon":-82.079501,"city":"","state":"FL","address":"","name":""},
  {"lat":27.389991,"lon":-82.454037,"city":"","state":"FL","address":"","name":""},
  {"lat":26.11943,"lon":-80.10499,"city":"","state":"FL","address":"","name":""},
  {"lat":27.853082,"lon":-82.255647,"city":"","state":"FL","address":"","name":""},
  {"lat":38.901608,"lon":-77.266945,"city":"","state":"VA","address":"","name":""},
  {"lat":26.682295,"lon":-80.225657,"city":"","state":"FL","address":"","name":""},
  {"lat":38.29014,"lon":-76.484912,"city":"","state":"MD","address":"","name":""},
  {"lat":27.961156,"lon":-82.792145,"city":"","state":"FL","address":"","name":""},
  {"lat":34.829981,"lon":-82.611901,"city":"","state":"SC","address":"","name":""},
  {"lat":32.893498,"lon":-79.774303,"city":"","state":"SC","address":"","name":""},
  {"lat":28.012658,"lon":-82.71158,"city":"","state":"FL","address":"","name":""},
  {"lat":25.884609,"lon":-80.123248,"city":"","state":"FL","address":"","name":""},
  {"lat":40.245681,"lon":-75.241765,"city":"","state":"PA","address":"","name":""},
  {"lat":40.24246,"lon":-75.283073,"city":"","state":"PA","address":"","name":""},
  {"lat":39.428559,"lon":-80.186066,"city":"","state":"WV","address":"","name":""},
  {"lat":25.851608,"lon":-80.120716,"city":"","state":"FL","address":"","name":""},
  {"lat":26.212952,"lon":-81.786672,"city":"","state":"FL","address":"","name":""},
  {"lat":25.79046,"lon":-80.12999,"city":"","state":"FL","address":"","name":""},
  {"lat":39.943277,"lon":-74.962925,"city":"","state":"NJ","address":"","name":""},
  {"lat":26.019951,"lon":-80.115995,"city":"","state":"FL","address":"","name":""},
  {"lat":26.046257,"lon":-80.202319,"city":"","state":"FL","address":"","name":""},
  {"lat":28.545609,"lon":-81.201205,"city":"","state":"FL","address":"","name":""},
  {"lat":30.196144,"lon":-81.382357,"city":"","state":"FL","address":"","name":""},
  {"lat":39.835346,"lon":-76.974731,"city":"","state":"PA","address":"","name":""},
  {"lat":40.071761,"lon":-74.217128,"city":"","state":"NJ","address":"","name":""},
  {"lat":40.01125,"lon":-74.216412,"city":"","state":"NJ","address":"","name":""},
  {"lat":40.121211,"lon":-74.260797,"city":"","state":"NJ","address":"","name":""},
  {"lat":40.143413,"lon":-74.22694,"city":"","state":"NJ","address":"","name":""},
  {"lat":33.570731,"lon":-117.233426,"city":"","state":"CA","address":"","name":""},
  {"lat":40.081064,"lon":-74.081908,"city":"","state":"NJ","address":"","name":""},
  {"lat":39.962849,"lon":-75.600398,"city":"","state":"PA","address":"","name":""},
  {"lat":40.278774,"lon":-76.824082,"city":"","state":"PA","address":"","name":""},
  {"lat":34.000457,"lon":-81.040446,"city":"","state":"SC","address":"","name":""},
  {"lat":40.553493,"lon":-74.442008,"city":"","state":"NJ","address":"","name":""},
  {"lat":40.575753,"lon":-73.981092,"city":"","state":"NY","address":"","name":""},
  {"lat":40.223739,"lon":-74.644964,"city":"","state":"NJ","address":"","name":""},
  {"lat":30.375924,"lon":-87.68386,"city":"","state":"AL","address":"","name":""},
  {"lat":40.056215,"lon":-75.158941,"city":"","state":"PA","address":"","name":""},
  {"lat":40.069702,"lon":-75.240426,"city":"","state":"PA","address":"","name":""},
  {"lat":40.067814,"lon":-75.179362,"city":"","state":"PA","address":"","name":""},
  {"lat":40.13551,"lon":-74.442829,"city":"","state":"NJ","address":"","name":""},
  {"lat":34.433217,"lon":-118.532143,"city":"","state":"CA","address":"","name":""},
  {"lat":39.598997,"lon":-75.813846,"city":"","state":"MD","address":"","name":""},
  {"lat":40.524446,"lon":-74.29802,"city":"","state":"NJ","address":"","name":""},
  {"lat":40.579392,"lon":-75.531693,"city":"","state":"PA","address":"","name":""},
  {"lat":39.970101,"lon":-75.304543,"city":"","state":"PA","address":"","name":""},
  {"lat":39.82325,"lon":-77.231242,"city":"","state":"PA","address":"","name":""},
  {"lat":39.275085,"lon":-74.571507,"city":"","state":"NJ","address":"","name":""},
  {"lat":40.618559,"lon":-74.757089,"city":"","state":"NJ","address":"","name":""},
  {"lat":40.003689,"lon":-75.708034,"city":"","state":"PA","address":"","name":""},
  {"lat":40.319908,"lon":-75.305082,"city":"","state":"PA","address":"","name":""},
  {"lat":37.840513,"lon":-77.446559,"city":"","state":"VA","address":"","name":""},
  {"lat":39.953401,"lon":-75.274836,"city":"","state":"PA","address":"","name":""},
  {"lat":40.078805,"lon":-75.127784,"city":"","state":"PA","address":"","name":""},
  {"lat":39.945111,"lon":-75.177773,"city":"","state":"PA","address":"","name":""},
  {"lat":38.908594,"lon":-76.773276,"city":"","state":"MD","address":"","name":""},
  {"lat":40.038574,"lon":-76.358746,"city":"","state":"PA","address":"","name":""},
  {"lat":40.1387,"lon":-74.9488,"city":"","state":"PA","address":"","name":""},
  {"lat":43.119951,"lon":-77.593709,"city":"","state":"NY","address":"","name":""},
  {"lat":39.589197,"lon":-77.010654,"city":"","state":"MD","address":"","name":""},
  {"lat":40.29488,"lon":-76.65305,"city":"","state":"PA","address":"","name":""},
  {"lat":40.259186,"lon":-74.276066,"city":"","state":"NJ","address":"","name":""},
  {"lat":40.194678,"lon":-77.190617,"city":"","state":"PA","address":"","name":""},
  {"lat":39.397732,"lon":-76.539843,"city":"","state":"MD","address":"","name":""},
  {"lat":41.273044,"lon":-73.781535,"city":"","state":"NY","address":"","name":""},
  {"lat":38.856535,"lon":-77.315491,"city":"","state":"VA","address":"","name":""},
  {"lat":39.7989,"lon":-75.5474,"city":"","state":"DE","address":"","name":""},
  {"lat":39.939463,"lon":-75.008608,"city":"","state":"NJ","address":"","name":""},
  {"lat":40.229908,"lon":-74.939579,"city":"","state":"PA","address":"","name":""},
  {"lat":40.570374,"lon":-75.470313,"city":"","state":"PA","address":"","name":""},
  {"lat":40.02145,"lon":-75.325246,"city":"","state":"PA","address":"","name":""},
  {"lat":39.953805,"lon":-75.322776,"city":"","state":"PA","address":"","name":""},
  {"lat":40.659457,"lon":-74.263695,"city":"","state":"NJ","address":"","name":""},
  {"lat":39.335878,"lon":-76.399074,"city":"","state":"MD","address":"","name":""},
  {"lat":40.438,"lon":-79.9199,"city":"","state":"PA","address":"","name":""},
  {"lat":40.707013,"lon":-73.672785,"city":"","state":"NY","address":"","name":""},
  {"lat":32.842638,"lon":-97.100408,"city":"","state":"TX","address":"","name":""},
  {"lat":26.59327,"lon":-81.87225,"city":"","state":"FL","address":"","name":""},
  {"lat":36.743897,"lon":-76.223607,"city":"","state":"VA","address":"","name":""},
  {"lat":39.356896,"lon":-74.426354,"city":"","state":"NJ","address":"","name":""},
  {"lat":38.805163,"lon":-76.990892,"city":"","state":"MD","address":"","name":""},
  {"lat":38.900254,"lon":-76.992386,"city":"","state":"DC","address":"","name":""},
  {"lat":34.76629,"lon":-77.384525,"city":"","state":"NC","address":"","name":""},
  {"lat":40.565319,"lon":-74.287971,"city":"","state":"NJ","address":"","name":""},
  {"lat":40.24646,"lon":-75.193784,"city":"","state":"PA","address":"","name":""},
  {"lat":39.40629,"lon":-76.809315,"city":"","state":"MD","address":"","name":""},
  {"lat":42.158442,"lon":-76.837121,"city":"","state":"NY","address":"","name":""},
  {"lat":40.3248,"lon":-76.0142,"city":"","state":"PA","address":"","name":""},
  {"lat":39.95675,"lon":-74.985626,"city":"","state":"NJ","address":"","name":""},
  {"lat":40.094028,"lon":-74.910096,"city":"","state":"PA","address":"","name":""},
  {"lat":39.283672,"lon":-76.611946,"city":"","state":"MD","address":"","name":""},
  {"lat":39.975798,"lon":-75.119629,"city":"","state":"NJ","address":"","name":""},
  {"lat":40.03728,"lon":-75.558941,"city":"","state":"PA","address":"","name":""},
  {"lat":40.604362,"lon":-80.050526,"city":"","state":"PA","address":"","name":""},
  {"lat":35.337041,"lon":-80.756475,"city":"","state":"NC","address":"","name":""},
  {"lat":40.174518,"lon":-74.699557,"city":"","state":"NJ","address":"","name":""},
  {"lat":39.558786,"lon":-76.371337,"city":"","state":"MD","address":"","name":""},
  {"lat":40.243241,"lon":-76.903154,"city":"","state":"PA","address":"","name":""},
  {"lat":40.079392,"lon":-75.087806,"city":"","state":"PA","address":"","name":""},
  {"lat":34.167364,"lon":-79.77793,"city":"","state":"SC","address":"","name":""},
  {"lat":38.540727,"lon":-75.0712,"city":"","state":"DE","address":"","name":""},
  {"lat":41.733205,"lon":-72.732939,"city":"","state":"CT","address":"","name":""},
  {"lat":40.888812,"lon":-74.068441,"city":"","state":"NJ","address":"","name":""},
  {"lat":35.103243,"lon":-80.943747,"city":"","state":"NC","address":"","name":""},
  {"lat":40.3375,"lon":-79.9794,"city":"","state":"PA","address":"","name":""},
  {"lat":40.0626,"lon":-75.0576,"city":"","state":"PA","address":"","name":""},
  {"lat":40.6048,"lon":-75.5011,"city":"","state":"PA","address":"","name":""},
  {"lat":40.249492,"lon":-74.683367,"city":"","state":"NJ","address":"","name":""},
  {"lat":40.438136,"lon":-74.16779,"city":"","state":"NJ","address":"","name":""},
  {"lat":38.345888,"lon":-76.460685,"city":"","state":"MD","address":"","name":""},
  {"lat":39.986188,"lon":-75.313036,"city":"","state":"PA","address":"","name":""},
  {"lat":39.22542,"lon":-76.664027,"city":"","state":"MD","address":"","name":""},
  {"lat":40.311642,"lon":-76.588053,"city":"","state":"PA","address":"","name":""},
  {"lat":39.731891,"lon":-75.641909,"city":"","state":"DE","address":"","name":""},
  {"lat":36.904318,"lon":-76.131751,"city":"","state":"VA","address":"","name":""},
  {"lat":40.046262,"lon":-75.015197,"city":"","state":"NJ","address":"","name":""},
  {"lat":40.184133,"lon":-75.451503,"city":"","state":"PA","address":"","name":""},
  {"lat":39.365883,"lon":-76.715204,"city":"","state":"MD","address":"","name":""},
  {"lat":39.666334,"lon":-74.162505,"city":"","state":"NJ","address":"","name":""},
  {"lat":41.824839,"lon":-72.499827,"city":"","state":"CT","address":"","name":""},
  {"lat":40.208376,"lon":-75.015826,"city":"","state":"PA","address":"","name":""},
  {"lat":33.894703,"lon":-84.32936,"city":"","state":"GA","address":"","name":""},
  {"lat":40.300038,"lon":-74.057252,"city":"","state":"NJ","address":"","name":""},
  {"lat":38.849336,"lon":-76.884684,"city":"","state":"MD","address":"","name":""},
  {"lat":38.719464,"lon":-76.659907,"city":"","state":"MD","address":"","name":""},
  {"lat":40.1101,"lon":-75.1447,"city":"","state":"PA","address":"","name":""},
  {"lat":41.358604,"lon":-72.11573,"city":"","state":"CT","address":"","name":""},
  {"lat":40.04537,"lon":-75.232713,"city":"","state":"PA","address":"","name":""},
  {"lat":38.930766,"lon":-74.917974,"city":"","state":"NJ","address":"","name":""},
  {"lat":40.061369,"lon":-74.850567,"city":"","state":"NJ","address":"","name":""},
  {"lat":34.055441,"lon":-84.065235,"city":"","state":"GA","address":"","name":""},
  {"lat":39.970615,"lon":-74.879842,"city":"","state":"NJ","address":"","name":""},
  {"lat":40.382823,"lon":-74.574825,"city":"","state":"NJ","address":"","name":""},
  {"lat":40.952186,"lon":-74.136537,"city":"","state":"NJ","address":"","name":""},
  {"lat":40.168785,"lon":-75.665598,"city":"","state":"PA","address":"","name":""},
  {"lat":39.85062,"lon":-75.539257,"city":"","state":"PA","address":"","name":""},
  {"lat":39.15301,"lon":-74.69563,"city":"","state":"NJ","address":"","name":""},
  {"lat":39.793848,"lon":-75.975882,"city":"","state":"PA","address":"","name":""},
  {"lat":40.767785,"lon":-74.218984,"city":"","state":"NJ","address":"","name":""},
  {"lat":39.367335,"lon":-76.517854,"city":"","state":"MD","address":"","name":""},
  {"lat":40.275762,"lon":-75.479165,"city":"","state":"PA","address":"","name":""},
  {"lat":39.915295,"lon":-75.011905,"city":"","state":"NJ","address":"","name":""},
  {"lat":40.094396,"lon":-75.289331,"city":"","state":"PA","address":"","name":""},
  {"lat":38.552624,"lon":-76.596972,"city":"","state":"MD","address":"","name":""},
  {"lat":38.998745,"lon":-76.93192,"city":"","state":"MD","address":"","name":""},
  {"lat":39.788376,"lon":-74.990287,"city":"","state":"NJ","address":"","name":""},
  {"lat":40.2092,"lon":-74.7985,"city":"","state":"PA","address":"","name":""},
  {"lat":40.112244,"lon":-82.926087,"city":"","state":"OH","address":"","name":""},
  {"lat":39.696681,"lon":-84.106725,"city":"","state":"OH","address":"","name":""},
  {"lat":39.600764,"lon":-76.848125,"city":"","state":"MD","address":"","name":""},
  {"lat":39.87397,"lon":-75.391697,"city":"","state":"PA","address":"","name":""},
  {"lat":40.807845,"lon":-77.892683,"city":"","state":"PA","address":"","name":""},
  {"lat":39.609417,"lon":-75.944554,"city":"","state":"MD","address":"","name":""},
  {"lat":39.766112,"lon":-75.085136,"city":"","state":"NJ","address":"","name":""},
  {"lat":39.727532,"lon":-75.03146,"city":"","state":"NJ","address":"","name":""},
  {"lat":39.47635,"lon":-76.309297,"city":"","state":"MD","address":"","name":""},
  {"lat":39.073318,"lon":-76.54641,"city":"","state":"MD","address":"","name":""},
  {"lat":39.176592,"lon":-77.269004,"city":"","state":"MD","address":"","name":""},
  {"lat":40.690004,"lon":-75.498716,"city":"","state":"PA","address":"","name":""},
  {"lat":39.396604,"lon":-76.747391,"city":"","state":"MD","address":"","name":""},
  {"lat":38.9797,"lon":-76.7334,"city":"","state":"MD","address":"","name":""},
  {"lat":39.620087,"lon":-75.694374,"city":"","state":"DE","address":"","name":""},
  {"lat":40.161914,"lon":-75.294921,"city":"","state":"PA","address":"","name":""},
  {"lat":39.168029,"lon":-75.516669,"city":"","state":"DE","address":"","name":""},
  {"lat":40.05286,"lon":-74.892222,"city":"","state":"NJ","address":"","name":""},
  {"lat":39.465188,"lon":-75.722203,"city":"","state":"DE","address":"","name":""},
  {"lat":39.770677,"lon":-75.499806,"city":"","state":"DE","address":"","name":""},
  {"lat":40.171965,"lon":-76.385455,"city":"","state":"PA","address":"","name":""},
  {"lat":37.281768,"lon":-76.721846,"city":"","state":"VA","address":"","name":""},
  {"lat":40.250725,"lon":-75.134254,"city":"","state":"PA","address":"","name":""},
  {"lat":41.094427,"lon":-74.14632,"city":"","state":"NJ","address":"","name":""},
  {"lat":40.442071,"lon":-79.957929,"city":"","state":"PA","address":"","name":""},
  {"lat":40.503174,"lon":-74.388596,"city":"","state":"NJ","address":"","name":""},
  {"lat":40.738134,"lon":-74.030475,"city":"","state":"NJ","address":"","name":""},
  {"lat":39.49464,"lon":-76.649509,"city":"","state":"MD","address":"","name":""},
  {"lat":40.404238,"lon":-74.325623,"city":"","state":"NJ","address":"","name":""},
  {"lat":40.517189,"lon":-75.55919,"city":"","state":"PA","address":"","name":""},
  {"lat":40.826113,"lon":-74.569713,"city":"","state":"NJ","address":"","name":""},
  {"lat":27.8513,"lon":-82.8204,"city":"","state":"FL","address":"","name":""},
  {"lat":38.765427,"lon":-76.895999,"city":"","state":"MD","address":"","name":""},
  {"lat":39.600651,"lon":-74.372812,"city":"","state":"NJ","address":"","name":""},
  {"lat":40.815167,"lon":-74.162925,"city":"","state":"NJ","address":"","name":""},
  {"lat":39.304495,"lon":-75.604928,"city":"","state":"DE","address":"","name":""},
  {"lat":40.1594,"lon":-75.1116,"city":"","state":"PA","address":"","name":""},
  {"lat":39.915132,"lon":-76.631327,"city":"","state":"PA","address":"","name":""},
  {"lat":39.7707,"lon":-76.6714,"city":"","state":"PA","address":"","name":""},
  {"lat":40.204478,"lon":-74.95324,"city":"","state":"PA","address":"","name":""},
  {"lat":40.296092,"lon":-75.083091,"city":"","state":"PA","address":"","name":""},
  {"lat":39.911117,"lon":-75.05188,"city":"","state":"NJ","address":"","name":""},
  {"lat":40.4448,"lon":-80.149,"city":"","state":"PA","address":"","name":""},
  {"lat":40.847187,"lon":-74.083019,"city":"","state":"NJ","address":"","name":""},
  {"lat":39.94754,"lon":-75.166943,"city":"","state":"PA","address":"","name":""},
  {"lat":38.930928,"lon":-76.9728,"city":"","state":"MD","address":"","name":""},
  {"lat":40.2709,"lon":-75.3788,"city":"","state":"PA","address":"","name":""},
  {"lat":39.079793,"lon":-77.073196,"city":"","state":"MD","address":"","name":""},
  {"lat":40.3834,"lon":-80.0152,"city":"","state":"PA","address":"","name":""},
  {"lat":40.787299,"lon":-74.144752,"city":"","state":"NJ","address":"","name":""},
  {"lat":39.7316,"lon":-75.5816,"city":"","state":"DE","address":"","name":""},
  {"lat":40.748004,"lon":-75.303068,"city":"","state":"PA","address":"","name":""},
  {"lat":39.847708,"lon":-75.074945,"city":"","state":"NJ","address":"","name":""},
  {"lat":40.080764,"lon":-76.339233,"city":"","state":"PA","address":"","name":""},
  {"lat":40.774358,"lon":-73.335031,"city":"","state":"NY","address":"","name":""},
  {"lat":40.702769,"lon":-74.263019,"city":"","state":"NJ","address":"","name":""},
  {"lat":40.154905,"lon":-75.891282,"city":"","state":"PA","address":"","name":""},
  {"lat":38.262427,"lon":-77.53932,"city":"","state":"VA","address":"","name":""},
  {"lat":40.018988,"lon":-82.87436,"city":"","state":"OH","address":"","name":""},
  {"lat":40.828329,"lon":-74.187094,"city":"","state":"NJ","address":"","name":""},
  {"lat":38.537353,"lon":-76.983403,"city":"","state":"MD","address":"","name":""},
  {"lat":38.495861,"lon":-76.775677,"city":"","state":"MD","address":"","name":""},
  {"lat":40.226195,"lon":-74.731875,"city":"","state":"NJ","address":"","name":""},
  {"lat":39.2714,"lon":-76.8265,"city":"","state":"MD","address":"","name":""},
  {"lat":40.51888,"lon":-74.63287,"city":"","state":"NJ","address":"","name":""},
  {"lat":29.856196,"lon":-81.266789,"city":"","state":"FL","address":"","name":""},
  {"lat":40.105738,"lon":-75.213762,"city":"","state":"PA","address":"","name":""},
  {"lat":39.403311,"lon":-76.952777,"city":"","state":"MD","address":"","name":""},
  {"lat":40.0275,"lon":-75.0623,"city":"","state":"NJ","address":"","name":""},
  {"lat":39.696193,"lon":-75.104156,"city":"","state":"NJ","address":"","name":""},
  {"lat":40.331,"lon":-75.6337,"city":"","state":"PA","address":"","name":""},
  {"lat":38.935506,"lon":-76.557877,"city":"","state":"MD","address":"","name":""},
  {"lat":40.588124,"lon":-74.612086,"city":"","state":"NJ","address":"","name":""},
  {"lat":40.643581,"lon":-73.639522,"city":"","state":"NY","address":"","name":""},
  {"lat":39.6957,"lon":-74.2614,"city":"","state":"NJ","address":"","name":""},
  {"lat":40.266555,"lon":-75.808067,"city":"","state":"PA","address":"","name":""},
  {"lat":40.685067,"lon":-76.218998,"city":"","state":"PA","address":"","name":""},
  {"lat":40.394176,"lon":-79.970455,"city":"","state":"PA","address":"","name":""},
  {"lat":41.132817,"lon":-75.363292,"city":"","state":"PA","address":"","name":""},
  {"lat":39.788502,"lon":-75.693257,"city":"","state":"DE","address":"","name":""},
  {"lat":40.12917,"lon":-76.30704,"city":"","state":"PA","address":"","name":""},
  {"lat":40.6873,"lon":-75.1455,"city":"","state":"NJ","address":"","name":""},
  {"lat":39.984285,"lon":-76.7394,"city":"","state":"PA","address":"","name":""},
  {"lat":40.213111,"lon":-75.139193,"city":"","state":"PA","address":"","name":""},
  {"lat":39.804642,"lon":-75.022652,"city":"","state":"NJ","address":"","name":""},
  {"lat":39.865235,"lon":-75.343746,"city":"","state":"PA","address":"","name":""},
  {"lat":40.1834,"lon":-80.21886,"city":"","state":"PA","address":"","name":""},
  {"lat":39.109404,"lon":-76.935929,"city":"","state":"MD","address":"","name":""},
  {"lat":39.779479,"lon":-75.18572,"city":"","state":"NJ","address":"","name":""},
  {"lat":40.086296,"lon":-75.038102,"city":"","state":"PA","address":"","name":""},
  {"lat":39.126303,"lon":-76.536904,"city":"","state":"MD","address":"","name":""},
  {"lat":38.9297,"lon":-75.43341,"city":"","state":"DE","address":"","name":""},
  {"lat":40.044,"lon":-75.1024,"city":"","state":"PA","address":"","name":""},
  {"lat":40.685084,"lon":-74.437598,"city":"","state":"NJ","address":"","name":""},
  {"lat":41.432385,"lon":-74.422991,"city":"","state":"NY","address":"","name":""},
  {"lat":39.9415,"lon":-75.1472,"city":"","state":"PA","address":"","name":""},
  {"lat":40.289,"lon":-75.2002,"city":"","state":"PA","address":"","name":""},
  {"lat":41.0016,"lon":-75.1984,"city":"","state":"PA","address":"","name":""},
  {"lat":38.653057,"lon":-75.596482,"city":"","state":"DE","address":"","name":""},
  {"lat":38.368513,"lon":-75.071757,"city":"","state":"MD","address":"","name":""},
  {"lat":39.0783,"lon":-76.686,"city":"","state":"MD","address":"","name":""},
  {"lat":40.335002,"lon":-76.8314,"city":"","state":"PA","address":"","name":""},
  {"lat":39.173081,"lon":-76.633097,"city":"","state":"MD","address":"","name":""},
  {"lat":39.664446,"lon":-77.719297,"city":"","state":"MD","address":"","name":""},
  {"lat":38.977137,"lon":-76.319715,"city":"","state":"MD","address":"","name":""},
  {"lat":40.155339,"lon":-74.997705,"city":"","state":"PA","address":"","name":""},
  {"lat":39.914388,"lon":-75.271986,"city":"","state":"PA","address":"","name":""},
  {"lat":40.642709,"lon":-74.405327,"city":"","state":"NJ","address":"","name":""},
  {"lat":38.77996,"lon":-76.077923,"city":"","state":"MD","address":"","name":""},
  {"lat":39.976028,"lon":-74.138599,"city":"","state":"NJ","address":"","name":""},
  {"lat":40.670902,"lon":-74.915511,"city":"","state":"NJ","address":"","name":""},
  {"lat":40.310329,"lon":-74.303428,"city":"","state":"NJ","address":"","name":""},
  {"lat":39.3832,"lon":-76.6076,"city":"","state":"MD","address":"","name":""},
  {"lat":38.735079,"lon":-75.137595,"city":"","state":"DE","address":"","name":""},
  {"lat":40.2719,"lon":-80.1273,"city":"","state":"PA","address":"","name":""},
  {"lat":40.434837,"lon":-74.544601,"city":"","state":"NJ","address":"","name":""},
  {"lat":40.684208,"lon":-80.109682,"city":"","state":"PA","address":"","name":""},
  {"lat":40.033718,"lon":-76.244983,"city":"","state":"PA","address":"","name":""},
  {"lat":39.415067,"lon":-76.461803,"city":"","state":"MD","address":"","name":""},
  {"lat":40.152336,"lon":-76.606722,"city":"","state":"PA","address":"","name":""},
  {"lat":39.6702,"lon":-75.5052,"city":"","state":"NJ","address":"","name":""},
  {"lat":39.992192,"lon":-76.019561,"city":"","state":"PA","address":"","name":""},
  {"lat":40.392,"lon":-80.0684,"city":"","state":"PA","address":"","name":""},
  {"lat":40.470203,"lon":-74.302778,"city":"","state":"NJ","address":"","name":""},
  {"lat":39.428899,"lon":-74.507174,"city":"","state":"NJ","address":"","name":""},
  {"lat":39.858219,"lon":-74.987619,"city":"","state":"NJ","address":"","name":""},
  {"lat":38.9487,"lon":-76.4904,"city":"","state":"MD","address":"","name":""},
  {"lat":39.980236,"lon":-74.178507,"city":"","state":"NJ","address":"","name":""},
  {"lat":39.970538,"lon":-74.584206,"city":"","state":"NJ","address":"","name":""},
  {"lat":39.912392,"lon":-74.922961,"city":"","state":"NJ","address":"","name":""},
  {"lat":38.621611,"lon":-76.901358,"city":"","state":"MD","address":"","name":""},
  {"lat":40.2089,"lon":-76.7898,"city":"","state":"PA","address":"","name":""},
  {"lat":41.009156,"lon":-76.422025,"city":"","state":"PA","address":"","name":""},
  {"lat":40.65714,"lon":-75.600116,"city":"","state":"PA","address":"","name":""},
  {"lat":38.353842,"lon":-75.600551,"city":"","state":"MD","address":"","name":""},
  {"lat":39.966816,"lon":-75.358862,"city":"","state":"PA","address":"","name":""},
  {"lat":40.267905,"lon":-75.624779,"city":"","state":"PA","address":"","name":""},
  {"lat":40.338848,"lon":-76.463908,"city":"","state":"PA","address":"","name":""},
  {"lat":39.977709,"lon":-75.273642,"city":"","state":"PA","address":"","name":""},
  {"lat":40.830447,"lon":-76.839783,"city":"","state":"PA","address":"","name":""},
  {"lat":40.915416,"lon":-75.437171,"city":"","state":"PA","address":"","name":""},
  {"lat":39.428475,"lon":-76.357245,"city":"","state":"MD","address":"","name":""},
  {"lat":39.78832,"lon":-74.925509,"city":"","state":"NJ","address":"","name":""},
  {"lat":40.98826,"lon":-76.01117,"city":"","state":"PA","address":"","name":""},
  {"lat":39.464113,"lon":-75.202941,"city":"","state":"NJ","address":"","name":""},
  {"lat":41.4206,"lon":-75.6314,"city":"","state":"PA","address":"","name":""},
  {"lat":40.965473,"lon":-76.617988,"city":"","state":"PA","address":"","name":""},
  {"lat":40.947701,"lon":-74.290638,"city":"","state":"NJ","address":"","name":""},
  {"lat":40.3382,"lon":-79.8072,"city":"","state":"PA","address":"","name":""},
  {"lat":41.256281,"lon":-75.892139,"city":"","state":"PA","address":"","name":""},
  {"lat":40.043451,"lon":-77.533031,"city":"","state":"PA","address":"","name":""},
  {"lat":40.272922,"lon":-74.539176,"city":"","state":"NJ","address":"","name":""},
  {"lat":39.914914,"lon":-75.380322,"city":"","state":"PA","address":"","name":""},
  {"lat":40.5857,"lon":-75.3414,"city":"","state":"PA","address":"","name":""},
  {"lat":40.466184,"lon":-74.453407,"city":"","state":"NJ","address":"","name":""},
  {"lat":41.249399,"lon":-76.965553,"city":"","state":"PA","address":"","name":""},
  {"lat":40.192221,"lon":-74.719154,"city":"","state":"NJ","address":"","name":""},
  {"lat":40.028095,"lon":-76.219338,"city":"","state":"PA","address":"","name":""},
  {"lat":40.132582,"lon":-75.334229,"city":"","state":"PA","address":"","name":""},
  {"lat":38.701203,"lon":-75.353969,"city":"","state":"DE","address":"","name":""},
  {"lat":40.081051,"lon":-74.994028,"city":"","state":"PA","address":"","name":""},
  {"lat":39.989355,"lon":-75.011844,"city":"","state":"NJ","address":"","name":""},
  {"lat":40.8174,"lon":-75.7309,"city":"","state":"PA","address":"","name":""},
  {"lat":40.223499,"lon":-74.094445,"city":"","state":"NJ","address":"","name":""},
  {"lat":40.829917,"lon":-74.822044,"city":"","state":"NJ","address":"","name":""},
  {"lat":40.046833,"lon":-74.112481,"city":"","state":"NJ","address":"","name":""},
  {"lat":38.9917,"lon":-76.6987,"city":"","state":"MD","address":"","name":""},
  {"lat":39.312944,"lon":-76.757634,"city":"","state":"MD","address":"","name":""},
  {"lat":40.262604,"lon":-76.707242,"city":"","state":"PA","address":"","name":""},
  {"lat":39.952086,"lon":-76.715862,"city":"","state":"PA","address":"","name":""},
  {"lat":39.43681,"lon":-75.041362,"city":"","state":"NJ","address":"","name":""},
  {"lat":40.6726,"lon":-75.2662,"city":"","state":"PA","address":"","name":""},
  {"lat":40.057179,"lon":-75.028682,"city":"","state":"NJ","address":"","name":""},
  {"lat":39.413113,"lon":-77.425211,"city":"","state":"MD","address":"","name":""},
  {"lat":40.393476,"lon":-75.502169,"city":"","state":"PA","address":"","name":""},
  {"lat":40.752,"lon":-75.5911,"city":"","state":"PA","address":"","name":""},
  {"lat":40.3407,"lon":-80.0257,"city":"","state":"PA","address":"","name":""},
  {"lat":37.063152,"lon":-76.488791,"city":"","state":"VA","address":"","name":""},
  {"lat":39.894394,"lon":-75.31792,"city":"","state":"PA","address":"","name":""},
  {"lat":39.374888,"lon":-74.552988,"city":"","state":"NJ","address":"","name":""},
  {"lat":39.012834,"lon":-74.878069,"city":"","state":"NJ","address":"","name":""},
  {"lat":42.082,"lon":-80.0887,"city":"","state":"PA","address":"","name":""},
  {"lat":40.5607,"lon":-75.5678,"city":"","state":"PA","address":"","name":""},
  {"lat":40.4959,"lon":-79.9765,"city":"","state":"PA","address":"","name":""},
  {"lat":40.6407,"lon":-76.1585,"city":"","state":"PA","address":"","name":""},
  {"lat":40.0061,"lon":-75.0931,"city":"","state":"NJ","address":"","name":""},
  {"lat":39.284134,"lon":-76.506073,"city":"","state":"MD","address":"","name":""},
  {"lat":41.217897,"lon":-77.173927,"city":"","state":"PA","address":"","name":""},
  {"lat":40.331583,"lon":-75.13374,"city":"","state":"PA","address":"","name":""},
  {"lat":40.704157,"lon":-73.958004,"city":"","state":"NY","address":"","name":""},
  {"lat":39.834668,"lon":-75.156243,"city":"","state":"NJ","address":"","name":""},
  {"lat":40.147492,"lon":-75.396115,"city":"","state":"PA","address":"","name":""},
  {"lat":39.902269,"lon":-74.82776,"city":"","state":"NJ","address":"","name":""},
  {"lat":40.573759,"lon":-74.670656,"city":"","state":"NJ","address":"","name":""},
  {"lat":40.186203,"lon":-74.871024,"city":"","state":"PA","address":"","name":""},
  {"lat":38.337844,"lon":-75.112911,"city":"","state":"MD","address":"","name":""},
  {"lat":40.640736,"lon":-75.34818,"city":"","state":"PA","address":"","name":""},
  {"lat":28.415443,"lon":-81.455391,"city":"","state":"FL","address":"","name":""},
  {"lat":33.834178,"lon":-84.577043,"city":"","state":"GA","address":"","name":""},
  {"lat":40.414163,"lon":-79.855576,"city":"","state":"PA","address":"","name":""},
  {"lat":39.367885,"lon":-84.36375,"city":"","state":"OH","address":"","name":""},
  {"lat":40.15514,"lon":-75.22192,"city":"","state":"PA","address":"","name":""},
  {"lat":29.456413,"lon":-98.699973,"city":"","state":"TX","address":"","name":""},
  {"lat":39.270167,"lon":-84.413402,"city":"","state":"OH","address":"","name":""},
  {"lat":29.676039,"lon":-95.478449,"city":"","state":"TX","address":"","name":""},
  {"lat":37.233799,"lon":-76.643949,"city":"","state":"VA","address":"","name":""},
  {"lat":40.537058,"lon":-80.03573,"city":"","state":"PA","address":"","name":""},
  {"lat":40.325579,"lon":-75.877867,"city":"","state":"PA","address":"","name":""},
  {"lat":42.492481,"lon":-83.222687,"city":"","state":"MI","address":"","name":""},
  {"lat":40.849543,"lon":-74.133808,"city":"","state":"NJ","address":"","name":""},
  {"lat":31.60593,"lon":-84.207771,"city":"","state":"GA","address":"","name":""},
  {"lat":40.0485,"lon":-75.0579,"city":"","state":"PA","address":"","name":""},
  {"lat":40.426952,"lon":-79.707997,"city":"","state":"PA","address":"","name":""},
  {"lat":28.040306,"lon":-82.423844,"city":"","state":"FL","address":"","name":""},
  {"lat":28.411312,"lon":-81.461915,"city":"","state":"FL","address":"","name":""},
  {"lat":40.041182,"lon":-75.393567,"city":"","state":"PA","address":"","name":""},
  {"lat":27.54493,"lon":-82.476018,"city":"","state":"FL","address":"","name":""},
  {"lat":41.505878,"lon":-81.536827,"city":"","state":"OH","address":"","name":""},
  {"lat":42.234873,"lon":-83.268736,"city":"","state":"MI","address":"","name":""},
  {"lat":40.800843,"lon":-73.734415,"city":"","state":"NY","address":"","name":""},
  {"lat":40.720834,"lon":-74.23118,"city":"","state":"NJ","address":"","name":""},
  {"lat":33.049488,"lon":-80.155519,"city":"","state":"SC","address":"","name":""},
  {"lat":39.895646,"lon":-85.918322,"city":"","state":"IN","address":"","name":""},
  {"lat":32.76431,"lon":-117.228105,"city":"","state":"CA","address":"","name":""},
  {"lat":42.927495,"lon":-85.607934,"city":"","state":"MI","address":"","name":""},
  {"lat":39.917512,"lon":-77.655531,"city":"","state":"PA","address":"","name":""},
  {"lat":39.648241,"lon":-74.790303,"city":"","state":"NJ","address":"","name":""},
  {"lat":40.517819,"lon":-75.387829,"city":"","state":"PA","address":"","name":""},
  {"lat":39.289089,"lon":-76.621819,"city":"","state":"MD","address":"","name":""},
  {"lat":39.99283,"lon":-74.786017,"city":"","state":"NJ","address":"","name":""},
  {"lat":40.513264,"lon":-80.223866,"city":"","state":"PA","address":"","name":""},
  {"lat":42.344627,"lon":-88.263263,"city":"","state":"IL","address":"","name":""},
  {"lat":39.27661,"lon":-76.565266,"city":"","state":"MD","address":"","name":""},
  {"lat":35.583036,"lon":-80.882276,"city":"","state":"NC","address":"","name":""},
  {"lat":40.132034,"lon":-75.116152,"city":"","state":"PA","address":"","name":""},
  {"lat":39.04235,"lon":-77.522532,"city":"","state":"VA","address":"","name":""},
  {"lat":38.637411,"lon":-75.194022,"city":"","state":"DE","address":"","name":""},
  {"lat":39.16626,"lon":-86.528486,"city":"","state":"IN","address":"","name":""},
  {"lat":40.719562,"lon":-73.820467,"city":"","state":"NY","address":"","name":""},
  {"lat":40.251543,"lon":-74.733057,"city":"","state":"NJ","address":"","name":""},
  {"lat":38.068895,"lon":-122.541177,"city":"","state":"CA","address":"","name":""},
  {"lat":27.25333,"lon":-80.427865,"city":"","state":"FL","address":"","name":""},
  {"lat":29.669555,"lon":-98.118052,"city":"","state":"TX","address":"","name":""},
  {"lat":40.16935,"lon":-75.070663,"city":"","state":"PA","address":"","name":""},
  {"lat":41.042084,"lon":-81.56135,"city":"","state":"OH","address":"","name":""},
  {"lat":35.8007,"lon":-78.783454,"city":"","state":"NC","address":"","name":""},
  {"lat":40.512389,"lon":-75.781342,"city":"","state":"PA","address":"","name":""},
  {"lat":40.616326,"lon":-74.292351,"city":"","state":"NJ","address":"","name":""},
  {"lat":38.974337,"lon":-74.943975,"city":"","state":"NJ","address":"","name":""},
  {"lat":38.8437,"lon":-76.999572,"city":"","state":"MD","address":"","name":""},
  {"lat":30.2918,"lon":-81.3923,"city":"","state":"FL","address":"","name":""},
  {"lat":32.644282,"lon":-97.132292,"city":"","state":"TX","address":"","name":""},
  {"lat":41.45817,"lon":-75.18094,"city":"","state":"PA","address":"","name":""},
  {"lat":40.834709,"lon":-75.297768,"city":"","state":"PA","address":"","name":""},
  {"lat":40.549346,"lon":-75.980459,"city":"","state":"PA","address":"","name":""},
  {"lat":35.668174,"lon":-97.516007,"city":"","state":"OK","address":"","name":""},
  {"lat":40.351972,"lon":-74.066054,"city":"","state":"NJ","address":"","name":""},
  {"lat":39.647591,"lon":-84.263603,"city":"","state":"OH","address":"","name":""},
  {"lat":39.402467,"lon":-74.37247,"city":"","state":"NJ","address":"","name":""},
  {"lat":41.988992,"lon":-87.705499,"city":"","state":"IL","address":"","name":""},
  {"lat":39.178963,"lon":-76.668686,"city":"","state":"MD","address":"","name":""},
  {"lat":40.92771,"lon":-73.842182,"city":"","state":"NY","address":"","name":""},
  {"lat":39.361594,"lon":-76.780316,"city":"","state":"MD","address":"","name":""},
  {"lat":33.67506,"lon":-78.89934,"city":"","state":"SC","address":"","name":""},
  {"lat":38.466642,"lon":-75.088995,"city":"","state":"DE","address":"","name":""},
  {"lat":42.134604,"lon":-71.261532,"city":"","state":"MA","address":"","name":""},
  {"lat":36.961369,"lon":-86.452141,"city":"","state":"KY","address":"","name":""},
  {"lat":40.023525,"lon":-75.628697,"city":"","state":"PA","address":"","name":""},
  {"lat":40.596949,"lon":-74.400651,"city":"","state":"NJ","address":"","name":""},
  {"lat":40.10545,"lon":-75.339928,"city":"","state":"PA","address":"","name":""},
  {"lat":27.93665,"lon":-82.2436,"city":"","state":"FL","address":"","name":""},
  {"lat":38.330994,"lon":-75.085365,"city":"","state":"MD","address":"","name":""},
  {"lat":40.8239,"lon":-75.981,"city":"","state":"PA","address":"","name":""},
  {"lat":40.619101,"lon":-74.492454,"city":"","state":"NJ","address":"","name":""},
  {"lat":40.457862,"lon":-74.395892,"city":"","state":"NJ","address":"","name":""},
  {"lat":42.130743,"lon":-80.085889,"city":"","state":"PA","address":"","name":""},
  {"lat":41.060031,"lon":-76.237545,"city":"","state":"PA","address":"","name":""},
  {"lat":39.329295,"lon":-77.354161,"city":"","state":"MD","address":"","name":""},
  {"lat":27.76903,"lon":-82.33698,"city":"","state":"FL","address":"","name":""},
  {"lat":37.137846,"lon":-93.321977,"city":"","state":"MO","address":"","name":""},
  {"lat":41.459848,"lon":-81.863011,"city":"","state":"OH","address":"","name":""},
  {"lat":41.342671,"lon":-82.069935,"city":"","state":"OH","address":"","name":""},
  {"lat":27.642335,"lon":-80.460138,"city":"","state":"FL","address":"","name":""},
  {"lat":41.108635,"lon":-74.086562,"city":"","state":"NY","address":"","name":""},
  {"lat":40.701324,"lon":-74.013091,"city":"","state":"NY","address":"","name":""},
  {"lat":40.693225,"lon":-74.103127,"city":"","state":"NJ","address":"","name":""},
  {"lat":40.57948,"lon":-75.534192,"city":"","state":"PA","address":"","name":""},
  {"lat":42.484113,"lon":-83.33697,"city":"","state":"MI","address":"","name":""},
  {"lat":40.585726,"lon":-75.621922,"city":"","state":"PA","address":"","name":""},
  {"lat":33.210671,"lon":-87.553476,"city":"","state":"AL","address":"","name":""},
  {"lat":40.034318,"lon":-75.044346,"city":"","state":"NJ","address":"","name":""},
  {"lat":39.860479,"lon":-75.683119,"city":"","state":"PA","address":"","name":""},
  {"lat":40.346825,"lon":-75.031104,"city":"","state":"PA","address":"","name":""},
  {"lat":40.363058,"lon":-74.649904,"city":"","state":"NJ","address":"","name":""},
  {"lat":40.541024,"lon":-74.367317,"city":"","state":"NJ","address":"","name":""},
  {"lat":40.132,"lon":-74.8879,"city":"","state":"PA","address":"","name":""},
  {"lat":39.976668,"lon":-75.438625,"city":"","state":"PA","address":"","name":""},
  {"lat":40.018669,"lon":-78.50547,"city":"","state":"PA","address":"","name":""},
  {"lat":40.3134,"lon":-75.9456,"city":"","state":"PA","address":"","name":""},
  {"lat":40.030486,"lon":-83.156065,"city":"","state":"OH","address":"","name":""},
  {"lat":40.509055,"lon":-112.000648,"city":"","state":"UT","address":"","name":""},
  {"lat":40.626539,"lon":-77.564335,"city":"","state":"PA","address":"","name":""},
  {"lat":40.511099,"lon":-74.248674,"city":"","state":"NJ","address":"","name":""},
  {"lat":32.032511,"lon":-80.963901,"city":"","state":"GA","address":"","name":""},
  {"lat":39.335843,"lon":-76.63046,"city":"","state":"MD","address":"","name":""},
  {"lat":40.893662,"lon":-73.975582,"city":"","state":"NJ","address":"","name":""},
  {"lat":40.23644,"lon":-76.969431,"city":"","state":"PA","address":"","name":""},
  {"lat":38.716858,"lon":-75.077477,"city":"","state":"DE","address":"","name":""},
  {"lat":40.6477,"lon":-75.4967,"city":"","state":"PA","address":"","name":""},
  {"lat":40.1777,"lon":-76.1958,"city":"","state":"PA","address":"","name":""},
  {"lat":39.4848,"lon":-74.9569,"city":"","state":"NJ","address":"","name":""},
  {"lat":40.4695,"lon":-79.8236,"city":"","state":"PA","address":"","name":""},
  {"lat":40.502364,"lon":-74.855811,"city":"","state":"NJ","address":"","name":""},
  {"lat":39.34,"lon":-76.5058,"city":"","state":"MD","address":"","name":""},
  {"lat":40.057516,"lon":-83.074912,"city":"","state":"OH","address":"","name":""},
  {"lat":39.317135,"lon":-76.460073,"city":"","state":"MD","address":"","name":""},
  {"lat":38.887005,"lon":-77.441871,"city":"","state":"VA","address":"","name":""},
  {"lat":39.419726,"lon":-76.615648,"city":"","state":"MD","address":"","name":""},
  {"lat":40.234339,"lon":-75.666719,"city":"","state":"PA","address":"","name":""},
  {"lat":40.618021,"lon":-73.958082,"city":"","state":"NY","address":"","name":""},
  {"lat":39.492772,"lon":-76.396389,"city":"","state":"MD","address":"","name":""},
  {"lat":41.651483,"lon":-74.674218,"city":"","state":"NY","address":"","name":""},
  {"lat":38.946593,"lon":-104.800644,"city":"","state":"CO","address":"","name":""},
  {"lat":40.206885,"lon":-74.056832,"city":"","state":"NJ","address":"","name":""},
  {"lat":39.97653,"lon":-76.667029,"city":"","state":"PA","address":"","name":""},
  {"lat":40.198626,"lon":-75.524348,"city":"","state":"PA","address":"","name":""},
  {"lat":42.013044,"lon":-87.832454,"city":"","state":"IL","address":"","name":""},
  {"lat":41.534377,"lon":-73.085518,"city":"","state":"CT","address":"","name":""},
  {"lat":40.385448,"lon":-75.92724,"city":"","state":"PA","address":"","name":""},
  {"lat":42.625307,"lon":-82.973728,"city":"","state":"MI","address":"","name":""},
  {"lat":39.864935,"lon":-75.427583,"city":"","state":"PA","address":"","name":""},
  {"lat":39.68466,"lon":-75.744292,"city":"","state":"DE","address":"","name":""},
  {"lat":39.958199,"lon":-86.014646,"city":"","state":"IN","address":"","name":""},
  {"lat":39.03682,"lon":-76.439909,"city":"","state":"MD","address":"","name":""},
  {"lat":39.384775,"lon":-76.68788,"city":"","state":"MD","address":"","name":""},
  {"lat":44.720881,"lon":-93.175049,"city":"","state":"MN","address":"","name":""},
  {"lat":39.759892,"lon":-75.354586,"city":"","state":"NJ","address":"","name":""},
  {"lat":31.320777,"lon":-85.832325,"city":"","state":"AL","address":"","name":""},
  {"lat":40.061894,"lon":-75.684685,"city":"","state":"PA","address":"","name":""},
  {"lat":28.078985,"lon":-80.630819,"city":"","state":"FL","address":"","name":""},
  {"lat":40.482831,"lon":-78.398892,"city":"","state":"PA","address":"","name":""},
  {"lat":39.6625,"lon":-75.6402,"city":"","state":"DE","address":"","name":""},
  {"lat":40.579827,"lon":-74.501277,"city":"","state":"NJ","address":"","name":""},
  {"lat":39.146391,"lon":-77.144456,"city":"","state":"MD","address":"","name":""},
  {"lat":40.082102,"lon":-75.188806,"city":"","state":"PA","address":"","name":""},
  {"lat":40.172736,"lon":-74.833924,"city":"","state":"PA","address":"","name":""},
  {"lat":40.082051,"lon":-75.170976,"city":"","state":"PA","address":"","name":""},
  {"lat":32.143762,"lon":-80.750896,"city":"","state":"SC","address":"","name":""}]}