{"key":"roller_skating_rink","displayName":"Roller Skating Rinks","category":"entertainment","useLocationName":true,"locations":[
  {"lat":42.688244,"lon":-71.431235,"city":"Tyngsborough","state":"MA","address":"355 Middlesex Road","name":"Roller Kingdom Tyngsboro"},
  {"lat":42.3949318,"lon":-71.5886507,"city":"Hudson","state":"MA","address":"456 Oak Ave","name":"Roller Kingdom Hudson"},
  {"lat":42.950794,"lon":-71.433028,"city":"Manchester","state":"NH","address":"725 Huse Road","name":"Remix"}]}