{"key":"royal_farms","displayName":"Royal Farms","category":"gas_station","useLocationName":false,"locations":[
  {"lat":39.185737,"lon":-78.145759,"city":"Winchester","state":"VA","address":"920 Berryville Avenue","name":""},
  {"lat":39.445118,"lon":-77.992404,"city":"Martinsburg","state":"WV","address":"105 Weis Avenue","name":""},
  {"lat":39.43563,"lon":-77.958268,"city":"Martinsburg","state":"WV","address":"29 Grapevine Road","name":""},
  {"lat":39.633001,"lon":-77.807712,"city":"Hagerstown","state":"MD","address":"11532 French Lane","name":""},
  {"lat":39.440824,"lon":-77.437724,"city":"Frederick","state":"MD","address":"2050 Yellow Springs Road","name":""},
  {"lat":39.435893,"lon":-77.375967,"city":"Frederick","state":"MD","address":"1708 Monocacy Blvd.","name":""},
  {"lat":39.395734,"lon":-77.408191,"city":"Frederick","state":"MD","address":"5831 Buckeystown Pike","name":""},
  {"lat":39.405801,"lon":-77.391119,"city":"Frederick","state":"MD","address":"75 Monocacy Blvd.","name":""},
  {"lat":39.376031,"lon":-77.408829,"city":"Frederick","state":"MD","address":"7402 Shockley Dr","name":""},
  {"lat":39.36465,"lon":-77.433798,"city":"Frederick","state":"MD","address":"6730 English Muffin Way","name":""},
  {"lat":39.028711,"lon":-77.510837,"city":"Ashburn","state":"VA","address":"43101 Van Metre Drive","name":""},
  {"lat":39.327707,"lon":-77.346486,"city":"Urbana","state":"MD","address":"9180 Fingerboard Road","name":""},
  {"lat":38.913738,"lon":-77.485997,"city":"Chantilly","state":"VA","address":"25451 Lizzio Center Drive","name":""},
  {"lat":38.295631,"lon":-77.496949,"city":"Fredericksburg","state":"VA","address":"2216 Plank Road","name":""},
  {"lat":38.249219,"lon":-77.499783,"city":"Fredericksburg","state":"VA","address":"10520 Patriot Hwy","name":""},
  {"lat":38.352183,"lon":-77.508028,"city":"Fredericksburg","state":"VA","address":"4 Commerce Parkway","name":""},
  {"lat":39.847744,"lon":-77.18791,"city":"Gettysburg","state":"PA","address":"1580 York Road","name":""},
  {"lat":39.750585,"lon":-77.094803,"city":"Littlestown","state":"PA","address":"450 N. Queen Street","name":""},
  {"lat":39.158271,"lon":-77.222928,"city":"Gaithersburg","state":"MD","address":"690 Watkins Mills Road","name":""},
  {"lat":39.595876,"lon":-76.998279,"city":"Westminster","state":"MD","address":"720 Corporate Center Court","name":""},
  {"lat":39.264461,"lon":-76.985902,"city":"Glenelg","state":"MD","address":"3901 Ten Oaks Road","name":""},
  {"lat":38.163476,"lon":-77.198458,"city":"Port Royal","state":"VA","address":"25550 A.P. Hill Blvd","name":""},
  {"lat":39.802085,"lon":-76.984535,"city":"Hanover","state":"PA","address":"101 Carlisle Street","name":""},
  {"lat":39.464348,"lon":-76.934012,"city":"Gamber","state":"MD","address":"4007 Sykesville Rd","name":""},
  {"lat":39.403998,"lon":-76.951726,"city":"Eldersburg","state":"MD","address":"1261 Liberty Road","name":""},
  {"lat":39.539609,"lon":-76.930411,"city":"Westminster","state":"MD","address":"1818 Baltimore Blvd","name":""},
  {"lat":39.470582,"lon":-76.829975,"city":"Reisterstown","state":"MD","address":"15 Hanover Pike","name":""},
  {"lat":39.440005,"lon":-76.806093,"city":"Owings Mills","state":"MD","address":"11510 Reisterstown Road","name":""},
  {"lat":39.423991,"lon":-76.80571,"city":"Owings Mills","state":"MD","address":"10988 Red Run Blvd.","name":""},
  {"lat":39.080747,"lon":-76.88714,"city":"Laurel","state":"MD","address":"6901 Van Dusen Road","name":""},
  {"lat":39.175796,"lon":-76.844156,"city":"Columbia","state":"MD","address":"7084 Minstrel Way","name":""},
  {"lat":39.100949,"lon":-76.816528,"city":"Laurel","state":"MD","address":"3470 Ft. Meade Road","name":""},
  {"lat":39.145726,"lon":-76.809428,"city":"Jessup","state":"MD","address":"8686 Washington Blvd","name":""},
  {"lat":38.799396,"lon":-77.003051,"city":"National Harbor","state":"MD","address":"100 Monument Avenue","name":""},
  {"lat":38.823158,"lon":-76.91794,"city":"Camp Springs","state":"MD","address":"5200 Auth Road","name":""},
  {"lat":38.803927,"lon":-76.906411,"city":"Camp Springs","state":"MD","address":"6210 Allentown Road","name":""},
  {"lat":38.842898,"lon":-76.884212,"city":"District Heights","state":"MD","address":"3700 Donnell Drive","name":""},
  {"lat":38.843355,"lon":-76.873245,"city":"District Heights","state":"MD","address":"3300 Forestville Road","name":""},
  {"lat":38.712694,"lon":-76.878875,"city":"Brandywine","state":"MD","address":"7401 Moores Road","name":""},
  {"lat":38.810259,"lon":-76.823163,"city":"Upper Marlboro","state":"MD","address":"5770 Woodyard Rd","name":""},
  {"lat":38.866702,"lon":-76.837928,"city":"Upper Marlboro","state":"MD","address":"1700 Sansbury Road","name":""},
  {"lat":39.285208,"lon":-76.759011,"city":"Catonsville","state":"MD","address":"6430 Baltimore National Pike","name":""},
  {"lat":39.226715,"lon":-76.817179,"city":"Columbia","state":"MD","address":"8755 Centre Park Drive","name":""},
  {"lat":39.368229,"lon":-76.799243,"city":"Randallstown","state":"MD","address":"9043 Liberty Road","name":""},
  {"lat":39.354731,"lon":-76.758892,"city":"Windsor Mill","state":"MD","address":"8100 Liberty Road","name":""},
  {"lat":39.32243,"lon":-76.727069,"city":"Baltimore","state":"MD","address":"6416 Windsor Mill Road","name":""},
  {"lat":39.28125,"lon":-76.724976,"city":"Catonsville","state":"MD","address":"6124 Edmondson Avenue","name":""},
  {"lat":39.309332,"lon":-76.708437,"city":"Baltimore","state":"MD","address":"2000 Forest Park Avenue","name":""},
  {"lat":39.189056,"lon":-76.795818,"city":"Elkridge","state":"MD","address":"8268 Lark Brown Road","name":""},
  {"lat":39.406647,"lon":-76.763409,"city":"Owings Mills","state":"MD","address":"9740 Reisterstown Road","name":""},
  {"lat":39.174187,"lon":-76.777634,"city":"Jessup","state":"MD","address":"7136 Montevideo Road","name":""},
  {"lat":38.942659,"lon":-76.870857,"city":"Hyattsville","state":"MD","address":"8211 Ardwick Ardmore Road","name":""},
  {"lat":38.997011,"lon":-76.892098,"city":"Greenbelt","state":"MD","address":"6600 Capitol Drive","name":""},
  {"lat":38.939324,"lon":-76.91006,"city":"Hyattsville","state":"MD","address":"6120 Annapolis Road","name":""},
  {"lat":38.929817,"lon":-76.791356,"city":"Bowie","state":"MD","address":"1910 Grand Way Blvd.","name":""},
  {"lat":38.265704,"lon":-76.452106,"city":"Lexington Park","state":"MD","address":"21779 Tulagi Place","name":""},
  {"lat":38.815998,"lon":-76.779705,"city":"Upper Marlboro","state":"MD","address":"5351 Ritchie Marlboro Road","name":""},
  {"lat":38.814119,"lon":-76.538408,"city":"Churchton","state":"MD","address":"5573 Shady Side Road","name":""},
  {"lat":38.930361,"lon":-76.556026,"city":"Edgewater","state":"MD","address":"301 Londontown Road","name":""},
  {"lat":38.969018,"lon":-76.484029,"city":"Annapolis","state":"MD","address":"424 Sixth Street","name":""},
  {"lat":39.058189,"lon":-76.655026,"city":"Gambrills","state":"MD","address":"700 Annapolis Road","name":""},
  {"lat":39.06142,"lon":-76.651479,"city":"Gambrills","state":"MD","address":"1114 Maryland Rt. 3 North","name":""},
  {"lat":39.079761,"lon":-76.547152,"city":"Severna Park","state":"MD","address":"517 Ritchie Highway","name":""},
  {"lat":39.099514,"lon":-76.627049,"city":"Millersville","state":"MD","address":"8498 Veterans Highway","name":""},
  {"lat":39.132614,"lon":-76.73992,"city":"Hanover","state":"MD","address":"7910 Shipley Homestead Drive","name":""},
  {"lat":39.142735,"lon":-76.761089,"city":"Jessup","state":"MD","address":"2848 - 2856 Jessup Road","name":""},
  {"lat":39.100638,"lon":-76.720327,"city":"Odenton","state":"MD","address":"1560 Annapolis Road","name":""},
  {"lat":39.137279,"lon":-76.684899,"city":"Severn","state":"MD","address":"7839 Telegraph Road","name":""},
  {"lat":39.116654,"lon":-76.63439,"city":"Millersville","state":"MD","address":"8198 Veterans Hwy","name":""},
  {"lat":39.169967,"lon":-76.644475,"city":"Glen Burnie","state":"MD","address":"930 Cromwell Park Drive","name":""},
  {"lat":39.14087,"lon":-76.618843,"city":"Glen Burnie","state":"MD","address":"200 Oak Manor Drive","name":""},
  {"lat":39.18468,"lon":-76.639872,"city":"Ferndale","state":"MD","address":"7201 Balto-Annapolis Blvd","name":""},
  {"lat":39.202076,"lon":-76.654943,"city":"Linthicum","state":"MD","address":"400 Camp Meade Road","name":""},
  {"lat":39.215038,"lon":-76.677749,"city":"Linthicum Heights","state":"MD","address":"803 Pinnacle Drive","name":""},
  {"lat":39.138772,"lon":-76.602091,"city":"Glen Burnie","state":"MD","address":"7908 Ritchie Highway","name":""},
  {"lat":39.186556,"lon":-76.612276,"city":"Glen Burnie","state":"MD","address":"6901 Governor Ritchie Hwy","name":""},
  {"lat":39.239602,"lon":-76.682028,"city":"Halethorpe","state":"MD","address":"4308 Washington Blvd","name":""},
  {"lat":39.237939,"lon":-76.662719,"city":"Baltimore","state":"MD","address":"4384 Hollins Ferry Road","name":""},
  {"lat":39.252679,"lon":-76.668208,"city":"Lansdowne","state":"MD","address":"3505 Washington Blvd","name":""},
  {"lat":39.250813,"lon":-76.646483,"city":"Baltimore","state":"MD","address":"2215 W Patapsco Ave","name":""},
  {"lat":39.248916,"lon":-76.640121,"city":"Baltimore","state":"MD","address":"3360 Annapolis Rd","name":""},
  {"lat":39.238556,"lon":-76.610741,"city":"Baltimore","state":"MD","address":"3601 Potee Street","name":""},
  {"lat":39.108314,"lon":-76.494133,"city":"Pasadena","state":"MD","address":"4500 Mountain Road","name":""},
  {"lat":39.153891,"lon":-76.517797,"city":"Pasadena","state":"MD","address":"8551 Fort Smallwood Road","name":""},
  {"lat":39.128779,"lon":-76.545752,"city":"Pasadena","state":"MD","address":"2500 Mountain Road","name":""},
  {"lat":39.200991,"lon":-76.554648,"city":"Baltimore","state":"MD","address":"6411 Fort Smallwood Road","name":""},
  {"lat":39.236508,"lon":-76.474168,"city":"Sparrows Point","state":"MD","address":"7101 Bethlehem Blvd.","name":""},
  {"lat":39.256079,"lon":-76.462218,"city":"Dundalk","state":"MD","address":"4401 North Point Blvd.","name":""},
  {"lat":39.258737,"lon":-76.525013,"city":"Dundalk","state":"MD","address":"18A Dundalk Avenue","name":""},
  {"lat":39.26925,"lon":-76.470532,"city":"Dundalk","state":"MD","address":"4015 North Point Blvd","name":""},
  {"lat":39.288909,"lon":-76.612642,"city":"Baltimore","state":"MD","address":"36 Light Street (Light at Lombard)","name":""},
  {"lat":39.285121,"lon":-76.587398,"city":"Baltimore","state":"MD","address":"2050 Fleet Street","name":""},
  {"lat":39.272395,"lon":-76.600608,"city":"Baltimore","state":"MD","address":"1440 Key Hwy","name":""},
  {"lat":39.294649,"lon":-76.569853,"city":"Baltimore","state":"MD","address":"3333 Fayette Street","name":""},
  {"lat":39.274095,"lon":-76.628572,"city":"Baltimore","state":"MD","address":"1530 Russell Street","name":""},
  {"lat":39.285278,"lon":-76.565779,"city":"Baltimore","state":"MD","address":"3701 Fleet Street","name":""},
  {"lat":39.33219,"lon":-76.627598,"city":"Baltimore","state":"MD","address":"3635 Keswick Road","name":""},
  {"lat":39.2749,"lon":-76.642366,"city":"Baltimore","state":"MD","address":"1801 Washington Blvd","name":""},
  {"lat":39.331408,"lon":-76.632478,"city":"Baltimore","state":"MD","address":"920 W. 36th Street","name":""},
  {"lat":39.337744,"lon":-76.636687,"city":"Baltimore","state":"MD","address":"1119 West 41st Street","name":""},
  {"lat":39.281374,"lon":-76.554897,"city":"Baltimore","state":"MD","address":"4820 O'Donnell Street","name":""},
  {"lat":39.279435,"lon":-76.554671,"city":"Baltimore","state":"MD","address":"1200 S. Ponca Street","name":""},
  {"lat":39.345268,"lon":-76.62726,"city":"Baltimore","state":"MD","address":"206 West Cold Spring Lane","name":""},
  {"lat":39.28715,"lon":-76.546046,"city":"Baltimore","state":"MD","address":"5801 Eastern Avenue","name":""},
  {"lat":39.302712,"lon":-76.543562,"city":"Baltimore","state":"MD","address":"6201 Pulaski Highway","name":""},
  {"lat":39.26458,"lon":-76.655312,"city":"Baltimore","state":"MD","address":"2704 Washington Blvd","name":""},
  {"lat":39.268454,"lon":-76.668765,"city":"Baltimore","state":"MD","address":"1202 South Caton Ave","name":""},
  {"lat":39.272507,"lon":-76.542821,"city":"Baltimore","state":"MD","address":"6100 Holabird Avenue","name":""},
  {"lat":39.35005,"lon":-76.563927,"city":"Baltimore","state":"MD","address":"5232 Harford Road","name":""},
  {"lat":39.310497,"lon":-76.530149,"city":"Baltimore","state":"MD","address":"1501 62ND Street","name":""},
  {"lat":39.319154,"lon":-76.511992,"city":"Baltimore","state":"MD","address":"7950 Pulaski Highway","name":""},
  {"lat":39.37247,"lon":-76.649439,"city":"Baltimore","state":"MD","address":"6067 Falls Road","name":""},
  {"lat":39.382823,"lon":-76.60784,"city":"Baltimore","state":"MD","address":"7204 York Road","name":""},
  {"lat":39.279447,"lon":-76.501151,"city":"Dundalk","state":"MD","address":"7701 German Hill Road","name":""},
  {"lat":39.300434,"lon":-76.491855,"city":"Essex","state":"MD","address":"8235 Eastern Blvd.","name":""},
  {"lat":39.376,"lon":-76.546159,"city":"Baltimore","state":"MD","address":"2700 Taylor Avenue","name":""},
  {"lat":39.375546,"lon":-76.677433,"city":"Pikesville","state":"MD","address":"2330 Smith Avenue","name":""},
  {"lat":39.365388,"lon":-76.519408,"city":"Fullerton","state":"MD","address":"7560 Belair Road","name":""},
  {"lat":39.378499,"lon":-76.538301,"city":"Baltimore","state":"MD","address":"8207 Harford Road","name":""},
  {"lat":39.396134,"lon":-76.568442,"city":"Baynesville","state":"MD","address":"1525 East Joppa Road","name":""},
  {"lat":39.316306,"lon":-76.474948,"city":"Baltimore","state":"MD","address":"627 Mace Avenue","name":""},
  {"lat":39.340901,"lon":-76.483352,"city":"Baltimore","state":"MD","address":"8803 Philadelphia Road","name":""},
  {"lat":39.406187,"lon":-76.58182,"city":"Towson","state":"MD","address":"601 Southwick Drive","name":""},
  {"lat":39.488983,"lon":-76.657109,"city":"Hunt Valley","state":"MD","address":"11119 McCormick Road","name":""},
  {"lat":39.456316,"lon":-76.635901,"city":"Timonium","state":"MD","address":"100 W. Padonia Road","name":""},
  {"lat":39.440697,"lon":-76.625341,"city":"Timonium","state":"MD","address":"5 East Timonium Road","name":""},
  {"lat":39.409544,"lon":-76.648207,"city":"Ruxton","state":"MD","address":"1630 West Joppa Rd","name":""},
  {"lat":39.422466,"lon":-76.632133,"city":"Lutherville","state":"MD","address":"501 Seminary Avenue","name":""},
  {"lat":39.59131,"lon":-76.667992,"city":"Parkton","state":"MD","address":"118 Mt. Carmel Road","name":""},
  {"lat":39.414412,"lon":-76.463042,"city":"Perry Hall","state":"MD","address":"9620 Belair Road","name":""},
  {"lat":39.497216,"lon":-76.388315,"city":"Fallston","state":"MD","address":"1915 Belair Rd.","name":""},
  {"lat":39.398785,"lon":-76.534958,"city":"Baltimore","state":"MD","address":"2410 East Joppa Road","name":""},
  {"lat":39.55559,"lon":-76.525001,"city":"Monkton","state":"MD","address":"3209 Jarrettsville Pike Rd","name":""},
  {"lat":39.379859,"lon":-76.42858,"city":"White Marsh","state":"MD","address":"10740 Pulaski Hwy","name":""},
  {"lat":39.37475,"lon":-76.44482,"city":"White Marsh","state":"MD","address":"5360 Nottingridge Road","name":""},
  {"lat":39.450922,"lon":-76.355136,"city":"Joppa","state":"MD","address":"2620 Mountain Rd.","name":""},
  {"lat":39.352941,"lon":-76.455721,"city":"Middle River","state":"MD","address":"9518 Pulaski Highway","name":""},
  {"lat":39.433053,"lon":-76.337186,"city":"Joppa","state":"MD","address":"1107 S. Mountain Road","name":""},
  {"lat":39.408033,"lon":-76.349158,"city":"Joppatowne","state":"MD","address":"500 Joppa Farm Road","name":""},
  {"lat":39.359928,"lon":-76.410208,"city":"Middle River","state":"MD","address":"11905 Market Way and Rt. 43","name":""},
  {"lat":39.562514,"lon":-76.372816,"city":"Forest Hill","state":"MD","address":"Rock Spring Road","name":""},
  {"lat":39.470114,"lon":-76.308841,"city":"Abingdon","state":"MD","address":"10 Box Hill South Parkway","name":""},
  {"lat":39.335489,"lon":-76.446773,"city":"Baltimore","state":"MD","address":"1302 Windlass Drive","name":""},
  {"lat":39.36115,"lon":-76.366736,"city":"Chase","state":"MD","address":"12545 Eastern Avenue","name":""},
  {"lat":39.447868,"lon":-76.30011,"city":"Edgewood","state":"MD","address":"2603 Philadelphia Road","name":""},
  {"lat":39.337862,"lon":-76.4058,"city":"Middle River","state":"MD","address":"3320 Eastern Blvd.","name":""},
  {"lat":39.721666,"lon":-76.543811,"city":"Stewartstown","state":"PA","address":"17302 Draco Road","name":""},
  {"lat":39.771045,"lon":-76.665873,"city":"New Freedom","state":"PA","address":"732 East Forrest Avenue","name":""},
  {"lat":39.910899,"lon":-76.681583,"city":"York","state":"PA","address":"2605 S. Queen Street","name":""},
  {"lat":39.745716,"lon":-76.330545,"city":"Delta","state":"PA","address":"933 Broad Street","name":""},
  {"lat":38.965391,"lon":-76.22107,"city":"Grasonville","state":"MD","address":"108 Jackson Creek Road","name":""},
  {"lat":39.332891,"lon":-76.395764,"city":"Baltimore","state":"MD","address":"406 Bowleys Quarter Rd","name":""},
  {"lat":39.305708,"lon":-76.441667,"city":"Essex","state":"MD","address":"1601 Middleborough Road","name":""},
  {"lat":39.294863,"lon":-76.458071,"city":"Baltimore","state":"MD","address":"898 S. Marlyn Ave","name":""},
  {"lat":39.313159,"lon":-76.463316,"city":"Essex","state":"MD","address":"1010 Old Eastern Ave","name":""},
  {"lat":39.426066,"lon":-76.298798,"city":"Edgewood","state":"MD","address":"630 Edgewood Road","name":""},
  {"lat":39.576446,"lon":-76.34279,"city":"Bel Air","state":"MD","address":"2201 Jack Lane","name":""},
  {"lat":39.637739,"lon":-76.267146,"city":"Street","state":"MD","address":"3606 Conowingo Road","name":""},
  {"lat":39.546866,"lon":-76.312528,"city":"Bel Air","state":"MD","address":"1601 E. Churchville Road","name":""},
  {"lat":39.488662,"lon":-76.256104,"city":"Bel Air","state":"MD","address":"2692 Tobin Crossing","name":""},
  {"lat":39.497081,"lon":-76.177581,"city":"Aberdeen","state":"MD","address":"742 S. Philadelphia Road","name":""},
  {"lat":39.51282,"lon":-76.183702,"city":"Aberdeen","state":"MD","address":"1021 Middleton Road","name":""},
  {"lat":39.529225,"lon":-76.1942,"city":"Aberdeen","state":"MD","address":"3710 Churchville Road","name":""},
  {"lat":39.553801,"lon":-76.101732,"city":"Havre de Grace","state":"MD","address":"803 Pulaski Highway","name":""},
  {"lat":39.551341,"lon":-76.096765,"city":"Havre de Grace","state":"MD","address":"405 Juniata Street","name":""},
  {"lat":39.678105,"lon":-76.160214,"city":"Conowingo","state":"MD","address":"379 Conowingo Road","name":""},
  {"lat":38.781504,"lon":-76.060376,"city":"Easton","state":"MD","address":"8480 Ocean Gateway","name":""},
  {"lat":38.758868,"lon":-76.061718,"city":"Easton","state":"MD","address":"7655 Ocean Gateway","name":""},
  {"lat":38.557075,"lon":-76.059452,"city":"Cambridge","state":"MD","address":"2703 Ocean Gateway","name":""},
  {"lat":38.988718,"lon":-76.152967,"city":"Queenstown","state":"MD","address":"105 Clay Drive","name":""},
  {"lat":38.923414,"lon":-75.957142,"city":"Queen Anne","state":"MD","address":"32303 Queen Anne Hwy","name":""},
  {"lat":39.218594,"lon":-76.079846,"city":"Chestertown","state":"MD","address":"859 High Street","name":""},
  {"lat":39.196485,"lon":-76.033819,"city":"Chestertown","state":"MD","address":"6502 Church Hill Road","name":""},
  {"lat":39.608358,"lon":-76.100849,"city":"Port Deposit","state":"MD","address":"1336 Jacob Tome Hwy","name":""},
  {"lat":39.587743,"lon":-76.065253,"city":"Perryville","state":"MD","address":"1825 Perryville Road","name":""},
  {"lat":39.570351,"lon":-76.069581,"city":"Perryville","state":"MD","address":"5415 Pulaski Highway","name":""},
  {"lat":39.611485,"lon":-75.931559,"city":"North East","state":"MD","address":"500 Mechanics Valley Road","name":""},
  {"lat":39.404737,"lon":-75.867852,"city":"Cecilton","state":"MD","address":"115 N Bohemia Ave","name":""},
  {"lat":38.849792,"lon":-75.815036,"city":"Denton","state":"MD","address":"8859 Harmony Road","name":""},
  {"lat":39.598871,"lon":-75.82802,"city":"Elkton","state":"MD","address":"25 Augustine Herman Hwy","name":""},
  {"lat":39.606046,"lon":-75.790244,"city":"Elkton","state":"MD","address":"1199 East Pulaski Hwy. (Delancy)","name":""},
  {"lat":39.604067,"lon":-75.767355,"city":"Newark","state":"DE","address":"2808 Pulaski Highway","name":""},
  {"lat":39.642957,"lon":-75.729517,"city":"Newark","state":"DE","address":"865 Old Baltimore Pike","name":""},
  {"lat":39.622591,"lon":-75.686489,"city":"Bear","state":"DE","address":"1551 Pulaski Highway and Wellington","name":""},
  {"lat":38.885225,"lon":-75.829268,"city":"Denton","state":"MD","address":"502 Market Street","name":""},
  {"lat":38.696875,"lon":-75.787269,"city":"Federalsburg","state":"MD","address":"331 Bloomingdale Avenue","name":""},
  {"lat":38.220097,"lon":-75.701726,"city":"Princess Anne","state":"MD","address":"12282 Brittingham Lane","name":""},
  {"lat":38.343526,"lon":-75.190994,"city":"Berlin","state":"MD","address":"10633 Ocean Gateway","name":""},
  {"lat":37.923254,"lon":-75.484947,"city":"Wallops Island","state":"VA","address":"33620 Chincoteague Road","name":""},
  {"lat":38.45656,"lon":-75.051578,"city":"Fenwick","state":"DE","address":"701 Coastal Hwy","name":""},
  {"lat":38.402276,"lon":-75.061183,"city":"Ocean City","state":"MD","address":"8307 Coastal Highway","name":""},
  {"lat":38.467944,"lon":-75.120106,"city":"Selbyville","state":"DE","address":"36347 Lighthouse Road","name":""},
  {"lat":38.543603,"lon":-75.090566,"city":"Ocean View","state":"DE","address":"58 Atlantic Avenue","name":""},
  {"lat":38.335517,"lon":-75.104731,"city":"Ocean City","state":"MD","address":"12826A Ocean Gateway","name":""},
  {"lat":38.21467,"lon":-75.69585,"city":"Princess Anne","state":"MD","address":"30452 Mt. Vernon Road","name":""},
  {"lat":38.409871,"lon":-75.642107,"city":"Salisbury","state":"MD","address":"7900 Royalty Way","name":""},
  {"lat":38.367714,"lon":-75.618427,"city":"Salisbury","state":"MD","address":"1150 Pemberton Drive","name":""},
  {"lat":38.366726,"lon":-75.595066,"city":"Salisbury","state":"MD","address":"101 North Salisbury Avenue","name":""},
  {"lat":38.8048,"lon":-75.58341,"city":"Greenwood","state":"DE","address":"2 Schultz Rd.","name":""},
  {"lat":38.723455,"lon":-75.589231,"city":"Bridgeville","state":"DE","address":"18657 Sussex Hwy","name":""},
  {"lat":39.153584,"lon":-75.648166,"city":"Hartly","state":"DE","address":"6358 Halltown Road","name":""},
  {"lat":39.439542,"lon":-75.747075,"city":"Middletown","state":"DE","address":"840 Middletown Warwick Road","name":""},
  {"lat":39.733491,"lon":-75.640096,"city":"Wilmington","state":"DE","address":"3701 Kirkwood Highway","name":""},
  {"lat":39.69321,"lon":-75.654221,"city":"Newark","state":"DE","address":"457 Stanton Christiana Rd","name":""},
  {"lat":38.924334,"lon":-75.567288,"city":"Harrington","state":"DE","address":"7250 Milford Harrington Highway","name":""},
  {"lat":39.00649,"lon":-75.57029,"city":"Felton","state":"DE","address":"11460 S. Dupont Hwy","name":""},
  {"lat":38.901638,"lon":-75.440322,"city":"Milford","state":"DE","address":"566 South Dupont Blvd.","name":""},
  {"lat":38.639604,"lon":-75.594142,"city":"Seaford","state":"DE","address":"8800 Concord Road","name":""},
  {"lat":38.642383,"lon":-75.609283,"city":"Seaford","state":"DE","address":"500 High Street","name":""},
  {"lat":38.569216,"lon":-75.562922,"city":"Laurel","state":"DE","address":"10722 Georgetown Road","name":""},
  {"lat":38.554521,"lon":-75.55575,"city":"Laurel","state":"DE","address":"30983 Sussex Highway","name":""},
  {"lat":38.329426,"lon":-75.61418,"city":"Fruitland","state":"MD","address":"101 W. Cedar Lane","name":""},
  {"lat":38.336407,"lon":-75.599303,"city":"Salisbury","state":"MD","address":"1401 South Division Street","name":""},
  {"lat":38.349285,"lon":-75.601446,"city":"Salisbury","state":"MD","address":"1033 S. Salisbury Blvd.","name":""},
  {"lat":38.347747,"lon":-75.5815,"city":"Salisbury","state":"MD","address":"901 Snow Hill Road","name":""},
  {"lat":38.374432,"lon":-75.50449,"city":"Salisbury","state":"MD","address":"31954 Summer Drive","name":""},
  {"lat":38.000775,"lon":-75.540976,"city":"New Church","state":"VA","address":"2497 Lankford Hwy","name":""},
  {"lat":37.818988,"lon":-75.587526,"city":"Nelsonia","state":"VA","address":"16135 Lankford Hwy","name":""},
  {"lat":38.462688,"lon":-75.234483,"city":"Selbyville","state":"DE","address":"38166 Dupont Blvd.","name":""},
  {"lat":38.543025,"lon":-75.257705,"city":"Dagsboro","state":"DE","address":"32335 Dupont Blvd.","name":""},
  {"lat":38.571648,"lon":-75.284742,"city":"Millsboro","state":"DE","address":"30217 Commerce Drive","name":""},
  {"lat":34.645081,"lon":-79.011126,"city":"Lumberton","state":"NC","address":"2744 N. Roberts Ave","name":""},
  {"lat":35.762905,"lon":-77.992761,"city":"Wilson","state":"NC","address":"Raleigh Rd Pkwy & Bloomery Rd","name":""},
  {"lat":35.260667,"lon":-77.64887,"city":"Kinston","state":"NC","address":"4206 West Vernon Avenue","name":""},
  {"lat":35.606608,"lon":-77.421552,"city":"Greenville","state":"NC","address":"2701 Stantonsburg","name":""},
  {"lat":35.595401,"lon":-77.40382,"city":"Greenville","state":"NC","address":"2610 Dickenson Ave.","name":""},
  {"lat":35.572376,"lon":-77.445055,"city":"Greenville","state":"NC","address":"4530 US 13","name":""},
  {"lat":35.627026,"lon":-77.330362,"city":"Greenville","state":"NC","address":"3701 MLK Jr. Hwy","name":""},
  {"lat":35.59047,"lon":-77.34459,"city":"Greenville","state":"NC","address":"1604 SE Greenville Blvd.","name":""},
  {"lat":35.565506,"lon":-77.075442,"city":"Washington","state":"NC","address":"1694 W. 5th Street","name":""},
  {"lat":35.098396,"lon":-77.104664,"city":"New Bern","state":"NC","address":"3706 Dr. Martin Luther King Jr Blvd.","name":""},
  {"lat":36.003719,"lon":-76.962209,"city":"Windsor","state":"NC","address":"214 US-13","name":""},
  {"lat":35.858766,"lon":-76.746139,"city":"West Plymouth","state":"NC","address":"34 US Rt. 64","name":""},
  {"lat":35.917482,"lon":-76.2399,"city":"Columbia","state":"NC","address":"680 Hwy US64-East","name":""},
  {"lat":36.239604,"lon":-75.875204,"city":"Grandy","state":"NC","address":"6511 Caratoke Highway","name":""},
  {"lat":38.671015,"lon":-75.382651,"city":"Georgetown","state":"DE","address":"21092 Arrow Safety Rd","name":""},
  {"lat":38.724639,"lon":-75.285274,"city":"Harbeson","state":"DE","address":"26454 Lewes Georgetown Highway","name":""},
  {"lat":38.614148,"lon":-75.203349,"city":"Millsboro","state":"DE","address":"26672 John J Williams Hwy.","name":""},
  {"lat":38.928009,"lon":-75.417424,"city":"Milford","state":"DE","address":"108 Silicato Parkway","name":""},
  {"lat":38.715415,"lon":-75.090635,"city":"Rehoboth","state":"DE","address":"427 Rehoboth Avenue","name":""},
  {"lat":38.716586,"lon":-75.109521,"city":"Rehoboth","state":"DE","address":"19791 Coastal Highway","name":""},
  {"lat":38.730893,"lon":-75.133422,"city":"Rehoboth","state":"DE","address":"18904 Coastal Highway","name":""},
  {"lat":39.695866,"lon":-75.553548,"city":"New Castle","state":"DE","address":"2154 New Castle Avenue","name":""},
  {"lat":39.720897,"lon":-75.556511,"city":"Wilmington","state":"DE","address":"1031 South Market Street","name":""},
  {"lat":39.306419,"lon":-75.606123,"city":"Smyrna","state":"DE","address":"304 N. Dupont Blvd","name":""},
  {"lat":39.2247,"lon":-75.576074,"city":"Dover","state":"DE","address":"5456 N. Dupont Hwy","name":""},
  {"lat":38.807435,"lon":-75.440163,"city":"Ellendale","state":"DE","address":"16979 Beach Highway","name":""},
  {"lat":39.117318,"lon":-75.516206,"city":"Dover","state":"DE","address":"6 West Lebanon Road","name":""},
  {"lat":39.157799,"lon":-75.511064,"city":"Dover","state":"DE","address":"295 S. Dupont Hwy","name":""},
  {"lat":39.152556,"lon":-75.524577,"city":"Dover","state":"DE","address":"293 South Salisbury Blvd","name":""},
  {"lat":39.843514,"lon":-75.426233,"city":"Aston","state":"PA","address":"3314 Market Street","name":""},
  {"lat":39.869138,"lon":-75.319343,"city":"Ridley Park","state":"PA","address":"105 Stewart Ave","name":""},
  {"lat":39.830589,"lon":-75.001782,"city":"Stratford","state":"NJ","address":"76-98 South White Horse Pike","name":""},
  {"lat":39.7967,"lon":-74.933441,"city":"Berlin","state":"NJ","address":"2 S. Whitehorse Pike","name":""},
  {"lat":39.804313,"lon":-75.037705,"city":"Clementon","state":"NJ","address":"1431 Blackwood Clementon Rd","name":""},
  {"lat":39.853977,"lon":-74.983444,"city":"Voorhees Twp","state":"NJ","address":"620 Haddonfield-Berlin Rd","name":""},
  {"lat":39.84596,"lon":-75.064936,"city":"Magnolia","state":"NJ","address":"340 East Evesham Avenue","name":""},
  {"lat":39.717215,"lon":-74.969771,"city":"Sicklerville","state":"NJ","address":"679 Cross Keys Road","name":""},
  {"lat":39.866098,"lon":-75.079798,"city":"Bellmawr","state":"NJ","address":"12 South Blackhorse Pike","name":""},
  {"lat":39.903746,"lon":-74.934623,"city":"Marlton","state":"NJ","address":"600 Rt. 73 North","name":""},
  {"lat":39.885561,"lon":-75.106122,"city":"Gloucester","state":"NJ","address":"1200 Crescent Blvd.","name":""},
  {"lat":40.002273,"lon":-75.081008,"city":"Philadelphia","state":"PA","address":"2501 Church Street","name":""},
  {"lat":39.819463,"lon":-75.234711,"city":"Paulsboro","state":"NJ","address":"170 Berkley Road","name":""},
  {"lat":39.906747,"lon":-75.28763,"city":"Glenolden","state":"PA","address":"145 N MacDade Blvd","name":""},
  {"lat":39.970688,"lon":-74.878444,"city":"Mt. Laurel","state":"NJ","address":"3123 Route 38","name":""},
  {"lat":40.545068,"lon":-74.587221,"city":"Manville","state":"NJ","address":"1 North Main Street","name":""},
  {"lat":39.432548,"lon":-74.607514,"city":"Egg Harbor Twp","state":"NJ","address":"6105 E. Black Horse Pike","name":""},
  {"lat":39.394362,"lon":-74.560197,"city":"Egg Harbor Township","state":"NJ","address":"3117 Fire Road","name":""},
  {"lat":39.428969,"lon":-74.505587,"city":"Absecon","state":"NJ","address":"401 New Jersey Avenue","name":""},
  {"lat":40.075769,"lon":-74.104921,"city":"Brick Township","state":"NJ","address":"1756 Rte. 88","name":""},
  {"lat":39.982915,"lon":-76.822316,"city":"Dover","state":"PA","address":"3120 Carlisle Rd","name":""},
  {"lat":39.978419,"lon":-76.756985,"city":"York","state":"PA","address":"1170 Loucks Rd.","name":""},
  {"lat":40.045062,"lon":-76.364136,"city":"Lancaster","state":"PA","address":"200 Rohrerstown Road","name":""},
  {"lat":39.984787,"lon":-76.664824,"city":"York","state":"PA","address":"3315 Concord Road","name":""},
  {"lat":40.02348,"lon":-76.541214,"city":"Wrightsville","state":"PA","address":"850 Hellam Street","name":""},
  {"lat":40.012212,"lon":-75.72193,"city":"Downingtown","state":"PA","address":"5031 Horseshoe Pike","name":""},
  {"lat":40.256407,"lon":-75.726473,"city":"Douglassville","state":"PA","address":"31-39 Old Swede Road","name":""},
  {"lat":39.978262,"lon":-75.341259,"city":"Broomall","state":"PA","address":"2130 West Chester Pike","name":""},
  {"lat":40.245911,"lon":-75.342432,"city":"Lansdale","state":"PA","address":"1780 Sumneytown Pike","name":""},
  {"lat":40.284071,"lon":-75.261351,"city":"Colmar","state":"PA","address":"935 Bethlehem Pike","name":""},
  {"lat":40.216704,"lon":-75.290651,"city":"North Wales","state":"PA","address":"467 Sumneytown Pike","name":""},
  {"lat":40.185567,"lon":-75.449908,"city":"Collegeville","state":"PA","address":"207 E. Main Street","name":""},
  {"lat":40.237535,"lon":-75.614868,"city":"Pottstown","state":"PA","address":"296 Armand Hammer Blvd","name":""},
  {"lat":40.133057,"lon":-75.332964,"city":"Norristown","state":"PA","address":"1820 Markley St.","name":""},
  {"lat":36.602774,"lon":-82.191105,"city":"Bristol","state":"VA","address":"1200 Euclid Avenue","name":""},
  {"lat":36.711925,"lon":-81.929195,"city":"Abingdon","state":"VA","address":"25016 Lee Highway","name":""},
  {"lat":37.337267,"lon":-79.549049,"city":"Bedford","state":"VA","address":"875 Blue Ridge Avenue","name":""},
  {"lat":37.252924,"lon":-79.187566,"city":"Rustburg","state":"VA","address":"8824 Wards Road","name":""},
  {"lat":38.967298,"lon":-78.189753,"city":"Front Royal","state":"VA","address":"260 Crooked Run Plaza","name":""},
  {"lat":37.506137,"lon":-77.585915,"city":"Richmond","state":"VA","address":"10301 Midlothian Turnpike","name":""},
  {"lat":38.620522,"lon":-77.801054,"city":"Bealeton","state":"VA","address":"10088 James Madison Highway","name":""},
  {"lat":38.289113,"lon":-77.548485,"city":"Fredericksburg","state":"VA","address":"5000 Plank Road","name":""},
  {"lat":38.371505,"lon":-77.52786,"city":"Fredericksburg","state":"VA","address":"1221 Warrenton Road","name":""},
  {"lat":37.311041,"lon":-77.399962,"city":"Colonial Heights","state":"VA","address":"15600 Woods Edge Road","name":""},
  {"lat":37.559147,"lon":-77.407516,"city":"Richmond","state":"VA","address":"2401 Mechanicsville Turnpike","name":""},
  {"lat":37.258227,"lon":-77.405161,"city":"Colonial Heights","state":"VA","address":"401 Temple Avenue","name":""},
  {"lat":36.717537,"lon":-76.656126,"city":"Suffolk","state":"VA","address":"1929 Holland Road","name":""},
  {"lat":36.972713,"lon":-76.609026,"city":"Smithfield","state":"VA","address":"1201 South Church St.","name":""},
  {"lat":36.941223,"lon":-76.535634,"city":"Carrollton","state":"VA","address":"14290 Lori Ann Way","name":""},
  {"lat":37.253266,"lon":-76.498931,"city":"Yorktown","state":"VA","address":"1500 George Wash Mem. Hwy.","name":""},
  {"lat":37.029291,"lon":-76.426555,"city":"Hampton","state":"VA","address":"4030 W. Mercury Blvd","name":""},
  {"lat":36.747183,"lon":-76.539604,"city":"Suffolk","state":"VA","address":"1200 Portsmouth Blvd","name":""},
  {"lat":36.804435,"lon":-76.355091,"city":"Portsmouth","state":"VA","address":"3601 Victory Blvd","name":""},
  {"lat":36.865822,"lon":-76.398861,"city":"Chesapeake","state":"VA","address":"3026 Churchland Blvd","name":""},
  {"lat":36.895059,"lon":-76.224401,"city":"Norfolk","state":"VA","address":"6103 Military Hwy","name":""},
  {"lat":36.856692,"lon":-76.21981,"city":"Norfolk","state":"VA","address":"5350 E. Virginia Beach Blvd.","name":""},
  {"lat":36.77105,"lon":-76.188721,"city":"Virginia Beach","state":"VA","address":"2150 Centerville Turnpike","name":""},
  {"lat":37.179481,"lon":-75.96964,"city":"Cape Charles","state":"VA","address":"29214 Lankford Highway","name":""},
  {"lat":36.759488,"lon":-76.020885,"city":"Virginia Beach","state":"VA","address":"2204 Princess Anne Road","name":""},
  {"lat":37.516241,"lon":-75.832117,"city":"Exmore","state":"VA","address":"4317 Lankford Hwy","name":""},
  {"lat":37.698417,"lon":-75.718148,"city":"Onley","state":"VA","address":"25220 Lankford Highway","name":""},
  {"lat":37.757245,"lon":-75.622127,"city":"Parksley","state":"VA","address":"20474 Lankford Highway","name":""}]}