{"key":"ruby_tuesday","displayName":"Ruby Tuesday","category":"restaurant","useLocationName":false,"locations":[
  {"lat":45.459678,"lon":-98.443825,"city":"Aberdeen","state":"SD","address":"6th Avenue Southeast","name":""},
  {"lat":39.887787,"lon":-75.247043,"city":"Philadelphia","state":"PA","address":"Bartram Avenue","name":""},
  {"lat":30.482279,"lon":-81.653539,"city":"Jacksonville","state":"FL","address":"Airport Road","name":""},
  {"lat":35.811472,"lon":-83.98308,"city":"Alcoa","state":"TN","address":"Furrow Way","name":""},
  {"lat":32.923792,"lon":-85.959552,"city":"Alexander City","state":"AL","address":"U.S. 280","name":""},
  {"lat":32.065914,"lon":-84.208014,"city":"Americus","state":"GA","address":"Lonnie Lane","name":""},
  {"lat":42.96624,"lon":-74.186166,"city":"Amsterdam","state":"NY","address":"New York 30","name":""},
  {"lat":35.139143,"lon":-80.908235,"city":"Charlotte","state":"NC","address":"Red Oak Boulevard","name":""},
  {"lat":35.465823,"lon":-84.645991,"city":"Athens","state":"TN","address":"Holiday Drive","name":""},
  {"lat":41.099108,"lon":-80.76604,"city":"Austintown","state":"OH","address":"Mahoning Avenue","name":""},
  {"lat":27.911791,"lon":-81.842969,"city":"Bartow","state":"FL","address":"North Broadway Avenue","name":""},
  {"lat":30.42915,"lon":-86.638318,"city":"Ft. Walton Beach","state":"FL","address":"Beal Parkway Northwest","name":""},
  {"lat":37.795852,"lon":-81.217501,"city":"Beckley","state":"WV","address":"Harper Road","name":""},
  {"lat":37.326099,"lon":-79.502946,"city":"Bedford","state":"VA","address":"Boxwood Terrace","name":""},
  {"lat":40.65222,"lon":-75.290514,"city":"Bethlehem","state":"PA","address":"Emrick Boulevard","name":""},
  {"lat":43.688163,"lon":-85.517006,"city":"Big Rapids","state":"MI","address":"Waldron Way","name":""},
  {"lat":46.844071,"lon":-100.77383,"city":"Bismarck","state":"ND","address":"State Street","name":""},
  {"lat":41.016414,"lon":-76.491868,"city":"Bloomsburg","state":"PA","address":"Ricky Avenue","name":""},
  {"lat":36.63749,"lon":-93.281902,"city":"Branson","state":"MO","address":"76 Country Boulevard","name":""},
  {"lat":36.863191,"lon":-76.211191,"city":"Norfolk","state":"VA","address":"North Military Highway","name":""},
  {"lat":35.007669,"lon":-78.826806,"city":"Fayetteville","state":"NC","address":"Cedar Creek Road","name":""},
  {"lat":44.281949,"lon":-85.402164,"city":"Cadillac","state":"MI","address":"34 Road","name":""},
  {"lat":34.515609,"lon":-84.960946,"city":"Calhoun","state":"GA","address":"Sugar Valley Road Northwest","name":""},
  {"lat":40.003206,"lon":-81.576994,"city":"Cambridge","state":"OH","address":"Southgate Parkway","name":""},
  {"lat":30.474016,"lon":-84.235001,"city":"Tallahassee","state":"FL","address":"Care Drive","name":""},
  {"lat":35.567654,"lon":-77.403807,"city":"Greenville","state":"NC","address":"South Memorial Drive","name":""},
  {"lat":43.092232,"lon":-76.086553,"city":"East Syracuse","state":"NY","address":"Yorktown Circle","name":""},
  {"lat":33.584665,"lon":-85.078259,"city":"Carrollton","state":"GA","address":"U.S. 27","name":""},
  {"lat":36.771812,"lon":-76.584826,"city":"Suffolk","state":"VA","address":"Godwin Boulevard","name":""},
  {"lat":35.90926,"lon":-83.845934,"city":"Knoxville","state":"TN","address":"Chapman Highway","name":""},
  {"lat":39.294448,"lon":-77.842262,"city":"Charles Town","state":"WV","address":"Willow Spring Drive","name":""},
  {"lat":37.136911,"lon":-80.361707,"city":"Christiansburg","state":"VA","address":"Roanoke Street","name":""},
  {"lat":39.268093,"lon":-80.286889,"city":"Clarksburg","state":"WV","address":"Emily Drive","name":""},
  {"lat":36.509536,"lon":-87.273685,"city":"Clarksville","state":"TN","address":"Madison Street","name":""},
  {"lat":35.609613,"lon":-78.562776,"city":"Garner","state":"NC","address":"Son-Lan Parkway","name":""},
  {"lat":34.692091,"lon":-82.84593,"city":"Clemson","state":"SC","address":"Tiger Boulevard","name":""},
  {"lat":28.546756,"lon":-81.727728,"city":"Clermont","state":"FL","address":"East Highway 50","name":""},
  {"lat":38.770149,"lon":-76.886734,"city":"Clinton","state":"MD","address":"Branch Avenue","name":""},
  {"lat":34.993053,"lon":-78.343197,"city":"Clinton","state":"NC","address":"Sunset Avenue","name":""},
  {"lat":33.626216,"lon":-84.453078,"city":"College Park","state":"GA","address":"Sullivan Road","name":""},
  {"lat":35.597342,"lon":-87.059265,"city":"Columbia","state":"TN","address":"South James Campbell Boulevard","name":""},
  {"lat":32.510027,"lon":-84.939858,"city":"Columbus","state":"GA","address":"Manchester Expressway","name":""},
  {"lat":35.978788,"lon":-85.037514,"city":"Crossville","state":"TN","address":"North Main Street","name":""},
  {"lat":38.48315,"lon":-77.974177,"city":"Culpeper","state":"VA","address":"James Madison Highway","name":""},
  {"lat":27.989856,"lon":-81.68921,"city":"Winter Haven","state":"FL","address":"Cypress Gardens Boulevard","name":""},
  {"lat":33.909007,"lon":-84.820661,"city":"Dallas","state":"GA","address":"Thomas B Murphy Drive","name":""},
  {"lat":36.037993,"lon":-83.445305,"city":"Dandridge","state":"TN","address":"Patriot Drive","name":""},
  {"lat":36.075999,"lon":-79.95962,"city":"Greensboro","state":"NC","address":"Thorndike Road","name":""},
  {"lat":30.457998,"lon":-88.89778,"city":"Diberville","state":"MS","address":"Indian River Road","name":""},
  {"lat":36.023157,"lon":-87.337441,"city":"Dickson","state":"TN","address":"Suzanne Drive","name":""},
  {"lat":31.48977,"lon":-82.850495,"city":"Douglas","state":"GA","address":"South Madison Avenue","name":""},
  {"lat":32.489145,"lon":-82.93335,"city":"Dublin","state":"GA","address":"U.S. 441","name":""},
  {"lat":41.120204,"lon":-78.726288,"city":"Dubois","state":"PA","address":"Shaffer Road","name":""},
  {"lat":30.101682,"lon":-81.709419,"city":"Orange Park","state":"FL","address":"County Road 220","name":""},
  {"lat":40.252853,"lon":-76.817809,"city":"Harrisburg","state":"PA","address":"Paxton Street","name":""},
  {"lat":38.787226,"lon":-76.077308,"city":"Easton","state":"MD","address":"Glebe Road","name":""},
  {"lat":36.488944,"lon":-79.738717,"city":"Eden","state":"NC","address":"South Van Buren Road","name":""},
  {"lat":36.309197,"lon":-76.227896,"city":"Elizabeth City","state":"NC","address":"North Hughes Boulevard","name":""},
  {"lat":40.662388,"lon":-74.175596,"city":"Elizabeth","state":"NJ","address":"International Boulevard","name":""},
  {"lat":37.710156,"lon":-85.832506,"city":"Elizabethtown","state":"KY","address":"Commerce Drive","name":""},
  {"lat":27.531595,"lon":-82.504808,"city":"Ellenton","state":"FL","address":"20th Street East","name":""},
  {"lat":34.657638,"lon":-84.491286,"city":"East Ellijay","state":"GA","address":"Highland Crossing","name":""},
  {"lat":36.050185,"lon":-83.995051,"city":"Powell","state":"TN","address":"East Emory Road","name":""},
  {"lat":31.319733,"lon":-85.831466,"city":"Enterprise","state":"AL","address":"Boll Weevil Circle","name":""},
  {"lat":46.845401,"lon":-96.820349,"city":"Fargo","state":"ND","address":"23rd Avenue South","name":""},
  {"lat":35.02755,"lon":-78.929067,"city":"Fayetteville","state":"NC","address":"Owen Drive","name":""},
  {"lat":38.211834,"lon":-90.40718,"city":"Festus","state":"MO","address":"Shapiro Drive","name":""},
  {"lat":35.44266,"lon":-82.533697,"city":"Fletcher","state":"NC","address":"Underwood Road","name":""},
  {"lat":39.393657,"lon":-77.411788,"city":"Frederick","state":"MD","address":"Guilford Drive","name":""},
  {"lat":38.330919,"lon":-75.611375,"city":"Salisbury","state":"MD","address":"North Fruitland Boulevard","name":""},
  {"lat":36.586935,"lon":-87.413805,"city":"Clarksville","state":"TN","address":"Fort Campbell Boulevard","name":""},
  {"lat":39.843733,"lon":-77.200499,"city":"Gettysburg","state":"PA","address":"Camp Letterman Drive","name":""},
  {"lat":27.856445,"lon":-82.330236,"city":"Riverview","state":"FL","address":"Gibsonton Drive","name":""},
  {"lat":44.276849,"lon":-105.498861,"city":"Gillette","state":"WY","address":"East Boxelder Road","name":""},
  {"lat":37.397987,"lon":-76.526197,"city":"Gloucester","state":"VA","address":"Fox Centre Parkway","name":""},
  {"lat":38.99064,"lon":-76.854608,"city":"Greenbelt","state":"MD","address":"Greenbelt Road","name":""},
  {"lat":36.775543,"lon":-76.230938,"city":"Chesapeake","state":"VA","address":"Greenbrier Parkway","name":""},
  {"lat":35.9122,"lon":-84.583913,"city":"Harriman","state":"TN","address":"South Roane Street","name":""},
  {"lat":26.509008,"lon":-81.905689,"city":"Ft. Myers","state":"FL","address":"Park Royal Drive","name":""},
  {"lat":36.335664,"lon":-78.438003,"city":"Henderson","state":"NC","address":"Exchange Street","name":""},
  {"lat":31.836252,"lon":-81.596346,"city":"Hinesville","state":"GA","address":"West Oglethorpe Highway","name":""},
  {"lat":37.2614,"lon":-77.325847,"city":"Hopewell","state":"VA","address":"Oaklawn Boulevard","name":""},
  {"lat":42.160134,"lon":-76.873177,"city":"Horseheads","state":"NY","address":"Chambers Road","name":""},
  {"lat":38.422637,"lon":-82.266797,"city":"Barboursville","state":"WV","address":"Mall Road","name":""},
  {"lat":40.603968,"lon":-79.18664,"city":"Indiana","state":"PA","address":"Indian Springs Road","name":""},
  {"lat":38.912811,"lon":-76.839977,"city":"Upper Marlboro","state":"MD","address":"Lottsford Court","name":""},
  {"lat":28.856056,"lon":-82.397177,"city":"Inverness","state":"FL","address":"East Gulf to Lake Highway","name":""},
  {"lat":30.787854,"lon":-81.652865,"city":"Kingsland","state":"GA","address":"Crown Pointe Parkway","name":""},
  {"lat":35.264503,"lon":-77.639786,"city":"Kinston","state":"NC","address":"West Vernon Avenue","name":""},
  {"lat":39.636363,"lon":-78.837247,"city":"Lavale","state":"MD","address":"National Highway","name":""},
  {"lat":30.178158,"lon":-82.684753,"city":"Lake City","state":"FL","address":"Southwest Commerce Drive","name":""},
  {"lat":32.345266,"lon":-106.767005,"city":"Las Cruces","state":"NM","address":"North Telshor Boulevard","name":""},
  {"lat":40.319274,"lon":-76.424266,"city":"Lebanon","state":"PA","address":"Quentin Road","name":""},
  {"lat":36.214575,"lon":-86.324067,"city":"Lebanon","state":"TN","address":"West Main Street","name":""},
  {"lat":28.825642,"lon":-81.797305,"city":"Leesburg","state":"FL","address":"U.S. 441","name":""},
  {"lat":35.920628,"lon":-81.525485,"city":"Lenoir","state":"NC","address":"Blowing Rock Boulevard","name":""},
  {"lat":35.829966,"lon":-84.280053,"city":"Lenoir City","state":"TN","address":"Interchange Park Lane","name":""},
  {"lat":37.815073,"lon":-80.428523,"city":"Lewisburg","state":"WV","address":"Coleman Drive","name":""},
  {"lat":37.801667,"lon":-79.411527,"city":"Lexington","state":"VA","address":"North Lee Highway","name":""},
  {"lat":33.998933,"lon":-81.217932,"city":"Lexington","state":"SC","address":"Sunset Boulevard","name":""},
  {"lat":39.207805,"lon":-76.678854,"city":"Linthicum","state":"MD","address":"International Drive","name":""},
  {"lat":41.584489,"lon":-71.990758,"city":"Lisbon","state":"CT","address":"River Road","name":""},
  {"lat":39.177284,"lon":-89.67578,"city":"Litchfield","state":"IL","address":"Corvette Drive","name":""},
  {"lat":41.115357,"lon":-77.480123,"city":"Mill Hall","state":"PA","address":"Hogan Boulevard","name":""},
  {"lat":33.84422,"lon":-83.909945,"city":"Loganville","state":"GA","address":"Athens Highway","name":""},
  {"lat":34.665086,"lon":-79.000355,"city":"Lumberton","state":"NC","address":"Fayetteville Road","name":""},
  {"lat":40.026949,"lon":-76.326476,"city":"Lancaster","state":"PA","address":"Millersville Pike","name":""},
  {"lat":30.722753,"lon":-85.184668,"city":"Marianna","state":"FL","address":"Post Oak Lane","name":""},
  {"lat":33.92266,"lon":-84.481412,"city":"Marietta","state":"GA","address":"Delk Road","name":""},
  {"lat":35.806349,"lon":-83.990741,"city":"Alcoa","state":"TN","address":"Alcoa Highway","name":""},
  {"lat":36.066865,"lon":-79.298975,"city":"Mebane","state":"NC","address":"Spring Forest Drive","name":""},
  {"lat":41.551161,"lon":-72.807604,"city":"Meriden","state":"CT","address":"Lewis Avenue","name":""},
  {"lat":38.797508,"lon":-90.619797,"city":"St. Peters","state":"MO","address":"Mid Rivers Mall Circle","name":""},
  {"lat":39.448729,"lon":-75.726473,"city":"Middletown","state":"DE","address":"West Main Street","name":""},
  {"lat":41.452382,"lon":-74.38161,"city":"Middletown","state":"NY","address":"Orange Plaza Lane","name":""},
  {"lat":38.930761,"lon":-75.431696,"city":"Milford","state":"DE","address":"North Dupont Boulevard","name":""},
  {"lat":33.110214,"lon":-83.256518,"city":"Milledgeville","state":"GA","address":"North Columbia Street","name":""},
  {"lat":43.690759,"lon":-98.009406,"city":"Mitchell","state":"SD","address":"Highland Way","name":""},
  {"lat":34.144724,"lon":-77.893287,"city":"Wilmington","state":"NC","address":"College Road","name":""},
  {"lat":30.338965,"lon":-81.543316,"city":"Jacksonville","state":"FL","address":"Hospitality Lane","name":""},
  {"lat":39.648099,"lon":-79.896661,"city":"Morgantown","state":"WV","address":"Venture Drive","name":""},
  {"lat":30.440226,"lon":-88.526807,"city":"Moss Point","state":"MS","address":"Mississippi 63","name":""},
  {"lat":39.969186,"lon":-74.900887,"city":"Mt. Laurel","state":"NJ","address":"Dearborn Circle","name":""},
  {"lat":40.401576,"lon":-82.451368,"city":"Mt. Vernon","state":"OH","address":"Coshocton Avenue","name":""},
  {"lat":40.218474,"lon":-85.408576,"city":"Muncie","state":"IN","address":"West McGalliard Road","name":""},
  {"lat":33.498908,"lon":-81.95932,"city":"N Augusta","state":"SC","address":"Knox Avenue","name":""},
  {"lat":36.086496,"lon":-86.647667,"city":"Nashville","state":"TN","address":"Murfreesboro Pike","name":""},
  {"lat":30.396577,"lon":-87.278561,"city":"Pensacola","state":"FL","address":"North Navy Boulevard","name":""},
  {"lat":41.012191,"lon":-80.396526,"city":"New Castle","state":"PA","address":"West State Street","name":""},
  {"lat":28.27992,"lon":-82.674177,"city":"New Port Richey","state":"FL","address":"Ridge Road","name":""},
  {"lat":35.947576,"lon":-83.204877,"city":"Newport","state":"TN","address":"Cosby Highway","name":""},
  {"lat":30.520703,"lon":-86.489665,"city":"Niceville","state":"FL","address":"John Sims Parkway","name":""},
  {"lat":40.864819,"lon":-96.681379,"city":"Lincoln","state":"NE","address":"North Hill Road","name":""},
  {"lat":34.225772,"lon":-79.796249,"city":"Florence","state":"SC","address":"West Lucas Street","name":""},
  {"lat":41.11348,"lon":-100.766199,"city":"North Platte","state":"NE","address":"South Jeffers Street","name":""},
  {"lat":37.246382,"lon":-93.261702,"city":"Springfield","state":"MO","address":"North Glenstone Avenue","name":""},
  {"lat":33.555507,"lon":-80.825019,"city":"Orangeburg","state":"SC","address":"Citadel Road","name":""},
  {"lat":43.460963,"lon":-76.489699,"city":"Oswego","state":"NY","address":"East 13th Street","name":""},
  {"lat":30.602828,"lon":-87.118711,"city":"Pace","state":"FL","address":"US 90","name":""},
  {"lat":32.268375,"lon":-90.134106,"city":"Pearl","state":"MS","address":"South Pearson Road","name":""},
  {"lat":30.519317,"lon":-87.312349,"city":"Pensacola","state":"FL","address":"Loblolly Lane","name":""},
  {"lat":39.740143,"lon":-75.691033,"city":"Wilmington","state":"DE","address":"Limestone Road","name":""},
  {"lat":32.141615,"lon":-81.243321,"city":"Pooler","state":"GA","address":"Pooler Parkway","name":""},
  {"lat":40.698464,"lon":-76.187791,"city":"Pottsville","state":"PA","address":"Pottsville Saint Clair Highway","name":""},
  {"lat":38.677915,"lon":-77.349895,"city":"Woodbridge","state":"VA","address":"Marblestone Drive","name":""},
  {"lat":38.312054,"lon":-104.613855,"city":"Pueblo","state":"CO","address":"North Freeway Road","name":""},
  {"lat":44.058127,"lon":-103.23321,"city":"Rapid City","state":"SD","address":"Fairmont Boulevard","name":""},
  {"lat":36.4326,"lon":-77.633342,"city":"Roanoke Rapids","state":"NC","address":"Julian R Allsbrook Highway","name":""},
  {"lat":34.939321,"lon":-80.967895,"city":"Rock Hill","state":"SC","address":"Old Springdale Road","name":""},
  {"lat":28.297232,"lon":-80.741839,"city":"Rockledge","state":"FL","address":"South Fiske Boulevard","name":""},
  {"lat":26.707944,"lon":-80.201766,"city":"Royal Palm Beach","state":"FL","address":"North State Road 7","name":""},
  {"lat":35.447491,"lon":-79.131348,"city":"Sanford","state":"NC","address":"North Carolina 87","name":""},
  {"lat":30.802819,"lon":-88.102249,"city":"Saraland","state":"AL","address":"Shelton Beach Road","name":""},
  {"lat":32.007661,"lon":-81.276982,"city":"Savannah","state":"GA","address":"Al Henderson Boulevard","name":""},
  {"lat":34.661929,"lon":-86.013812,"city":"Scottsboro","state":"AL","address":"Micah Way","name":""},
  {"lat":27.842242,"lon":-80.487963,"city":"Sebastian","state":"FL","address":"U.S. 1","name":""},
  {"lat":39.269403,"lon":-84.438797,"city":"Sharonville","state":"OH","address":"East Sharon Road","name":""},
  {"lat":41.421024,"lon":-82.077611,"city":"Elyria","state":"OH","address":"Abbe Road North","name":""},
  {"lat":35.267884,"lon":-81.484149,"city":"Shelby","state":"NC","address":"East Dixon Boulevard","name":""},
  {"lat":39.773025,"lon":-76.665486,"city":"New Freedom","state":"PA","address":"Far Hills Drive","name":""},
  {"lat":43.524352,"lon":-96.777281,"city":"Sioux Falls","state":"SD","address":"South Shirley Avenue","name":""},
  {"lat":40.534388,"lon":-74.525043,"city":"Somerset","state":"NJ","address":"Davidson Avenue","name":""},
  {"lat":40.017608,"lon":-79.078496,"city":"Somerset","state":"PA","address":"North Center Avenue","name":""},
  {"lat":42.272156,"lon":-83.488649,"city":"Canton","state":"MI","address":"Michigan Avenue","name":""},
  {"lat":34.161647,"lon":-79.756066,"city":"Florence","state":"SC","address":"American Drive","name":""},
  {"lat":35.366543,"lon":-80.711263,"city":"Concord","state":"NC","address":"Lyles Lane Northwest","name":""},
  {"lat":28.534317,"lon":-82.510233,"city":"Spring Hill","state":"FL","address":"Cortez Boulevard","name":""},
  {"lat":35.165009,"lon":-78.971621,"city":"Spring Lake","state":"NC","address":"South Bragg Boulevard","name":""},
  {"lat":29.915871,"lon":-81.413325,"city":"St. Augustine","state":"FL","address":"Florida 16","name":""},
  {"lat":37.824233,"lon":-92.147135,"city":"St. Robert","state":"MO","address":"Saint Robert Boulevard","name":""},
  {"lat":32.435896,"lon":-81.759774,"city":"Statesboro","state":"GA","address":"Northside Drive East","name":""},
  {"lat":41.248886,"lon":-81.362928,"city":"Streetsboro","state":"OH","address":"Ohio 14","name":""},
  {"lat":33.037328,"lon":-80.154589,"city":"Summerville","state":"SC","address":"North Main Street","name":""},
  {"lat":33.963716,"lon":-80.941638,"city":"Columbia","state":"SC","address":"Garners Ferry Road","name":""},
  {"lat":28.941921,"lon":-81.948836,"city":"The Villages","state":"FL","address":"Main Street","name":""},
  {"lat":35.862587,"lon":-80.072916,"city":"Thomasville","state":"NC","address":"Randolph Street","name":""},
  {"lat":36.915072,"lon":-76.254937,"city":"Norfolk","state":"VA","address":"Tidewater Drive","name":""},
  {"lat":30.389702,"lon":-87.06431,"city":"Gulf Breeze","state":"FL","address":"Gulf Breeze Parkway","name":""},
  {"lat":30.592936,"lon":-88.134756,"city":"Mobile","state":"AL","address":"Higgins Road","name":""},
  {"lat":39.819811,"lon":-104.772468,"city":"Denver","state":"CO","address":"Tower Road","name":""},
  {"lat":27.242366,"lon":-80.274403,"city":"Jensen Beach","state":"FL","address":"Northwest Federal Highway","name":""},
  {"lat":31.782476,"lon":-85.951331,"city":"Troy","state":"AL","address":"Troy Plaza Loop","name":""},
  {"lat":35.386209,"lon":-86.232741,"city":"Tullahoma","state":"TN","address":"North Jackson Street","name":""},
  {"lat":41.648852,"lon":-93.737122,"city":"Urbandale","state":"IA","address":"86th Street","name":""},
  {"lat":32.205732,"lon":-82.371166,"city":"Vidalia","state":"GA","address":"East 1st Street","name":""},
  {"lat":33.65861,"lon":-84.42937,"city":"East Point","state":"GA","address":"Virginia Avenue","name":""},
  {"lat":36.843994,"lon":-76.1305,"city":"Virginia Beach","state":"VA","address":"Virginia Beach Boulevard","name":""},
  {"lat":32.88018,"lon":-80.713905,"city":"Walterboro","state":"SC","address":"Sniders Highway","name":""},
  {"lat":32.593399,"lon":-83.630561,"city":"Warner Robins","state":"GA","address":"Rigby Drive","name":""},
  {"lat":41.237642,"lon":-85.812022,"city":"Warsaw","state":"IN","address":"East Center Street","name":""},
  {"lat":44.570716,"lon":-69.643642,"city":"Waterville","state":"ME","address":"Waterville Commons Drive","name":""},
  {"lat":31.198463,"lon":-82.324035,"city":"Waycross","state":"GA","address":"Memorial Drive","name":""},
  {"lat":32.788905,"lon":-80.028298,"city":"Charleston","state":"SC","address":"Savannah Highway","name":""},
  {"lat":33.982238,"lon":-81.102583,"city":"West Columbia","state":"SC","address":"Augusta Road","name":""},
  {"lat":36.71772,"lon":-91.873721,"city":"West Plains","state":"MO","address":"Worley Drive","name":""},
  {"lat":33.990455,"lon":-83.724699,"city":"Winder","state":"GA","address":"South Broad Street","name":""},
  {"lat":30.253063,"lon":-81.465779,"city":"Jacksonville","state":"FL","address":"Windsor Commons Court","name":""},
  {"lat":41.920847,"lon":-72.670043,"city":"Windsor Locks","state":"CT","address":"Ella Grasso Turnpike","name":""},
  {"lat":36.958015,"lon":-81.09623,"city":"Wytheville","state":"VA","address":"Commonwealth Drive","name":""},
  {"lat":28.272101,"lon":-82.188909,"city":"Zephyrhills","state":"FL","address":"Gall Boulevard","name":""}]}