{"key":"save_a_lot","displayName":"Save-A-Lot","category":"grocery","useLocationName":false,"locations":[
  {"lat":41.55049,"lon":-87.1523,"city":"Valparaiso","state":"IN","address":"392 W U.S. Hwy 6","name":""},
  {"lat":38.65435,"lon":-87.1503,"city":"Washington","state":"IN","address":"300 SE 21st St","name":""},
  {"lat":32.45579,"lon":-81.7751,"city":"Statesboro","state":"GA","address":"1870 Northside Dr E","name":""},
  {"lat":36.05352,"lon":-89.3658,"city":"Dyersburg","state":"TN","address":"1480 US-51","name":""},
  {"lat":43.46202,"lon":-83.9492,"city":"Saginaw","state":"MI","address":"3805 N Michigan Ave","name":""},
  {"lat":41.67301,"lon":-86.2605,"city":"S Bend","state":"IN","address":"310 Chapin St","name":""},
  {"lat":41.49758,"lon":-74.0277,"city":"Newburgh","state":"NY","address":"97 Lake St","name":""},
  {"lat":38.14244,"lon":-90.5768,"city":"de Soto","state":"MO","address":"2050 Rock Rd","name":""},
  {"lat":35.99096,"lon":-83.9222,"city":"Knoxville","state":"TN","address":"2003 N Broadway","name":""},
  {"lat":38.37279,"lon":-90.5013,"city":"Otto","state":"MO","address":"5651 MO-21","name":""},
  {"lat":42.83105,"lon":-78.8039,"city":"Lackawanna","state":"NY","address":"1234 Abbott Rd","name":""},
  {"lat":40.01707,"lon":-78.4881,"city":"Bedford","state":"PA","address":"8772 Lincoln Hwy","name":""},
  {"lat":37.92998,"lon":-90.774,"city":"Potosi","state":"MO","address":"840 E High St","name":""},
  {"lat":37.96514,"lon":-90.0583,"city":"Ste Genevieve","state":"MO","address":"11306 Save A Lot Dr","name":""},
  {"lat":28.37459,"lon":-80.7475,"city":"Cocoa","state":"FL","address":"1208 Dixson Blvd","name":""},
  {"lat":42.12789,"lon":-77.9665,"city":"Wellsville","state":"NY","address":"420 Bolivar Rd","name":""},
  {"lat":38.66173,"lon":-90.272,"city":"St. Louis","state":"MO","address":"1301 Union Blvd","name":""},
  {"lat":38.7059,"lon":-90.3628,"city":"Overland","state":"MO","address":"9430 Midland Blvd","name":""},
  {"lat":38.64686,"lon":-90.2287,"city":"St. Louis","state":"MO","address":"3645 Page Blvd","name":""},
  {"lat":38.61465,"lon":-90.1265,"city":"East St. Louis","state":"IL","address":"2600 State St","name":""},
  {"lat":38.72078,"lon":-90.2398,"city":"St. Louis","state":"MO","address":"8960 Riverview Blvd","name":""},
  {"lat":38.5922,"lon":-90.2262,"city":"St. Louis","state":"MO","address":"3427 S Jefferson Ave","name":""},
  {"lat":39.90863,"lon":-75.0997,"city":"Camden","state":"NJ","address":"2881 Mt Ephraim Ave","name":""},
  {"lat":41.77824,"lon":-87.734,"city":"Chicago","state":"IL","address":"4439 W 63rd St","name":""},
  {"lat":41.8746,"lon":-87.7263,"city":"Chicago","state":"IL","address":"420 S Pulaski Rd","name":""},
  {"lat":41.74521,"lon":-87.5543,"city":"Chicago","state":"IL","address":"2858 E 83rd St","name":""},
  {"lat":41.76299,"lon":-87.5872,"city":"Chicago","state":"IL","address":"7240 S Stony Island Ave","name":""},
  {"lat":41.6987,"lon":-87.643,"city":"Chicago","state":"IL","address":"10700 S Halsted St","name":""},
  {"lat":39.26862,"lon":-76.5063,"city":"Dundalk","state":"MD","address":"1744 Merritt Blvd","name":""},
  {"lat":39.29852,"lon":-76.5818,"city":"Baltimore","state":"MD","address":"2509 E Monument St","name":""},
  {"lat":39.33882,"lon":-76.6668,"city":"Baltimore","state":"MD","address":"2705 W Cold Spring Ln","name":""},
  {"lat":39.31391,"lon":-76.569,"city":"Baltimore","state":"MD","address":"4001 Erdman Ave","name":""},
  {"lat":39.35971,"lon":-76.7092,"city":"Baltimore","state":"MD","address":"6836 Reisterstown Rd","name":""},
  {"lat":39.30743,"lon":-76.6289,"city":"Baltimore","state":"MD","address":"234-250 McMechen St","name":""},
  {"lat":39.31008,"lon":-76.6755,"city":"Baltimore","state":"MD","address":"3427 Clifton Ave","name":""},
  {"lat":39.29904,"lon":-76.6285,"city":"Baltimore","state":"MD","address":"1101 Pennsylvania Ave","name":""},
  {"lat":39.25244,"lon":-76.6926,"city":"Arbutus","state":"MD","address":"5101 East Dr","name":""},
  {"lat":39.31236,"lon":-76.6184,"city":"Baltimore","state":"MD","address":"2008 Maryland Ave","name":""},
  {"lat":39.22494,"lon":-76.6125,"city":"Brooklyn Park","state":"MD","address":"5007 Ritchie Hwy","name":""},
  {"lat":38.89737,"lon":-76.9044,"city":"Seat Pleasant","state":"MD","address":"5933 Martin Luther King Jr Hwy","name":""},
  {"lat":38.80204,"lon":-76.9898,"city":"Oxon Hill","state":"MD","address":"6309 Livingston Rd","name":""},
  {"lat":38.93944,"lon":-76.9237,"city":"Bladensburg","state":"MD","address":"5416 Annapolis Rd","name":""},
  {"lat":38.84426,"lon":-76.8718,"city":"Forestville","state":"MD","address":"7782 Marlboro Pike","name":""},
  {"lat":38.83454,"lon":-76.9588,"city":"Temple Hills","state":"MD","address":"2346 Iverson St","name":""},
  {"lat":41.18319,"lon":-73.2044,"city":"Bridgeport","state":"CT","address":"540 Pequonnock St","name":""},
  {"lat":41.55339,"lon":-73.0336,"city":"Waterbury","state":"CT","address":"205 Union St","name":""},
  {"lat":41.78031,"lon":-72.6754,"city":"Hartford","state":"CT","address":"1888 Main St","name":""},
  {"lat":41.34424,"lon":-72.9336,"city":"Hamden","state":"CT","address":"1125 Dixwell Ave","name":""},
  {"lat":28.7961,"lon":-81.8893,"city":"Leesburg","state":"FL","address":"1415 S 14th St","name":""},
  {"lat":29.04429,"lon":-81.3027,"city":"Deland","state":"FL","address":"939 N Woodland Blvd","name":""},
  {"lat":27.41238,"lon":-80.3246,"city":"Ft Pierce","state":"FL","address":"2960 S US Hwy 1","name":""},
  {"lat":29.11221,"lon":-82.0227,"city":"Ocala","state":"FL","address":"9264 SE Maricamp Rd","name":""},
  {"lat":29.30922,"lon":-82.1517,"city":"Belleview","state":"FL","address":"10751 N US Hwy 441","name":""},
  {"lat":28.85851,"lon":-82.0411,"city":"Wildwood","state":"FL","address":"360 Shopping Center Dr","name":""},
  {"lat":27.44291,"lon":-80.3284,"city":"Fort Pierce","state":"FL","address":"605 Delaware Ave","name":""},
  {"lat":28.82886,"lon":-81.689,"city":"Eustis","state":"FL","address":"332 W Ardice Ave","name":""},
  {"lat":28.67451,"lon":-81.4941,"city":"Apopka","state":"FL","address":"823 E Semoran Blvd","name":""},
  {"lat":29.64257,"lon":-81.663,"city":"Palatka","state":"FL","address":"3210 Crill Ave","name":""},
  {"lat":28.93992,"lon":-81.6663,"city":"Umatilla","state":"FL","address":"933 N Central Ave","name":""},
  {"lat":29.44448,"lon":-81.5122,"city":"Crescent City","state":"FL","address":"925 Summit St","name":""},
  {"lat":28.6138,"lon":-80.8087,"city":"Titusville","state":"FL","address":"120 S Hopkins Ave","name":""},
  {"lat":28.57859,"lon":-81.4665,"city":"Orlando","state":"FL","address":"6135 Silver Star Rd","name":""},
  {"lat":29.20595,"lon":-81.0429,"city":"Daytona Beach","state":"FL","address":"288 N Nova Rd","name":""},
  {"lat":42.11705,"lon":-72.5265,"city":"Springfield","state":"MA","address":"1060 Wilbraham Rd","name":""},
  {"lat":42.12143,"lon":-72.5832,"city":"Springfield","state":"MA","address":"655 Liberty St","name":""},
  {"lat":43.21963,"lon":-75.4481,"city":"Rome","state":"NY","address":"801 Black River Blvd","name":""},
  {"lat":39.826,"lon":-86.1137,"city":"Indianapolis","state":"IN","address":"2930 E 38th St","name":""},
  {"lat":39.76713,"lon":-86.1031,"city":"Indianapolis","state":"IN","address":"3739 E Washington St","name":""},
  {"lat":39.83687,"lon":-86.0234,"city":"Indianapolis","state":"IN","address":"8101 Pendleton Pike","name":""},
  {"lat":39.7228,"lon":-84.1507,"city":"Dayton","state":"OH","address":"1026 Patterson Rd","name":""},
  {"lat":39.9531,"lon":-83.1319,"city":"Columbus","state":"OH","address":"4930 W Broad St","name":""},
  {"lat":40.06198,"lon":-82.9855,"city":"Columbus","state":"OH","address":"1254 Morse Rd","name":""},
  {"lat":39.80454,"lon":-84.2225,"city":"Dayton","state":"OH","address":"4233 N Main St","name":""},
  {"lat":39.78192,"lon":-84.2524,"city":"Dayton","state":"OH","address":"2152 N Gettysburg Ave","name":""},
  {"lat":40.03817,"lon":-82.961,"city":"Columbus","state":"OH","address":"3434 Cleveland Ave","name":""},
  {"lat":41.05683,"lon":-81.5302,"city":"Akron","state":"OH","address":"25 W Miller Ave","name":""},
  {"lat":41.02825,"lon":-81.7302,"city":"Wadsworth","state":"OH","address":"204-208 High St","name":""},
  {"lat":41.10165,"lon":-81.4961,"city":"Akron","state":"OH","address":"530 E Tallmadge Ave","name":""},
  {"lat":41.0092,"lon":-81.5538,"city":"Akron","state":"OH","address":"3333 Manchester Rd","name":""},
  {"lat":41.04891,"lon":-81.4385,"city":"Akron","state":"OH","address":"544 Canton Rd","name":""},
  {"lat":41.0835,"lon":-81.5719,"city":"Akron","state":"OH","address":"1375 Copley Rd","name":""},
  {"lat":41.01566,"lon":-81.6041,"city":"Barberton","state":"OH","address":"205 Wooster Road North","name":""},
  {"lat":40.7455,"lon":-82.7968,"city":"Galion","state":"OH","address":"845 Portland Way N","name":""},
  {"lat":41.03297,"lon":-81.4934,"city":"Akron","state":"OH","address":"1400 S Arlington St","name":""},
  {"lat":39.99193,"lon":-75.1789,"city":"Philadelphia","state":"PA","address":"2801 W Dauphin St","name":""},
  {"lat":39.94941,"lon":-75.0674,"city":"Pennsauken","state":"NJ","address":"3949 Federal Street","name":""},
  {"lat":40.05199,"lon":-75.1184,"city":"Cheltenham","state":"PA","address":"101 W Cheltenham Ave","name":""},
  {"lat":39.99168,"lon":-75.1546,"city":"Philadelphia","state":"PA","address":"2101 W Lehigh Ave","name":""},
  {"lat":39.99348,"lon":-75.1439,"city":"Philadelphia","state":"PA","address":"701 W Lehigh Ave","name":""},
  {"lat":40.02125,"lon":-75.1499,"city":"Philadelphia","state":"PA","address":"4424 N Broad St","name":""},
  {"lat":39.99833,"lon":-75.1355,"city":"Philadelphia","state":"PA","address":"400 W Allegheny Ave","name":""},
  {"lat":39.93174,"lon":-75.2245,"city":"Philadelphia","state":"PA","address":"5800 Woodland Ave","name":""},
  {"lat":40.00628,"lon":-75.1004,"city":"Philadelphia","state":"PA","address":"3901-29 M St","name":""},
  {"lat":40.03208,"lon":-75.0498,"city":"Philadelphia","state":"PA","address":"6801 Frankford Ave","name":""},
  {"lat":40.0403,"lon":-75.077,"city":"Philadelphia","state":"PA","address":"6412-6422 Castor Ave","name":""},
  {"lat":40.76523,"lon":-81.3794,"city":"Canton","state":"OH","address":"2928 Cleveland Ave S","name":""},
  {"lat":40.81556,"lon":-81.3354,"city":"Canton","state":"OH","address":"2905 Mahoning Rd NE","name":""},
  {"lat":40.79912,"lon":-81.3823,"city":"Canton","state":"OH","address":"906 Tuscarawas St W","name":""},
  {"lat":40.29383,"lon":-76.8922,"city":"Harrisburg","state":"PA","address":"2963 N 7th St","name":""},
  {"lat":39.67772,"lon":-75.5903,"city":"New Castle","state":"DE","address":"196 Penn Mart Center","name":""},
  {"lat":39.96079,"lon":-76.7044,"city":"York","state":"PA","address":"1045 Mt Rose Ave Mt Rose Plaza","name":""},
  {"lat":39.86971,"lon":-75.3847,"city":"Brookhaven","state":"PA","address":"3520 Edgmont Ave","name":""},
  {"lat":39.72324,"lon":-75.5922,"city":"Wilmington","state":"DE","address":"714 S Maryland Ave","name":""},
  {"lat":40.03425,"lon":-76.3054,"city":"Lancaster","state":"PA","address":"222-26 S Queen St","name":""},
  {"lat":39.11536,"lon":-94.7683,"city":"Kansas City","state":"KS","address":"8115 State Ave","name":""},
  {"lat":39.0939,"lon":-94.5367,"city":"Kansas City","state":"MO","address":"3821 E Truman Rd","name":""},
  {"lat":38.96427,"lon":-94.5005,"city":"Kansas City","state":"MO","address":"8744 Blue Ridge Blvd","name":""},
  {"lat":39.06409,"lon":-94.572,"city":"Kansas City","state":"MO","address":"3410 Troost Ave","name":""},
  {"lat":39.11646,"lon":-94.6605,"city":"Kansas City","state":"KS","address":"2815 State Ave","name":""},
  {"lat":39.14903,"lon":-94.5796,"city":"N Kansas City","state":"MO","address":"2751 Burlington St","name":""},
  {"lat":42.25137,"lon":-83.1767,"city":"Lincoln Park","state":"MI","address":"1716 Fort St","name":""},
  {"lat":42.67129,"lon":-83.3017,"city":"Pontiac","state":"MI","address":"1249 Baldwin Ave","name":""},
  {"lat":42.44319,"lon":-83.2485,"city":"Detroit","state":"MI","address":"20811 M-102","name":""},
  {"lat":42.34831,"lon":-83.3501,"city":"Westland","state":"MI","address":"8244 N Merriman Rd","name":""},
  {"lat":37.61308,"lon":-90.6377,"city":"Ironton","state":"MO","address":"1370 MO-21","name":""},
  {"lat":39.40917,"lon":-85.0095,"city":"Brookville","state":"IN","address":"11143 US-52","name":""},
  {"lat":39.88395,"lon":-104.998,"city":"Northglenn","state":"CO","address":"1000 W 104th Ave","name":""},
  {"lat":40.12333,"lon":-87.6288,"city":"Danville","state":"IL","address":"2 E Main St","name":""},
  {"lat":43.23943,"lon":-78.2028,"city":"Albion","state":"NY","address":"320 West Ave","name":""},
  {"lat":32.61141,"lon":-90.012,"city":"Canton","state":"MS","address":"1050 E Peace St","name":""},
  {"lat":37.06787,"lon":-85.0676,"city":"Russell Springs","state":"KY","address":"238 E Steve Wariner Dr","name":""},
  {"lat":38.94083,"lon":-83.4137,"city":"Peebles","state":"OH","address":"25805 State Rte 41","name":""},
  {"lat":43.0599,"lon":-78.8643,"city":"North Tonawanda","state":"NY","address":"1365 Nash Rd","name":""},
  {"lat":41.37632,"lon":-74.6934,"city":"Port Jervis","state":"NY","address":"100 Pike St","name":""},
  {"lat":44.50275,"lon":-89.5666,"city":"Stevens Point","state":"WI","address":"3264 Church St","name":""},
  {"lat":38.38075,"lon":-88.3697,"city":"Fairfield","state":"IL","address":"709 W Main St","name":""},
  {"lat":39.69886,"lon":-104.905,"city":"Denver","state":"CO","address":"7150 Leetsdale Dr","name":""},
  {"lat":35.1041,"lon":-84.0139,"city":"Murphy","state":"NC","address":"1240 Andrews Rd","name":""},
  {"lat":39.85379,"lon":-88.9738,"city":"Decatur","state":"IL","address":"1175 W Grand Ave","name":""},
  {"lat":39.78608,"lon":-104.809,"city":"Denver","state":"CO","address":"4874 Chambers Rd","name":""},
  {"lat":43.83815,"lon":-84.7709,"city":"Clare","state":"MI","address":"10350 S Clare Ave","name":""},
  {"lat":38.10972,"lon":-83.1145,"city":"Sandy Hook","state":"KY","address":"1930 KY-7","name":""},
  {"lat":37.60249,"lon":-84.5909,"city":"Lancaster","state":"KY","address":"140 Pleasant Retreat Dr","name":""},
  {"lat":43.31448,"lon":-76.418,"city":"Fulton","state":"NY","address":"364 W 1st St S","name":""},
  {"lat":40.05132,"lon":-75.1736,"city":"Philadelphia","state":"PA","address":"6301 Chew Ave","name":""},
  {"lat":38.78747,"lon":-84.8906,"city":"Warsaw","state":"KY","address":"201 Roberta Dr","name":""},
  {"lat":26.82667,"lon":-80.6601,"city":"Pahokee","state":"FL","address":"600 E Main St","name":""},
  {"lat":38.28896,"lon":-90.3995,"city":"Pevely","state":"MO","address":"48 Gannon Square","name":""},
  {"lat":27.75671,"lon":-81.5296,"city":"Frostproof","state":"FL","address":"11 Hwy 630 E","name":""},
  {"lat":39.47538,"lon":-77.9544,"city":"Martinsburg","state":"WV","address":"205 Eagle School Rd","name":""},
  {"lat":37.50974,"lon":-82.1597,"city":"Phelps","state":"KY","address":"13300 Phelps 632 Rd","name":""},
  {"lat":37.17096,"lon":-82.6368,"city":"Jenkins","state":"KY","address":"11 Freedom Ln","name":""},
  {"lat":38.37053,"lon":-85.1692,"city":"Eminence","state":"KY","address":"704 Elm St","name":""},
  {"lat":44.51936,"lon":-88.0217,"city":"Green Bay","state":"WI","address":"505 Dousman St","name":""},
  {"lat":39.97974,"lon":-87.6373,"city":"Georgetown","state":"IL","address":"204 Huffman St","name":""},
  {"lat":38.16703,"lon":-85.702,"city":"Louisville","state":"KY","address":"5747 Preston Hwy","name":""},
  {"lat":38.60066,"lon":-83.3177,"city":"Vanceburg","state":"KY","address":"50 Market St","name":""},
  {"lat":42.5692,"lon":-77.7177,"city":"Dansville","state":"NY","address":"9505 Airport Rd","name":""},
  {"lat":45.41973,"lon":-83.8148,"city":"Rogers City","state":"MI","address":"146 E Erie St","name":""},
  {"lat":39.2804,"lon":-80.9875,"city":"Pennsboro","state":"WV","address":"4456 Lamberton Rd","name":""},
  {"lat":38.9627,"lon":-84.0866,"city":"Bethel","state":"OH","address":"545 W Plane St","name":""},
  {"lat":32.21294,"lon":-82.4066,"city":"Vidalia","state":"GA","address":"619 E 1st St","name":""},
  {"lat":40.15392,"lon":-88.959,"city":"Clinton","state":"IL","address":"205 E Washington St","name":""},
  {"lat":43.96743,"lon":-75.8765,"city":"Watertown","state":"NY","address":"1851 State St","name":""},
  {"lat":42.09793,"lon":-79.3422,"city":"Lakewood","state":"NY","address":"169 W Fairmont Ave","name":""},
  {"lat":46.6891,"lon":-68.0188,"city":"Presque Isle","state":"ME","address":"76 Parson St","name":""},
  {"lat":35.39898,"lon":-85.3807,"city":"Dunlap","state":"TN","address":"442 TN-8","name":""},
  {"lat":41.52014,"lon":-87.3374,"city":"Merrillville","state":"IN","address":"5420 Broadway","name":""},
  {"lat":42.42105,"lon":-82.967,"city":"Detroit","state":"MI","address":"15001 Houston Whittier St","name":""},
  {"lat":35.59496,"lon":-89.2391,"city":"Brownsville","state":"TN","address":"81 Bank Dr","name":""},
  {"lat":35.33882,"lon":-89.9137,"city":"Millington","state":"TN","address":"7775 Hwy 51 N","name":""},
  {"lat":35.57612,"lon":-89.6453,"city":"Covington","state":"TN","address":"843 U.S. 51 S","name":""},
  {"lat":43.57953,"lon":-83.8887,"city":"Bay City","state":"MI","address":"904 Lafayette Ave","name":""},
  {"lat":41.76189,"lon":-88.3166,"city":"Aurora","state":"IL","address":"210 N Lake St","name":""},
  {"lat":44.59952,"lon":-75.146,"city":"Canton","state":"NY","address":"5933 US-11","name":""},
  {"lat":42.27152,"lon":-84.9751,"city":"Marshall","state":"MI","address":"106 Redfield Plaza","name":""},
  {"lat":39.64943,"lon":-78.9113,"city":"Frostburg","state":"MD","address":"10601 New Georges Creek Rd SW","name":""},
  {"lat":40.191928,"lon":-74.721765,"city":"Hamilton","state":"NJ","address":"2465 S Broad St","name":""},
  {"lat":40.243812,"lon":-74.754646,"city":"Ewing","state":"NJ","address":"1560 N Olden Ave","name":""},
  {"lat":39.984425,"lon":-75.121424,"city":"Philadelphia","state":"PA","address":"2132 E Lehigh Ave","name":""},
  {"lat":38.79268,"lon":-90.286,"city":"Florissant","state":"MO","address":"12958 New Halls Ferry Road","name":""},
  {"lat":38.61608,"lon":-90.2221,"city":"St. Louis","state":"MO","address":"1631 S Jefferson Ave","name":""},
  {"lat":38.72571,"lon":-90.3042,"city":"St. Louis","state":"MO","address":"1501 S Florissant Rd","name":""},
  {"lat":38.54102,"lon":-90.0229,"city":"Belleville","state":"IL","address":"4515 W Main St","name":""},
  {"lat":38.69883,"lon":-90.3291,"city":"St. Louis","state":"MO","address":"8000 St Charles Rock Rd","name":""},
  {"lat":38.79671,"lon":-90.3367,"city":"Florissant","state":"MO","address":"468 N Lindbergh Blvd","name":""},
  {"lat":39.36168,"lon":-74.4297,"city":"Atlantic City","state":"NJ","address":"1501 Atlantic Ave","name":""},
  {"lat":40.76113,"lon":-82.5285,"city":"Mansfield","state":"OH","address":"359 W 4th St","name":""},
  {"lat":38.70131,"lon":-90.2894,"city":"St. Louis","state":"MO","address":"91 N Oaks Plaza","name":""},
  {"lat":39.98858,"lon":-81.1604,"city":"Barnesville","state":"OH","address":"801 E Main St","name":""},
  {"lat":39.42246,"lon":-78.9958,"city":"Keyser","state":"WV","address":"407 New Creek Highway","name":""},
  {"lat":35.19993,"lon":-85.5202,"city":"Tracy City","state":"TN","address":"840 Main St","name":""},
  {"lat":42.08847,"lon":-86.4364,"city":"Benton Harbor","state":"MI","address":"1630 M-139","name":""},
  {"lat":38.52623,"lon":-90.2989,"city":"St. Louis","state":"MO","address":"3661 Reavis Barracks Rd","name":""},
  {"lat":38.56601,"lon":-90.2784,"city":"St. Louis","state":"MO","address":"4324 Loughborough Ave","name":""},
  {"lat":41.15757,"lon":-80.584,"city":"Hubbard","state":"OH","address":"880 West Liberty Street","name":""},
  {"lat":42.09306,"lon":-76.8012,"city":"Elmira","state":"NY","address":"308 William St","name":""},
  {"lat":40.85949,"lon":-84.5949,"city":"Van Wert","state":"OH","address":"1022 S Shannon St","name":""},
  {"lat":38.04964,"lon":-84.7163,"city":"Versailles","state":"KY","address":"480 Lexington Rd","name":""},
  {"lat":39.09649,"lon":-87.4103,"city":"Sullivan","state":"IN","address":"230 W Wall St","name":""},
  {"lat":38.66316,"lon":-87.5319,"city":"Vincennes","state":"IN","address":"1015 S 15th St","name":""},
  {"lat":38.35578,"lon":-87.5839,"city":"Princeton","state":"IN","address":"1410 W Broadway St","name":""},
  {"lat":38.48996,"lon":-81.3521,"city":"Clendenin","state":"WV","address":"106 Beech Street","name":""},
  {"lat":43.90523,"lon":-85.8526,"city":"Baldwin","state":"MI","address":"740 Denmark St","name":""},
  {"lat":43.29447,"lon":-85.0854,"city":"Stanton","state":"MI","address":"215 N State St","name":""},
  {"lat":43.09544,"lon":-85.2595,"city":"Belding","state":"MI","address":"7434 Storey Rd","name":""},
  {"lat":42.33928,"lon":-85.181,"city":"Battle Creek","state":"MI","address":"250 E Roosevelt Ave","name":""},
  {"lat":41.22776,"lon":-77.0076,"city":"South Williamsport","state":"PA","address":"1217 W Southern Ave","name":""},
  {"lat":41.13214,"lon":-77.4456,"city":"Lock Haven","state":"PA","address":"120 E Walnut St","name":""},
  {"lat":41.20345,"lon":-77.2637,"city":"Jersey Shore","state":"PA","address":"701 Allegheny St","name":""},
  {"lat":41.67173,"lon":-86.0013,"city":"Elkhart","state":"IN","address":"1708 Nappanee St","name":""},
  {"lat":27.98102,"lon":-82.4841,"city":"Tampa","state":"FL","address":"4319 N Armenia Ave","name":""},
  {"lat":27.53406,"lon":-81.8105,"city":"Wauchula","state":"FL","address":"1020 S 6th Ave","name":""},
  {"lat":27.04598,"lon":-82.2606,"city":"North Port","state":"FL","address":"12600 S Tamiami Trail","name":""},
  {"lat":27.29805,"lon":-81.3567,"city":"Lake Placid","state":"FL","address":"70 Plaza Ave","name":""},
  {"lat":28.29331,"lon":-82.7085,"city":"Port Richey","state":"FL","address":"9332 US-19","name":""},
  {"lat":28.22839,"lon":-82.212,"city":"Zephyrhills","state":"FL","address":"36538 FL-54","name":""},
  {"lat":27.58398,"lon":-81.516,"city":"Avon Park","state":"FL","address":"1020 US Hwy 27 S","name":""},
  {"lat":27.8281,"lon":-82.6582,"city":"St. Petersburg","state":"FL","address":"1804 62nd Ave N","name":""},
  {"lat":27.96437,"lon":-82.7872,"city":"Clearwater","state":"FL","address":"1209 Cleveland St","name":""},
  {"lat":27.81168,"lon":-82.7301,"city":"Kenneth City","state":"FL","address":"4380 66th St N","name":""},
  {"lat":27.48435,"lon":-81.4386,"city":"Sebring","state":"FL","address":"1544 Lakeview Dr","name":""},
  {"lat":28.26529,"lon":-82.1864,"city":"Zephyrhills","state":"FL","address":"7320 Gall Blvd","name":""},
  {"lat":28.06803,"lon":-82.4608,"city":"Tampa","state":"FL","address":"150 W Fletcher Ave","name":""},
  {"lat":28.53851,"lon":-82.4026,"city":"Brooksville","state":"FL","address":"20040 Cortez Blvd","name":""},
  {"lat":28.89329,"lon":-82.5868,"city":"Crystal River","state":"FL","address":"204 SE US Hwy 19","name":""},
  {"lat":27.79732,"lon":-82.6801,"city":"St. Petersburg","state":"FL","address":"2804 34th St N","name":""},
  {"lat":28.034,"lon":-82.4012,"city":"Temple Terrace","state":"FL","address":"5014 E Busch Blvd","name":""},
  {"lat":27.91717,"lon":-82.7958,"city":"Largo","state":"FL","address":"100 Clearwater Largo Rd N","name":""},
  {"lat":27.85872,"lon":-82.3252,"city":"Riverview","state":"FL","address":"9624-A US-301","name":""},
  {"lat":28.02399,"lon":-82.4605,"city":"Tampa","state":"FL","address":"5002 E Broadway Ave","name":""},
  {"lat":28.45286,"lon":-82.5957,"city":"Spring Hill","state":"FL","address":"7351 Spring Hill Dr","name":""},
  {"lat":28.04277,"lon":-81.9889,"city":"Lakeland","state":"FL","address":"2021 George Jenkins Blvd","name":""},
  {"lat":28.05413,"lon":-81.9472,"city":"Lakeland","state":"FL","address":"917 E Memorial Blvd","name":""},
  {"lat":28.07928,"lon":-82.4331,"city":"Tampa","state":"FL","address":"2271 E Bearss Ave","name":""},
  {"lat":27.90014,"lon":-81.6036,"city":"Lake Wales","state":"FL","address":"630 FL-60","name":""},
  {"lat":28.36473,"lon":-82.1959,"city":"Dade City","state":"FL","address":"12860 US Hwy 301","name":""},
  {"lat":28.10535,"lon":-81.6186,"city":"Haines City","state":"FL","address":"1687 E Hinson Ave","name":""},
  {"lat":28.83303,"lon":-82.3285,"city":"Inverness","state":"FL","address":"222 US Hwy 41 S","name":""},
  {"lat":28.05182,"lon":-81.7773,"city":"Auburndale","state":"FL","address":"464 Havendale Blvd","name":""},
  {"lat":27.98302,"lon":-82.2872,"city":"Seffner","state":"FL","address":"729 W Dr Martin Luther King Jr Blvd","name":""},
  {"lat":27.77987,"lon":-82.646,"city":"St. Petersburg","state":"FL","address":"701 9th St N","name":""},
  {"lat":28.0034,"lon":-82.1228,"city":"Plant City","state":"FL","address":"1401 S Collins St","name":""},
  {"lat":28.18561,"lon":-82.7388,"city":"Holiday","state":"FL","address":"1824 US-19","name":""},
  {"lat":27.71438,"lon":-82.3548,"city":"Sun City","state":"FL","address":"1625 Sun City Center Plaza","name":""},
  {"lat":27.99689,"lon":-82.4639,"city":"Tampa","state":"FL","address":"305 W Hillsborough Ave","name":""},
  {"lat":27.9424,"lon":-82.3731,"city":"Tampa","state":"FL","address":"7430 Palm River Rd","name":""},
  {"lat":27.90566,"lon":-81.8411,"city":"Bartow","state":"FL","address":"330 E Van Fleet Dr","name":""},
  {"lat":28.25746,"lon":-82.7058,"city":"New Port Richey","state":"FL","address":"6536 Massachusetts Ave","name":""},
  {"lat":42.97676,"lon":-77.9937,"city":"LeRoy","state":"NY","address":"15 W Main St","name":""},
  {"lat":42.79685,"lon":-78.8187,"city":"Blasdell","state":"NY","address":"4271 Lake Ave","name":""},
  {"lat":37.34077,"lon":-82.5914,"city":"Virgie","state":"KY","address":"669 KY-610","name":""},
  {"lat":42.21793,"lon":-85.8886,"city":"Paw Paw","state":"MI","address":"307 E Michigan Ave","name":""},
  {"lat":41.99186,"lon":-86.1073,"city":"Dowagiac","state":"MI","address":"609 N Front St","name":""},
  {"lat":42.06855,"lon":-83.2482,"city":"Rockwood","state":"MI","address":"32823 Fort Rd","name":""},
  {"lat":40.87329,"lon":-80.6879,"city":"Columbiana","state":"OH","address":"787 Fairfield Ave","name":""},
  {"lat":42.98066,"lon":-84.119,"city":"Corunna","state":"MI","address":"115 W McArthur St","name":""},
  {"lat":43.22541,"lon":-77.3197,"city":"Ontario","state":"NY","address":"1250 NY-104","name":""},
  {"lat":39.78461,"lon":-105.006,"city":"Denver","state":"CO","address":"4860 N Pecos St","name":""},
  {"lat":40.83467,"lon":-83.2868,"city":"Upper Sandusky","state":"OH","address":"415 W Church St","name":""},
  {"lat":29.44428,"lon":-82.6331,"city":"Bronson","state":"FL","address":"661 E Hathaway Ave","name":""},
  {"lat":39.6534,"lon":-78.7611,"city":"Cumberland","state":"MD","address":"66 Queen City Dr","name":""},
  {"lat":42.50873,"lon":-96.4047,"city":"Sioux City","state":"IA","address":"1730 Pierce St","name":""},
  {"lat":42.32083,"lon":-77.6593,"city":"Hornell","state":"NY","address":"16 Park Dr","name":""},
  {"lat":45.14832,"lon":-85.1201,"city":"East Jordan","state":"MI","address":"530 Maple St","name":""},
  {"lat":39.83174,"lon":-105.027,"city":"Westminster","state":"CO","address":"3045 W 74th Ave","name":""},
  {"lat":41.30596,"lon":-73.9115,"city":"Peekskill","state":"NY","address":"1099 N Division St","name":""},
  {"lat":32.28111,"lon":-90.1175,"city":"Pearl","state":"MS","address":"3111 Hwy 80 E","name":""},
  {"lat":39.91339,"lon":-77.6492,"city":"Chambersburg","state":"PA","address":"1025 Wayne Ave","name":""},
  {"lat":39.62484,"lon":-85.4434,"city":"Rushville","state":"IN","address":"1542 N Main St","name":""},
  {"lat":41.14597,"lon":-87.2762,"city":"Roselawn","state":"IN","address":"5916 IN-10","name":""},
  {"lat":38.77998,"lon":-83.5644,"city":"West Union","state":"OH","address":"11132 State Rte 41","name":""},
  {"lat":26.75308,"lon":-80.9461,"city":"Clewiston","state":"FL","address":"900 W Sugarland Hwy","name":""},
  {"lat":42.91793,"lon":-78.891,"city":"Buffalo","state":"NY","address":"142 Grant St","name":""},
  {"lat":38.12589,"lon":-83.7442,"city":"Owingsville","state":"KY","address":"78 Creekside Dr","name":""},
  {"lat":38.21436,"lon":-84.2768,"city":"Paris","state":"KY","address":"2236 M.L.K. Jr Blvd","name":""},
  {"lat":39.38599,"lon":-89.0847,"city":"Pana","state":"IL","address":"1 W 4th St","name":""},
  {"lat":35.91512,"lon":-94.9618,"city":"Tahlequah","state":"OK","address":"614 E Downing St","name":""},
  {"lat":42.3428,"lon":-77.3359,"city":"Bath","state":"NY","address":"400 W Morris St","name":""},
  {"lat":30.27079,"lon":-82.1234,"city":"MacClenny","state":"FL","address":"816 S 6th St","name":""},
  {"lat":38.19609,"lon":-85.2221,"city":"Shelbyville","state":"KY","address":"22 Village Plaza","name":""},
  {"lat":39.68127,"lon":-105.026,"city":"Denver","state":"CO","address":"1951 S Federal Blvd","name":""},
  {"lat":41.18833,"lon":-87.1205,"city":"Wheatfield","state":"IN","address":"3944 IN-10","name":""},
  {"lat":41.31988,"lon":-87.0276,"city":"Kouts","state":"IN","address":"175 N Main St","name":""},
  {"lat":39.82907,"lon":-104.912,"city":"Commerce City","state":"CO","address":"7290 Monaco St","name":""},
  {"lat":40.19096,"lon":-105.101,"city":"Longmont","state":"CO","address":"1750 Main St","name":""},
  {"lat":38.2976,"lon":-83.1811,"city":"Olive Hill","state":"KY","address":"131 Jessica Ln","name":""},
  {"lat":40.67399,"lon":-78.2395,"city":"Tyrone","state":"PA","address":"111 W 13th St","name":""},
  {"lat":39.50066,"lon":-84.3505,"city":"Middletown","state":"OH","address":"4525 Roosevelt Blvd","name":""},
  {"lat":40.03142,"lon":-75.1825,"city":"Philadelphia","state":"PA","address":"5834 Pulaski St","name":""},
  {"lat":44.87125,"lon":-88.6182,"city":"Keshena","state":"WI","address":"W2818 Warrington Rd","name":""},
  {"lat":39.95411,"lon":-75.2756,"city":"Upper Darby","state":"PA","address":"1500 Garrett Rd","name":""},
  {"lat":34.72091,"lon":-81.6384,"city":"Union","state":"SC","address":"410 N Duncan Bypass","name":""},
  {"lat":40.01675,"lon":-90.4295,"city":"Beardstown","state":"IL","address":"412 E 4th St","name":""},
  {"lat":39.80172,"lon":-89.6177,"city":"Springfield","state":"IL","address":"2520 Clearlake Dr","name":""},
  {"lat":42.38714,"lon":-82.9726,"city":"Detroit","state":"MI","address":"4703 Conner St","name":""},
  {"lat":42.86296,"lon":-78.7524,"city":"West Seneca","state":"NY","address":"2305 Union Rd","name":""},
  {"lat":42.11498,"lon":-79.248,"city":"Jamestown","state":"NY","address":"194 Fluvanna Ave","name":""},
  {"lat":38.68638,"lon":-85.7719,"city":"Scottsburg","state":"IN","address":"130 W McClain Ave","name":""},
  {"lat":32.32801,"lon":-90.1934,"city":"Jackson","state":"MS","address":"2441 Bailey Ave","name":""},
  {"lat":38.82481,"lon":-104.779,"city":"Colorado Springs","state":"CO","address":"405 S Circle Dr","name":""},
  {"lat":41.13258,"lon":-80.6631,"city":"Youngstown","state":"OH","address":"653 Gypsy Ln","name":""},
  {"lat":34.87595,"lon":-82.7004,"city":"Pickens","state":"SC","address":"529 Hampton Ave","name":""},
  {"lat":41.54018,"lon":-85.5391,"city":"Topeka","state":"IN","address":"126 N Main St","name":""},
  {"lat":37.72607,"lon":-83.5404,"city":"Campton","state":"KY","address":"719 KY-15","name":""},
  {"lat":38.92094,"lon":-82.2818,"city":"Bidwell","state":"OH","address":"9039 OH-160","name":""},
  {"lat":39.18874,"lon":-84.46,"city":"Cincinnati","state":"OH","address":"1864 E Seymour Ave","name":""},
  {"lat":29.63372,"lon":-83.1237,"city":"Cross City","state":"FL","address":"16702 SE Hwy 19","name":""},
  {"lat":36.01934,"lon":-86.5767,"city":"Lavergne","state":"TN","address":"5154 Murfreesboro Rd","name":""},
  {"lat":35.64637,"lon":-88.1068,"city":"Parsons","state":"TN","address":"1182 E Main St","name":""},
  {"lat":26.60592,"lon":-81.6512,"city":"Lehigh Acres","state":"FL","address":"1215 Homestead Rd N","name":""},
  {"lat":39.0313,"lon":-87.1653,"city":"Linton","state":"IN","address":"209 S Main St","name":""},
  {"lat":29.53594,"lon":-82.5185,"city":"Archer","state":"FL","address":"12859 FL-45","name":""},
  {"lat":38.35529,"lon":-90.9755,"city":"St. Clair","state":"MO","address":"1100 N Commercial Ave","name":""},
  {"lat":42.54839,"lon":-79.1521,"city":"Silver Creek","state":"NY","address":"1364 US-20","name":""},
  {"lat":39.91987,"lon":-75.2662,"city":"Darby","state":"PA","address":"150 S MacDade Blvd","name":""},
  {"lat":34.49361,"lon":-81.9789,"city":"Laurens","state":"SC","address":"917 E Main St","name":""},
  {"lat":41.66985,"lon":-78.8125,"city":"Kane","state":"PA","address":"608 N Fraley St","name":""},
  {"lat":39.67253,"lon":-85.1308,"city":"Connersville","state":"IN","address":"3100 Virginia Ave","name":""},
  {"lat":44.68921,"lon":-75.4789,"city":"Ogdensburg","state":"NY","address":"701 Canton St","name":""},
  {"lat":37.89747,"lon":-83.2871,"city":"West Liberty","state":"KY","address":"7644 Liberty Rd","name":""},
  {"lat":37.56849,"lon":-83.4009,"city":"Jackson","state":"KY","address":"1471 KY-15","name":""},
  {"lat":37.15494,"lon":-83.3697,"city":"Hyden","state":"KY","address":"92 KY-80","name":""},
  {"lat":37.53143,"lon":-84.6518,"city":"Stanford","state":"KY","address":"100 Lacy St","name":""},
  {"lat":37.07826,"lon":-84.6169,"city":"Somerset","state":"KY","address":"1114 N Hwy 27","name":""},
  {"lat":37.0203,"lon":-84.6272,"city":"Somerset","state":"KY","address":"5194 S Hwy 27","name":""},
  {"lat":36.71828,"lon":-84.4671,"city":"Whitley City","state":"KY","address":"65 Crit King Rd","name":""},
  {"lat":34.75759,"lon":-83.0476,"city":"West Union","state":"SC","address":"134 Foothills Center Rd","name":""},
  {"lat":31.17747,"lon":-83.7812,"city":"Moultrie","state":"GA","address":"205 6th St SE","name":""},
  {"lat":41.53456,"lon":-80.8675,"city":"Orwell","state":"OH","address":"23 S Maple St","name":""},
  {"lat":41.02351,"lon":-80.6694,"city":"Youngstown","state":"OH","address":"223 Boardman-Canfield Rd","name":""},
  {"lat":44.02042,"lon":-84.7983,"city":"Harrison","state":"MI","address":"158 N 1st St","name":""},
  {"lat":39.966,"lon":-75.2323,"city":"Philadelphia","state":"PA","address":"5601 Vine St","name":""},
  {"lat":44.60965,"lon":-86.0983,"city":"Benzonia","state":"MI","address":"1579 Michigan Ave","name":""},
  {"lat":40.7728,"lon":-80.7662,"city":"Lisbon","state":"OH","address":"201 E Lincoln Way","name":""},
  {"lat":29.48863,"lon":-82.8604,"city":"Chiefland","state":"FL","address":"110 Rodgers Blvd","name":""},
  {"lat":42.485,"lon":-79.3297,"city":"Dunkirk","state":"NY","address":"166 E 4th St","name":""},
  {"lat":39.92761,"lon":-77.9889,"city":"McConnellsburg","state":"PA","address":"182 Buchanan Trail","name":""},
  {"lat":41.05703,"lon":-80.3569,"city":"New Castle","state":"PA","address":"3332 D Wilmington Rd","name":""},
  {"lat":39.72443,"lon":-104.812,"city":"Aurora","state":"CO","address":"15220 E 6th Ave","name":""},
  {"lat":41.42862,"lon":-78.5547,"city":"St. Marys","state":"PA","address":"391 Brusselles St","name":""},
  {"lat":40.91325,"lon":-90.6484,"city":"Monmouth","state":"IL","address":"200 N Main St","name":""},
  {"lat":42.64171,"lon":-83.6239,"city":"Highland","state":"MI","address":"722 Highland Rd","name":""},
  {"lat":37.32337,"lon":-84.9258,"city":"Liberty","state":"KY","address":"675 Wallace Wilkinson Blvd","name":""},
  {"lat":35.22156,"lon":-88.2454,"city":"Savannah","state":"TN","address":"225 Water St","name":""},
  {"lat":39.92263,"lon":-83.7776,"city":"Springfield","state":"OH","address":"2105 E Main St","name":""},
  {"lat":36.59263,"lon":-84.1266,"city":"Williamsburg","state":"KY","address":"12075 Hwy 25","name":""},
  {"lat":40.85517,"lon":-81.7673,"city":"Orrville","state":"OH","address":"401 Hostetler Rd","name":""},
  {"lat":38.0023,"lon":-84.1512,"city":"Winchester","state":"KY","address":"755 Ecton Rd","name":""},
  {"lat":37.70027,"lon":-83.9939,"city":"Irvine","state":"KY","address":"1290 Richmond Rd","name":""},
  {"lat":35.64114,"lon":-88.4014,"city":"Lexington","state":"TN","address":"421 S Broad St","name":""},
  {"lat":42.36365,"lon":-83.0256,"city":"Detroit","state":"MI","address":"3681 Gratiot Ave","name":""},
  {"lat":41.68417,"lon":-86.893,"city":"Michigan City","state":"IN","address":"3830 Franklin St","name":""},
  {"lat":42.77687,"lon":-86.0783,"city":"Holland","state":"MI","address":"661 E 24th St","name":""},
  {"lat":42.84191,"lon":-85.6633,"city":"Cutlerville","state":"MI","address":"6718 Division Ave South","name":""},
  {"lat":44.74723,"lon":-85.5946,"city":"Traverse City","state":"MI","address":"1115 S Garfield Ave","name":""},
  {"lat":42.93174,"lon":-74.6202,"city":"Fort Plain","state":"NY","address":"19 River St","name":""},
  {"lat":36.87444,"lon":-89.5791,"city":"Sikeston","state":"MO","address":"601 S Main St","name":""},
  {"lat":38.36805,"lon":-75.6084,"city":"Salisbury","state":"MD","address":"220 Cypress St","name":""},
  {"lat":41.23096,"lon":-80.5123,"city":"Sharon","state":"PA","address":"110 S Water Ave","name":""},
  {"lat":30.282,"lon":-82.9856,"city":"Live Oak","state":"FL","address":"1535 Ohio Ave S","name":""},
  {"lat":40.39663,"lon":-104.692,"city":"Greeley","state":"CO","address":"816 25th St","name":""},
  {"lat":40.38445,"lon":-79.8218,"city":"North Versailles","state":"PA","address":"355 Lincoln Hwy","name":""},
  {"lat":39.52198,"lon":-82.3706,"city":"Logan","state":"OH","address":"35107 Hocking Dr","name":""},
  {"lat":38.52477,"lon":-84.8188,"city":"Owenton","state":"KY","address":"805 State Hwy 22","name":""},
  {"lat":44.22764,"lon":-74.4623,"city":"Tupper Lake","state":"NY","address":"94 Demars Blvd","name":""},
  {"lat":39.67404,"lon":-80.8574,"city":"New Martinsville","state":"WV","address":"223 WV-2","name":""},
  {"lat":32.841,"lon":-90.3857,"city":"Yazoo City","state":"MS","address":"110 Jerry Clower Blvd N","name":""},
  {"lat":32.29379,"lon":-90.2286,"city":"Jackson","state":"MS","address":"1411 Ellis Ave","name":""},
  {"lat":40.82354,"lon":-81.9316,"city":"Wooster","state":"OH","address":"Cleveland Rd","name":""},
  {"lat":35.61461,"lon":-85.1888,"city":"Pikeville","state":"TN","address":"1391 US-127 BYP","name":""},
  {"lat":38.97128,"lon":-75.7973,"city":"Greensboro","state":"MD","address":"13263 Greensboro Rd","name":""},
  {"lat":38.64624,"lon":-75.6225,"city":"Seaford","state":"DE","address":"401 W Stein Hwy","name":""},
  {"lat":30.09971,"lon":-83.5822,"city":"Perry","state":"FL","address":"2020 S Jefferson St","name":""},
  {"lat":39.88232,"lon":-79.7398,"city":"Uniontown","state":"PA","address":"132 Walnut Hill Rd","name":""},
  {"lat":37.58903,"lon":-84.2857,"city":"Berea","state":"KY","address":"403 Richmond Rd N","name":""},
  {"lat":38.18144,"lon":-85.7841,"city":"Louisville","state":"KY","address":"4148 Taylor Blvd","name":""},
  {"lat":43.8923,"lon":-84.4983,"city":"Gladwin","state":"MI","address":"160 James Robertson Dr","name":""},
  {"lat":44.32264,"lon":-84.7734,"city":"Houghton Lake","state":"MI","address":"725 S Loxley Rd","name":""},
  {"lat":36.86261,"lon":-83.1833,"city":"Evarts","state":"KY","address":"158 E Main St","name":""},
  {"lat":36.83582,"lon":-83.3262,"city":"Harlan","state":"KY","address":"93 Industrial Park Rd","name":""},
  {"lat":37.25794,"lon":-83.198,"city":"Hazard","state":"KY","address":"163 Citizens Lane","name":""},
  {"lat":37.28854,"lon":-83.2091,"city":"Hazard","state":"KY","address":"52 Grand Vue Plaza","name":""},
  {"lat":37.31461,"lon":-82.9396,"city":"Hindman","state":"KY","address":"402 KY-899","name":""},
  {"lat":37.86101,"lon":-82.5552,"city":"Inez","state":"KY","address":"KY-645","name":""},
  {"lat":36.61421,"lon":-83.7111,"city":"Middlesboro","state":"KY","address":"415 Dansbury Ave","name":""},
  {"lat":37.47127,"lon":-82.5332,"city":"Pikeville","state":"KY","address":"240 S Mayo Trail","name":""},
  {"lat":36.70232,"lon":-83.6945,"city":"Pineville","state":"KY","address":"622 US-119","name":""},
  {"lat":38.35454,"lon":-90.6473,"city":"Cedar Hill","state":"MO","address":"7030 State Hwy BB","name":""},
  {"lat":37.54882,"lon":-83.7246,"city":"Beattyville","state":"KY","address":"2093 KY-11","name":""},
  {"lat":41.95839,"lon":-78.6444,"city":"Bradford","state":"PA","address":"75 Forman St","name":""},
  {"lat":35.08599,"lon":-96.3911,"city":"Holdenville","state":"OK","address":"900 N Hinckley St","name":""},
  {"lat":39.74271,"lon":-81.5073,"city":"Caldwell","state":"OH","address":"120 Olive St","name":""},
  {"lat":39.92135,"lon":-91.4026,"city":"Quincy","state":"IL","address":"837 Jefferson St","name":""},
  {"lat":44.21535,"lon":-70.5216,"city":"South Paris","state":"ME","address":"179 Main St","name":""},
  {"lat":39.62212,"lon":-77.7359,"city":"Hagerstown","state":"MD","address":"1161 Maryland Ave","name":""},
  {"lat":39.84809,"lon":-104.995,"city":"Thornton","state":"CO","address":"630 W 84th Ave","name":""},
  {"lat":38.22419,"lon":-85.7927,"city":"Louisville","state":"KY","address":"1804 Dixie Hwy","name":""},
  {"lat":44.33113,"lon":-75.4762,"city":"Gouverneur","state":"NY","address":"210 W Main St","name":""},
  {"lat":37.65673,"lon":-84.7527,"city":"Danville","state":"KY","address":"1085 E Lexington Ave","name":""},
  {"lat":40.92953,"lon":-87.1575,"city":"Rensselaer","state":"IN","address":"396 S College Ave","name":""},
  {"lat":42.25181,"lon":-83.6545,"city":"Ypsilanti","state":"MI","address":"2830 Washtenaw Ave","name":""},
  {"lat":36.96958,"lon":-84.0874,"city":"Corbin","state":"KY","address":"1100 Cumberland Gap Pkwy","name":""},
  {"lat":43.41953,"lon":-83.9628,"city":"Saginaw","state":"MI","address":"321 N Michigan Ave","name":""},
  {"lat":34.87526,"lon":-83.9715,"city":"Blairsville","state":"GA","address":"117 Murphy Hwy","name":""},
  {"lat":39.79287,"lon":-84.0238,"city":"Fairborn","state":"OH","address":"21 E Dayton Yellow Springs Rd","name":""},
  {"lat":43.40549,"lon":-85.7948,"city":"Newaygo","state":"MI","address":"257 82nd St","name":""},
  {"lat":43.23635,"lon":-86.1829,"city":"Muskegon","state":"MI","address":"2480 Apple Ave","name":""},
  {"lat":42.15925,"lon":-78.7126,"city":"Salamanca","state":"NY","address":"35 Church St","name":""},
  {"lat":37.73718,"lon":-83.0385,"city":"Salyersville","state":"KY","address":"735 Mountain Pkwy","name":""},
  {"lat":43.03422,"lon":-83.6542,"city":"Flint","state":"MI","address":"1918 N Dort Hwy","name":""},
  {"lat":40.58644,"lon":-86.681,"city":"Delphi","state":"IN","address":"523 W Monroe St","name":""},
  {"lat":45.60756,"lon":-84.4751,"city":"Cheboygan","state":"MI","address":"10203 N Straits Hwy","name":""},
  {"lat":33.63059,"lon":-91.7967,"city":"Monticello","state":"AR","address":"313 N Hyatt St","name":""},
  {"lat":41.10439,"lon":-78.7715,"city":"du Bois","state":"PA","address":"1000 S Brady St","name":""},
  {"lat":39.2881,"lon":-86.7845,"city":"Spencer","state":"IN","address":"42 Bob Babbs Dr","name":""},
  {"lat":39.63137,"lon":-78.7503,"city":"Cumberland","state":"MD","address":"1050 W Industrial Blvd","name":""},
  {"lat":40.90243,"lon":-81.0911,"city":"Alliance","state":"OH","address":"1110 E State St","name":""},
  {"lat":42.19792,"lon":-83.3049,"city":"Taylor","state":"MI","address":"27254 Eureka Rd","name":""},
  {"lat":39.23642,"lon":-81.541,"city":"Parkersburg","state":"WV","address":"1805 Broadway Ave","name":""},
  {"lat":44.65162,"lon":-84.7069,"city":"Grayling","state":"MI","address":"2333 I-75BL","name":""},
  {"lat":35.90681,"lon":-88.7515,"city":"Milan","state":"TN","address":"6042 S 1st St","name":""},
  {"lat":36.75864,"lon":-88.6403,"city":"Mayfield","state":"KY","address":"1210 US-45","name":""},
  {"lat":35.47101,"lon":-86.0765,"city":"Manchester","state":"TN","address":"1224 Hillsboro Blvd","name":""},
  {"lat":35.79814,"lon":-87.4366,"city":"Centerville","state":"TN","address":"700 TN-100","name":""},
  {"lat":38.42104,"lon":-83.7346,"city":"Flemingsburg","state":"KY","address":"201 S Main Cross St","name":""},
  {"lat":38.27088,"lon":-85.7916,"city":"Louisville","state":"KY","address":"2626 Portland Ave","name":""},
  {"lat":43.04609,"lon":-77.0966,"city":"Newark","state":"NY","address":"100 Mason St","name":""},
  {"lat":40.21306,"lon":-84.8124,"city":"Union City","state":"IN","address":"380 W Deerfield Rd","name":""},
  {"lat":30.1882,"lon":-82.6214,"city":"Lake City","state":"FL","address":"1036 E Duval St","name":""},
  {"lat":40.74125,"lon":-89.5747,"city":"Peoria Heights","state":"IL","address":"4425 N Prospect Rd","name":""},
  {"lat":38.07731,"lon":-81.8319,"city":"Danville","state":"WV","address":"124 Mall Rd","name":""},
  {"lat":39.01134,"lon":-82.0451,"city":"Pomeroy","state":"OH","address":"700 W Main St","name":""},
  {"lat":38.27448,"lon":-80.8527,"city":"Summersville","state":"WV","address":"840 Broad St","name":""},
  {"lat":39.84531,"lon":-88.9244,"city":"Decatur","state":"IL","address":"2280 E William St","name":""},
  {"lat":42.87457,"lon":-78.7948,"city":"Cheektowaga","state":"NY","address":"79 S Rossler Ave","name":""},
  {"lat":38.38685,"lon":-84.2936,"city":"Cynthiana","state":"KY","address":"304 S Church St","name":""},
  {"lat":43.02535,"lon":-83.7321,"city":"Flint","state":"MI","address":"2918 Flushing Rd","name":""},
  {"lat":33.84796,"lon":-87.2839,"city":"Jasper","state":"AL","address":"689 Hwy 78 W","name":""},
  {"lat":37.58325,"lon":-81.5219,"city":"Pineville","state":"WV","address":"St Rt 10 N","name":""},
  {"lat":39.89405,"lon":-82.0398,"city":"Zanesville","state":"OH","address":"2772 Maysville Pike","name":""},
  {"lat":43.65225,"lon":-70.2802,"city":"Portland","state":"ME","address":"268 St John St","name":""},
  {"lat":40.98999,"lon":-80.3216,"city":"New Castle","state":"PA","address":"1134 Butler Ave","name":""},
  {"lat":35.36945,"lon":-84.3037,"city":"Tellico Plains","state":"TN","address":"9170 TN-68","name":""},
  {"lat":38.53737,"lon":-82.6886,"city":"Ironton","state":"OH","address":"400 N 2nd St","name":""},
  {"lat":34.76691,"lon":-84.9267,"city":"Dalton","state":"GA","address":"2604 E Walnut Ave","name":""},
  {"lat":43.41508,"lon":-83.8975,"city":"Saginaw","state":"MI","address":"3355 E Holland Rd","name":""},
  {"lat":39.74701,"lon":-77.5903,"city":"Waynesboro","state":"PA","address":"712 S Potomac St","name":""},
  {"lat":38.06419,"lon":-84.4802,"city":"Lexington","state":"KY","address":"1235 N Broadway","name":""},
  {"lat":38.04791,"lon":-84.5482,"city":"Lexington","state":"KY","address":"23183 Versailles Rd","name":""},
  {"lat":45.0606,"lon":-83.4303,"city":"Alpena","state":"MI","address":"245 E Chisholm St","name":""},
  {"lat":44.25713,"lon":-85.4039,"city":"Cadillac","state":"MI","address":"802 N Mitchell St","name":""},
  {"lat":42.58715,"lon":-78.9402,"city":"North Collins","state":"NY","address":"10833 Main St","name":""},
  {"lat":38.02725,"lon":-84.9353,"city":"Lawrenceburg","state":"KY","address":"KY-44","name":""},
  {"lat":39.82961,"lon":-84.8484,"city":"Richmond","state":"IN","address":"3775 National Rd E","name":""},
  {"lat":39.6903,"lon":-105.042,"city":"Denver","state":"CO","address":"4255 W Florida Ave","name":""},
  {"lat":41.58704,"lon":-87.4448,"city":"Hammond","state":"IN","address":"3446 169th St","name":""},
  {"lat":43.1226,"lon":-83.6929,"city":"Mt Morris","state":"MI","address":"11972 Saginaw St","name":""},
  {"lat":35.47384,"lon":-85.0328,"city":"Dayton","state":"TN","address":"4285 Rhea County Hwy","name":""},
  {"lat":36.12758,"lon":-88.5105,"city":"McKenzie","state":"TN","address":"15730 Highland Dr","name":""},
  {"lat":38.86067,"lon":-83.8863,"city":"Georgetown","state":"OH","address":"4908 E State St","name":""},
  {"lat":38.28835,"lon":-104.595,"city":"Pueblo","state":"CO","address":"1110 Bonforte Blvd","name":""},
  {"lat":37.123,"lon":-85.961,"city":"Cave City","state":"KY","address":"509 E Happy Valley St","name":""},
  {"lat":38.47841,"lon":-82.6379,"city":"Ashland","state":"KY","address":"5850 Summit Plaza","name":""},
  {"lat":38.3447,"lon":-82.9496,"city":"Grayson","state":"KY","address":"584 KY-1947","name":""},
  {"lat":38.62635,"lon":-83.7989,"city":"Maysville","state":"KY","address":"930 Tucker Dr","name":""},
  {"lat":38.12478,"lon":-82.6234,"city":"Louisa","state":"KY","address":"4790 Hwy 2565","name":""},
  {"lat":38.16863,"lon":-83.4375,"city":"Morehead","state":"KY","address":"303 Lee Clay Ave","name":""},
  {"lat":39.70545,"lon":-91.3683,"city":"Hannibal","state":"MO","address":"1222 Broadway","name":""},
  {"lat":34.09832,"lon":-82.8493,"city":"Elberton","state":"GA","address":"890 Elbert St","name":""},
  {"lat":40.50497,"lon":-86.1149,"city":"Kokomo","state":"IN","address":"1303 E Morgan St","name":""},
  {"lat":34.94695,"lon":-85.2579,"city":"Ft Oglethorpe","state":"GA","address":"2911 Lafayette Rd","name":""},
  {"lat":39.50766,"lon":-87.3923,"city":"Terre Haute","state":"IN","address":"1800 Fort Harrison Rd","name":""},
  {"lat":39.65532,"lon":-87.4295,"city":"Clinton","state":"IN","address":"1801 E State Rd","name":""},
  {"lat":34.99726,"lon":-85.2526,"city":"East Ridge","state":"TN","address":"3936 Ringgold Rd","name":""},
  {"lat":37.11879,"lon":-83.7412,"city":"Garrard","state":"KY","address":"120 Garrard Square","name":""},
  {"lat":40.79731,"lon":-81.5266,"city":"Massillon","state":"OH","address":"266 Federal Ave NE","name":""},
  {"lat":41.23964,"lon":-89.9253,"city":"Kewanee","state":"IL","address":"401 S Main St","name":""},
  {"lat":38.41063,"lon":-82.3659,"city":"E Huntington","state":"WV","address":"4341 Route 60 East","name":""},
  {"lat":41.07171,"lon":-80.6456,"city":"Youngstown","state":"OH","address":"2725 South Ave","name":""},
  {"lat":39.91881,"lon":-79.6936,"city":"Uniontown","state":"PA","address":"1249 W Penn Blvd","name":""},
  {"lat":41.47835,"lon":-87.6383,"city":"S Chicago Heights","state":"IL","address":"3310 Chicago Rd S","name":""},
  {"lat":41.93369,"lon":-80.6041,"city":"Conneaut","state":"OH","address":"350 W Main Rd","name":""},
  {"lat":40.61572,"lon":-80.6371,"city":"Wellsville","state":"OH","address":"325 Wells Ave","name":""},
  {"lat":36.16296,"lon":-82.8359,"city":"Greeneville","state":"TN","address":"249 W Summer St Highway 11","name":""},
  {"lat":39.28495,"lon":-77.8642,"city":"Charles Town","state":"WV","address":"130 Augustine Ave","name":""},
  {"lat":41.2959,"lon":-86.6208,"city":"Knox","state":"IN","address":"US-35","name":""},
  {"lat":36.10679,"lon":-84.5944,"city":"Wartburg","state":"TN","address":"3910 Morgan County Hwy","name":""},
  {"lat":33.52688,"lon":-90.2007,"city":"Greenwood","state":"MS","address":"719 W Park Ave","name":""},
  {"lat":35.94244,"lon":-85.4863,"city":"Sparta","state":"TN","address":"179 Mose Dr","name":""},
  {"lat":41.77331,"lon":-89.6903,"city":"Rock Falls","state":"IL","address":"928 1st Ave","name":""},
  {"lat":36.17862,"lon":-95.959,"city":"Tulsa","state":"OK","address":"1526 N Lewis Ave","name":""},
  {"lat":37.8447,"lon":-83.8475,"city":"Stanton","state":"KY","address":"576 E College Ave","name":""},
  {"lat":38.07831,"lon":-89.3834,"city":"Pinckneyville","state":"IL","address":"215 S Walnut St","name":""},
  {"lat":41.33618,"lon":-89.0949,"city":"La Salle","state":"IL","address":"802 Joliet St","name":""},
  {"lat":37.12411,"lon":-82.8394,"city":"Whitesburg","state":"KY","address":"136 Parkway Plaza Loop","name":""},
  {"lat":41.89323,"lon":-80.8038,"city":"Ashtabula","state":"OH","address":"822 Lake Ave","name":""},
  {"lat":39.70039,"lon":-78.1856,"city":"Hancock","state":"MD","address":"214 W Main St","name":""},
  {"lat":38.40741,"lon":-82.4791,"city":"Huntington","state":"WV","address":"920 14th St W","name":""},
  {"lat":38.74031,"lon":-82.9667,"city":"Portsmouth","state":"OH","address":"2507 Gallia St","name":""},
  {"lat":35.25998,"lon":-87.3228,"city":"Lawrenceburg","state":"TN","address":"1608 N Locust Ave","name":""},
  {"lat":42.56807,"lon":-78.4775,"city":"Chaffee","state":"NY","address":"NY-16","name":""},
  {"lat":35.62488,"lon":-88.836,"city":"Jackson","state":"TN","address":"903-4 Hollywood Dr","name":""},
  {"lat":41.63064,"lon":-87.7193,"city":"Midlothian","state":"IL","address":"14404 S Pulaski Rd","name":""},
  {"lat":41.27894,"lon":-80.8439,"city":"Warren","state":"OH","address":"4329a Mahoning Ave","name":""},
  {"lat":37.35627,"lon":-84.3493,"city":"Mt Vernon","state":"KY","address":"910 W Main St","name":""},
  {"lat":36.13768,"lon":-85.1026,"city":"Monterey","state":"TN","address":"201 Elmore St","name":""},
  {"lat":37.66115,"lon":-82.2725,"city":"Goody","state":"KY","address":"28640 Hwy 119","name":""},
  {"lat":37.56954,"lon":-82.8254,"city":"Martin","state":"KY","address":"39 Stephens Branch","name":""},
  {"lat":44.0855,"lon":-70.2029,"city":"Lewiston","state":"ME","address":"10 East Ave","name":""},
  {"lat":41.24555,"lon":-80.8174,"city":"Warren","state":"OH","address":"1020 N Park Ave","name":""},
  {"lat":38.20164,"lon":-84.8303,"city":"Frankfort","state":"KY","address":"113 Eastwood Shopping Center","name":""},
  {"lat":37.81767,"lon":-82.8146,"city":"Paintsville","state":"KY","address":"229 S Mayo Trail","name":""},
  {"lat":36.31008,"lon":-87.8001,"city":"Tennessee Ridge","state":"TN","address":"11225 S Main St","name":""},
  {"lat":36.72281,"lon":-84.1636,"city":"Williamsburg","state":"KY","address":"1645 Hwy 25","name":""},
  {"lat":36.52343,"lon":-84.5,"city":"Oneida","state":"TN","address":"20475 Alberta St","name":""},
  {"lat":36.38893,"lon":-85.3057,"city":"Livingston","state":"TN","address":"1032 E Main St","name":""},
  {"lat":37.0954,"lon":-84.0674,"city":"London","state":"KY","address":"825 S Laurel Rd","name":""},
  {"lat":36.92527,"lon":-84.1129,"city":"Corbin","state":"KY","address":"1520 Cumberland Falls Hwy","name":""},
  {"lat":36.62011,"lon":-83.7039,"city":"Barbourville","state":"KY","address":"786 US-25E Scenic","name":""},
  {"lat":36.54813,"lon":-85.4981,"city":"Celina","state":"TN","address":"5290 Burkesville Hwy","name":""},
  {"lat":36.69742,"lon":-85.1419,"city":"Albany","state":"KY","address":"415 Burkesville Rd","name":""},
  {"lat":36.84739,"lon":-84.8351,"city":"Monticello","state":"KY","address":"1500 N Main St","name":""},
  {"lat":36.43327,"lon":-84.9344,"city":"Jamestown","state":"TN","address":"407 N Main St","name":""},
  {"lat":35.70014,"lon":-85.7834,"city":"McMinnville","state":"TN","address":"231 Northgate Dr","name":""},
  {"lat":36.33819,"lon":-85.656,"city":"Gainesboro","state":"TN","address":"705 S Grundy Quarles Hwy","name":""},
  {"lat":35.19191,"lon":-85.5204,"city":"Whitwell","state":"TN","address":"13205 TN-28","name":""},
  {"lat":36.7479,"lon":-86.1961,"city":"Scottsville","state":"KY","address":"1407 Old Gallatin Rd","name":""},
  {"lat":36.38957,"lon":-86.4391,"city":"Gallatin","state":"TN","address":"351 E Main St","name":""},
  {"lat":35.15289,"lon":-86.5731,"city":"Fayetteville","state":"TN","address":"301 College St E","name":""},
  {"lat":35.21347,"lon":-86.0984,"city":"Decherd","state":"TN","address":"2327 Decherd Blvd","name":""},
  {"lat":36.1607,"lon":-85.5114,"city":"Cookeville","state":"TN","address":"116 S Willow Ave","name":""},
  {"lat":36.35363,"lon":-84.1561,"city":"LaFollette","state":"TN","address":"2010 Jacksboro Pike","name":""},
  {"lat":37.87307,"lon":-84.5982,"city":"Nicholasville","state":"KY","address":"701 Edgewood Dr","name":""},
  {"lat":34.20395,"lon":-90.5694,"city":"Clarksdale","state":"MS","address":"535 E 2nd St","name":""},
  {"lat":40.46621,"lon":-85.37,"city":"Hartford City","state":"IN","address":"1817 N Walnut St","name":""},
  {"lat":42.32008,"lon":-85.5721,"city":"Parchment","state":"MI","address":"806 Shoppers Ln","name":""},
  {"lat":39.95012,"lon":-91.3973,"city":"Quincy","state":"IL","address":"1120 Locust St","name":""},
  {"lat":39.71717,"lon":-82.2105,"city":"New Lexington","state":"OH","address":"512 N Main St","name":""},
  {"lat":38.60117,"lon":-91.2237,"city":"New Haven","state":"MO","address":"515 Harold Meyer Dr","name":""},
  {"lat":37.28927,"lon":-85.9012,"city":"Munfordville","state":"KY","address":"300 Interstate Plaza","name":""},
  {"lat":37.66788,"lon":-80.8944,"city":"Hinton","state":"WV","address":"206 Main St","name":""},
  {"lat":37.43251,"lon":-81.5731,"city":"Welch","state":"WV","address":"700 Virginia Ave","name":""},
  {"lat":37.76875,"lon":-86.4433,"city":"Hardinsburg","state":"KY","address":"996 Old Hwy 60","name":""},
  {"lat":37.21466,"lon":-83.7869,"city":"Fall Rock","state":"KY","address":"4833 N Hwy 421","name":""},
  {"lat":37.99282,"lon":-86.191,"city":"Brandenburg","state":"KY","address":"2320-1 By Pass Rd","name":""},
  {"lat":37.23379,"lon":-86.6936,"city":"Morgantown","state":"KY","address":"723 W G L Smith St","name":""},
  {"lat":36.99301,"lon":-85.9133,"city":"Glasgow","state":"KY","address":"400 S Green St","name":""},
  {"lat":37.10137,"lon":-85.3074,"city":"Columbia","state":"KY","address":"105 E Guardian St","name":""},
  {"lat":38.28906,"lon":-85.7302,"city":"Jeffersonville","state":"IN","address":"1017 E 10th St","name":""},
  {"lat":35.58757,"lon":-87.0385,"city":"Columbia","state":"TN","address":"112 E James Campbell Blvd","name":""},
  {"lat":41.09054,"lon":-80.5939,"city":"Youngstown","state":"OH","address":"2998 Mc Cartney Rd","name":""},
  {"lat":41.08272,"lon":-80.7303,"city":"Austintown","state":"OH","address":"1715 S Raccoon Rd","name":""},
  {"lat":37.82197,"lon":-85.4446,"city":"Bardstown","state":"KY","address":"1500 E John Rowan Blvd","name":""},
  {"lat":38.04499,"lon":-84.4593,"city":"Lexington","state":"KY","address":"1301 Winchester Rd","name":""},
  {"lat":39.12259,"lon":-88.5571,"city":"Effingham","state":"IL","address":"101 N Keller Dr","name":""},
  {"lat":38.01392,"lon":-92.7551,"city":"Camdenton","state":"MO","address":"709 Business Rte 5","name":""},
  {"lat":36.73659,"lon":-90.3962,"city":"Poplar Bluff","state":"MO","address":"451 MO-53","name":""},
  {"lat":37.54928,"lon":-85.7342,"city":"Hodgenville","state":"KY","address":"102 Lincoln Dr","name":""},
  {"lat":35.59675,"lon":-84.4659,"city":"Sweetwater","state":"TN","address":"406 S Main St","name":""},
  {"lat":39.04427,"lon":-82.6411,"city":"Jackson","state":"OH","address":"71 E Huron St","name":""},
  {"lat":35.54104,"lon":-84.3297,"city":"Madisonville","state":"TN","address":"112 Wayman Rd","name":""},
  {"lat":35.43593,"lon":-84.5901,"city":"Athens","state":"TN","address":"424 S White St","name":""},
  {"lat":36.68595,"lon":-93.1191,"city":"Forsyth","state":"MO","address":"142 Main St","name":""},
  {"lat":38.07239,"lon":-83.9183,"city":"Mount Sterling","state":"KY","address":"605 Doe Run Dr","name":""},
  {"lat":37.43271,"lon":-83.9815,"city":"McKee","state":"KY","address":"258 US-421","name":""},
  {"lat":37.99757,"lon":-88.9174,"city":"Benton","state":"IL","address":"309 E Main St","name":""},
  {"lat":35.97933,"lon":-85.0187,"city":"Crossville","state":"TN","address":"229 Interstate Dr","name":""},
  {"lat":34.31098,"lon":-89.9473,"city":"Batesville","state":"MS","address":"220 MS-6","name":""},
  {"lat":41.2135,"lon":-84.9729,"city":"Grabill","state":"IN","address":"13813 Fairview Drive","name":""},
  {"lat":45.3102,"lon":-92.3625,"city":"Amery","state":"WI","address":"210 Keller Ave S","name":""},
  {"lat":46.87319,"lon":-68.005,"city":"Caribou","state":"ME","address":"42 Skyway Plaza","name":""},
  {"lat":38.44824,"lon":-81.9049,"city":"Scott Depot","state":"WV","address":"6420 Teays Valley Rd","name":""},
  {"lat":36.0379,"lon":-79.8017,"city":"Greensboro","state":"NC","address":"429 W Meadowview Rd","name":""},
  {"lat":35.46368,"lon":-79.1526,"city":"Sanford","state":"NC","address":"1946 S Horner Blvd","name":""},
  {"lat":36.11486,"lon":-79.7772,"city":"Greensboro","state":"NC","address":"3111 Yanceyville St","name":""},
  {"lat":36.43617,"lon":-77.6434,"city":"Roanoke Rapids","state":"NC","address":"1160 Julian R Allsbrook Hwy","name":""},
  {"lat":39.73783,"lon":-104.811,"city":"Aurora","state":"CO","address":"15200 E Colfax Avenue","name":""},
  {"lat":36.34376,"lon":-88.8742,"city":"Martin","state":"TN","address":"145 Commons Dr","name":""},
  {"lat":43.21954,"lon":-76.8132,"city":"Wolcott","state":"NY","address":"12030 Park Ln","name":""},
  {"lat":41.41313,"lon":-81.5389,"city":"Maple Heights","state":"OH","address":"5488 Warrensville Center Rd","name":""},
  {"lat":41.46631,"lon":-82.1791,"city":"Lorain","state":"OH","address":"405 W Fourth St","name":""},
  {"lat":41.41522,"lon":-81.5709,"city":"Maple Heights","state":"OH","address":"15870 Broadway Ave","name":""},
  {"lat":41.37248,"lon":-82.0934,"city":"Elyria","state":"OH","address":"125 Cleveland St","name":""},
  {"lat":41.594,"lon":-81.4929,"city":"Euclid","state":"OH","address":"27591 Euclid Ave","name":""},
  {"lat":41.42497,"lon":-82.1186,"city":"Lorain","state":"OH","address":"2222 Fairless Dr","name":""},
  {"lat":41.53798,"lon":-81.555,"city":"Cleveland Heights","state":"OH","address":"2227 Noble Rd","name":""},
  {"lat":43.06226,"lon":-87.9423,"city":"Milwaukee","state":"WI","address":"2322 W Oak St","name":""},
  {"lat":43.13076,"lon":-87.9541,"city":"Milwaukee","state":"WI","address":"6201B N Teutonia Ave","name":""},
  {"lat":43.13488,"lon":-88.0038,"city":"Milwaukee","state":"WI","address":"6410 N 76th St","name":""},
  {"lat":43.10549,"lon":-88.0077,"city":"Milwaukee","state":"WI","address":"4821 N 76th St","name":""},
  {"lat":42.27684,"lon":-89.1169,"city":"Rockford","state":"IL","address":"1701 W State St","name":""},
  {"lat":40.64411,"lon":-83.6062,"city":"Kenton","state":"OH","address":"307 Decatur St","name":""},
  {"lat":40.75723,"lon":-84.1262,"city":"Lima","state":"OH","address":"1420 N Cole St","name":""},
  {"lat":42.97586,"lon":-82.4556,"city":"Port Huron","state":"MI","address":"657 24th St","name":""},
  {"lat":38.3992,"lon":-82.5785,"city":"Kenova","state":"WV","address":"1400 Chestnut St","name":""},
  {"lat":38.4213,"lon":-81.795,"city":"Cross Lanes","state":"WV","address":"901 Cross Lanes Dr","name":""},
  {"lat":38.27866,"lon":-82.1258,"city":"Hamlin","state":"WV","address":"7293 Lynn Ave","name":""},
  {"lat":37.48517,"lon":-86.3076,"city":"Leitchfield","state":"KY","address":"415 Mill Street","name":""},
  {"lat":39.64975,"lon":-81.8572,"city":"McConnelsville","state":"OH","address":"333 W Riverside Dr","name":""},
  {"lat":39.54502,"lon":-83.4286,"city":"Washington Court House","state":"OH","address":"1151 Columbus Ave","name":""},
  {"lat":39.3524,"lon":-83.3793,"city":"Greenfield","state":"OH","address":"110 Jefferson St","name":""},
  {"lat":39.22956,"lon":-83.6092,"city":"Hillsboro","state":"OH","address":"1472 N High St","name":""},
  {"lat":39.33787,"lon":-82.0693,"city":"Athens","state":"OH","address":"910 E State St","name":""},
  {"lat":39.33739,"lon":-83.0281,"city":"Chillicothe","state":"OH","address":"1700 Western Ave","name":""},
  {"lat":39.94609,"lon":-82.9141,"city":"Columbus","state":"OH","address":"1230 S James Rd","name":""},
  {"lat":39.9231,"lon":-82.9628,"city":"Columbus","state":"OH","address":"2054 Lockbourne Rd","name":""},
  {"lat":40.01204,"lon":-82.9497,"city":"Columbus","state":"OH","address":"2200 Mock Rd","name":""},
  {"lat":39.72113,"lon":-82.608,"city":"Lancaster","state":"OH","address":"629 N Memorial Dr","name":""},
  {"lat":39.94352,"lon":-82.8269,"city":"Reynoldsburg","state":"OH","address":"6308 E Livingston Ave","name":""},
  {"lat":41.46618,"lon":-81.7616,"city":"Cleveland","state":"OH","address":"10950 Lorain Ave","name":""},
  {"lat":41.55753,"lon":-81.5512,"city":"Cleveland","state":"OH","address":"18235 Euclid Ave Unit JJ","name":""},
  {"lat":41.52472,"lon":-81.6034,"city":"Cleveland","state":"OH","address":"11905 Superior Ave","name":""},
  {"lat":41.46597,"lon":-81.6486,"city":"Cleveland","state":"OH","address":"5841 Broadway Ave","name":""},
  {"lat":41.58231,"lon":-81.5489,"city":"Cleveland","state":"OH","address":"18501 Neff Rd","name":""},
  {"lat":41.47069,"lon":-81.7025,"city":"Cleveland","state":"OH","address":"3024 Clark Ave","name":""},
  {"lat":41.44837,"lon":-81.6447,"city":"Cleveland","state":"OH","address":"6501 Harvard Ave","name":""},
  {"lat":41.51868,"lon":-81.6381,"city":"Cleveland","state":"OH","address":"7210 Superior Ave","name":""},
  {"lat":41.46486,"lon":-81.582,"city":"Cleveland","state":"OH","address":"14301 Kinsman Rd","name":""},
  {"lat":41.48444,"lon":-81.7273,"city":"Cleveland","state":"OH","address":"5901 Detroit Ave","name":""},
  {"lat":41.42001,"lon":-81.6972,"city":"Cleveland","state":"OH","address":"2210 Brookpark Rd","name":""},
  {"lat":41.43107,"lon":-81.7918,"city":"Cleveland","state":"OH","address":"14041 Puritas Ave","name":""},
  {"lat":41.44202,"lon":-81.7227,"city":"Cleveland","state":"OH","address":"4215 Fulton Rd","name":""},
  {"lat":41.54084,"lon":-81.5983,"city":"Cleveland","state":"OH","address":"12432 St Clair Ave.","name":""},
  {"lat":40.88396,"lon":-82.6581,"city":"Shelby","state":"OH","address":"23 E Whitney Ave","name":""},
  {"lat":40.86785,"lon":-82.3141,"city":"Ashland","state":"OH","address":"161 Center St","name":""},
  {"lat":40.05912,"lon":-82.3875,"city":"Newark","state":"OH","address":"349 E Main St","name":""},
  {"lat":41.4344,"lon":-81.5249,"city":"North Randall","state":"OH","address":"21900 Emery Rd","name":""},
  {"lat":40.38853,"lon":-81.3522,"city":"Uhrichsville","state":"OH","address":"426 Trenton Ave","name":""},
  {"lat":37.57948,"lon":-77.3964,"city":"Richmond","state":"VA","address":"3808 Mechanicsville Turnpike","name":""},
  {"lat":41.05878,"lon":-82.7269,"city":"Willard","state":"OH","address":"20 Woodland Ave","name":""},
  {"lat":36.9163,"lon":-76.2191,"city":"Norfolk","state":"VA","address":"2314 E Little Creek Rd","name":""},
  {"lat":37.50502,"lon":-77.4741,"city":"Richmond","state":"VA","address":"441 E Belt Blvd","name":""},
  {"lat":37.29222,"lon":-77.2956,"city":"Hopewell","state":"VA","address":"206 Cavalier Square","name":""},
  {"lat":35.14693,"lon":-90.1923,"city":"West Memphis","state":"AR","address":"337 W Broadway","name":""},
  {"lat":38.51081,"lon":-81.6404,"city":"Sissonville","state":"WV","address":"7703 Sissonville Dr","name":""},
  {"lat":43.10335,"lon":-78.9778,"city":"Niagara Falls","state":"NY","address":"2429 Military Rd","name":""},
  {"lat":30.27769,"lon":-81.6041,"city":"Jacksonville","state":"FL","address":"5995 University Blvd S","name":""},
  {"lat":30.39179,"lon":-81.6813,"city":"Jacksonville","state":"FL","address":"8000 Lem Turner Rd","name":""},
  {"lat":30.33177,"lon":-81.7322,"city":"Jacksonville","state":"FL","address":"762-1 Edgewood Ave N","name":""},
  {"lat":32.85725,"lon":-80.035,"city":"North Charleston","state":"SC","address":"5060 Dorchester Rd","name":""},
  {"lat":36.51922,"lon":-86.0152,"city":"Lafayette","state":"TN","address":"415 HWY 52 Bypass East","name":""},
  {"lat":41.75014,"lon":-87.6444,"city":"Chicago","state":"IL","address":"7904 South Halsted Ave","name":""},
  {"lat":41.04444,"lon":-80.6024,"city":"Struthers","state":"OH","address":"982 5th St","name":""},
  {"lat":40.73096,"lon":-74.2046,"city":"Newark","state":"NJ","address":"545 Springfield Ave","name":""},
  {"lat":40.76501,"lon":-74.2316,"city":"Orange","state":"NJ","address":"200 Central Ave","name":""},
  {"lat":39.64362,"lon":-75.5183,"city":"Pennsville","state":"NJ","address":"235 S Broadway","name":""},
  {"lat":39.8282,"lon":-75.2531,"city":"Paulsboro","state":"NJ","address":"545 W Broad St","name":""},
  {"lat":35.34665,"lon":-96.9129,"city":"Shawnee","state":"OK","address":"749 E Independence St","name":""},
  {"lat":34.17869,"lon":-97.1415,"city":"Ardmore","state":"OK","address":"320 N Commerce St","name":""},
  {"lat":35.10614,"lon":-89.9312,"city":"Memphis","state":"TN","address":"3941 Park Ave","name":""},
  {"lat":35.03788,"lon":-90.0707,"city":"Memphis","state":"TN","address":"US-61","name":""},
  {"lat":35.22035,"lon":-89.9114,"city":"Memphis","state":"TN","address":"3465 Austin Peay Hwy","name":""},
  {"lat":36.18538,"lon":-86.816,"city":"Nashville","state":"TN","address":"2400 Clarksville Pike","name":""},
  {"lat":36.12575,"lon":-86.7109,"city":"Nashville","state":"TN","address":"1113 Murfreesboro Pike","name":""},
  {"lat":35.74851,"lon":-85.4572,"city":"Spencer","state":"TN","address":"15391 TN-111","name":""},
  {"lat":37.65548,"lon":-82.7829,"city":"Prestonsburg","state":"KY","address":"525 Village Dr","name":""},
  {"lat":42.89787,"lon":-78.4987,"city":"Alden","state":"NY","address":"13107 Broadway","name":""},
  {"lat":41.78068,"lon":-87.6465,"city":"Chicago","state":"IL","address":"832 W. 63rd Street","name":""},
  {"lat":42.12704,"lon":-80.046,"city":"Erie","state":"PA","address":"2026 Broad St","name":""},
  {"lat":42.10355,"lon":-80.1304,"city":"Erie","state":"PA","address":"2209 W 12th St","name":""},
  {"lat":38.44716,"lon":-92.7938,"city":"Versailles","state":"MO","address":"14795 MO-52","name":""},
  {"lat":40.08759,"lon":-79.7606,"city":"Perryopolis","state":"PA","address":"3454 Pittsburgh Rd","name":""},
  {"lat":35.1613,"lon":-84.8849,"city":"Cleveland","state":"TN","address":"122 Keith St SW","name":""},
  {"lat":38.31348,"lon":-84.0512,"city":"Carlisle","state":"KY","address":"2477 Concrete Rd","name":""},
  {"lat":26.76054,"lon":-81.4352,"city":"Labelle","state":"FL","address":"71 S Lee St","name":""},
  {"lat":26.68162,"lon":-81.8054,"city":"Ft Myers","state":"FL","address":"4901 Palm Beach Blvd","name":""},
  {"lat":27.44101,"lon":-82.5754,"city":"Bradenton","state":"FL","address":"5631 14th St W","name":""},
  {"lat":27.21124,"lon":-81.8442,"city":"Arcadia","state":"FL","address":"1325 E Oak St","name":""},
  {"lat":32.87308,"lon":-79.9955,"city":"North Charleston","state":"SC","address":"4411 Durant Ave","name":""},
  {"lat":40.44296,"lon":-79.8844,"city":"Pittsburgh","state":"PA","address":"725 Ross Ave","name":""},
  {"lat":42.73156,"lon":-78.825,"city":"Hamburg","state":"NY","address":"6000 South Park Ave","name":""},
  {"lat":37.75654,"lon":-84.2698,"city":"Richmond","state":"KY","address":"5042 Atwood Dr","name":""},
  {"lat":41.28764,"lon":-81.1004,"city":"Garrettsville","state":"OH","address":"8005 State St","name":""},
  {"lat":40.58274,"lon":-83.0949,"city":"Marion","state":"OH","address":"1306 Mt Vernon Ave","name":""},
  {"lat":41.70767,"lon":-83.6072,"city":"Toledo","state":"OH","address":"2626 W Laskey Rd","name":""},
  {"lat":41.68838,"lon":-83.5304,"city":"Toledo","state":"OH","address":"657 E Manhattan Blvd","name":""},
  {"lat":41.63486,"lon":-83.5844,"city":"Toledo","state":"OH","address":"1703 Airport Hwy","name":""},
  {"lat":40.76294,"lon":-86.0725,"city":"Peru","state":"IN","address":"25 Broadway Plaza","name":""},
  {"lat":41.03151,"lon":-85.0945,"city":"Fort Wayne","state":"IN","address":"3310 E Paulding Rd","name":""},
  {"lat":41.05185,"lon":-85.1624,"city":"Fort Wayne","state":"IN","address":"1840 Bluffton Rd","name":""},
  {"lat":37.77968,"lon":-90.4059,"city":"Farmington","state":"MO","address":"140 Vierse Dr","name":""},
  {"lat":37.84343,"lon":-90.4958,"city":"Park Hills","state":"MO","address":"110 Strauss Dr","name":""},
  {"lat":37.92227,"lon":-90.5273,"city":"Bonne Terre","state":"MO","address":"3 N Wood","name":""},
  {"lat":36.41887,"lon":-82.9926,"city":"Rogersville","state":"TN","address":"420 Park Blvd","name":""},
  {"lat":43.05883,"lon":-76.1473,"city":"Syracuse","state":"NY","address":"500 Butternut St","name":""},
  {"lat":42.91702,"lon":-78.8033,"city":"Buffalo","state":"NY","address":"2160 Genesee St","name":""},
  {"lat":43.1693,"lon":-77.5771,"city":"Rochester","state":"NY","address":"836 N Goodman St.","name":""},
  {"lat":42.7604,"lon":-78.1307,"city":"Warsaw","state":"NY","address":"461 N Main St","name":""},
  {"lat":26.61796,"lon":-81.8705,"city":"Ft Myers","state":"FL","address":"3257 Cleveland Ave","name":""},
  {"lat":42.98345,"lon":-78.8732,"city":"Kenmore","state":"NY","address":"3640 Delaware Ave","name":""}]}