{"key":"schnucks","displayName":"Schnucks","category":"grocery","useLocationName":false,"locations":[
  {"lat":42.228,"lon":-89.0685,"city":"Rockford","state":"IL","address":"3134 11th Street","name":""},
  {"lat":40.07044,"lon":-88.2516,"city":"Savoy","state":"IL","address":"1301 Savoy Plaza Center","name":""},
  {"lat":40.11415,"lon":-88.2032,"city":"Urbana","state":"IL","address":"200 N Vine St","name":""},
  {"lat":40.11718,"lon":-88.2787,"city":"Champaign","state":"IL","address":"109 N. Mattis Rd","name":""},
  {"lat":40.19614,"lon":-88.3973,"city":"Mahomet","state":"IL","address":"202 Eastwood Dr","name":""},
  {"lat":40.4854,"lon":-88.9513,"city":"Bloomington","state":"IL","address":"1701 E Empire St","name":""},
  {"lat":40.56721,"lon":-89.6369,"city":"Pekin","state":"IL","address":"1001 Court St","name":""},
  {"lat":40.53402,"lon":-88.991,"city":"Normal","state":"IL","address":"1750 Bradford Lane","name":""},
  {"lat":40.74544,"lon":-89.6099,"city":"Peoria","state":"IL","address":"4800 N University","name":""},
  {"lat":40.81518,"lon":-89.6155,"city":"Peoria","state":"IL","address":"10405 N Centerway Dr.","name":""},
  {"lat":41.91987,"lon":-88.7753,"city":"Dekalb","state":"IL","address":"975 South Annie Glidden Rd.","name":""},
  {"lat":42.43263,"lon":-89.0201,"city":"Roscoe","state":"IL","address":"4860 Hononegah Road","name":""},
  {"lat":42.34156,"lon":-89.0309,"city":"Loves Park","state":"IL","address":"1810 Harlem","name":""},
  {"lat":42.27003,"lon":-88.9913,"city":"Rockford","state":"IL","address":"6410 E. State St.","name":""},
  {"lat":42.24315,"lon":-88.9771,"city":"Rockford","state":"IL","address":"2206 Barnes Blvd","name":""},
  {"lat":37.30525,"lon":-89.554,"city":"Cape Girardeau","state":"MO","address":"19 S Kingshighway","name":""},
  {"lat":42.2614,"lon":-89.0536,"city":"Rockford","state":"IL","address":"2642 Charles St","name":""},
  {"lat":37.79393,"lon":-90.4417,"city":"Farmington","state":"MO","address":"942 Valley Creek Drive","name":""},
  {"lat":37.72524,"lon":-89.2288,"city":"Carbondale","state":"IL","address":"915 W Main","name":""},
  {"lat":37.97494,"lon":-87.4018,"city":"Newburgh","state":"IN","address":"8301 Bell Oaks Drive","name":""},
  {"lat":37.96299,"lon":-87.4909,"city":"Evansville","state":"IN","address":"5000 Washington Ave","name":""},
  {"lat":37.97625,"lon":-87.6299,"city":"Evansville","state":"IN","address":"4500 West Lloyd Expwy","name":""},
  {"lat":38.00966,"lon":-87.4901,"city":"Evansville","state":"IN","address":"3501 North Green River Road","name":""},
  {"lat":38.01201,"lon":-87.576,"city":"Evansville","state":"IN","address":"3700 First Ave","name":""},
  {"lat":38.57943,"lon":-92.1995,"city":"Jefferson City","state":"MO","address":"1801 Missouri Blvd","name":""},
  {"lat":38.2222,"lon":-91.1515,"city":"Sullivan","state":"MO","address":"375 S HIGHWAY 185","name":""},
  {"lat":38.09577,"lon":-87.553,"city":"Evansville","state":"IN","address":"600 E. Boonville New Harmony Rd.","name":""},
  {"lat":38.21028,"lon":-90.4022,"city":"Festus","state":"MO","address":"1181 Gannon Plaza","name":""},
  {"lat":38.42427,"lon":-86.9399,"city":"Jasper","state":"IN","address":"3605 N. NEWTON ST.","name":""},
  {"lat":38.93701,"lon":-92.3585,"city":"Columbia","state":"MO","address":"1400 Forum Blvd","name":""},
  {"lat":38.95007,"lon":-92.3353,"city":"Columbia","state":"MO","address":"111 S. PROVIDENCE RD","name":""},
  {"lat":38.96318,"lon":-92.2548,"city":"Columbia","state":"MO","address":"5410 Clark Lane","name":""},
  {"lat":38.45557,"lon":-91.0046,"city":"Union","state":"MO","address":"401 Central Avenue","name":""},
  {"lat":38.53573,"lon":-91.0082,"city":"Washington","state":"MO","address":"2073 Washington Crossing","name":""},
  {"lat":38.35283,"lon":-90.1527,"city":"Waterloo","state":"IL","address":"150 Waterloo Commons Drive","name":""},
  {"lat":38.41601,"lon":-90.3946,"city":"Arnold","state":"MO","address":"3900 Vogel Rd","name":""},
  {"lat":38.4396,"lon":-90.3755,"city":"Arnold","state":"MO","address":"1253 Water Tower Road","name":""},
  {"lat":38.47798,"lon":-90.5215,"city":"High Ridge","state":"MO","address":"20 Dillon Plaza Dr","name":""},
  {"lat":38.50715,"lon":-90.6196,"city":"Eureka","state":"MO","address":"245 East 5th St.","name":""},
  {"lat":38.44453,"lon":-90.2205,"city":"Columbia","state":"IL","address":"1000 Columbia Centre Dr","name":""},
  {"lat":38.47262,"lon":-90.3068,"city":"St. Louis","state":"MO","address":"5519 Oakville Shopping Ctr","name":""},
  {"lat":38.4874,"lon":-90.358,"city":"St. Louis","state":"MO","address":"4333 Butler Hill","name":""},
  {"lat":38.5076,"lon":-90.4475,"city":"Fenton","state":"MO","address":"45 Gravois Bluffs Plaza Drive","name":""},
  {"lat":38.58017,"lon":-90.6179,"city":"Wildwood","state":"MO","address":"16580 Manchester","name":""},
  {"lat":38.52613,"lon":-90.3591,"city":"St. Louis","state":"MO","address":"5434 Southfield Center","name":""},
  {"lat":38.56951,"lon":-90.4985,"city":"Ballwin","state":"MO","address":"1393 Big Bend, Suite 1","name":""},
  {"lat":38.59337,"lon":-90.5628,"city":"Ballwin","state":"MO","address":"15425 Manchester","name":""},
  {"lat":38.53431,"lon":-90.284,"city":"Lemay","state":"MO","address":"1032 Lemay Ferry Road","name":""},
  {"lat":38.5573,"lon":-90.3785,"city":"Crestwood","state":"MO","address":"9540 Watson Rd","name":""},
  {"lat":38.5495,"lon":-90.3361,"city":"St. Louis","state":"MO","address":"10070 Gravois","name":""},
  {"lat":38.62065,"lon":-90.5816,"city":"Ballwin","state":"MO","address":"2511 Kehrs Mill Road","name":""},
  {"lat":38.55638,"lon":-90.2626,"city":"St. Louis","state":"MO","address":"1020 Loughborough","name":""},
  {"lat":38.56603,"lon":-90.2933,"city":"St. Louis","state":"MO","address":"7450 Hampton Ave","name":""},
  {"lat":38.58285,"lon":-90.3566,"city":"St. Louis","state":"MO","address":"8650 Big Bend","name":""},
  {"lat":38.60155,"lon":-90.4421,"city":"St. Louis","state":"MO","address":"12332 Manchester Road","name":""},
  {"lat":38.51614,"lon":-89.9502,"city":"Belleville","state":"IL","address":"800 Carlyle Avenue","name":""},
  {"lat":38.62295,"lon":-90.5139,"city":"Town And Country","state":"MO","address":"1060 Woods Mill Rd","name":""},
  {"lat":38.55491,"lon":-90.1648,"city":"Cahokia","state":"IL","address":"1615 Camp Jackson","name":""},
  {"lat":38.60227,"lon":-90.396,"city":"St. Louis","state":"MO","address":"10233 Manchester","name":""},
  {"lat":38.54065,"lon":-90.0341,"city":"Belleville","state":"IL","address":"5720 N Belt W","name":""},
  {"lat":38.82017,"lon":-91.1444,"city":"Warrenton","state":"MO","address":"499 East Veterans Memorial Pkwy","name":""},
  {"lat":38.59175,"lon":-90.2929,"city":"St. Louis","state":"MO","address":"60 Hampton Village Plaza","name":""},
  {"lat":38.54309,"lon":-89.985,"city":"Swansea","state":"IL","address":"2665 North Illinois St","name":""},
  {"lat":38.61152,"lon":-90.3502,"city":"Brentwood","state":"MO","address":"8800 Manchester","name":""},
  {"lat":38.65887,"lon":-90.5531,"city":"Chesterfield","state":"MO","address":"141 Hilltown Village","name":""},
  {"lat":38.595,"lon":-90.2424,"city":"St. Louis","state":"MO","address":"3430 S. Grand","name":""},
  {"lat":38.61411,"lon":-90.319,"city":"Maplewood","state":"MO","address":"7355 Manchester","name":""},
  {"lat":38.60697,"lon":-90.2742,"city":"St. Louis","state":"MO","address":"5055 Arsenal","name":""},
  {"lat":38.63436,"lon":-90.4047,"city":"Ladue","state":"MO","address":"10275 Clayton Rd","name":""},
  {"lat":38.63335,"lon":-90.3148,"city":"Clayton","state":"MO","address":"6600 Clayton Rd","name":""},
  {"lat":38.67815,"lon":-90.4728,"city":"St. Louis","state":"MO","address":"12756 Olive Blvd","name":""},
  {"lat":38.73282,"lon":-90.6894,"city":"O'Fallon","state":"MO","address":"3740 Monticello Plaza Drive","name":""},
  {"lat":38.65603,"lon":-90.3539,"city":"St. Louis","state":"MO","address":"8867 Ladue Rd","name":""},
  {"lat":38.52811,"lon":-89.1534,"city":"Centralia","state":"IL","address":"1129 W. Broadway","name":""},
  {"lat":38.6725,"lon":-90.4141,"city":"Creve Coeur","state":"MO","address":"10650 Olive Blvd","name":""},
  {"lat":38.6292,"lon":-90.1934,"city":"St. Louis","state":"MO","address":"315 North 9th Street","name":""},
  {"lat":38.59391,"lon":-89.9761,"city":"Fairview Heights","state":"IL","address":"625 Lincoln Hwy","name":""},
  {"lat":38.58365,"lon":-89.8965,"city":"O'Fallon","state":"IL","address":"907 East Hwy 50","name":""},
  {"lat":38.64158,"lon":-90.2474,"city":"St. Louis","state":"MO","address":"4171 Lindell Blvd","name":""},
  {"lat":38.76874,"lon":-90.766,"city":"Dardenne Prairie","state":"MO","address":"7909 Highway N","name":""},
  {"lat":38.66353,"lon":-90.3144,"city":"St. Louis","state":"MO","address":"6920 Olive Blvd","name":""},
  {"lat":38.75614,"lon":-90.7036,"city":"O'Fallon","state":"MO","address":"3029 Highway K","name":""},
  {"lat":38.78448,"lon":-90.7968,"city":"Lake","state":"MO","address":"101 Civic Center Drive","name":""},
  {"lat":38.74509,"lon":-90.6371,"city":"St. Charles","state":"MO","address":"6083 Mid Rivers Mall Dr","name":""},
  {"lat":38.81467,"lon":-90.8736,"city":"Wentzville","state":"MO","address":"1960 Wentzville Parkway","name":""},
  {"lat":38.68558,"lon":-90.3591,"city":"Overland","state":"MO","address":"9074 Overland Plaza","name":""},
  {"lat":38.71598,"lon":-90.4563,"city":"Maryland Heights","state":"MO","address":"2030 Dorsett Rd","name":""},
  {"lat":38.74931,"lon":-90.5919,"city":"St. Peters","state":"MO","address":"Plaza Ninety-Four Dr","name":""},
  {"lat":38.7466,"lon":-90.5765,"city":"St. Charles","state":"MO","address":"60 Harvester Square","name":""},
  {"lat":38.67929,"lon":-90.2609,"city":"St. Louis","state":"MO","address":"3431 Union Blvd","name":""},
  {"lat":38.71161,"lon":-90.3544,"city":"St. John","state":"MO","address":"9070 St. Charles Rock Road","name":""},
  {"lat":38.79924,"lon":-90.6988,"city":"O'Fallon","state":"MO","address":"8660 Veterans Memorial Parkway","name":""},
  {"lat":38.7873,"lon":-90.6282,"city":"St. Peters","state":"MO","address":"577 Mid Rivers Mall Drive","name":""},
  {"lat":38.74083,"lon":-90.4003,"city":"Bridgeton","state":"MO","address":"11253 St. Charles Rock Road","name":""},
  {"lat":38.78066,"lon":-90.5301,"city":"St. Charles","state":"MO","address":"1950 Zumbehl Road","name":""},
  {"lat":38.73056,"lon":-90.2765,"city":"St. Louis","state":"MO","address":"8037 West Florissant Avenue","name":""},
  {"lat":38.78247,"lon":-90.501,"city":"St. Charles","state":"MO","address":"1900 First Capitol Dr","name":""},
  {"lat":38.74657,"lon":-90.3064,"city":"St. Louis","state":"MO","address":"49 Florissant Road","name":""},
  {"lat":38.69238,"lon":-89.9784,"city":"Collinsville","state":"IL","address":"501 Beltline Rd","name":""},
  {"lat":38.71717,"lon":-90.1238,"city":"Granite City","state":"IL","address":"3100 Madison Ave","name":""},
  {"lat":38.774,"lon":-90.3033,"city":"Florissant","state":"MO","address":"74 Grandview Plaza","name":""},
  {"lat":38.7892,"lon":-90.3436,"city":"Florissant","state":"MO","address":"8200 N Lindbergh","name":""},
  {"lat":38.77172,"lon":-90.2204,"city":"St. Louis","state":"MO","address":"1589 Sierra Vista Plaza","name":""},
  {"lat":38.8104,"lon":-90.359,"city":"Florissant","state":"MO","address":"2183 Charbonier Road","name":""},
  {"lat":38.81301,"lon":-90.346,"city":"Florissant","state":"MO","address":"1160 Shackelford","name":""},
  {"lat":38.80694,"lon":-90.3011,"city":"Florissant","state":"MO","address":"13987 New Halls Ferry Rd","name":""},
  {"lat":38.78595,"lon":-89.9485,"city":"Edwardsville","state":"IL","address":"2222 Troy Rd","name":""},
  {"lat":38.85639,"lon":-90.0666,"city":"Wood River","state":"IL","address":"1900 East Edwardsville Road","name":""},
  {"lat":38.9234,"lon":-90.1937,"city":"Godfrey","state":"IL","address":"2712 Godfrey","name":""},
  {"lat":38.91398,"lon":-90.1435,"city":"Alton","state":"IL","address":"2811 Homer Adams Pkwy","name":""},
  {"lat":38.90319,"lon":-90.05861,"city":"Bethalto","state":"IL","address":"72 Airport Plaza","name":""},
  {"lat":39.76826,"lon":-89.6886,"city":"Springfield","state":"IL","address":"2801 Chatham Rd","name":""},
  {"lat":39.83312,"lon":-89.6299,"city":"Springfield","state":"IL","address":"1911 Sangamon Ave, E","name":""}]}