{"key":"sephora","displayName":"Sephora","category":"shopping","useLocationName":false,"locations":[
  {"lat":35.09259,"lon":-89.81229,"city":"Germantown","state":"TN","address":"2055 WEST ST STE 10","name":""},
  {"lat":34.15717,"lon":-118.43736,"city":"Sherman Oaks","state":"CA","address":"14006 RIVERSIDE DR STE 75","name":""},
  {"lat":33.69001,"lon":-117.88793,"city":"Costa Mesa","state":"CA","address":"3333 BRISTOL ST STE 1808","name":""},
  {"lat":37.32562,"lon":-121.9442,"city":"Santa Clara","state":"CA","address":"2855 STEVENS CREEK BLVD STE 1067","name":""},
  {"lat":33.51048,"lon":-112.02642,"city":"Phoenix","state":"AZ","address":"2502 E CAMELBACK RD SPC 148","name":""},
  {"lat":21.33328,"lon":-158.05223,"city":"Kapolei","state":"HI","address":"91-5431 KAPOLEI PKWY STE 1011","name":""},
  {"lat":37.69539,"lon":-121.92858,"city":"Pleasanton","state":"CA","address":"2125 STONERIDGE MALL RD","name":""},
  {"lat":32.86924,"lon":-96.77418,"city":"Dallas","state":"TX","address":"8687 N CENTRAL EXPY STE 2260","name":""},
  {"lat":29.73904,"lon":-95.46365,"city":"Houston","state":"TX","address":"5015 WESTHEIMER RD STE 2380","name":""},
  {"lat":32.92962,"lon":-96.81939,"city":"Dallas","state":"TX","address":"13350 N DALLAS PKWY STE 1250","name":""},
  {"lat":33.89935,"lon":-118.39332,"city":"Manhattan Beach","state":"CA","address":"3200 N SEPULVEDA BLVD","name":""},
  {"lat":35.83994,"lon":-78.67895,"city":"Raleigh","state":"NC","address":"4325 GLENWOOD AVE STE 2088","name":""},
  {"lat":37.78494,"lon":-122.40793,"city":"San Francisco","state":"CA","address":"33 POWELL ST","name":""},
  {"lat":34.07549,"lon":-118.37833,"city":"Los Angeles","state":"CA","address":"8500 BEVERLY BLVD","name":""},
  {"lat":33.55732,"lon":-117.66969,"city":"Mission Viejo","state":"CA","address":"555 THE SHOPS AT MISSION VIEJO STE 498","name":""},
  {"lat":33.55471,"lon":-117.71112,"city":"Laguna Niguel","state":"CA","address":"24012 ALISO CREEK RD","name":""},
  {"lat":38.64253,"lon":-77.29944,"city":"Woodbridge","state":"VA","address":"2700 POTOMAC MILLS CIR STE 921","name":""},
  {"lat":29.77651,"lon":-95.81005,"city":"Katy","state":"TX","address":"5000 KATY MILLS CIR SPC 331","name":""},
  {"lat":42.50504,"lon":-71.13405,"city":"Woburn","state":"MA","address":"300 MISHAWUM RD STE 240","name":""},
  {"lat":40.05291,"lon":-82.86729,"city":"Gahanna","state":"OH","address":"1315 STONERIDGE DR","name":""},
  {"lat":32.9278,"lon":-83.71603,"city":"Macon","state":"GA","address":"5080 RIVERSIDE DR STE 224","name":""},
  {"lat":39.99612,"lon":-83.02691,"city":"Columbus","state":"OH","address":"1783-1791 OLENTANGY RIVER ROAD","name":""},
  {"lat":33.67854,"lon":-117.66549,"city":"Foothill Ranch","state":"CA","address":"26736 PORTOLA PARKWAY SUITE 6-C","name":""},
  {"lat":40.84352,"lon":-73.27336,"city":"Commack","state":"NY","address":"172 JERICHO TPKE","name":""},
  {"lat":43.11277,"lon":-77.54916,"city":"Rochester","state":"NY","address":"2780 MONROE AVENUE SUITE 212","name":""},
  {"lat":32.64553,"lon":-97.0598,"city":"Grand Prairie","state":"TX","address":"5248 S STATE HWY 360 STE 100","name":""},
  {"lat":32.16498,"lon":-110.9874,"city":"Tucson","state":"AZ","address":"4734 SOUTH LANDING WAY SUITE #150","name":""},
  {"lat":39.78303,"lon":-104.89173,"city":"Denver","state":"CO","address":"8370 NORTHFIELD BLVD UNIT 1760","name":""},
  {"lat":33.94706,"lon":-83.41014,"city":"Athens","state":"GA","address":"196 ALPS RD SPACE 151","name":""},
  {"lat":26.05297,"lon":-80.16008,"city":"Dania Beach","state":"FL","address":"131 N POINTE DR","name":""},
  {"lat":42.99692,"lon":-78.82108,"city":"Amherst","state":"NY","address":"1551 NIAGARA FALLS BLVD STE 900","name":""},
  {"lat":43.03234,"lon":-76.01787,"city":"Fayetteville","state":"NY","address":"530 TOWN DRIVE","name":""},
  {"lat":33.79226,"lon":-84.39672,"city":"Atlanta","state":"GA","address":"260 18TH ST NW SUITE 10120A","name":""},
  {"lat":42.99166,"lon":-78.69909,"city":"Williamsville","state":"NY","address":"8202 TRANSIT RD.","name":""},
  {"lat":29.77508,"lon":-95.38507,"city":"Houston","state":"TX","address":"1901 TAYLOR ST STE J","name":""},
  {"lat":32.91037,"lon":-96.95937,"city":"Irving","state":"TX","address":"7601 N MACARTHUR BLVD STE 200","name":""},
  {"lat":33.9425,"lon":-117.28398,"city":"Riverside","state":"CA","address":"2640 CANYON SPRINGS PARKWAY SUITE B","name":""},
  {"lat":33.67616,"lon":-111.97341,"city":"Phoenix","state":"AZ","address":"21001 N TATUM BLVD STE 38-1322","name":""},
  {"lat":32.98076,"lon":-117.07888,"city":"San Diego","state":"CA","address":"11740 CARMEL MOUNTAIN PLAZA SUITE 194","name":""},
  {"lat":27.70689,"lon":-97.37433,"city":"Corpus Christi","state":"TX","address":"5425 S PADRE ISLAND DR 126 BL-E","name":""},
  {"lat":40.75767,"lon":-73.83478,"city":"Flushing","state":"NY","address":"40-24 COLLEGE POINT BLVD SUITE D-02B","name":""},
  {"lat":40.15851,"lon":-75.14783,"city":"Dresher","state":"PA","address":"217 DRYDEN RD. STE E-13","name":""},
  {"lat":41.24869,"lon":-73.02605,"city":"Milford","state":"CT","address":"1676 BOSTON POST RD","name":""},
  {"lat":41.0428,"lon":-74.0715,"city":"Woodcliff","state":"NJ","address":"500 CHESTNUT RIDGE RD STE 103","name":""},
  {"lat":41.88844,"lon":-87.80441,"city":"Oak Park","state":"IL","address":"1145 LAKE ST","name":""},
  {"lat":37.97618,"lon":-84.52765,"city":"Lexington","state":"KY","address":"4084 FINN WAY STE 120","name":""},
  {"lat":34.01728,"lon":-80.96376,"city":"Columbia","state":"SC","address":"4840 FOREST DRIVE SPACE 9C","name":""},
  {"lat":36.09286,"lon":-80.28208,"city":"Winston-Salem","state":"NC","address":"256 S. STRATFORD RD","name":""},
  {"lat":40.65327,"lon":-73.55982,"city":"Merrick","state":"NY","address":"1688 MERRICK RD","name":""},
  {"lat":35.90798,"lon":-78.78298,"city":"Raleigh","state":"NC","address":"8331 BRIER CREEK PARKWAY SUITE 103","name":""},
  {"lat":47.67417,"lon":-117.20893,"city":"Spokane Valley","state":"WA","address":"14700 EAST INDIANA AVE","name":""},
  {"lat":32.67516,"lon":-97.39954,"city":"Ft Worth","state":"TX","address":"4801 OVERTON RIDGE SUITE 124","name":""},
  {"lat":32.73655,"lon":-117.21674,"city":"San Diego","state":"CA","address":"2445 TRUXTON ROAD SUITE 101","name":""},
  {"lat":29.96795,"lon":-95.69362,"city":"Cypress","state":"TX","address":"25833 US-290","name":""},
  {"lat":37.70562,"lon":-121.8893,"city":"Dublin","state":"CA","address":"5186 DUBLIN BLVD","name":""},
  {"lat":40.60994,"lon":-73.92017,"city":"Brooklyn","state":"NY","address":"5100 KINGS PLAZA SPACE 0151","name":""},
  {"lat":39.61207,"lon":-105.0906,"city":"Littleton","state":"CO","address":"5746 S. WADSWORTH BLVD. SUITE 2800","name":""},
  {"lat":30.30549,"lon":-97.71089,"city":"Austin","state":"TX","address":"1201 BARBARA JORDAN BLVD STE 420","name":""},
  {"lat":39.88786,"lon":-105.07689,"city":"Westminster","state":"CO","address":"10450 N TOWN CENTER DR SUITE 100","name":""},
  {"lat":40.97,"lon":-73.80593,"city":"Eastchester","state":"NY","address":"696 WHITE PLAINS ROAD","name":""},
  {"lat":39.05319,"lon":-77.45392,"city":"Ashburn","state":"VA","address":"20346 EXCHANGE ST","name":""},
  {"lat":33.82366,"lon":-117.51507,"city":"Corona","state":"CA","address":"2690 TUSCANY ST STE 110","name":""},
  {"lat":36.13282,"lon":-95.96598,"city":"Tulsa","state":"OK","address":"1718 UTICA SQ","name":""},
  {"lat":38.62085,"lon":-90.51626,"city":"Chesterfield","state":"MO","address":"1220 TOWN AND COUNTRY CROSSING DR","name":""},
  {"lat":34.18948,"lon":-118.32697,"city":"Burbank","state":"CA","address":"1403 N. VICTORY PL","name":""},
  {"lat":40.75997,"lon":-73.9743,"city":"New York City","state":"NY","address":"520 MADISON AVE","name":""},
  {"lat":40.78583,"lon":-73.50203,"city":"Plainview","state":"NY","address":"369 S OYSTER BAY RD","name":""},
  {"lat":30.52794,"lon":-97.81475,"city":"Cedar Park","state":"TX","address":"1335 E WHITESTONE BLVD STE E-100","name":""},
  {"lat":29.60861,"lon":-98.59796,"city":"San Antonio","state":"TX","address":"17503 LA CANTERA PKWY STE. 915","name":""},
  {"lat":45.65737,"lon":-122.58233,"city":"Vancouver","state":"WA","address":"8800 NE VANCOUVER MALL DRIVE SUITE 130","name":""},
  {"lat":33.256,"lon":-111.6399,"city":"Queen Creek","state":"AZ","address":"21182 S ELLSWORTH LOOP RD STE 102","name":""},
  {"lat":37.38182,"lon":-121.97437,"city":"Santa Clara","state":"CA","address":"3343 CORONADO PL","name":""},
  {"lat":38.40719,"lon":-121.41515,"city":"Elk Grove","state":"CA","address":"7550 ELK GROVE BLVD","name":""},
  {"lat":32.9647,"lon":-97.04294,"city":"Grapevine","state":"TX","address":"3000 GRAPEVINE MILLS PKWY SPC 210","name":""},
  {"lat":34.13268,"lon":-117.63337,"city":"Upland","state":"CA","address":"1289 EAST 19TH STREET BUILDING #3","name":""},
  {"lat":34.09466,"lon":-118.12597,"city":"Alhambra","state":"CA","address":"2 SOUTH GARFIELD AVENUE SUITE 120","name":""},
  {"lat":33.89786,"lon":-84.00324,"city":"Snellville","state":"GA","address":"1350 SCENIC HWY S SUITE 332","name":""},
  {"lat":32.35828,"lon":-86.16728,"city":"Montgomery","state":"AL","address":"7064 EASTCHASE PARKWAY SUITE: C180","name":""},
  {"lat":40.50983,"lon":-111.99559,"city":"Riverton","state":"UT","address":"13303 S TEAL RIDGE WAY STE M110","name":""},
  {"lat":25.78097,"lon":-80.19167,"city":"Miami","state":"FL","address":"652 NE 2ND AVE STE 156","name":""},
  {"lat":42.14638,"lon":-70.8438,"city":"Hanover","state":"MA","address":"1775 WASHINGTON ST Building 1 – Suite 120","name":""},
  {"lat":27.95299,"lon":-82.50316,"city":"Tampa","state":"FL","address":"3654 MIDTOWN DRIVE","name":""},
  {"lat":38.00898,"lon":-121.32264,"city":"Stockton","state":"CA","address":"6521 PACIFIC AVE","name":""},
  {"lat":39.86527,"lon":-75.5431,"city":"Glen Mills","state":"PA","address":"543 WILMINGTON W CHESTER PIKE","name":""},
  {"lat":33.22572,"lon":-96.79965,"city":"Prosper","state":"TX","address":"1070 S PRESTON RD SUITE 60","name":""},
  {"lat":40.8117,"lon":-73.9819,"city":"Edgewater","state":"NJ","address":"513 RIVER RD","name":""},
  {"lat":35.37004,"lon":-80.72298,"city":"Concord","state":"NC","address":"8111 CONCORD MILLS BLVD SUITE 235A","name":""},
  {"lat":40.06061,"lon":-74.14389,"city":"Brick Township","state":"NJ","address":"660 NJ-70 SPC 4","name":""},
  {"lat":42.39391,"lon":-71.07886,"city":"Somerville","state":"MA","address":"449 ASSEMBLY ROW SPACE #606","name":""},
  {"lat":44.00445,"lon":-92.4795,"city":"Rochester","state":"MN","address":"333 APACHE MALL STE 669","name":""},
  {"lat":33.06832,"lon":-97.08358,"city":"Flower Mound","state":"TX","address":"6101 LONG PRAIRIE RD STE 100","name":""},
  {"lat":30.22666,"lon":-97.81952,"city":"Austin","state":"TX","address":"5601 BRODIE LANE SUITE 500","name":""},
  {"lat":29.64776,"lon":-95.15298,"city":"Pasadena","state":"TX","address":"5750 FAIRMONT PKWY","name":""},
  {"lat":30.00061,"lon":-95.17164,"city":"Humble","state":"TX","address":"7015 FM 1960E","name":""},
  {"lat":37.9637,"lon":-121.73938,"city":"Antioch","state":"CA","address":"5749 LONE TREE WAY SUITE B","name":""},
  {"lat":34.04872,"lon":-118.26103,"city":"Los Angeles","state":"CA","address":"735 S FIGUEROA ST STE 133","name":""},
  {"lat":46.86011,"lon":-96.84693,"city":"Fargo","state":"ND","address":"3902 13TH AVE, SOUTH SUITE 501","name":""},
  {"lat":44.06427,"lon":-123.07808,"city":"Eugene","state":"OR","address":"135 OAKWAY ROAD","name":""},
  {"lat":40.27463,"lon":-111.68006,"city":"Orem","state":"UT","address":"575 EAST UNIVERSITY PARKWAY SUITE C-52","name":""},
  {"lat":47.66205,"lon":-122.37394,"city":"Seattle","state":"WA","address":"1401 NW 46TH STREET SUITE 130 & 140","name":""},
  {"lat":28.18902,"lon":-82.3486,"city":"Wesley Chapel","state":"FL","address":"28249 PASEO DRIVE #180","name":""},
  {"lat":40.86578,"lon":-74.50566,"city":"Denville","state":"NJ","address":"3056 STATE ROUTE 10 UNIT 20","name":""},
  {"lat":40.35009,"lon":-74.3048,"city":"Englishtown","state":"NJ","address":"130 U.S. HIGHWAY 9","name":""},
  {"lat":32.90003,"lon":-97.32399,"city":"Fort Worth","state":"TX","address":"2345 PORTER CREEK ROAD","name":""},
  {"lat":35.35081,"lon":-119.12198,"city":"Bakersfield","state":"CA","address":"10730 STOCKDALE HWY SUITE 100","name":""},
  {"lat":32.86903,"lon":-117.2308,"city":"La Jolla","state":"CA","address":"8827 VILLA LA JOLLA DR","name":""},
  {"lat":39.12635,"lon":-94.82714,"city":"Kansas City","state":"KS","address":"1847 VILLAGE WEST PKWY SUITE K-117","name":""},
  {"lat":27.93701,"lon":-82.47564,"city":"Tampa","state":"FL","address":"704 SOUTH DAKOTA AVE","name":""},
  {"lat":28.24422,"lon":-80.72734,"city":"Melbourne","state":"FL","address":"2271 TOWN CENTER AVE STE 105","name":""},
  {"lat":36.16093,"lon":-86.77936,"city":"Nashville","state":"TN","address":"5015 BROADWAY PL","name":""},
  {"lat":34.07124,"lon":-117.93335,"city":"West Covina","state":"CA","address":"1430 PLAZA DRIVE","name":""},
  {"lat":35.79059,"lon":-78.66019,"city":"Raleigh","state":"NC","address":"2023 CAMERON STREET","name":""},
  {"lat":39.40495,"lon":-76.78915,"city":"Owings Mills","state":"MD","address":"10240 MILL RUN CIRCLE SUITE 100","name":""},
  {"lat":28.34064,"lon":-81.40749,"city":"Kissimmee","state":"FL","address":"608 CENTERVIEW BLVD","name":""},
  {"lat":33.79262,"lon":-118.33154,"city":"Torrance","state":"CA","address":"2665 PACIFIC COAST HWY","name":""},
  {"lat":36.20176,"lon":-86.69155,"city":"Nashville","state":"TN","address":"302 OPRY MILLS DR","name":""},
  {"lat":36.16636,"lon":-86.5113,"city":"Mt. Juliet","state":"TN","address":"401 S. MT JULIET RD #300","name":""},
  {"lat":35.85784,"lon":-86.44371,"city":"Murfreesboro","state":"TN","address":"2615 MEDICAL CENTER PKWY SPACE 1790","name":""},
  {"lat":39.14556,"lon":-84.44495,"city":"Cincinnati","state":"OH","address":"2692 MADISON RD SUITE 10A","name":""},
  {"lat":40.30273,"lon":-76.84406,"city":"Harrisburg","state":"PA","address":"2567 BRINDLE DR","name":""},
  {"lat":37.29407,"lon":-121.98864,"city":"San Jose","state":"CA","address":"1546 SARATOGA AVE SUITE P503","name":""},
  {"lat":46.22541,"lon":-119.22624,"city":"Kennewick","state":"WA","address":"1321 N COLUMBIA CENTER BLVD STE 801","name":""},
  {"lat":33.04718,"lon":-117.25708,"city":"Encinitas","state":"CA","address":"113A N EL CAMINO REAL","name":""},
  {"lat":37.44392,"lon":-122.16136,"city":"Palo Alto","state":"CA","address":"200 HAMILTON AVE","name":""},
  {"lat":40.74261,"lon":-96.6781,"city":"Lincoln","state":"NE","address":"2940 PINE LAKE RD STE O","name":""},
  {"lat":38.87072,"lon":-77.23037,"city":"Fairfax","state":"VA","address":"2921 DISTRICT AVE STE 140","name":""},
  {"lat":25.65501,"lon":-80.41395,"city":"Miami","state":"FL","address":"13550 SW 120TH ST STE 442","name":""},
  {"lat":39.28408,"lon":-76.60012,"city":"Baltimore","state":"MD","address":"1001 FLEET ST","name":""},
  {"lat":39.96106,"lon":-104.99394,"city":"Westminster","state":"CO","address":"14583 ORCHARD PKWY STE 600","name":""},
  {"lat":37.41376,"lon":-121.897,"city":"Milpitas","state":"CA","address":"250 GREAT MALL DR","name":""},
  {"lat":39.60322,"lon":-104.70861,"city":"Aurora","state":"CO","address":"6240 S MAIN ST STE K-101","name":""},
  {"lat":35.44569,"lon":-80.88044,"city":"Huntersville","state":"NC","address":"16835 BIRKDALE COMMONS PKWY STE E","name":""},
  {"lat":45.53545,"lon":-122.87859,"city":"Hillsboro","state":"OR","address":"10072 NE EMMA WAY","name":""},
  {"lat":21.2771,"lon":-157.78685,"city":"Honolulu","state":"HI","address":"4211 WAIALAE AVE SPC B-14","name":""},
  {"lat":36.26955,"lon":-115.2672,"city":"Las Vegas","state":"NV","address":"7921 W TROPICAL PKWY SPC 110","name":""},
  {"lat":21.39981,"lon":-158.00676,"city":"Waipahu","state":"HI","address":"94-821 LUMIAINA ST STE 7","name":""},
  {"lat":38.76759,"lon":-121.26905,"city":"Roseville","state":"CA","address":"1013 GALLERIA BLVD STE 140","name":""},
  {"lat":40.62234,"lon":-74.02726,"city":"Brooklyn","state":"NY","address":"429 86TH ST SPC C","name":""},
  {"lat":39.99749,"lon":-86.13017,"city":"Carmel","state":"IN","address":"14400 CLAY TERRACE BLVD","name":""},
  {"lat":34.02457,"lon":-118.39365,"city":"Culver City","state":"CA","address":"9300 CULVER BLVD UNIT 109","name":""},
  {"lat":42.91559,"lon":-85.58894,"city":"Grand Rapids","state":"MI","address":"3115 28TH ST SE STE F101","name":""},
  {"lat":41.52726,"lon":-83.63851,"city":"Perrysburg","state":"OH","address":"2110 LEVIS COMMONS BLVD","name":""},
  {"lat":40.41697,"lon":-104.9899,"city":"Loveland","state":"CO","address":"5897 SKY POND DR UNIT K100","name":""},
  {"lat":47.04217,"lon":-122.93741,"city":"Olympia","state":"WA","address":"625 BLACK LAKE BLVD SW STE 406","name":""},
  {"lat":39.53292,"lon":-119.72037,"city":"Sparks","state":"NV","address":"1425 GEORGE FERRIS DR STE 191","name":""},
  {"lat":33.71469,"lon":-112.11132,"city":"Phoenix","state":"AZ","address":"2460 W HAPPY VALLEY RD STE 1161","name":""},
  {"lat":42.07479,"lon":-88.18767,"city":"South Barrington","state":"IL","address":"100 W HIGGINS RD STE Q-35","name":""},
  {"lat":40.86677,"lon":-73.82704,"city":"The Bronx","state":"NY","address":"2146 BARTOW AVE STE F","name":""},
  {"lat":43.62094,"lon":-116.35054,"city":"Meridian","state":"ID","address":"3505 E MONARCH SKY LN","name":""},
  {"lat":34.071,"lon":-84.27742,"city":"Alpharetta","state":"GA","address":"3130 AVALON BLVD","name":""},
  {"lat":38.80517,"lon":-77.04859,"city":"Alexandria","state":"VA","address":"810 KING ST 1ST FLOOR","name":""},
  {"lat":39.95162,"lon":-75.15585,"city":"Philadelphia","state":"PA","address":"901 MARKET ST UNIT 1155","name":""},
  {"lat":26.09767,"lon":-80.25265,"city":"Davie","state":"FL","address":"1809 S UNIVERSITY DR","name":""},
  {"lat":39.87826,"lon":-74.91895,"city":"Marlton","state":"NJ","address":"500 ROUTE 73 S STE B1","name":""},
  {"lat":26.3664,"lon":-80.19655,"city":"Boca Raton","state":"FL","address":"9560 GLADES RD UNIT 145","name":""},
  {"lat":41.75281,"lon":-87.91191,"city":"Burr Ridge","state":"IL","address":"582 VILLAGE CENTER DR STE 220","name":""},
  {"lat":37.71112,"lon":-122.16394,"city":"San Leandro","state":"CA","address":"1233A MARINA BLVD STE P503","name":""},
  {"lat":47.54295,"lon":-122.04961,"city":"Issaquah","state":"WA","address":"775 NW GILMAN BLVD SUITE C13","name":""},
  {"lat":33.39504,"lon":-84.59243,"city":"Peachtree City","state":"GA","address":"226 CITY CIR STE 640","name":""},
  {"lat":33.43236,"lon":-111.90396,"city":"Tempe","state":"AZ","address":"2000 E. RIO SALADO PARKWAY SUITE 1011","name":""},
  {"lat":37.2231,"lon":-121.98137,"city":"Los Gatos","state":"CA","address":"50 UNIVERSITY AVE STE B260","name":""},
  {"lat":44.04583,"lon":-121.31581,"city":"Bend","state":"OR","address":"425 SW POWERHOUSE DR STE 302","name":""},
  {"lat":41.94359,"lon":-87.66371,"city":"Chicago","state":"IL","address":"3405 N SOUTHPORT AVE","name":""},
  {"lat":33.17793,"lon":-117.33059,"city":"Carlsbad","state":"CA","address":"2525 EL CAMINO REAL STE 224","name":""},
  {"lat":35.78112,"lon":-78.75811,"city":"Cary","state":"NC","address":"8 FENTON MAIN ST STE 165","name":""},
  {"lat":39.71004,"lon":-105.07707,"city":"Lakewood","state":"CO","address":"351 S TELLER ST","name":""},
  {"lat":40.75325,"lon":-73.69462,"city":"New Hyde Park","state":"NY","address":"1430 UNION TPKE","name":""},
  {"lat":33.38229,"lon":-111.75672,"city":"Mesa","state":"AZ","address":"1822 S VAL VISTA DR STE 106","name":""},
  {"lat":26.15571,"lon":-80.11684,"city":"Fort Lauderdale","state":"FL","address":"2396 N FEDERAL HWY","name":""},
  {"lat":35.09673,"lon":-80.78352,"city":"Charlotte","state":"NC","address":"3321 PINEVILLE MATTHEWS RD","name":""},
  {"lat":33.03017,"lon":-96.79557,"city":"Plano","state":"TX","address":"2301 PRESTON RD STE A","name":""},
  {"lat":33.75657,"lon":-118.11061,"city":"Long Beach","state":"CA","address":"6440 E PACIFIC COAST HWY STE B-125","name":""},
  {"lat":34.07257,"lon":-117.55254,"city":"Ontario","state":"CA","address":"1 MILLS CIR STE 833A","name":""},
  {"lat":26.21326,"lon":-81.80302,"city":"Naples","state":"FL","address":"5475 TAMIAMI TRL N STE A9","name":""},
  {"lat":37.76335,"lon":-121.95894,"city":"San Ramon","state":"CA","address":"6000 BOLLINGER CANYON RD STE 1605","name":""},
  {"lat":47.61621,"lon":-122.33777,"city":"Seattle","state":"WA","address":"2020 WESTLAKE AVE","name":""},
  {"lat":42.35272,"lon":-71.0469,"city":"Boston","state":"MA","address":"66 SEAPORT BLVD","name":""},
  {"lat":47.71316,"lon":-122.1801,"city":"Kirkland","state":"WA","address":"12670 120TH AVE NE STE 162","name":""},
  {"lat":34.07166,"lon":-117.2036,"city":"Redlands","state":"CA","address":"27514 W LUGONIA AVE STE C","name":""},
  {"lat":41.10474,"lon":-73.41894,"city":"Norwalk","state":"CT","address":"100 N WATER ST STE 1450","name":""},
  {"lat":33.64965,"lon":-117.74191,"city":"Irvine","state":"CA","address":"868 SPECTRUM CENTER DR","name":""},
  {"lat":32.80866,"lon":-96.79646,"city":"Dallas","state":"TX","address":"3699 MCKINNEY AVE STE 520","name":""},
  {"lat":40.80873,"lon":-74.06831,"city":"East Rutherford","state":"NJ","address":"1 AMERICAN DREAM WAY SPC C246","name":""},
  {"lat":32.95248,"lon":-117.23463,"city":"San Diego","state":"CA","address":"3715 CAMINITO CT STE 600","name":""},
  {"lat":33.8247,"lon":-116.54695,"city":"Palm Springs","state":"CA","address":"175 N PALM CANYON DR STE 125","name":""},
  {"lat":35.20848,"lon":-80.8607,"city":"Charlotte","state":"NC","address":"2036 SOUTH BLVD STE C","name":""},
  {"lat":38.90336,"lon":-77.04008,"city":"Washington","state":"DC","address":"1050 CONNECTICUT AVE NW","name":""},
  {"lat":40.68418,"lon":-73.97664,"city":"Brooklyn","state":"NY","address":"139 FLATBUSH AVE","name":""},
  {"lat":42.68321,"lon":-83.19238,"city":"Rochester Hills","state":"MI","address":"220 N ADAMS RD","name":""},
  {"lat":40.98306,"lon":-111.9063,"city":"Farmington","state":"UT","address":"144 N EAST PROMONTORY STE J-165","name":""},
  {"lat":38.9131,"lon":-77.03171,"city":"Washington","state":"DC","address":"1711 14TH ST NW","name":""},
  {"lat":40.62448,"lon":-73.63817,"city":"Oceanside","state":"NY","address":"3517 LONG BEACH RD","name":""},
  {"lat":25.81387,"lon":-80.19363,"city":"Miami","state":"FL","address":"4044 NE 1ST AVE SPC MG121","name":""},
  {"lat":37.8707,"lon":-122.30075,"city":"Berkeley","state":"CA","address":"1785 FOURTH ST","name":""},
  {"lat":45.39648,"lon":-122.75271,"city":"Tigard","state":"OR","address":"7397 SW BRIDGEPORT RD SPC C-104","name":""},
  {"lat":41.45289,"lon":-81.48667,"city":"Beachwood","state":"OH","address":"311 PARK AVE STE 126","name":""},
  {"lat":32.83953,"lon":-116.98022,"city":"Santee","state":"CA","address":"9930 MISSION GORGE RD SPC 9","name":""},
  {"lat":38.64946,"lon":-121.11838,"city":"Folsom","state":"CA","address":"280 PALLADIO PKWY STE 901","name":""},
  {"lat":29.49377,"lon":-98.48052,"city":"San Antonio","state":"TX","address":"255 E BASSE RD STE 146","name":""},
  {"lat":40.02311,"lon":-75.62801,"city":"Exton","state":"PA","address":"289 MAIN ST STE L-3","name":""},
  {"lat":26.28442,"lon":-80.18752,"city":"Coconut Creek","state":"FL","address":"4455 LYONS RD STE 103","name":""},
  {"lat":44.94686,"lon":-92.92474,"city":"St. Paul","state":"MN","address":"9020 HUDSON RD SPC C-104","name":""},
  {"lat":26.15125,"lon":-80.32015,"city":"Sunrise","state":"FL","address":"12801 W SUNRISE BLVD RM 661","name":""},
  {"lat":40.3304,"lon":-74.06182,"city":"Shrewsbury","state":"NJ","address":"641 BROAD ST","name":""},
  {"lat":37.67111,"lon":-122.46786,"city":"Daly City","state":"CA","address":"153D SERRAMONTE CTR","name":""},
  {"lat":34.04779,"lon":-118.52486,"city":"Pacific Palisades","state":"CA","address":"15265 PALISADES VILLAGE LN SPC 2-108","name":""},
  {"lat":39.11464,"lon":-77.20565,"city":"Gaithersburg","state":"MD","address":"227 ELLINGTON BLVD SPC A210","name":""},
  {"lat":28.55458,"lon":-81.20425,"city":"Orlando","state":"FL","address":"701 N ALAFAYA TRL SPC 0S01B","name":""},
  {"lat":40.65997,"lon":-74.17144,"city":"Elizabeth","state":"NJ","address":"651 KAPKOWSKI RD SPC 1230","name":""},
  {"lat":33.72373,"lon":-117.79276,"city":"Tustin","state":"CA","address":"2999 EL CAMINO REAL","name":""},
  {"lat":28.60768,"lon":-81.36491,"city":"Winter Park","state":"FL","address":"1060 N ORLANDO AVE","name":""},
  {"lat":40.71591,"lon":-73.95965,"city":"Brooklyn","state":"NY","address":"241 BEDFORD AVE","name":""},
  {"lat":39.59248,"lon":-104.96186,"city":"Centennial","state":"CO","address":"6853 S YORK ST STE 124","name":""},
  {"lat":34.00137,"lon":-117.73043,"city":"Chino Hills","state":"CA","address":"13850 CITY CENTER DR STE 5040","name":""},
  {"lat":40.90539,"lon":-74.03001,"city":"Hackensack","state":"NJ","address":"ONE RIVERSIDE SQUARE SPC 150","name":""},
  {"lat":34.13618,"lon":-118.3545,"city":"Universal City","state":"CA","address":"1000 UNIVERSAL STUDIOS BLVD SPC V146","name":""},
  {"lat":34.14353,"lon":-118.39379,"city":"Studio City","state":"CA","address":"12036 VENTURA BLVD","name":""},
  {"lat":40.20838,"lon":-75.22318,"city":"North Wales","state":"PA","address":"1460 BETHLEHEM PIKE STE N","name":""},
  {"lat":32.89621,"lon":-96.80305,"city":"Dallas","state":"TX","address":"6025 ROYAL LN STE 111","name":""},
  {"lat":40.74062,"lon":-74.02982,"city":"Hoboken","state":"NJ","address":"319 WASHINGTON ST","name":""},
  {"lat":37.97157,"lon":-122.05918,"city":"Concord","state":"CA","address":"2075 DIAMOND BLVD STE H-125","name":""},
  {"lat":38.88493,"lon":-76.99595,"city":"Washington","state":"DC","address":"380 7TH ST SE","name":""},
  {"lat":37.92716,"lon":-122.51659,"city":"Corte Madera","state":"CA","address":"347 CORTE MADERA TOWN CTR","name":""},
  {"lat":25.7904,"lon":-80.13705,"city":"Miami Beach","state":"FL","address":"818 LINCOLN RD","name":""},
  {"lat":40.77887,"lon":-73.77776,"city":"Bayside","state":"NY","address":"21201 26TH AVE","name":""},
  {"lat":39.05065,"lon":-77.11763,"city":"North Bethesda","state":"MD","address":"11878 GRAND PARK AVE","name":""},
  {"lat":36.84977,"lon":-119.78926,"city":"Fresno","state":"CA","address":"7831 N VIA DEL RIO SPC 560","name":""},
  {"lat":36.02145,"lon":-115.08614,"city":"Henderson","state":"NV","address":"2235 VILLAGE WALK DR STE 163","name":""},
  {"lat":25.64412,"lon":-80.33846,"city":"Miami","state":"FL","address":"8888 SW 136TH ST STE 465C","name":""},
  {"lat":42.3515,"lon":-71.07487,"city":"Boston","state":"MA","address":"88 NEWBURY ST","name":""},
  {"lat":29.95468,"lon":-90.06428,"city":"New Orleans","state":"LA","address":"414 N PETERS ST","name":""},
  {"lat":33.08113,"lon":-96.82595,"city":"Plano","state":"TX","address":"7600 WINDROSE AVE STE G130","name":""},
  {"lat":33.84066,"lon":-84.37593,"city":"Atlanta","state":"GA","address":"3167 PEACHTREE RD NE STE C","name":""},
  {"lat":38.89714,"lon":-77.02623,"city":"Washington","state":"DC","address":"1000 F ST NW","name":""},
  {"lat":42.36035,"lon":-71.05622,"city":"Boston","state":"MA","address":"7 NORTH ST","name":""},
  {"lat":37.3202,"lon":-121.94813,"city":"San Jose","state":"CA","address":"377 SANTANA ROW STE 1010","name":""},
  {"lat":39.04147,"lon":-94.59254,"city":"Kansas City","state":"MO","address":"424 NICHOLS RD","name":""},
  {"lat":29.74245,"lon":-95.77599,"city":"Katy","state":"TX","address":"23501 CINCO RANCH BLVD STE B130","name":""},
  {"lat":33.83272,"lon":-118.35026,"city":"Torrance","state":"CA","address":"21540 HAWTHORN BLVD UNIT 406","name":""},
  {"lat":34.0721,"lon":-118.3589,"city":"Los Angeles","state":"CA","address":"189 THE GROVE DR STE J1A","name":""},
  {"lat":25.7315,"lon":-80.26048,"city":"Coral Gables","state":"FL","address":"358 SAN LORENZO AVE UNIT 2100","name":""},
  {"lat":42.17699,"lon":-70.91124,"city":"Hingham","state":"MA","address":"98 DERBY ST UNIT 411","name":""},
  {"lat":40.71117,"lon":-74.01191,"city":"New York City","state":"NY","address":"185 GREENWICH ST STE LL4305 (C2)","name":""},
  {"lat":34.16008,"lon":-118.8222,"city":"Thousand Oaks","state":"CA","address":"4000 E THOUSAND OAKS BLVD","name":""},
  {"lat":38.88725,"lon":-77.09175,"city":"Arlington","state":"VA","address":"2800 CLARENDON BLVD STE R550","name":""},
  {"lat":36.58408,"lon":-121.89763,"city":"Monterey","state":"CA","address":"230 DEL MONTE CTR","name":""},
  {"lat":35.95793,"lon":-86.81352,"city":"Franklin","state":"TN","address":"1800 GALLERIA BLVD STE 1252","name":""},
  {"lat":34.06854,"lon":-118.40033,"city":"Beverly Hills","state":"CA","address":"270 N BEVERLY DR","name":""},
  {"lat":32.21954,"lon":-110.8664,"city":"Tucson","state":"AZ","address":"5870 E BROADWAY BLVD STE 222","name":""},
  {"lat":38.91462,"lon":-94.64401,"city":"Leawood","state":"KS","address":"5056 W 119TH ST SPC 300","name":""},
  {"lat":33.97832,"lon":-118.43835,"city":"Marina Del Rey","state":"CA","address":"4766 ADMIRALTY WAY SPC C13","name":""},
  {"lat":32.72744,"lon":-97.36321,"city":"Fort Worth","state":"TX","address":"1612 S UNIVERSITY DR STE 401D","name":""},
  {"lat":40.00883,"lon":-75.2898,"city":"Ardmore","state":"PA","address":"42A SAINT GEORGES RD","name":""},
  {"lat":33.65465,"lon":-117.9975,"city":"Huntington Beach","state":"CA","address":"21040 PACIFIC COAST HWY SPC F120","name":""},
  {"lat":32.78292,"lon":-79.93456,"city":"Charleston","state":"SC","address":"289 KING ST","name":""},
  {"lat":41.49011,"lon":-71.31546,"city":"Newport","state":"RI","address":"49 LONG WHARF MALL","name":""},
  {"lat":40.69239,"lon":-73.99086,"city":"Brooklyn","state":"NY","address":"210 JORALEMON ST SPC B","name":""},
  {"lat":28.48596,"lon":-81.4319,"city":"Orlando","state":"FL","address":"4200 CONROY RD SPC H224","name":""},
  {"lat":38.43926,"lon":-122.71635,"city":"Santa Rosa","state":"CA","address":"1071 SANTA ROSA PLZ SPC 1019A","name":""},
  {"lat":36.07013,"lon":-80.29998,"city":"Winston Salem","state":"NC","address":"3320 SILAS CREEK PKWY STE 760","name":""},
  {"lat":33.69243,"lon":-117.89305,"city":"Costa Mesa","state":"CA","address":"3333 BEAR ST STE 213","name":""},
  {"lat":43.51196,"lon":-96.77551,"city":"Sioux Falls","state":"SD","address":"1490 W EMPIRE MALL STE 0134B","name":""},
  {"lat":61.21739,"lon":-149.88764,"city":"Anchorage","state":"AK","address":"320 W 5TH AVE STE 201","name":""},
  {"lat":41.91095,"lon":-87.6526,"city":"Chicago","state":"IL","address":"938 W NORTH AVE","name":""},
  {"lat":41.69071,"lon":-91.60354,"city":"Coralville","state":"IA","address":"1451 CORAL RIDGE AVE STE 320","name":""},
  {"lat":30.47532,"lon":-87.20747,"city":"Pensacola","state":"FL","address":"5100 N 9TH AVE","name":""},
  {"lat":47.65927,"lon":-117.42337,"city":"Spokane","state":"WA","address":"808 W MAIN AVE STE 233","name":""},
  {"lat":42.19897,"lon":-71.77708,"city":"Millbury","state":"MA","address":"70 WORCESTER PROVIDENCE TPKE SPC 509","name":""},
  {"lat":40.29074,"lon":-74.68161,"city":"Lawrenceville","state":"NJ","address":"150 QUAKER BRIDGE MALL UNIT 1097","name":""},
  {"lat":40.0527,"lon":-82.9157,"city":"Columbus","state":"OH","address":"4085 THE STRAND WEST Unit 414","name":""},
  {"lat":40.95623,"lon":-74.06896,"city":"Paramus","state":"NJ","address":"1460 PARAMUS PARK MALL","name":""},
  {"lat":36.08675,"lon":-79.8308,"city":"Greensboro","state":"NC","address":"803 FRIENDLY CENTER RD SPC 203","name":""},
  {"lat":34.84957,"lon":-82.33404,"city":"Greenville","state":"SC","address":"700 HAYWOOD RD STE 1011","name":""},
  {"lat":41.81164,"lon":-72.55625,"city":"South Windsor","state":"CT","address":"200 EVERGREEN WAY STE 264","name":""},
  {"lat":30.43684,"lon":-84.2534,"city":"Tallahassee","state":"FL","address":"1500 APALACHEE PKWY STE 1425","name":""},
  {"lat":44.88089,"lon":-93.32482,"city":"Edina","state":"MN","address":"10 SOUTHDALE CTR SPC 1555","name":""},
  {"lat":34.07799,"lon":-81.15681,"city":"Columbia","state":"SC","address":"100 COLUMBIANA CIR","name":""},
  {"lat":41.66835,"lon":-70.29873,"city":"Hyannis","state":"MA","address":"793 IYANNOUGH RD STE S182A","name":""},
  {"lat":38.96349,"lon":-104.79603,"city":"Colorado Springs","state":"CO","address":"1645 BRIARGATE PKWY STE 207","name":""},
  {"lat":41.62586,"lon":-73.92081,"city":"Poughkeepsie","state":"NY","address":"2001 SOUTH RD SPC A208","name":""},
  {"lat":40.76823,"lon":-111.89172,"city":"Salt Lake City","state":"UT","address":"50 SOUTH MAIN ST SPC 123","name":""},
  {"lat":34.03513,"lon":-118.68418,"city":"Malibu","state":"CA","address":"3896 CROSS CREEK RD","name":""},
  {"lat":33.9858,"lon":-118.39401,"city":"Culver City","state":"CA","address":"6000 SEPULVEDA BLVD STE 1341","name":""},
  {"lat":33.62348,"lon":-111.92508,"city":"Scottsdale","state":"AZ","address":"15169 N SCOTTSDALE RD STE 110","name":""},
  {"lat":45.51871,"lon":-122.67686,"city":"Portland","state":"OR","address":"413 SW MORRISON ST","name":""},
  {"lat":36.11917,"lon":-115.17739,"city":"Las Vegas","state":"NV","address":"3500 LAS VEGAS BLVD S STE N13","name":""},
  {"lat":34.23911,"lon":-118.55573,"city":"Northridge","state":"CA","address":"9301 TAMPA AVE","name":""},
  {"lat":20.92135,"lon":-156.69432,"city":"Lahaina","state":"HI","address":"2435 KAANAPALI PKWY SPC D4","name":""},
  {"lat":25.78653,"lon":-80.36555,"city":"Miami","state":"FL","address":"1455 NW 107TH AVE STE 292B","name":""},
  {"lat":34.71664,"lon":-86.67363,"city":"Huntsville","state":"AL","address":"335 THE BRIDGE ST STE 117","name":""},
  {"lat":32.68054,"lon":-97.12955,"city":"Arlington","state":"TX","address":"3811 S COOPER ST STE 1102","name":""},
  {"lat":32.94448,"lon":-97.13045,"city":"Southlake","state":"TX","address":"312 GRAND AVE W","name":""},
  {"lat":37.65602,"lon":-77.62043,"city":"Richmond","state":"VA","address":"11800 W BROAD ST STE 1416","name":""},
  {"lat":27.38415,"lon":-82.45269,"city":"Sarasota","state":"FL","address":"140 UNIVERSITY TOWN CENTER DR UNIT 279","name":""},
  {"lat":36.14874,"lon":-115.3337,"city":"Las Vegas","state":"NV","address":"2115 FESTIVAL PLAZA DR STE 130","name":""},
  {"lat":33.77187,"lon":-84.36679,"city":"Atlanta","state":"GA","address":"650 NORTH AVE NE SPC S104","name":""},
  {"lat":41.49222,"lon":-72.08944,"city":"Uncasville","state":"CT","address":"1 MOHEGAN SUN BLVD SPC C-120","name":""},
  {"lat":37.72007,"lon":-97.24268,"city":"Wichita","state":"KS","address":"2000 N ROCK RD STE 118","name":""},
  {"lat":39.02485,"lon":-84.57865,"city":"Crestview Hills","state":"KY","address":"2854 TOWN CENTER BLVD","name":""},
  {"lat":41.89311,"lon":-88.34377,"city":"Geneva","state":"IL","address":"406 COMMONS DR","name":""},
  {"lat":35.03426,"lon":-85.15849,"city":"Chattanooga","state":"TN","address":"2100 HAMILTON PLACE BLVD STE 256","name":""},
  {"lat":30.39133,"lon":-86.42475,"city":"Destin","state":"FL","address":"4230 LEGENDARY DR STE F-123","name":""},
  {"lat":42.23087,"lon":-71.17835,"city":"Dedham","state":"MA","address":"512 LEGACY PL","name":""},
  {"lat":40.96447,"lon":-73.85663,"city":"Yonkers","state":"NY","address":"163 MARKET ST","name":""},
  {"lat":40.74025,"lon":-74.00612,"city":"New York City","state":"NY","address":"21-27 NINTH AVENUE","name":""},
  {"lat":33.71958,"lon":-116.38283,"city":"Palm Desert","state":"CA","address":"73505 EL PASEO STE 1620","name":""},
  {"lat":34.14335,"lon":-118.25679,"city":"Glendale","state":"CA","address":"230 AMERICANA WAY","name":""},
  {"lat":44.26825,"lon":-88.47038,"city":"Appleton","state":"WI","address":"4301 W WISCONSIN AVE SPC 514","name":""},
  {"lat":41.88382,"lon":-87.62816,"city":"Chicago","state":"IL","address":"108 N STATE ST STE 134","name":""},
  {"lat":34.26844,"lon":-119.24856,"city":"Ventura","state":"CA","address":"3301-1242 E MAIN ST SPC 1242","name":""},
  {"lat":40.7948,"lon":-73.96635,"city":"New York City","state":"NY","address":"808 COLUMBUS AVE","name":""},
  {"lat":47.21601,"lon":-122.46929,"city":"Tacoma","state":"WA","address":"4502 S STEELE ST SPC 840-A","name":""},
  {"lat":21.27924,"lon":-157.82877,"city":"Honolulu","state":"HI","address":"2250 KALAKAUA AVE STE 153","name":""},
  {"lat":40.14179,"lon":-88.24326,"city":"Champaign","state":"IL","address":"2000 N NEIL ST STE 600","name":""},
  {"lat":18.42141,"lon":-66.0733,"city":"San Juan","state":"PR","address":"525 AVENUE FD ROOSEVELT SPC 32","name":""},
  {"lat":42.87963,"lon":-85.75567,"city":"Grandville","state":"MI","address":"3700 RIVERTOWN PKWY SW STE 1058","name":""},
  {"lat":34.41505,"lon":-118.55831,"city":"Valencia","state":"CA","address":"24201 W VALENCIA BLVD","name":""},
  {"lat":39.67951,"lon":-75.65265,"city":"Newark","state":"DE","address":"118 CHRISTIANA MALL","name":""},
  {"lat":31.77516,"lon":-106.37941,"city":"El Paso","state":"TX","address":"8401 GATEWAY BLVD W STE E11B","name":""},
  {"lat":42.22181,"lon":-71.02248,"city":"Braintree","state":"MA","address":"250 GRANITE ST SPC 1230","name":""},
  {"lat":38.77432,"lon":-77.17422,"city":"Springfield","state":"VA","address":"6500 SPRINGFIELD MALL STE 22055","name":""},
  {"lat":38.77282,"lon":-121.27033,"city":"Roseville","state":"CA","address":"1151 GALLERIA BLVD SPC 1140","name":""},
  {"lat":37.72758,"lon":-122.4769,"city":"San Francisco","state":"CA","address":"3251 20TH AVE STE 262","name":""},
  {"lat":41.13395,"lon":-81.61685,"city":"Fairlawn","state":"OH","address":"3265 W MARKET ST STE 560","name":""},
  {"lat":43.6342,"lon":-70.33569,"city":"South Portland","state":"ME","address":"364 MAINE MALL RD","name":""},
  {"lat":38.9589,"lon":-77.35963,"city":"Reston","state":"VA","address":"11960 MARKET ST","name":""},
  {"lat":32.43513,"lon":-90.14694,"city":"Ridgeland","state":"MS","address":"1000 HIGHLAND COLONY PKWY STE 9010","name":""},
  {"lat":40.6359,"lon":-111.88683,"city":"Murray","state":"UT","address":"6191 S STATE ST STE 212","name":""},
  {"lat":29.62574,"lon":-82.37662,"city":"Gainesville","state":"FL","address":"3625 SW 32ND CT STE 100","name":""},
  {"lat":34.15314,"lon":-118.64544,"city":"Calabasas","state":"CA","address":"4751 COMMONS WAY SPC H1","name":""},
  {"lat":39.63313,"lon":-86.12066,"city":"Greenwood","state":"IN","address":"1251 US HIGHWAY 31 N","name":""},
  {"lat":34.01796,"lon":-84.56376,"city":"Kennesaw","state":"GA","address":"400 ERNEST W BARRETT PKWY NW","name":""},
  {"lat":41.7729,"lon":-88.15061,"city":"Naperville","state":"IL","address":"132 W JEFFERSON AVE","name":""},
  {"lat":39.71692,"lon":-104.95292,"city":"Denver","state":"CO","address":"3000 E FIRST AVENUE UNIT 285","name":""},
  {"lat":38.29145,"lon":-77.51075,"city":"Fredericksburg","state":"VA","address":"1 TOWN CENTER BLVD UNIT 2800","name":""},
  {"lat":37.98487,"lon":-87.49545,"city":"Evansville","state":"IN","address":"800 N GREEN RIVER RD SPC 136","name":""},
  {"lat":33.52444,"lon":-117.15374,"city":"Temecula","state":"CA","address":"40772 WINCHESTER RD STE 770","name":""},
  {"lat":40.52574,"lon":-105.0261,"city":"Fort Collins","state":"CO","address":"2720 COUNCIL TREE AVE STE 124","name":""},
  {"lat":36.12728,"lon":-115.17038,"city":"Las Vegas","state":"NV","address":"3200 LAS VEGAS BLVD S STE 1350","name":""},
  {"lat":34.76711,"lon":-92.45879,"city":"Little Rock","state":"AR","address":"17809 CHENAL PKWY STE G109","name":""},
  {"lat":37.68816,"lon":-121.05289,"city":"Modesto","state":"CA","address":"3401 DALE RD STE 658","name":""},
  {"lat":39.25063,"lon":-94.66352,"city":"Kansas City","state":"MO","address":"7201 NW 86TH TER","name":""},
  {"lat":32.28825,"lon":-110.97396,"city":"Tucson","state":"AZ","address":"4500 N ORACLE RD BOX 295","name":""},
  {"lat":41.82271,"lon":-72.88136,"city":"Canton","state":"CT","address":"110 ALBANY TPKE STE 607","name":""},
  {"lat":30.005,"lon":-90.15749,"city":"Metairie","state":"LA","address":"3301 VETERANS MEMORIAL BLVD STE 74","name":""},
  {"lat":35.10708,"lon":-106.57063,"city":"Albuquerque","state":"NM","address":"6600 MENAUL NE","name":""},
  {"lat":29.59242,"lon":-95.62374,"city":"Sugar Land","state":"TX","address":"16535 SOUTHWEST FWY STE 3012","name":""},
  {"lat":45.43607,"lon":-122.57367,"city":"Portland","state":"OR","address":"12000 SE 82ND AVE STE 1070","name":""},
  {"lat":36.81687,"lon":-76.07114,"city":"Virginia Beach","state":"VA","address":"701 LYNNHAVEN PKWY STE 1066","name":""},
  {"lat":33.92438,"lon":-84.34184,"city":"Atlanta","state":"GA","address":"4400 ASHFORD DUNWOODY RD NE SPC 1585","name":""},
  {"lat":33.46432,"lon":-82.08002,"city":"Augusta","state":"GA","address":"3450 WRIGHTSBORO RD STE 2520","name":""},
  {"lat":33.84734,"lon":-84.36299,"city":"Atlanta","state":"GA","address":"3393 PEACHTREE RD NE STE 3042","name":""},
  {"lat":26.13648,"lon":-80.11407,"city":"Ft Lauderdale","state":"FL","address":"2414 E SUNRISE BLVD SPC 2204","name":""},
  {"lat":39.21558,"lon":-76.85971,"city":"Columbia","state":"MD","address":"10300 LITTLE PATUXENT PKWY STE 2080","name":""},
  {"lat":37.50521,"lon":-121.96858,"city":"Fremont","state":"CA","address":"43550 CHRISTY ST STE R1A","name":""},
  {"lat":27.96441,"lon":-82.51953,"city":"Tampa","state":"FL","address":"2223 N WEST SHORE BLVD SPC 145","name":""},
  {"lat":34.04843,"lon":-84.29379,"city":"Alpharetta","state":"GA","address":"1000 N POINT CIR SPC 1034","name":""},
  {"lat":26.0033,"lon":-80.33711,"city":"Pembroke Pines","state":"FL","address":"516 SW 145TH TER","name":""},
  {"lat":35.52506,"lon":-97.54443,"city":"Oklahoma City","state":"OK","address":"1901 NW EXPRESSWAY SPC 2032A","name":""},
  {"lat":42.76327,"lon":-84.517,"city":"Lansing","state":"MI","address":"2916 TOWNE CENTRE BLVD","name":""},
  {"lat":43.0287,"lon":-77.44233,"city":"Victor","state":"NY","address":"7979 PITTSFORDVICTOR RD SPC 156","name":""},
  {"lat":29.71648,"lon":-95.41543,"city":"Houston","state":"TX","address":"2401 TIMES BLVD STE 150","name":""},
  {"lat":35.28109,"lon":-120.66122,"city":"San Luis Obispo","state":"CA","address":"1090 COURT ST STE 205","name":""},
  {"lat":41.7608,"lon":-71.45767,"city":"Cranston","state":"RI","address":"142 HILLSIDE RD","name":""},
  {"lat":26.40127,"lon":-81.8069,"city":"Estero","state":"FL","address":"23161 FASHION DR STE 113","name":""},
  {"lat":35.02214,"lon":-89.71876,"city":"Collierville","state":"TN","address":"4630 MERCHANTS PARK CIR STE 709","name":""},
  {"lat":33.88007,"lon":-84.46833,"city":"Atlanta","state":"GA","address":"1140 CUMBERLAND MALL SPC 0156","name":""},
  {"lat":27.93323,"lon":-82.32659,"city":"Brandon","state":"FL","address":"912 BRANDON TOWN CENTER MALL","name":""},
  {"lat":40.34308,"lon":-80.05641,"city":"Pittsburgh","state":"PA","address":"301 S HILLS VLG SPC 1405A","name":""},
  {"lat":34.0657,"lon":-83.98243,"city":"Buford","state":"GA","address":"3333 BUFORD DR STE 1046B","name":""},
  {"lat":40.6301,"lon":-75.48038,"city":"Whitehall","state":"PA","address":"835 LEHIGH LIFESTYLE CTR SPC 1240","name":""},
  {"lat":39.83186,"lon":-75.09729,"city":"Deptford","state":"NJ","address":"1750 DEPTFORD CENTER RD SPC 1184","name":""},
  {"lat":30.25826,"lon":-81.52598,"city":"Jacksonville","state":"FL","address":"10281 MIDTOWN PKWY","name":""},
  {"lat":25.69032,"lon":-80.31396,"city":"Miami","state":"FL","address":"7479 N KENDALL DR UNIT 2105","name":""},
  {"lat":28.44478,"lon":-81.39407,"city":"Orlando","state":"FL","address":"8001 S ORANGE BLOSSOM TRL STE 1128B","name":""},
  {"lat":25.95675,"lon":-80.14271,"city":"Aventura","state":"FL","address":"19575 BISCAYNE BLVD STE 669","name":""},
  {"lat":26.3659,"lon":-80.13322,"city":"Boca Raton","state":"FL","address":"6000 GLADES RD STE 1024B","name":""},
  {"lat":26.84823,"lon":-80.08452,"city":"Palm Beach Gardens","state":"FL","address":"3101 PGA BLVD UNIT 229","name":""},
  {"lat":29.74233,"lon":-95.44452,"city":"Houston","state":"TX","address":"3942 WESTHEIMER RD SPC 105","name":""},
  {"lat":40.7349,"lon":-73.99148,"city":"New York City","state":"NY","address":"40 E 14TH ST","name":""},
  {"lat":42.91426,"lon":-78.76267,"city":"Buffalo","state":"NY","address":"1 WALDEN GALLERIA DR SPC G104","name":""},
  {"lat":40.75291,"lon":-73.97996,"city":"New York City","state":"NY","address":"300 MADISON AVE SPC 01-01","name":""},
  {"lat":41.09715,"lon":-73.95579,"city":"West Nyack","state":"NY","address":"1000 PALISADES CENTER DR","name":""},
  {"lat":39.94075,"lon":-75.02557,"city":"Cherry Hill","state":"NJ","address":"2000 ROUTE 38","name":""},
  {"lat":42.30097,"lon":-71.38385,"city":"Natick","state":"MA","address":"1245 WORCESTER ST","name":""},
  {"lat":35.90352,"lon":-78.94188,"city":"Durham","state":"NC","address":"6910 FAYETVILLE RD STE 181","name":""},
  {"lat":37.79447,"lon":-122.39866,"city":"San Francisco","state":"CA","address":"2 EMBARCADERO CTR STREET LEVEL","name":""},
  {"lat":40.4514,"lon":-79.93273,"city":"Pittsburgh","state":"PA","address":"5526 WALNUT ST","name":""},
  {"lat":41.82779,"lon":-71.41639,"city":"Providence","state":"RI","address":"168 PROVIDENCE PL","name":""},
  {"lat":40.08816,"lon":-75.3915,"city":"King of Prussia","state":"PA","address":"160 N GULPH RD SPC 2198A","name":""},
  {"lat":40.75698,"lon":-73.97864,"city":"New York City","state":"NY","address":"580 5TH AVE SPC 1","name":""},
  {"lat":41.38088,"lon":-73.47939,"city":"Danbury","state":"CT","address":"7 BACKUS AVE STE 364","name":""},
  {"lat":40.71962,"lon":-73.84382,"city":"Forest Hills","state":"NY","address":"7130 AUSTIN ST","name":""},
  {"lat":40.77013,"lon":-73.98244,"city":"New York City","state":"NY","address":"1863 BROADWAY","name":""},
  {"lat":40.58568,"lon":-74.61966,"city":"Bridgewater","state":"NJ","address":"400 COMMONS WAY STE 141","name":""},
  {"lat":33.50375,"lon":-111.92805,"city":"Scottsdale","state":"AZ","address":"7014 E CAMELBACK RD STE 1009","name":""},
  {"lat":35.15204,"lon":-80.83173,"city":"Charlotte","state":"NC","address":"4400 SHARON RD #E11A","name":""},
  {"lat":30.40348,"lon":-97.72214,"city":"Austin","state":"TX","address":"11700 ROCK ROSE AVE STE 130","name":""},
  {"lat":39.02388,"lon":-77.14638,"city":"Bethesda","state":"MD","address":"7101 DEMOCRACY BLVD SPC 2518","name":""},
  {"lat":42.32122,"lon":-71.17641,"city":"Chestnut Hill","state":"MA","address":"199 BOYLSTON ST","name":""},
  {"lat":40.25394,"lon":-74.30026,"city":"Freehold","state":"NJ","address":"3710 U.S. 9","name":""},
  {"lat":42.34793,"lon":-71.08218,"city":"Boston","state":"MA","address":"800 BOYLSTON ST SPC 157","name":""},
  {"lat":38.91818,"lon":-77.22173,"city":"Mc Lean","state":"VA","address":"7966 TYSONS CORNER CTR SPC D7U","name":""},
  {"lat":38.86364,"lon":-77.06057,"city":"Arlington","state":"VA","address":"1100 S HAYES ST STE F06A","name":""},
  {"lat":38.90533,"lon":-77.06423,"city":"Washington","state":"DC","address":"3241 M ST NW","name":""},
  {"lat":38.863,"lon":-77.35878,"city":"Fairfax","state":"VA","address":"11828 FAIR OAKS MALL","name":""},
  {"lat":42.76687,"lon":-71.2312,"city":"Salem","state":"NH","address":"99 ROCKINGHAM PARK BLVD SPC E211C","name":""},
  {"lat":41.89269,"lon":-87.62391,"city":"Chicago","state":"IL","address":"605 N MICHIGAN AVE","name":""},
  {"lat":42.48174,"lon":-71.21304,"city":"Burlington","state":"MA","address":"75 MIDDLESEX TPKE STE 1061","name":""},
  {"lat":40.79542,"lon":-73.67423,"city":"Manhasset","state":"NY","address":"1950 NORTHERN BLVD","name":""},
  {"lat":41.72374,"lon":-72.76228,"city":"Farmington","state":"CT","address":"307 WESTFARMS MALL","name":""},
  {"lat":40.58195,"lon":-74.16621,"city":"Staten Island","state":"NY","address":"2655 RICHMOND AVE SPC 1548","name":""},
  {"lat":41.03168,"lon":-73.75869,"city":"White Plains","state":"NY","address":"125 WESTCHESTER AVE STE 1001","name":""},
  {"lat":28.6671,"lon":-81.3772,"city":"Altamonte Springs","state":"FL","address":"451 E ALTAMONTE DR STE 2223","name":""},
  {"lat":40.88906,"lon":-74.25923,"city":"Wayne","state":"NJ","address":"1760 WILLOWBROOK MALL","name":""},
  {"lat":40.91779,"lon":-74.07561,"city":"Paramus","state":"NJ","address":"1 GARDEN STATE PLZ","name":""},
  {"lat":40.74041,"lon":-74.36494,"city":"Short Hills","state":"NJ","address":"1200 MORRIS TPKE STE C103","name":""},
  {"lat":40.82185,"lon":-73.41026,"city":"Huntington Station","state":"NY","address":"160 WALT WHITMAN RD SPC 1047A","name":""},
  {"lat":40.77988,"lon":-73.98193,"city":"New York City","state":"NY","address":"2103 BROADWAY","name":""},
  {"lat":40.7372,"lon":-73.61149,"city":"Garden City","state":"NY","address":"630 OLD COUNTRY RD STE 1155","name":""},
  {"lat":40.75003,"lon":-73.98877,"city":"New York City","state":"NY","address":"112 W 34TH ST","name":""},
  {"lat":40.73913,"lon":-73.99109,"city":"New York City","state":"NY","address":"119 5TH AVE","name":""},
  {"lat":25.76675,"lon":-80.19316,"city":"Miami","state":"FL","address":"701 S MIAMI AVE STE 231","name":""},
  {"lat":40.75843,"lon":-73.98549,"city":"New York City","state":"NY","address":"1535 BROADWAY","name":""},
  {"lat":40.72401,"lon":-73.99828,"city":"New York City","state":"NY","address":"557 BROADWAY","name":""},
  {"lat":33.98763,"lon":-84.42349,"city":"Marietta","state":"GA","address":"4475 ROSWELL RD STE 310","name":""},
  {"lat":41.0297,"lon":-73.62636,"city":"Greenwich","state":"CT","address":"75 GREENWICH AVE","name":""},
  {"lat":40.13976,"lon":-75.12222,"city":"Willow Grove","state":"PA","address":"2500 W MORELAND RD STE 1103","name":""},
  {"lat":39.95145,"lon":-75.16935,"city":"Philadelphia","state":"PA","address":"1714 CHESTNUT ST","name":""},
  {"lat":40.73432,"lon":-73.86953,"city":"Elmhurst","state":"NY","address":"90-15 QUEENS BLVD STE 2073","name":""},
  {"lat":33.30139,"lon":-111.89849,"city":"Chandler","state":"AZ","address":"3111 W CHANDLER BLVD STE 1144","name":""},
  {"lat":30.38828,"lon":-91.08675,"city":"Baton Rouge","state":"LA","address":"6401 BLUEBONNET BLVD STE 620","name":""},
  {"lat":37.99031,"lon":-84.52722,"city":"Lexington","state":"KY","address":"3401 NICHOLASVILLE RD STE C326","name":""},
  {"lat":38.60118,"lon":-90.44708,"city":"Des Peres","state":"MO","address":"37 W COUNTY CTR STE 1111","name":""},
  {"lat":41.49864,"lon":-81.49357,"city":"Beachwood","state":"OH","address":"26300 CEDAR RD STE 1110","name":""},
  {"lat":41.09547,"lon":-74.01678,"city":"Nanuet","state":"NY","address":"5129 FASHION DR","name":""},
  {"lat":42.54003,"lon":-70.94429,"city":"Peabody","state":"MA","address":"210 ANDOVER ST","name":""},
  {"lat":40.54349,"lon":-80.00789,"city":"Pittsburgh","state":"PA","address":"1000 ROSS PARK MALL DR SPC C07A","name":""},
  {"lat":39.69344,"lon":-84.10199,"city":"Dayton","state":"OH","address":"4421 GLENGARRY DR STE 126","name":""},
  {"lat":42.70989,"lon":-73.81658,"city":"Albany","state":"NY","address":"131 COLONIE CTR","name":""},
  {"lat":39.91415,"lon":-86.10838,"city":"Indianapolis","state":"IN","address":"8702 KEYSTONE XING STE 35B","name":""},
  {"lat":42.56299,"lon":-83.18348,"city":"Troy","state":"MI","address":"2800 W BIG BEAVER RD STE 218","name":""},
  {"lat":28.36977,"lon":-81.51658,"city":"Orlando","state":"FL","address":"1530 E BUENA VISTA DR SPC B17-101","name":""},
  {"lat":42.3443,"lon":-71.09948,"city":"Boston","state":"MA","address":"1331 BOYLSTON ST SPC 125","name":""},
  {"lat":42.4921,"lon":-83.46796,"city":"Novi","state":"MI","address":"27846 NOVI RD","name":""},
  {"lat":39.20281,"lon":-84.37704,"city":"Cincinnati","state":"OH","address":"7875 MONTGOMERY RD SPC 2133","name":""},
  {"lat":43.06378,"lon":-88.04438,"city":"Wauwatosa","state":"WI","address":"2500 N MAYFAIR RD SPC 120-121","name":""},
  {"lat":41.84949,"lon":-87.95283,"city":"Oak Brook","state":"IL","address":"104 OAKBROOK CTR","name":""},
  {"lat":42.04626,"lon":-88.0378,"city":"Schaumburg","state":"IL","address":"5 WOODFIELD MALL","name":""},
  {"lat":42.06,"lon":-87.74926,"city":"Skokie","state":"IL","address":"4999 OLD ORCHARD CTR STE E9","name":""},
  {"lat":40.1456,"lon":-82.98204,"city":"Columbus","state":"OH","address":"1500 POLARIS PKWY","name":""},
  {"lat":44.85391,"lon":-93.24372,"city":"Bloomington","state":"MN","address":"200 W MARKET SPC W200","name":""},
  {"lat":44.96815,"lon":-93.43791,"city":"Minnetonka","state":"MN","address":"12669 WAYZATA BLVD","name":""},
  {"lat":42.70103,"lon":-71.43745,"city":"Nashua","state":"NH","address":"310 DANIEL WEBSTER HWY SPC W425","name":""},
  {"lat":37.16291,"lon":-93.26484,"city":"Springfield","state":"MO","address":"2825 S GLENSTONE AVE SPC G07B","name":""},
  {"lat":32.62412,"lon":-116.96644,"city":"Chula Vista","state":"CA","address":"2015 BIRCH RD STE 605","name":""},
  {"lat":42.51577,"lon":-71.03556,"city":"Lynnfield","state":"MA","address":"720 MARKET ST","name":""},
  {"lat":40.01766,"lon":-105.25618,"city":"Boulder","state":"CO","address":"1755 29TH ST SPC 1086","name":""},
  {"lat":33.08805,"lon":-96.68452,"city":"Allen","state":"TX","address":"919 GARDEN PARK DR","name":""},
  {"lat":41.26065,"lon":-96.18215,"city":"Omaha","state":"NE","address":"17101 DAVENPORT ST STE K103","name":""},
  {"lat":42.16036,"lon":-88.05457,"city":"Deer Park","state":"IL","address":"20530 N RAND RD STE 244","name":""},
  {"lat":41.61994,"lon":-87.84877,"city":"Orland Park","state":"IL","address":"730 SQUARE DR SPC G08B-1","name":""},
  {"lat":40.54759,"lon":-74.33541,"city":"Edison","state":"NJ","address":"488 MENLO PARK DR SPC 1215A","name":""},
  {"lat":41.71899,"lon":-86.19066,"city":"Mishawaka","state":"IN","address":"6501 N GRAPE RD STE 472A","name":""},
  {"lat":41.57023,"lon":-93.80608,"city":"West Des Moines","state":"IA","address":"101 JORDAN CREEK PKWY STE 11240","name":""},
  {"lat":38.24757,"lon":-85.60939,"city":"Louisville","state":"KY","address":"7900 SHELBYVILLE RD","name":""},
  {"lat":38.08917,"lon":-122.55216,"city":"Novato","state":"CA","address":"208 VINTAGE OAKS K-3","name":""},
  {"lat":47.61137,"lon":-122.33677,"city":"Seattle","state":"WA","address":"415 PINE ST","name":""},
  {"lat":37.8962,"lon":-122.05913,"city":"Walnut Creek","state":"CA","address":"1149 BROADWAY PLZ SPC C70","name":""},
  {"lat":47.66359,"lon":-122.29801,"city":"Seattle","state":"WA","address":"2676 NE UNIVERSITY VILLAGE ST","name":""},
  {"lat":47.615,"lon":-122.2036,"city":"Bellevue","state":"WA","address":"148 BELLEVUE SQ","name":""},
  {"lat":37.79721,"lon":-122.43351,"city":"San Francisco","state":"CA","address":"2083 UNION ST","name":""},
  {"lat":47.83012,"lon":-122.27214,"city":"Lynnwood","state":"WA","address":"3000 184 ST. SW SPC 0304","name":""},
  {"lat":45.45063,"lon":-122.78225,"city":"Portland","state":"OR","address":"9329 SW WASHINGTON SQUARE RD SPC T07","name":""},
  {"lat":40.73962,"lon":-73.24628,"city":"Bay Shore","state":"NY","address":"1701 SUNRISE HWY UNIT M20","name":""},
  {"lat":34.19031,"lon":-118.60351,"city":"Canoga Park","state":"CA","address":"6600 TOPANGA CANYON BLVD","name":""},
  {"lat":42.62527,"lon":-82.94503,"city":"Clinton Township","state":"MI","address":"17410 HALL RD STE 167","name":""},
  {"lat":34.08668,"lon":-117.69421,"city":"Montclair","state":"CA","address":"2061 E MONTCLAIR PLAZA LN SPC 2061","name":""},
  {"lat":38.06443,"lon":-78.49094,"city":"Charlottesville","state":"VA","address":"2020 BOND ST STE 160","name":""},
  {"lat":33.91069,"lon":-117.45767,"city":"Riverside","state":"CA","address":"2061 GALLERIA AT TYLER","name":""},
  {"lat":42.3677,"lon":-71.07606,"city":"Cambridge","state":"MA","address":"100 CAMBRIDGESIDE PL SPC E114","name":""},
  {"lat":39.5627,"lon":-104.87679,"city":"Littleton","state":"CO","address":"8505 PARK MEADOWS CENTER DR SPC 2069","name":""},
  {"lat":30.62965,"lon":-97.69368,"city":"Georgetown","state":"TX","address":"1015 W UNIVERSITY AVE STE 400","name":""},
  {"lat":33.31016,"lon":-111.74282,"city":"Gilbert","state":"AZ","address":"2206 E WILLIAMS FIELD RD STE 114","name":""},
  {"lat":40.86482,"lon":-73.13167,"city":"Lake Grove","state":"NY","address":"313 SMITH HAVEN MALL","name":""},
  {"lat":45.01242,"lon":-93.17338,"city":"Roseville","state":"MN","address":"2100 ROSEDALE CENTER SPC 800","name":""},
  {"lat":39.93392,"lon":-105.13432,"city":"Broomfield","state":"CO","address":"1 W FLATIRON CROSSING DR STE 1008","name":""},
  {"lat":36.06327,"lon":-95.88184,"city":"Tulsa","state":"OK","address":"7021 S MEMORIAL DR STE 215","name":""},
  {"lat":35.92626,"lon":-84.03822,"city":"Knoxville","state":"TN","address":"7600 KINGSTON PIKE STE 1094","name":""},
  {"lat":43.05721,"lon":-89.50495,"city":"Madison","state":"WI","address":"71 W TOWNE MALL","name":""},
  {"lat":30.25729,"lon":-97.80641,"city":"Austin","state":"TX","address":"2901 S CAPITOL OF TEXAS HWY STE M02A","name":""},
  {"lat":47.45829,"lon":-122.25887,"city":"Seattle","state":"WA","address":"616 SOUTHCENTER MALL","name":""},
  {"lat":39.40449,"lon":-76.59939,"city":"Towson","state":"MD","address":"825 DULANEY VALLEY RD SPC 2190","name":""},
  {"lat":34.13428,"lon":-118.05135,"city":"Arcadia","state":"CA","address":"400 S BALDWIN AVE STE 432L","name":""},
  {"lat":40.06728,"lon":-76.3397,"city":"Lancaster","state":"PA","address":"319 PARK CITY CTR","name":""},
  {"lat":43.60801,"lon":-116.27874,"city":"Boise","state":"ID","address":"350 N MILWAUKEE ST STE 1031","name":""},
  {"lat":42.16816,"lon":-72.64145,"city":"Holyoke","state":"MA","address":"50 HOLYOKE ST SPC C327","name":""},
  {"lat":38.95342,"lon":-94.71993,"city":"Overland Park","state":"KS","address":"11731 W 95TH ST SPC 139","name":""},
  {"lat":36.30533,"lon":-94.17656,"city":"Rogers","state":"AR","address":"2203 S PROMENADE STE 1140","name":""},
  {"lat":29.54167,"lon":-95.14875,"city":"Friendswood","state":"TX","address":"1168 BAYBROOK MALL","name":""},
  {"lat":41.46,"lon":-81.95118,"city":"Westlake","state":"OH","address":"160 CROCKER PARK BLVD","name":""},
  {"lat":33.4466,"lon":-86.72939,"city":"Birmingham","state":"AL","address":"205 SUMMIT BLVD STE 300","name":""},
  {"lat":21.38541,"lon":-157.94167,"city":"Aiea","state":"HI","address":"98-1005 MOANALUA RD SPC 224","name":""},
  {"lat":40.77915,"lon":-73.95518,"city":"New York City","state":"NY","address":"144 E 86TH ST","name":""},
  {"lat":37.83383,"lon":-122.29208,"city":"Emeryville","state":"CA","address":"5626 BAY ST","name":""},
  {"lat":36.06748,"lon":-115.17638,"city":"Las Vegas","state":"NV","address":"6671 LAS VEGAS BLVD S SPC A-131","name":""},
  {"lat":40.7627,"lon":-73.96811,"city":"New York City","state":"NY","address":"750 LEXINGTON AVE","name":""},
  {"lat":33.86276,"lon":-118.0953,"city":"Cerritos","state":"CA","address":"161 LOS CERRITOS MALL","name":""},
  {"lat":38.63578,"lon":-90.3481,"city":"St. Louis","state":"MO","address":"2407 SAINT LOUIS GALLERIA SPC 2407","name":""},
  {"lat":40.72651,"lon":-74.03844,"city":"Jersey City","state":"NJ","address":"30 MALL DR W SPC A58B","name":""},
  {"lat":35.33788,"lon":-119.0341,"city":"Bakersfield","state":"CA","address":"2701 MING AVE SPC 187","name":""},
  {"lat":36.10708,"lon":-86.81543,"city":"Nashville","state":"TN","address":"2126 ABBOT MARTIN RD SPC 292B","name":""},
  {"lat":21.2917,"lon":-157.84402,"city":"Honolulu","state":"HI","address":"1450 ALA MOANA BLVD UNIT 2058","name":""},
  {"lat":29.59245,"lon":-98.61432,"city":"San Antonio","state":"TX","address":"15900 LA CANTERA PKWY STE 7720, BLDG. 7","name":""},
  {"lat":33.91561,"lon":-117.88622,"city":"Brea","state":"CA","address":"1065 BREA MALL SPC 1023","name":""},
  {"lat":33.64185,"lon":-112.22513,"city":"Glendale","state":"AZ","address":"7700 W ARROWHEAD TOWNE CTR STE 1199","name":""},
  {"lat":26.18553,"lon":-98.23655,"city":"McAllen","state":"TX","address":"2200 S 10TH ST STE A01B","name":""},
  {"lat":36.80727,"lon":-119.77612,"city":"Fresno","state":"CA","address":"639 E SHAW AVE STE 123","name":""},
  {"lat":33.09871,"lon":-96.81194,"city":"Frisco","state":"TX","address":"2601 PRESTON RD SPC 1230 & 1234","name":""},
  {"lat":30.16446,"lon":-95.45462,"city":"The Woodlands","state":"TX","address":"1201 LAKE WOODLANDS DR SPC 1066","name":""},
  {"lat":34.11226,"lon":-117.53238,"city":"Rancho Cucamonga","state":"CA","address":"12506 N MAINSTREET STE 3510","name":""},
  {"lat":32.83016,"lon":-97.1994,"city":"Hurst","state":"TX","address":"1101 MELBOURNE RD","name":""},
  {"lat":34.05978,"lon":-118.4193,"city":"Los Angeles","state":"CA","address":"10250 SANTA MONICA BLVD STE 1710","name":""},
  {"lat":29.9603,"lon":-95.5391,"city":"Houston","state":"TX","address":"7925 FM 1960 RD W","name":""},
  {"lat":29.78121,"lon":-95.53971,"city":"Houston","state":"TX","address":"303 MEMORIAL CITY WAY STE 700","name":""},
  {"lat":30.39505,"lon":-97.75053,"city":"Austin","state":"TX","address":"9722 GREAT HILLS TRL STE 115","name":""},
  {"lat":29.51847,"lon":-98.49514,"city":"San Antonio","state":"TX","address":"7400 SAN PEDRO AVE STE 104","name":""},
  {"lat":37.57899,"lon":-122.34623,"city":"Burlingame","state":"CA","address":"1205 BURLINGAME AVE","name":""},
  {"lat":38.60135,"lon":-121.42705,"city":"Sacramento","state":"CA","address":"1689 ARDEN WAY STE 1084","name":""},
  {"lat":37.44228,"lon":-122.1726,"city":"Palo Alto","state":"CA","address":"355 STANFORD SHOPPING CTR","name":""},
  {"lat":36.1108,"lon":-115.17225,"city":"Las Vegas","state":"NV","address":"3663 LAS VEGAS BLVD S STE 140","name":""},
  {"lat":29.77903,"lon":-95.56044,"city":"Houston","state":"TX","address":"796 TOWN AND COUNTRY BLVD STE 109","name":""},
  {"lat":39.40366,"lon":-119.75099,"city":"Reno","state":"NV","address":"13979 S VIRGINIA ST STE 500","name":""},
  {"lat":32.87136,"lon":-117.21041,"city":"San Diego","state":"CA","address":"4545 LA JOLLA VILLAGE DR STE C16","name":""},
  {"lat":32.76825,"lon":-117.16685,"city":"San Diego","state":"CA","address":"7007 FRIARS RD STE 314","name":""},
  {"lat":34.14598,"lon":-118.15095,"city":"Pasadena","state":"CA","address":"13 W COLORADO BLVD","name":""},
  {"lat":34.10217,"lon":-118.33971,"city":"Hollywood","state":"CA","address":"6801 HOLLYWOOD BLVD SPC B2-245","name":""},
  {"lat":33.80862,"lon":-117.92245,"city":"Anaheim","state":"CA","address":"1570 S DISNEYLAND DR","name":""},
  {"lat":37.53816,"lon":-122.30053,"city":"San Mateo","state":"CA","address":"115 HILLSDALE MALL SPC 1016","name":""},
  {"lat":34.01725,"lon":-118.49839,"city":"Santa Monica","state":"CA","address":"1244 3RD STREET PROMENADE","name":""},
  {"lat":34.18392,"lon":-118.88785,"city":"Thousand Oaks","state":"CA","address":"338 W HILLCREST DR","name":""},
  {"lat":28.39347,"lon":-81.48582,"city":"Orlando","state":"FL","address":"11501 REGENCY VILLAGE DR","name":""}]}