{"key":"shake_shack","displayName":"Shake Shack","category":"restaurant","useLocationName":false,"locations":[
  {"lat":40.754119,"lon":-73.690478,"city":"New Hyde Park","state":"NY","address":"1570 Union Turnpike","name":""},
  {"lat":43.033949,"lon":-87.908617,"city":"Milwaukee","state":"WI","address":"220 East Buffalo Street","name":""},
  {"lat":43.07207,"lon":-89.452187,"city":"Madison","state":"WI","address":"558 N. Midvale Blvd.","name":""},
  {"lat":43.036928,"lon":-88.16729,"city":"Brookfield","state":"WI","address":"585 N Barker Rd","name":""},
  {"lat":45.604683,"lon":-122.504448,"city":"Vancouver","state":"WA","address":"2100 SE 164th Ave","name":""},
  {"lat":47.217117,"lon":-122.464603,"city":"Tacoma","state":"WA","address":"4502 S Steele St","name":""},
  {"lat":47.616987,"lon":-122.3384,"city":"Seattle","state":"WA","address":"2115 Westlake Ave.","name":""},
  {"lat":47.663504,"lon":-122.29983,"city":"Seattle","state":"WA","address":"2580 NE University Village Street","name":""},
  {"lat":47.458885,"lon":-122.257964,"city":"Seattle","state":"WA","address":"2600 Southcenter Mall","name":""},
  {"lat":47.829045,"lon":-122.26951,"city":"Lynnwood","state":"WA","address":"18800 Alderwood Mall Parkway","name":""},
  {"lat":47.677633,"lon":-122.2003,"city":"Kirkland","state":"WA","address":"300 Peter Kirk Lane","name":""},
  {"lat":47.616333,"lon":-122.201968,"city":"Bellevue","state":"WA","address":"503 Bellevue Way NE","name":""},
  {"lat":38.910888,"lon":-77.443251,"city":"Chantilly","state":"VA","address":"14390 Air and Space Museum Pkwy","name":""},
  {"lat":36.843035,"lon":-76.130689,"city":"Virginia Beach","state":"VA","address":"296 Constitution Drive","name":""},
  {"lat":38.921094,"lon":-77.235881,"city":"Vienna","state":"VA","address":"8361A Leesburg Pike","name":""},
  {"lat":37.659865,"lon":-77.634735,"city":"Short Pump","state":"VA","address":"12170 W Broad St","name":""},
  {"lat":37.587569,"lon":-77.499995,"city":"Richmond","state":"VA","address":"5400 West Broad Street","name":""},
  {"lat":38.958076,"lon":-77.358105,"city":"Reston","state":"VA","address":"11940 Democracy Dr","name":""},
  {"lat":37.10539,"lon":-76.494894,"city":"Newport News","state":"VA","address":"12103 Jefferson Ave","name":""},
  {"lat":37.51077,"lon":-77.612749,"city":"Midlothian","state":"VA","address":"1371 Huguenot Rd","name":""},
  {"lat":38.918254,"lon":-77.220902,"city":"McLean","state":"VA","address":"7924 Tysons Corner Center","name":""},
  {"lat":38.789572,"lon":-77.605726,"city":"Gainesville","state":"VA","address":"7900 Gateway Promenade Place","name":""},
  {"lat":38.85291,"lon":-77.32578,"city":"Fairfax","state":"VA","address":"11040 Main Street","name":""},
  {"lat":38.871724,"lon":-77.229289,"city":"Fairfax","state":"VA","address":"2911 District Ave","name":""},
  {"lat":38.863253,"lon":-77.05985,"city":"Arlington","state":"VA","address":"1100 S. Hayes Street","name":""},
  {"lat":38.880482,"lon":-77.110942,"city":"Arlington","state":"VA","address":"4201 Wilson Blvd","name":""},
  {"lat":40.551148,"lon":-111.891501,"city":"Sandy","state":"UT","address":"11020 S. State Street","name":""},
  {"lat":40.785405,"lon":-111.985301,"city":"Salt Lake City","state":"UT","address":"776 N Terminal Dr","name":""},
  {"lat":40.76857,"lon":-111.888535,"city":"Salt Lake City","state":"UT","address":"28 S State St","name":""},
  {"lat":40.740943,"lon":-111.827584,"city":"Salt Lake City","state":"UT","address":"1314 Foothill Dr","name":""},
  {"lat":40.508152,"lon":-111.996196,"city":"Riverton","state":"UT","address":"4415 W Tree Sparrow Dr.","name":""},
  {"lat":41.187534,"lon":-111.983781,"city":"Ogden","state":"UT","address":"4142 Riverdale Road","name":""},
  {"lat":40.63753,"lon":-111.88861,"city":"Murray","state":"UT","address":"6123 South State St.","name":""},
  {"lat":29.539481,"lon":-95.139779,"city":"Webster","state":"TX","address":"19677 Gulf Fwy","name":""},
  {"lat":30.164336,"lon":-95.456407,"city":"The Woodlands","state":"TX","address":"1201 Lake Woodlands Dr.","name":""},
  {"lat":29.596017,"lon":-95.619224,"city":"Sugar Land","state":"TX","address":"2515 Town Center Blvd N","name":""},
  {"lat":32.941719,"lon":-97.128745,"city":"Southlake","state":"TX","address":"125 Central Avenue","name":""},
  {"lat":29.825173,"lon":-97.987019,"city":"San Marcos","state":"TX","address":"4025 IH 35","name":""},
  {"lat":29.454708,"lon":-98.471664,"city":"San Antonio","state":"TX","address":"3003 Broadway Street","name":""},
  {"lat":29.517253,"lon":-98.499897,"city":"San Antonio","state":"TX","address":"7427 San Pedro Avenue","name":""},
  {"lat":30.521024,"lon":-97.690042,"city":"Round Rock","state":"TX","address":"1402 N Interstate Hwy 35","name":""},
  {"lat":33.027709,"lon":-96.796559,"city":"Plano","state":"TX","address":"5009 W Park Blvd.","name":""},
  {"lat":33.07984,"lon":-96.826505,"city":"Plano","state":"TX","address":"7401 Windrose Avenue","name":""},
  {"lat":33.214768,"lon":-96.637799,"city":"McKinney","state":"TX","address":"1727 N Central Expressway","name":""},
  {"lat":32.90244,"lon":-96.959877,"city":"Irving","state":"TX","address":"6781 N. MacArthur Boulevard","name":""},
  {"lat":29.759205,"lon":-95.363438,"city":"Houston","state":"TX","address":"702 Main Street","name":""},
  {"lat":29.715684,"lon":-95.417949,"city":"Houston","state":"TX","address":"6205 Kirby Drive","name":""},
  {"lat":29.757466,"lon":-95.354962,"city":"Houston","state":"TX","address":"Daikin Park, TX","name":""},
  {"lat":29.776884,"lon":-95.560128,"city":"Houston","state":"TX","address":"700 Town & Country Blvd","name":""},
  {"lat":29.785723,"lon":-95.706399,"city":"Houston","state":"TX","address":"19300 Katy Fwy","name":""},
  {"lat":32.692245,"lon":-97.026289,"city":"Grand Prairie","state":"TX","address":"1550 Mayfield Road","name":""},
  {"lat":32.727974,"lon":-97.360836,"city":"Fort Worth","state":"TX","address":"1601 S. University Drive","name":""},
  {"lat":32.78834,"lon":-97.347773,"city":"Fort Worth","state":"TX","address":"122 E. Exchange Ave","name":""},
  {"lat":32.868639,"lon":-96.77393,"city":"Dallas","state":"TX","address":"8687 N. Cenral Expwy.","name":""},
  {"lat":32.793435,"lon":-96.803133,"city":"Dallas","state":"TX","address":"2500 North Pearl St","name":""},
  {"lat":32.896111,"lon":-96.802258,"city":"Dallas","state":"TX","address":"6025 Royal Lane","name":""},
  {"lat":32.953466,"lon":-96.817892,"city":"Dallas","state":"TX","address":"5290 Belt Line Road","name":""},
  {"lat":32.899871,"lon":-97.037939,"city":"Dallas","state":"TX","address":"Dallas Fort Worth Airport Terminal C Near Gate C7","name":""},
  {"lat":32.852613,"lon":-96.769826,"city":"Dallas","state":"TX","address":"5500 Greenville Ave","name":""},
  {"lat":30.530434,"lon":-97.799679,"city":"Cedar Park","state":"TX","address":"1905 East Whitestone Blvd","name":""},
  {"lat":30.399047,"lon":-97.725843,"city":"Austin","state":"TX","address":"11228 Domain Drive","name":""},
  {"lat":30.25569,"lon":-97.763062,"city":"Austin","state":"TX","address":"1100 South Lamar Blvd","name":""},
  {"lat":36.18071,"lon":-86.78,"city":"Nashville","state":"TN","address":"2300 Bowline Avenue","name":""},
  {"lat":36.033234,"lon":-86.644917,"city":"Nashville","state":"TN","address":"4060 Cane Ridge Pkwy","name":""},
  {"lat":36.130534,"lon":-86.669178,"city":"Nashville","state":"TN","address":"BNA Airport 1 Terminal Dr","name":""},
  {"lat":36.102995,"lon":-86.816935,"city":"Nashville","state":"TN","address":"4031 Hillsboro Pike","name":""},
  {"lat":36.161124,"lon":-86.779191,"city":"Nashville","state":"TN","address":"5002 Broadway Place","name":""},
  {"lat":35.93626,"lon":-86.82637,"city":"Franklin","state":"TN","address":"5027 Aspen Grove Drive","name":""},
  {"lat":41.698019,"lon":-71.49623,"city":"Warwick","state":"RI","address":"989 Centerville Road","name":""},
  {"lat":41.828469,"lon":-71.400546,"city":"Providence","state":"RI","address":"249 Thayer Street","name":""},
  {"lat":41.764241,"lon":-71.458461,"city":"Cranston","state":"RI","address":"30 Hillside Road","name":""},
  {"lat":40.628387,"lon":-75.48349,"city":"Whitehall","state":"PA","address":"1457 MacArthur Road","name":""},
  {"lat":39.914857,"lon":-75.34295,"city":"Springfield","state":"PA","address":"950 Baltimore Pike","name":""},
  {"lat":40.114333,"lon":-75.284582,"city":"Plymouth Meeting","state":"PA","address":"500 West Germantown Pike","name":""},
  {"lat":40.544408,"lon":-80.00825,"city":"Pittsburgh","state":"PA","address":"1000 Ross Park Mall Drive, Room VC12A","name":""},
  {"lat":40.458918,"lon":-79.921826,"city":"Pittsburgh","state":"PA","address":"219 Shady Ave","name":""},
  {"lat":40.450531,"lon":-80.175849,"city":"Pittsburgh","state":"PA","address":"112 Andrew Dr","name":""},
  {"lat":40.450875,"lon":-79.986251,"city":"Pittsburgh","state":"PA","address":"1767 Smallman Street","name":""},
  {"lat":39.971899,"lon":-75.134098,"city":"Philadelphia","state":"PA","address":"1359 Frankford Ave","name":""},
  {"lat":39.971899,"lon":-75.134098,"city":"Philadelphia","state":"PA","address":"1359 Frankford Ave","name":""},
  {"lat":39.953918,"lon":-75.189045,"city":"Philadelphia","state":"PA","address":"3200 Chestnut Street","name":""},
  {"lat":39.951137,"lon":-75.17385,"city":"Philadelphia","state":"PA","address":"2000 Sansom Street","name":""},
  {"lat":39.950051,"lon":-75.16001,"city":"Philadelphia","state":"PA","address":"105 South 12th Street","name":""},
  {"lat":39.905038,"lon":-75.167051,"city":"Philadelphia","state":"PA","address":"Citizens Bank Park","name":""},
  {"lat":39.901419,"lon":-75.171907,"city":"Philadelphia","state":"PA","address":"3601 S Broad St","name":""},
  {"lat":40.237771,"lon":-75.24132,"city":"North Wales","state":"PA","address":"28 Airport Square","name":""},
  {"lat":40.060021,"lon":-76.337803,"city":"Lancaster","state":"PA","address":"1100 Christopher Pl","name":""},
  {"lat":40.088541,"lon":-75.390149,"city":"King of Prussia","state":"PA","address":"350 Mall Blvd","name":""},
  {"lat":40.090189,"lon":-75.39546,"city":"King of Prussia","state":"PA","address":"160 N. Gulph Road","name":""},
  {"lat":40.106863,"lon":-75.123108,"city":"Jenkintown","state":"PA","address":"901 Old York Rd","name":""},
  {"lat":40.007948,"lon":-75.288595,"city":"Ardmore","state":"PA","address":"40 Coulter Ave.","name":""},
  {"lat":45.395408,"lon":-122.75239,"city":"Tigard","state":"OR","address":"7439 SW Bridgeport Rd","name":""},
  {"lat":45.5227,"lon":-122.681473,"city":"Portland","state":"OR","address":"1016 W. Burnside Street","name":""},
  {"lat":45.493514,"lon":-122.900529,"city":"Hillsboro","state":"OR","address":"3651 SE Cornelius Pass Road","name":""},
  {"lat":45.501342,"lon":-122.805681,"city":"Beaverton","state":"OR","address":"2597 SW Cedar Hills Blvd","name":""},
  {"lat":35.522348,"lon":-97.548801,"city":"Oklahoma City","state":"OK","address":"2111 NW 50th St","name":""},
  {"lat":41.455701,"lon":-81.949295,"city":"Westlake","state":"OH","address":"2209 Crocker Road","name":""},
  {"lat":41.527708,"lon":-83.641743,"city":"Perrysburg","state":"OH","address":"4415 Levis Commons Boulevard","name":""},
  {"lat":41.453493,"lon":-81.486092,"city":"Orange Village","state":"OH","address":"311 Park Avenue","name":""},
  {"lat":39.308311,"lon":-84.315045,"city":"Mason","state":"OH","address":"5010 Deerfield Blvd","name":""},
  {"lat":39.370571,"lon":-84.370181,"city":"Liberty Township","state":"OH","address":"7669 Blake Street","name":""},
  {"lat":40.096587,"lon":-83.08988,"city":"Columbus","state":"OH","address":"3734 W. Dublin-Granville Road","name":""},
  {"lat":40.051908,"lon":-82.915731,"city":"Columbus","state":"OH","address":"4005 The Strand West","name":""},
  {"lat":39.977483,"lon":-83.003247,"city":"Columbus","state":"OH","address":"740 N. High Street","name":""},
  {"lat":41.410846,"lon":-81.838734,"city":"Cleveland","state":"OH","address":"Cleveland Hopkins International Airport Main Concourse between B and C Gates","name":""},
  {"lat":41.500325,"lon":-81.689156,"city":"Cleveland","state":"OH","address":"1965 East 6th Street","name":""},
  {"lat":39.12822,"lon":-84.51725,"city":"Cincinnati","state":"OH","address":"249 Calhoun Street","name":""},
  {"lat":40.964572,"lon":-73.856126,"city":"Yonkers","state":"NY","address":"160 Market Street","name":""},
  {"lat":40.927945,"lon":-73.854495,"city":"Yonkers","state":"NY","address":"8000 Mall Walk Space #2090","name":""},
  {"lat":41.032022,"lon":-73.761251,"city":"White Plains","state":"NY","address":"125 Westchester Ave","name":""},
  {"lat":43.050674,"lon":-76.071711,"city":"Syracuse","state":"NY","address":"3275 Erie Boulevard East","name":""},
  {"lat":40.742774,"lon":-73.918016,"city":"Sunnyside","state":"NY","address":"46-20 Queens Blvd","name":""},
  {"lat":40.643715,"lon":-74.075979,"city":"Staten Island","state":"NY","address":"35 Richmond Terrace","name":""},
  {"lat":40.581671,"lon":-74.167754,"city":"Staten Island","state":"NY","address":"2655 Richmond Ave","name":""},
  {"lat":40.5697,"lon":-74.109606,"city":"Staten Island","state":"NY","address":"2530 Hylan Blvd","name":""},
  {"lat":40.866906,"lon":-73.032854,"city":"Selden","state":"NY","address":"618 Middle Country Road","name":""},
  {"lat":43.072942,"lon":-73.772552,"city":"Saratoga Springs","state":"NY","address":"267 Union Avenue","name":""},
  {"lat":43.208074,"lon":-77.686167,"city":"Rochester","state":"NY","address":"2167 W Ridge Rd","name":""},
  {"lat":43.086732,"lon":-77.61809,"city":"Rochester","state":"NY","address":"245 Clay Road","name":""},
  {"lat":40.774225,"lon":-73.869493,"city":"Queens","state":"NY","address":"LaGuardia Airport Terminal B near Gate 42","name":""},
  {"lat":40.991911,"lon":-73.674646,"city":"Port Chester","state":"NY","address":"535 Boston Post Road","name":""},
  {"lat":40.62456,"lon":-73.639117,"city":"Oceanside","state":"NY","address":"3535 Long Beach Rd","name":""},
  {"lat":40.759376,"lon":-73.979973,"city":"New York City","state":"NY","address":"30 Rockefeller Plaza","name":""},
  {"lat":40.768553,"lon":-73.983187,"city":"New York City","state":"NY","address":"10 Columbus Cir","name":""},
  {"lat":40.751464,"lon":-73.9922,"city":"New York City","state":"NY","address":"1 Pennsylvania Plaza","name":""},
  {"lat":40.719347,"lon":-73.986687,"city":"New York City","state":"NY","address":"131 Rivington Street","name":""},
  {"lat":40.72925,"lon":-74.00546,"city":"New York City","state":"NY","address":"225 Varick Street","name":""},
  {"lat":40.752728,"lon":-73.977235,"city":"New York City","state":"NY","address":"89 E 42nd St, New York","name":""},
  {"lat":40.778902,"lon":-73.954979,"city":"New York City","state":"NY","address":"154 East 86th Street","name":""},
  {"lat":40.755163,"lon":-73.98525,"city":"New York City","state":"NY","address":"120 West 42nd St.; Suite-Retail C","name":""},
  {"lat":40.758405,"lon":-73.989173,"city":"New York City","state":"NY","address":"691 Eighth Avenue","name":""},
  {"lat":40.730311,"lon":-73.989496,"city":"New York City","state":"NY","address":"20 Third Avenue","name":""},
  {"lat":40.740876,"lon":-73.987981,"city":"New York City","state":"NY","address":"23rd Street and Madison Ave","name":""},
  {"lat":40.715265,"lon":-74.014874,"city":"New York City","state":"NY","address":"215 Murray Street","name":""},
  {"lat":40.739604,"lon":-74.008885,"city":"New York City","state":"NY","address":"820 Washington St","name":""},
  {"lat":40.807974,"lon":-73.964338,"city":"New York City","state":"NY","address":"2957 Broadway","name":""},
  {"lat":40.758539,"lon":-73.971115,"city":"New York City","state":"NY","address":"630 Lexington Avenue","name":""},
  {"lat":40.710527,"lon":-74.008994,"city":"New York City","state":"NY","address":"200 Broadway, Space LL2010","name":""},
  {"lat":40.751138,"lon":-73.988007,"city":"New York City","state":"NY","address":"1333 Broadway","name":""},
  {"lat":40.780874,"lon":-73.976556,"city":"New York City","state":"NY","address":"366 Columbus Avenue","name":""},
  {"lat":40.80677,"lon":-73.942457,"city":"New York City","state":"NY","address":"1 West 125th Street","name":""},
  {"lat":40.763518,"lon":-73.982346,"city":"New York City","state":"NY","address":"1700 Broadway","name":""},
  {"lat":40.75388,"lon":-74.000005,"city":"New York City","state":"NY","address":"500 W 33rd Street","name":""},
  {"lat":40.749324,"lon":-73.975909,"city":"New York City","state":"NY","address":"600 3rd Avenue","name":""},
  {"lat":40.642602,"lon":-73.783187,"city":"New York City","state":"NY","address":"John F. Kennedy International Airport, Terminal 4 / Gate B23 & B37","name":""},
  {"lat":40.642618,"lon":-73.783209,"city":"New York City","state":"NY","address":"John F. Kennedy International Airport, Terminal 4 / Gate B23 & B37","name":""},
  {"lat":42.427809,"lon":-73.805997,"city":"New Baltimore","state":"NY","address":"Milepost 127 South, NY State Thruway","name":""},
  {"lat":41.098253,"lon":-74.01604,"city":"Nanuet","state":"NY","address":"4A W Route 59","name":""},
  {"lat":40.800194,"lon":-73.412997,"city":"Melville","state":"NY","address":"849 Walt Whitman Road","name":""},
  {"lat":40.8691,"lon":-73.129302,"city":"Lake Grove","state":"NY","address":"2093 Smith Haven Plaza","name":""},
  {"lat":40.703606,"lon":-73.79834,"city":"Jamaica","state":"NY","address":"160-16 Jamaica Ave","name":""},
  {"lat":40.750018,"lon":-73.883935,"city":"Jackson Heights","state":"NY","address":"82-11 37th Ave","name":""},
  {"lat":41.030232,"lon":-73.789425,"city":"Hartsdale","state":"NY","address":"379 North Central Avenue","name":""},
  {"lat":40.744143,"lon":-73.606883,"city":"Garden City","state":"NY","address":"860 Old Country Rd","name":""},
  {"lat":40.719695,"lon":-73.843971,"city":"Forest Hills","state":"NY","address":"71-24 Austin Street","name":""},
  {"lat":40.758268,"lon":-73.845572,"city":"Flushing (Queens)","state":"NY","address":"12301 Roosevelt Ave","name":""},
  {"lat":40.734232,"lon":-73.870884,"city":"Elmhurst","state":"NY","address":"90-15 Queens Blvd","name":""},
  {"lat":42.972796,"lon":-77.173634,"city":"Clifton Springs","state":"NY","address":"New York State Thruway","name":""},
  {"lat":41.317284,"lon":-74.128538,"city":"Central Valley","state":"NY","address":"199 Niagara Lane","name":""},
  {"lat":40.680357,"lon":-73.952975,"city":"Brooklyn","state":"NY","address":"1190 Fulton street","name":""},
  {"lat":40.610406,"lon":-73.920836,"city":"Brooklyn","state":"NY","address":"5100 Kings Plaza","name":""},
  {"lat":40.703142,"lon":-73.993952,"city":"Brooklyn","state":"NY","address":"2 Water Street","name":""},
  {"lat":40.68263,"lon":-73.976685,"city":"Brooklyn","state":"NY","address":"170 Flatbush Avenue","name":""},
  {"lat":40.692123,"lon":-73.988607,"city":"Brooklyn","state":"NY","address":"409 Fulton Street","name":""},
  {"lat":40.717438,"lon":-73.960666,"city":"Brooklyn","state":"NY","address":"160 Berry Street","name":""},
  {"lat":40.867241,"lon":-73.830741,"city":"The Bronx","state":"NY","address":"344 Baychester Avenue","name":""},
  {"lat":40.87714,"lon":-73.905693,"city":"The Bronx","state":"NY","address":"5510 Broadway","name":""},
  {"lat":42.996039,"lon":-78.821909,"city":"Amherst","state":"NY","address":"1531 Niagara Falls Blvd Suite 300","name":""},
  {"lat":36.23995,"lon":-115.16698,"city":"North Las Vegas","state":"NV","address":"1830 W Craig Rd","name":""},
  {"lat":36.16218,"lon":-115.158438,"city":"Las Vegas","state":"NV","address":"905 South Grand Central Parkway","name":""},
  {"lat":36.101551,"lon":-115.173886,"city":"Las Vegas","state":"NV","address":"3790 Las Vegas Blvd South","name":""},
  {"lat":36.084897,"lon":-115.151804,"city":"Las Vegas","state":"NV","address":"McCarran International Airport","name":""},
  {"lat":36.10888,"lon":-115.175557,"city":"Las Vegas","state":"NV","address":"3790 S Las Vegas Blvd","name":""},
  {"lat":36.055035,"lon":-115.282151,"city":"Las Vegas","state":"NV","address":"8745 W Warm Springs Rd","name":""},
  {"lat":36.055035,"lon":-115.282151,"city":"Las Vegas","state":"NV","address":"8745 W Warm Springs Rd","name":""},
  {"lat":36.151512,"lon":-115.332789,"city":"Las Vegas","state":"NV","address":"10975 Oval Park Drive","name":""},
  {"lat":36.020957,"lon":-115.087652,"city":"Henderson","state":"NV","address":"2225 Village Walk Drive","name":""},
  {"lat":35.803329,"lon":-78.721802,"city":"Raleigh","state":"NC","address":"1400 Edwards Mill Rd","name":""},
  {"lat":40.88762,"lon":-74.254462,"city":"Wayne","state":"NJ","address":"96 Willowbrook Blvd","name":""},
  {"lat":40.198683,"lon":-74.099147,"city":"Wall Township","state":"NJ","address":"Monmouth Travel Plaza Garden","name":""},
  {"lat":40.698926,"lon":-74.252531,"city":"Union","state":"NJ","address":"1 Vauxhall Rd","name":""},
  {"lat":40.786109,"lon":-74.04624,"city":"Secaucus","state":"NJ","address":"700 Plaza Drive","name":""},
  {"lat":40.874484,"lon":-74.431131,"city":"Parsippany","state":"NJ","address":"70 Waterview Blvd","name":""},
  {"lat":40.9535,"lon":-74.073559,"city":"Paramus","state":"NJ","address":"479 Route 17 South","name":""},
  {"lat":40.917162,"lon":-74.075367,"city":"Paramus","state":"NJ","address":"1 Garden State Plaza","name":""},
  {"lat":40.415964,"lon":-74.305085,"city":"Old Bridge","state":"NJ","address":"2010 HWY 9","name":""},
  {"lat":40.415964,"lon":-74.305085,"city":"Old Bridge","state":"NJ","address":"2010 HWY 9","name":""},
  {"lat":40.439345,"lon":-74.505004,"city":"North Brunswick Township","state":"NJ","address":"240 Grand Ave","name":""},
  {"lat":40.6877,"lon":-74.182363,"city":"Newark","state":"NJ","address":"3 Brewster st","name":""},
  {"lat":40.402002,"lon":-74.122597,"city":"Middletown Township","state":"NJ","address":"1449 NJ-35","name":""},
  {"lat":39.895457,"lon":-74.930148,"city":"Marlton","state":"NJ","address":"321 Route 70 West","name":""},
  {"lat":40.798165,"lon":-74.340716,"city":"Livingston","state":"NJ","address":"280 Eisenhower Parkway","name":""},
  {"lat":40.293286,"lon":-74.684862,"city":"Lawrence Township","state":"NJ","address":"3303 Brunswick Pike","name":""},
  {"lat":40.71919,"lon":-74.042904,"city":"Jersey City","state":"NJ","address":"318 Grove Street","name":""},
  {"lat":40.726841,"lon":-74.037993,"city":"Jersey City","state":"NJ","address":"30 Mall Dr West","name":""},
  {"lat":40.737913,"lon":-74.030579,"city":"Hoboken","state":"NJ","address":"111 Washington St Suite 101","name":""},
  {"lat":40.280802,"lon":-74.293258,"city":"Freehold","state":"NJ","address":"4331 Route 9","name":""},
  {"lat":40.544845,"lon":-74.332445,"city":"Edison","state":"NJ","address":"1521A US Route One","name":""},
  {"lat":40.289677,"lon":-74.052178,"city":"Eatontown","state":"NJ","address":"180 New Jersey 35 S","name":""},
  {"lat":39.928272,"lon":-75.032958,"city":"Cherry Hill","state":"NJ","address":"795 Haddonfield Road","name":""},
  {"lat":40.582978,"lon":-74.614949,"city":"Bridgewater","state":"NJ","address":"610 Commons Way","name":""},
  {"lat":40.060476,"lon":-74.142484,"city":"Brick","state":"NJ","address":"614B Route 70","name":""},
  {"lat":42.770957,"lon":-71.224642,"city":"Salem","state":"NH","address":"100 Via Toscana","name":""},
  {"lat":41.163052,"lon":-74.191189,"city":"Sloatsburg","state":"NY","address":"Milepost 33 Southbound","name":""},
  {"lat":39.885909,"lon":-75.002616,"city":"Cherry Hll","state":"NJ","address":"700 New Jersey Turnpike","name":""},
  {"lat":40.417572,"lon":-74.44455,"city":"East Brunswick","state":"NJ","address":"8n NJ Tpke","name":""},
  {"lat":35.790047,"lon":-78.660261,"city":"Raleigh","state":"NC","address":"2010 Clark Avenue","name":""},
  {"lat":35.443132,"lon":-80.882878,"city":"Huntersville","state":"NC","address":"16633 Birkdale Commons Parkway","name":""},
  {"lat":35.034294,"lon":-80.806331,"city":"Charlotte","state":"NC","address":"9824 Rea Road","name":""},
  {"lat":35.211087,"lon":-80.861049,"city":"Charlotte","state":"NC","address":"1930 Camden Rd.","name":""},
  {"lat":35.221143,"lon":-80.941028,"city":"Charlotte","state":"NC","address":"5501 Josh Birmingham Pkwy","name":""},
  {"lat":35.168334,"lon":-80.969752,"city":"Charlotte","state":"NC","address":"5404 New Fashion Way","name":""},
  {"lat":35.172765,"lon":-80.849325,"city":"Charlotte","state":"NC","address":"1605 East Woodlawn Road","name":""},
  {"lat":35.935485,"lon":-79.026385,"city":"Chapel Hill","state":"NC","address":"1800 East Franklin Street","name":""},
  {"lat":35.738675,"lon":-78.777704,"city":"Cary","state":"NC","address":"310 Colonades Way","name":""},
  {"lat":38.554634,"lon":-90.408027,"city":"St. Louis","state":"MO","address":"10752 Sunset Hills Plaza","name":""},
  {"lat":38.627092,"lon":-90.202858,"city":"St. Louis","state":"MO","address":"1401 Clark Ave","name":""},
  {"lat":38.641427,"lon":-90.261821,"city":"St. Louis","state":"MO","address":"60 North Euclid","name":""},
  {"lat":38.602196,"lon":-90.46487,"city":"St. Louis","state":"MO","address":"13239 Manchester Rd","name":""},
  {"lat":38.65405,"lon":-90.353471,"city":"St. Louis","state":"MO","address":"8885 Ladue Road","name":""},
  {"lat":38.927504,"lon":-94.413266,"city":"Lee's Summit","state":"MO","address":"2051 NW Lowenstein Drive","name":""},
  {"lat":39.042115,"lon":-94.590467,"city":"Kansas City","state":"MO","address":"239 West 47th Street","name":""},
  {"lat":38.667861,"lon":-90.602692,"city":"Chesterfield","state":"MO","address":"17312 Chesterfield Airport Road","name":""},
  {"lat":44.882222,"lon":-93.205616,"city":"St. Paul","state":"MN","address":"4300 Glumack Drive","name":""},
  {"lat":45.014414,"lon":-93.16892,"city":"Roseville","state":"MN","address":"1630 County Road B2 W","name":""},
  {"lat":44.88321,"lon":-93.328385,"city":"Minneapolis","state":"MN","address":"6603 France Ave S","name":""},
  {"lat":45.093663,"lon":-93.437942,"city":"Maple Grove","state":"MN","address":"12351 Elm Creek Boulevard N.","name":""},
  {"lat":44.855452,"lon":-93.242645,"city":"Bloomington","state":"MN","address":"332 North Garden","name":""},
  {"lat":42.56237,"lon":-83.164607,"city":"Troy","state":"MI","address":"850 West Big Beaver Road","name":""},
  {"lat":42.562711,"lon":-83.184064,"city":"Troy","state":"MI","address":"2800 W Big Beaver Rd","name":""},
  {"lat":42.626319,"lon":-82.988628,"city":"Sterling Heights","state":"MI","address":"13883 Lakeside Circle","name":""},
  {"lat":42.681612,"lon":-83.193947,"city":"Rochester Hills","state":"MI","address":"66 N Adams Rd","name":""},
  {"lat":42.483781,"lon":-83.47418,"city":"Novi","state":"MI","address":"43335 Crescent Blvd","name":""},
  {"lat":42.425414,"lon":-83.432246,"city":"Livonia","state":"MI","address":"39300 7 Mile","name":""},
  {"lat":42.331186,"lon":-83.045661,"city":"Detroit","state":"MI","address":"660 Woodward Avenue","name":""},
  {"lat":42.257016,"lon":-83.698906,"city":"Ann Arbor","state":"MI","address":"3030 Washtenaw Ave","name":""},
  {"lat":39.401562,"lon":-76.601771,"city":"Towson","state":"MD","address":"1 East Joppa Road","name":""},
  {"lat":39.041231,"lon":-77.158807,"city":"Potomac","state":"MD","address":"7997 Tuckerman Lane","name":""},
  {"lat":39.388132,"lon":-76.736087,"city":"Pikesville","state":"MD","address":"1809 Reisterstown Rd","name":""},
  {"lat":38.795335,"lon":-77.009032,"city":"Oxon Hill","state":"MD","address":"101 MGM National Avenue","name":""},
  {"lat":39.122971,"lon":-77.233649,"city":"Gaithersburg","state":"MD","address":"150 Kentlands Place","name":""},
  {"lat":39.215704,"lon":-76.861481,"city":"Columbia","state":"MD","address":"10300 Little Patuxent Pkwy","name":""},
  {"lat":38.981115,"lon":-76.938696,"city":"College Park","state":"MD","address":"4394 Knox Rd","name":""},
  {"lat":39.024138,"lon":-77.146,"city":"Bethesda","state":"MD","address":"7101 Democracy Blvd","name":""},
  {"lat":39.27773,"lon":-76.562131,"city":"Baltimore","state":"MD","address":"3902 Boston Street","name":""},
  {"lat":39.286987,"lon":-76.609182,"city":"Baltimore","state":"MD","address":"400 E Pratt Street","name":""},
  {"lat":42.038024,"lon":-71.349429,"city":"Wrentham","state":"MA","address":"One Premium Outlets Boulevard","name":""},
  {"lat":42.504304,"lon":-71.132111,"city":"Woburn","state":"MA","address":"300 Mishawum Rd","name":""},
  {"lat":42.295715,"lon":-71.298023,"city":"Wellesley","state":"MA","address":"74 Central Street","name":""},
  {"lat":42.361663,"lon":-71.158487,"city":"Watertown","state":"MA","address":"106 Arsenal Yards Boulevard","name":""},
  {"lat":42.392976,"lon":-71.07857,"city":"Somerville","state":"MA","address":"355 Assembly Row","name":""},
  {"lat":42.180851,"lon":-70.908026,"city":"Hingham","state":"MA","address":"100 Derby Street","name":""},
  {"lat":42.394347,"lon":-71.070958,"city":"Everett","state":"MA","address":"1 Broadway","name":""},
  {"lat":42.231314,"lon":-71.176577,"city":"Dedham","state":"MA","address":"226 Legacy Place","name":""},
  {"lat":42.322614,"lon":-71.169684,"city":"Chestnut Hill","state":"MA","address":"49 Boylston Street #4900","name":""},
  {"lat":42.37224,"lon":-71.120976,"city":"Cambridge","state":"MA","address":"92 Winthrop Street","name":""},
  {"lat":42.48229,"lon":-71.213544,"city":"Burlington","state":"MA","address":"75 Middlesex Turnpike","name":""},
  {"lat":42.352059,"lon":-71.046569,"city":"Boston","state":"MA","address":"77 Seaport Blvd.","name":""},
  {"lat":42.348472,"lon":-71.082636,"city":"Boston","state":"MA","address":"800 Boylston Street","name":""},
  {"lat":42.35678,"lon":-71.058625,"city":"Boston","state":"MA","address":"322 Washington Street","name":""},
  {"lat":42.349631,"lon":-71.08164,"city":"Boston","state":"MA","address":"234-236 Newbury St.","name":""},
  {"lat":41.669696,"lon":-70.296172,"city":"Barnstable","state":"MA","address":"790 Iyannough Rd","name":""},
  {"lat":29.951181,"lon":-90.065115,"city":"New Orleans","state":"LA","address":"333 Canal Street","name":""},
  {"lat":30.00408,"lon":-90.159776,"city":"Metairie","state":"LA","address":"3501 Veterans Memorial","name":""},
  {"lat":29.998756,"lon":-90.256028,"city":"Kenner","state":"LA","address":"Louis Armstrong New Orleans International Airport Level 2 Departures","name":""},
  {"lat":30.389996,"lon":-91.091604,"city":"Baton Rouge","state":"LA","address":"6651 Bluebonnet Blvd","name":""},
  {"lat":37.977669,"lon":-84.527654,"city":"Lexington","state":"KY","address":"115 Summit at Fritz Farm","name":""},
  {"lat":39.01317,"lon":-94.688392,"city":"Merriam","state":"KS","address":"8811 Shawnee Mission Pkwy","name":""},
  {"lat":38.913517,"lon":-94.646205,"city":"Leawood","state":"KS","address":"5200 W. 119th Street","name":""},
  {"lat":39.953948,"lon":-86.243989,"city":"Zionsville","state":"IN","address":"11585 Sylo Crossing","name":""},
  {"lat":39.771041,"lon":-86.154688,"city":"Indianapolis","state":"IN","address":"167 New York Street","name":""},
  {"lat":39.91462,"lon":-86.11124,"city":"Indianapolis","state":"IN","address":"8702 Keystone Crossing","name":""},
  {"lat":39.956393,"lon":-86.001912,"city":"Fishers","state":"IN","address":"9701 E 116th St.","name":""},
  {"lat":42.241069,"lon":-87.941714,"city":"Vernon Hills","state":"IL","address":"864 E. Townline Road","name":""},
  {"lat":42.059052,"lon":-87.749409,"city":"Skokie","state":"IL","address":"4999 Old Orchard Center","name":""},
  {"lat":42.051193,"lon":-88.03846,"city":"Schaumburg","state":"IL","address":"1765 E. Golf Road","name":""},
  {"lat":41.720035,"lon":-87.72438,"city":"Oak Lawn","state":"IL","address":"4071 W. 95th Street","name":""},
  {"lat":41.852031,"lon":-87.948887,"city":"Oak Brook","state":"IL","address":"1950 Spring Road","name":""},
  {"lat":41.764988,"lon":-88.205781,"city":"Naperville","state":"IL","address":"404 S. Route 59","name":""},
  {"lat":42.163016,"lon":-87.843209,"city":"Deerfield","state":"IL","address":"560 Waukegan Road","name":""},
  {"lat":41.946196,"lon":-87.655459,"city":"Chicago","state":"IL","address":"3519 North Clark St, Suite C105","name":""},
  {"lat":41.878205,"lon":-87.63564,"city":"Chicago","state":"IL","address":"316 W. Jackson Blvd","name":""},
  {"lat":41.892647,"lon":-87.62557,"city":"Chicago","state":"IL","address":"66 East Ohio Street","name":""},
  {"lat":41.881643,"lon":-87.625001,"city":"Chicago","state":"IL","address":"12 S Michigan Ave.","name":""},
  {"lat":41.930118,"lon":-87.686712,"city":"Chicago","state":"IL","address":"2300 W Logan Blvd","name":""},
  {"lat":41.885411,"lon":-87.651979,"city":"Chicago","state":"IL","address":"185 N. Morgan","name":""},
  {"lat":41.940483,"lon":-88.110719,"city":"Bloomingdale","state":"IL","address":"291 Springfield Drive","name":""},
  {"lat":33.889148,"lon":-84.46914,"city":"Atlanta","state":"GA","address":"455 Legends Pl","name":""},
  {"lat":33.785278,"lon":-84.412053,"city":"Atlanta","state":"GA","address":"1168 Howell Mill Road","name":""},
  {"lat":33.753516,"lon":-84.365573,"city":"Atlanta","state":"GA","address":"670 Dekalb Ave NE Suite 103","name":""},
  {"lat":33.837601,"lon":-84.380981,"city":"Atlanta","state":"GA","address":"3035 Peachtree Road NE","name":""},
  {"lat":33.846726,"lon":-84.36242,"city":"Atlanta","state":"GA","address":"3393 Peachtree Road NE","name":""},
  {"lat":33.783893,"lon":-84.3786,"city":"Atlanta","state":"GA","address":"1071 Piedmont Ave NE","name":""},
  {"lat":33.922812,"lon":-84.341504,"city":"Atlanta","state":"GA","address":"4400 Ashford Dunwoody Rd","name":""},
  {"lat":33.642992,"lon":-84.439304,"city":"Atlanta","state":"GA","address":"Concourse A near Gate A28","name":""},
  {"lat":34.070175,"lon":-84.294256,"city":"Alpharetta","state":"GA","address":"11780 Haynes Bridge Rd","name":""},
  {"lat":28.598014,"lon":-81.365713,"city":"Winter Park","state":"FL","address":"119 N. Orlando Avenue","name":""},
  {"lat":27.964671,"lon":-82.520641,"city":"Tampa","state":"FL","address":"2223 N Westshore Blvd","name":""},
  {"lat":27.95243,"lon":-82.503134,"city":"Tampa","state":"FL","address":"1011 Gramercy Lane","name":""},
  {"lat":26.154869,"lon":-80.322486,"city":"Sunrise","state":"FL","address":"2606 Sawgrass Mills Circle","name":""},
  {"lat":27.385696,"lon":-82.455776,"city":"Sarasota","state":"FL","address":"190 N Cattlemen Road","name":""},
  {"lat":26.845118,"lon":-80.084099,"city":"Palm Beach Gardens","state":"FL","address":"3101 PGA Boulevard","name":""},
  {"lat":28.553726,"lon":-81.346179,"city":"Orlando","state":"FL","address":"3011 E Colonial Dr","name":""},
  {"lat":28.555046,"lon":-81.204588,"city":"Orlando","state":"FL","address":"715 N Alafaya Trail","name":""},
  {"lat":28.444023,"lon":-81.47008,"city":"Orlando","state":"FL","address":"8359 International Drive","name":""},
  {"lat":28.394829,"lon":-81.48465,"city":"Orlando","state":"FL","address":"11637 Daryl Carter Parkway","name":""},
  {"lat":28.38795,"lon":-81.49041,"city":"Orlando","state":"FL","address":"8200 Vineland Avenue","name":""},
  {"lat":28.446889,"lon":-81.395128,"city":"Orlando","state":"FL","address":"8001 Orange Blossom Trail","name":""},
  {"lat":28.486741,"lon":-81.428596,"city":"Orlando","state":"FL","address":"4068 Conroy Road","name":""},
  {"lat":25.790911,"lon":-80.140205,"city":"Miami","state":"FL","address":"1111 Lincoln Road","name":""},
  {"lat":25.690388,"lon":-80.314092,"city":"Miami","state":"FL","address":"7535 N. Kendall Drive","name":""},
  {"lat":25.644003,"lon":-80.335541,"city":"Miami","state":"FL","address":"8810 SW 136th Street","name":""},
  {"lat":25.76505,"lon":-80.192941,"city":"Miami","state":"FL","address":"901 South Miami Ave","name":""},
  {"lat":28.194366,"lon":-82.393195,"city":"Lutz","state":"FL","address":"25600 Sierra Center Blvd","name":""},
  {"lat":30.258628,"lon":-81.388253,"city":"Jacksonville Beach","state":"FL","address":"3956 3rd St S","name":""},
  {"lat":30.258368,"lon":-81.526688,"city":"Jacksonville","state":"FL","address":"10281 Midtown Parkway","name":""},
  {"lat":26.155515,"lon":-80.117603,"city":"Ft Lauderdale","state":"FL","address":"2400 N Federal Hwy","name":""},
  {"lat":26.073313,"lon":-80.143574,"city":"Fort Lauderdale","state":"FL","address":"Fort Lauderdale-Hollywood International Airport, Gate D9","name":""},
  {"lat":25.710067,"lon":-80.281998,"city":"Coral Gables","state":"FL","address":"1450 S. Dixie Highway","name":""},
  {"lat":26.365177,"lon":-80.133027,"city":"Boca Raton","state":"FL","address":"6000 Glades Rd.","name":""},
  {"lat":26.36539,"lon":-80.109822,"city":"Boca Raton","state":"FL","address":"1400 Glades Road","name":""},
  {"lat":25.957488,"lon":-80.142905,"city":"Aventura","state":"FL","address":"19565 Biscayne Blvd","name":""},
  {"lat":39.67242,"lon":-75.649516,"city":"New Castle","state":"DE","address":"2120 Fashion Center Blvd","name":""},
  {"lat":38.908942,"lon":-77.032275,"city":"Washington","state":"DC","address":"1400 14th Street NW","name":""},
  {"lat":38.876652,"lon":-77.007101,"city":"Washington","state":"DC","address":"54 M Street","name":""},
  {"lat":38.896915,"lon":-77.023431,"city":"Washington","state":"DC","address":"800 F Street","name":""},
  {"lat":38.880345,"lon":-77.026451,"city":"Washington","state":"DC","address":"975 Wharf St. SW","name":""},
  {"lat":38.906316,"lon":-77.041855,"city":"Washington","state":"DC","address":"1216 18th Street","name":""},
  {"lat":38.897944,"lon":-77.004963,"city":"Washington","state":"DC","address":"50 Massachusetts Ave, NE","name":""},
  {"lat":38.873942,"lon":-77.006196,"city":"Washington","state":"DC","address":"1500 South Capitol Street, SE","name":""},
  {"lat":41.138678,"lon":-73.299248,"city":"Westport","state":"CT","address":"1849 Post Rd E","name":""},
  {"lat":41.726905,"lon":-72.756853,"city":"West Hartford","state":"CT","address":"1445 New Britian Avenue, Suite 1385","name":""},
  {"lat":41.07323,"lon":-73.549127,"city":"Stamford","state":"CT","address":"64 High Ridge Road","name":""},
  {"lat":41.814251,"lon":-72.556419,"city":"South Windsor","state":"CT","address":"601 Evergreen Way","name":""},
  {"lat":41.657266,"lon":-72.725808,"city":"Newington","state":"CT","address":"3329 Berlin Turnpike","name":""},
  {"lat":41.30674,"lon":-72.92857,"city":"New Haven","state":"CT","address":"986 Chapel Street","name":""},
  {"lat":41.070226,"lon":-73.476282,"city":"Darien","state":"CT","address":"1340 Boston Post Road","name":""},
  {"lat":41.378969,"lon":-73.477683,"city":"Danbury","state":"CT","address":"7 Backus Ave.","name":""},
  {"lat":41.560977,"lon":-72.900407,"city":"Cheshire","state":"CT","address":"2053 Highland Ave","name":""},
  {"lat":39.562384,"lon":-104.874897,"city":"Lone Tree","state":"CO","address":"8515 Park Meadows Center Drive","name":""},
  {"lat":39.554631,"lon":-105.007619,"city":"Highlands Ranch","state":"CO","address":"1509 Park Central Drive, Suite 100","name":""},
  {"lat":39.595577,"lon":-104.896227,"city":"Greenwood Village","state":"CO","address":"7979 East Arapahoe Rd","name":""},
  {"lat":39.76235,"lon":-104.980917,"city":"Denver","state":"CO","address":"2995 Larimer Street","name":""},
  {"lat":39.747894,"lon":-105.057705,"city":"Denver","state":"CO","address":"5507 W. 20th Avenue","name":""},
  {"lat":39.72081,"lon":-104.957823,"city":"Denver","state":"CO","address":"260 North Josephine","name":""},
  {"lat":39.762485,"lon":-104.980777,"city":"Denver","state":"CO","address":"Denver International Airport Concourse B","name":""},
  {"lat":38.991169,"lon":-104.803672,"city":"Colorado Springs","state":"CO","address":"9723 Federal Dr","name":""},
  {"lat":39.423936,"lon":-104.878658,"city":"Castle Rock","state":"CO","address":"6489 Promenade Parkway","name":""},
  {"lat":40.016701,"lon":-105.255823,"city":"Boulder","state":"CO","address":"1680 29th St., #1288","name":""},
  {"lat":37.897527,"lon":-122.061691,"city":"Walnut Creek","state":"CA","address":"1604 Mt Diablo Blvd.","name":""},
  {"lat":33.831034,"lon":-118.349756,"city":"Torrance","state":"CA","address":"3525 W Carson St","name":""},
  {"lat":34.158818,"lon":-118.819942,"city":"Thousand Oaks","state":"CA","address":"120 Promenade Way","name":""},
  {"lat":34.14574,"lon":-118.41644,"city":"Studio City","state":"CA","address":"13009 Ventura Boulevard","name":""},
  {"lat":38.445407,"lon":-122.686059,"city":"Santa Rosa","state":"CA","address":"2424 Magowan Dr.","name":""},
  {"lat":34.020234,"lon":-118.497459,"city":"Santa Monica","state":"CA","address":"501 Wilshire Blvd","name":""},
  {"lat":37.324535,"lon":-121.947081,"city":"Santa Clara","state":"CA","address":"2855 Stevens Creek Boulevard, Suite 1748","name":""},
  {"lat":37.537876,"lon":-122.300907,"city":"San Mateo","state":"CA","address":"33 Hillsdale Shopping Center","name":""},
  {"lat":37.29498,"lon":-121.931283,"city":"San Jose","state":"CA","address":"1554 S Bascom Ave","name":""},
  {"lat":37.292522,"lon":-121.99057,"city":"San Jose","state":"CA","address":"1640 Saratoga Avenue","name":""},
  {"lat":37.251732,"lon":-121.861402,"city":"San Jose","state":"CA","address":"925 Blossom Hill Road","name":""},
  {"lat":37.728935,"lon":-122.476829,"city":"San Francisco","state":"CA","address":"3251 20th Ave.","name":""},
  {"lat":37.797903,"lon":-122.435355,"city":"San Francisco","state":"CA","address":"3060 Fillmore Street","name":""},
  {"lat":32.951832,"lon":-117.235766,"city":"San Diego","state":"CA","address":"3705 Paseo Place, Suite 1140","name":""},
  {"lat":32.725654,"lon":-117.169373,"city":"San Diego","state":"CA","address":"2008 India Street","name":""},
  {"lat":32.871772,"lon":-117.213068,"city":"San Diego","state":"CA","address":"4309 La Jolla Village Drive","name":""},
  {"lat":32.76647,"lon":-117.158598,"city":"San Diego","state":"CA","address":"675 Camino De La Reina","name":""},
  {"lat":38.568527,"lon":-121.48699,"city":"Sacramento","state":"CA","address":"1710 R Street","name":""},
  {"lat":38.774156,"lon":-121.268982,"city":"Roseville","state":"CA","address":"1151 Galleria Blvd","name":""},
  {"lat":34.059185,"lon":-117.18224,"city":"Redlands","state":"CA","address":"402 N Orange Street","name":""},
  {"lat":34.112226,"lon":-117.533609,"city":"Rancho Cucamonga","state":"CA","address":"12456 North Mainstreet","name":""},
  {"lat":34.132749,"lon":-118.14708,"city":"Pasadena","state":"CA","address":"750 S Arroyo Pkwy","name":""},
  {"lat":37.444288,"lon":-122.17108,"city":"Palo Alto","state":"CA","address":"180 El Camino Real","name":""},
  {"lat":33.719483,"lon":-116.387437,"city":"Palm Desert","state":"CA","address":"73-199 El Paseo","name":""},
  {"lat":34.240844,"lon":-119.17927,"city":"Oxnard","state":"CA","address":"711 Town Center Drive","name":""},
  {"lat":32.656212,"lon":-117.065801,"city":"National City","state":"CA","address":"3030 Plaza Bonita Road","name":""},
  {"lat":33.977949,"lon":-118.438098,"city":"Los Angeles","state":"CA","address":"4786 Admiralty Way","name":""},
  {"lat":34.059003,"lon":-118.418866,"city":"Los Angeles","state":"CA","address":"10250 Santa Monica Blvd","name":""},
  {"lat":34.088563,"lon":-118.377376,"city":"Los Angeles","state":"CA","address":"8520 Santa Monica Blvd","name":""},
  {"lat":34.102001,"lon":-118.324049,"city":"Los Angeles","state":"CA","address":"6201 Hollywood Blvd Suite 104","name":""},
  {"lat":34.044655,"lon":-118.255823,"city":"Los Angeles","state":"CA","address":"400 W. 8th Street","name":""},
  {"lat":33.858679,"lon":-118.311037,"city":"Los Angeles","state":"CA","address":"1875 W. 190th Street","name":""},
  {"lat":34.187765,"lon":-118.606093,"city":"Los Angeles","state":"CA","address":"6443 Topanga Canyon Blvd","name":""},
  {"lat":33.756122,"lon":-118.10937,"city":"Long Beach","state":"CA","address":"6440 E Pacific Coast Hwy","name":""},
  {"lat":37.948137,"lon":-122.509405,"city":"Larkspur","state":"CA","address":"1401 Larkspur Landing Circle","name":""},
  {"lat":33.725456,"lon":-117.789496,"city":"Irvine","state":"CA","address":"13656 Jamboree Rd","name":""},
  {"lat":33.652597,"lon":-117.746747,"city":"Irvine","state":"CA","address":"512 Spectrum Center Drive","name":""},
  {"lat":33.670598,"lon":-117.953406,"city":"Huntington Beach","state":"CA","address":"20100 Brookhurst St.","name":""},
  {"lat":34.142944,"lon":-118.254627,"city":"Glendale","state":"CA","address":"252 S. Brand Blvd","name":""},
  {"lat":38.647532,"lon":-121.117958,"city":"Folsom","state":"CA","address":"210 Palladio Parkway","name":""},
  {"lat":34.161475,"lon":-118.512822,"city":"Encino","state":"CA","address":"17401 Ventura Blvd","name":""},
  {"lat":37.833551,"lon":-122.291973,"city":"Emeryville","state":"CA","address":"5614 Bay St Suite 240","name":""},
  {"lat":33.902121,"lon":-118.385971,"city":"El Segundo","state":"CA","address":"2171 Rosecrans Ave","name":""},
  {"lat":33.939717,"lon":-118.133184,"city":"Downey","state":"CA","address":"8300 Firestone Blvd","name":""},
  {"lat":33.985431,"lon":-118.393318,"city":"Culver City","state":"CA","address":"6000 Sepulveda Blvd.","name":""},
  {"lat":33.632054,"lon":-117.91443,"city":"Costa Mesa","state":"CA","address":"329 East 17th Street","name":""},
  {"lat":33.083032,"lon":-117.266923,"city":"Carlsbad","state":"CA","address":"7740 El Camino Real","name":""},
  {"lat":34.182103,"lon":-118.309589,"city":"Burbank","state":"CA","address":"200 N. San Fernando Blvd.","name":""},
  {"lat":33.917197,"lon":-117.900341,"city":"Brea","state":"CA","address":"103 W Imperial Hwy Ste C","name":""},
  {"lat":34.069896,"lon":-118.405653,"city":"Beverly Hills","state":"CA","address":"9601 S. Santa Monica Boulevard","name":""},
  {"lat":39.278245,"lon":-76.621678,"city":"M&T Bank Stadium, Baltimore","state":"MD","address":"M&T Bank Stadium","name":""},
  {"lat":33.610138,"lon":-112.413345,"city":"Surprise","state":"AZ","address":"16470 W Waddell Rd","name":""},
  {"lat":33.565596,"lon":-111.888571,"city":"Scottsdale","state":"AZ","address":"8810 N. 90th Street","name":""},
  {"lat":33.623938,"lon":-111.928536,"city":"Scottsdale","state":"AZ","address":"15030 N. Scottsdale Rd.","name":""},
  {"lat":33.50327,"lon":-111.927221,"city":"Scottsdale","state":"AZ","address":"7014 E. Camelback Road, Space B116","name":""},
  {"lat":33.510336,"lon":-112.072601,"city":"Phoenix","state":"AZ","address":"100 E. Camelback Road, Suite 100","name":""},
  {"lat":33.434579,"lon":-112.010746,"city":"Phoenix","state":"AZ","address":"Phoenix Sky Harbor International Airport Terminal 3 near Gate F7","name":""},
  {"lat":33.46486,"lon":-112.26997,"city":"Phoenix","state":"AZ","address":"9778 W McDowell Rd","name":""},
  {"lat":33.469001,"lon":-112.38395,"city":"Goodyear","state":"AZ","address":"1675 N Globe Dr","name":""},
  {"lat":33.307232,"lon":-111.746421,"city":"Gilbert","state":"AZ","address":"2024 E Williams Field Road","name":""},
  {"lat":33.448734,"lon":-86.731775,"city":"Birmingham","state":"AL","address":"200 Summit Blvd Suite 100","name":""}]}