{"key":"sheetz","displayName":"Sheetz","category":"gas_station","useLocationName":false,"locations":[
  {"lat":39.6781,"lon":-78.7367,"city":"Cumberland","state":"MD","address":"2045 BEDFORD ST","name":""},
  {"lat":39.7,"lon":-78.1842,"city":"Hancock","state":"MD","address":"192 W MAIN ST","name":""},
  {"lat":39.5942,"lon":-78.8306,"city":"Cresaptown","state":"MD","address":"14606 MCMULLEN HWY SW","name":""},
  {"lat":39.65,"lon":-78.77,"city":"Cumberland","state":"MD","address":"210 GREENE ST","name":""},
  {"lat":39.65,"lon":-78.9114,"city":"Frostburg","state":"MD","address":"10601 NEW GEORGES CREEK RD SW","name":""},
  {"lat":39.6003,"lon":-77.8186,"city":"Williamsport","state":"MD","address":"38 E POTOMAC ST","name":""},
  {"lat":39.6339,"lon":-78.7644,"city":"Cumberland","state":"MD","address":"429 VIRGINIA AVE","name":""},
  {"lat":39.648,"lon":-77.1561,"city":"Taneytown","state":"MD","address":"40 ANTRIM BLVD","name":""},
  {"lat":39.6856,"lon":-77.72,"city":"Hagerstown","state":"MD","address":"18717 LONGMEADOW RD","name":""},
  {"lat":39.4103,"lon":-79.4053,"city":"Oakland","state":"MD","address":"5 N 3RD ST","name":""},
  {"lat":39.3867,"lon":-77.4086,"city":"Frederick","state":"MD","address":"5601 BUCKEYSTOWN PIKE","name":""},
  {"lat":39.6091,"lon":-77.7508,"city":"Hagerstown","state":"MD","address":"17803 VENTURE DRIVE","name":""},
  {"lat":39.6931,"lon":-78.7908,"city":"Corriganville","state":"MD","address":"10805 MOUNT SAVAGE ROAD, NW","name":""},
  {"lat":39.3369,"lon":-77.64,"city":"Knoxville","state":"MD","address":"3842 BURKITTSVILLE RD","name":""},
  {"lat":39.6642,"lon":-76.8858,"city":"Manchester","state":"MD","address":"3281 MAIN ST","name":""},
  {"lat":39.2094,"lon":-78.1794,"city":"Winchester","state":"VA","address":"1503 N FREDERICK PIKE","name":""},
  {"lat":39.0839,"lon":-78.0842,"city":"Boyce","state":"VA","address":"12582 LORD FAIRFAX HWY","name":""},
  {"lat":39.0819,"lon":-78.2167,"city":"Stephens City","state":"VA","address":"747 FAIRFAX ST","name":""},
  {"lat":38.8669,"lon":-78.5189,"city":"Woodstock","state":"VA","address":"111 W RESERVOIR RD","name":""},
  {"lat":39.1603,"lon":-78.1856,"city":"Winchester","state":"VA","address":"2311 VALLEY AVE","name":""},
  {"lat":38.815,"lon":-77.6428,"city":"Haymarket","state":"VA","address":"15315 WASHINGTON ST","name":""},
  {"lat":39.1869,"lon":-78.1256,"city":"Winchester","state":"VA","address":"1683 BERRYVILLE PIKE","name":""},
  {"lat":39.1672,"lon":-78.1631,"city":"Winchester","state":"VA","address":"601 MILLWOOD AVE","name":""},
  {"lat":38.4292,"lon":-78.8558,"city":"Harrisonburg","state":"VA","address":"533 UNIVERSITY BLVD","name":""},
  {"lat":38.62,"lon":-77.8,"city":"Bealeton","state":"VA","address":"10101 JAMES MADISON HWY","name":""},
  {"lat":38.4253,"lon":-78.8892,"city":"Harrisonburg","state":"VA","address":"1825 S MAIN ST","name":""},
  {"lat":38.2078,"lon":-78.3853,"city":"Ruckersville","state":"VA","address":"7020 SEMINOLE TRL","name":""},
  {"lat":38.7281,"lon":-77.7914,"city":"Warrenton","state":"VA","address":"600 BLACKWELL RD","name":""},
  {"lat":38.6664,"lon":-77.3328,"city":"Woodbridge","state":"VA","address":"4021 PRINCE WILLIAM PKWY","name":""},
  {"lat":38.3528,"lon":-77.0483,"city":"King George","state":"VA","address":"17188 OWENS DR","name":""},
  {"lat":41.1431,"lon":-80.7214,"city":"Girard","state":"OH","address":"2721 Salt Springs Rd","name":""},
  {"lat":40.6731,"lon":-80.5756,"city":"East Liverpool","state":"OH","address":"15744 Saint Clair Ave","name":""},
  {"lat":41.2503,"lon":-81.3644,"city":"Streetsboro","state":"OH","address":"9745 State Route 14","name":""},
  {"lat":41.8758,"lon":-80.7642,"city":"Ashtabula","state":"OH","address":"2411 N Ridge Rd E","name":""},
  {"lat":41.0992,"lon":-80.7633,"city":"Austintown","state":"OH","address":"5499 MAHONING AVE","name":""},
  {"lat":41.2256,"lon":-80.7408,"city":"Warren","state":"OH","address":"1162 NILES CORTLAND RD SE","name":""},
  {"lat":41.2653,"lon":-80.7833,"city":"Warren","state":"OH","address":"3379 ELM RD NE","name":""},
  {"lat":41.1808,"lon":-81.4742,"city":"Stow","state":"OH","address":"950 E STEELS CORNERS RD","name":""},
  {"lat":41.1797,"lon":-81.2467,"city":"Ravenna","state":"OH","address":"6941 STATE ROUTE 44","name":""},
  {"lat":40.9875,"lon":-80.6631,"city":"North Lima","state":"OH","address":"9010 MARKET ST","name":""},
  {"lat":41.0278,"lon":-81.5277,"city":"Akron","state":"OH","address":"20 W WATERLOO RD","name":""},
  {"lat":41.1194,"lon":-81.4847,"city":"Cuyahoga Falls","state":"OH","address":"1210 MAIN ST","name":""},
  {"lat":41.1364,"lon":-81.7356,"city":"Wadsworth","state":"OH","address":"5100 RIDGE RD","name":""},
  {"lat":41.0244,"lon":-80.7364,"city":"Canfield","state":"OH","address":"4585 Boardman Canfield Rd","name":""},
  {"lat":40.7928,"lon":-81.4456,"city":"Canton","state":"OH","address":"5057 TUSCARAWAS ST W","name":""},
  {"lat":39.5983,"lon":-78.2422,"city":"Berkeley Springs","state":"WV","address":"2151 VALLEY ROAD","name":""},
  {"lat":39.4019,"lon":-77.9117,"city":"Kearneysville","state":"WV","address":"3728 CHARLES TOWN RD","name":""},
  {"lat":39.3581,"lon":-78.0392,"city":"Inwood","state":"WV","address":"7899 WINCHESTER AVE","name":""},
  {"lat":39.0772,"lon":-78.9661,"city":"Moorefield","state":"WV","address":"268 GENNY LOOP","name":""},
  {"lat":39.4633,"lon":-77.9878,"city":"Martinsburg","state":"WV","address":"1617 W KING ST","name":""},
  {"lat":39.4341,"lon":-77.8209,"city":"Shepherdstown","state":"WV","address":"7948 Martinsburg Pike","name":""},
  {"lat":39.4108,"lon":-79.0011,"city":"Keyser","state":"WV","address":"1280 NEW CREEK HIGHWAY","name":""},
  {"lat":39.1531,"lon":-80.0414,"city":"Philippi","state":"WV","address":"125 N MAIN ST","name":""},
  {"lat":39.3408,"lon":-78.7553,"city":"Romney","state":"WV","address":"136 E MAIN ST","name":""},
  {"lat":39.3,"lon":-80.2775,"city":"Bridgeport","state":"WV","address":"1220 JOHNSON AVE","name":""},
  {"lat":39.0192,"lon":-80.4167,"city":"Weston","state":"WV","address":"39 Berlin Rd","name":""},
  {"lat":39,"lon":-79.1283,"city":"Petersburg","state":"WV","address":"299 Bryan St","name":""},
  {"lat":38.9989,"lon":-80.2331,"city":"Buckhannon","state":"WV","address":"341 NORTH LOCUST STREET","name":""},
  {"lat":39.4847,"lon":-77.9572,"city":"Martinsburg","state":"WV","address":"1465 Edwin Miller Blvd","name":""},
  {"lat":40.401,"lon":-80.5493,"city":"Weirton","state":"WV","address":"239 Three Springs Dr","name":""},
  {"lat":40.4294,"lon":-78.3847,"city":"Hollidaysburg","state":"PA","address":"1101 Blair St","name":""},
  {"lat":40.4725,"lon":-78.4253,"city":"Altoona","state":"PA","address":"5706 6th Ave","name":""},
  {"lat":40.4947,"lon":-78.0164,"city":"Huntingdon","state":"PA","address":"1330 MOORE ST","name":""},
  {"lat":40.5194,"lon":-78.3975,"city":"Altoona","state":"PA","address":"700 CHESTNUT AVE","name":""},
  {"lat":40.4939,"lon":-78.4164,"city":"Altoona","state":"PA","address":"3315 BEALE AVE","name":""},
  {"lat":40.6758,"lon":-78.2369,"city":"Tyrone","state":"PA","address":"1400 LOGAN AVE","name":""},
  {"lat":40.2994,"lon":-78.9117,"city":"Johnstown","state":"PA","address":"490 CENTRAL AVE","name":""},
  {"lat":40.3211,"lon":-78.9189,"city":"Johnstown","state":"PA","address":"208 HAYNES ST","name":""},
  {"lat":40.0108,"lon":-78.3736,"city":"Everett","state":"PA","address":"11 W MAIN ST","name":""},
  {"lat":40.235,"lon":-78.8311,"city":"Windber","state":"PA","address":"1500 GRAHAM AVE","name":""},
  {"lat":40.0158,"lon":-78.4672,"city":"Bedford","state":"PA","address":"9402 LINCOLN HWY","name":""},
  {"lat":40.4311,"lon":-79.2644,"city":"Blairsville","state":"PA","address":"5 E MARKET ST","name":""},
  {"lat":40.6219,"lon":-79.1453,"city":"Indiana","state":"PA","address":"380 PHILADELPHIA ST","name":""},
  {"lat":39.9294,"lon":-77.9894,"city":"McConnellsburg","state":"PA","address":"720 LINCOLN WAY E","name":""},
  {"lat":40.6,"lon":-78.3214,"city":"Altoona","state":"PA","address":"718 BELLWOOD RD","name":""},
  {"lat":42.2385,"lon":-83.3653,"city":"Romulus","state":"MI","address":"33380 Wick Rd","name":""},
  {"lat":42.2456,"lon":-83.3258,"city":"Romulus","state":"MI","address":"29225 Smith Rd","name":""},
  {"lat":42.6739,"lon":-82.8166,"city":"Chesterfield","state":"MI","address":"29050 23 Mile Rd","name":""},
  {"lat":36.1644,"lon":-80.1369,"city":"Walkertown","state":"NC","address":"5198 REIDSVILLE RD","name":""},
  {"lat":36.0572,"lon":-79.8889,"city":"Greensboro","state":"NC","address":"4319 W WENDOVER AVE","name":""},
  {"lat":35.8986,"lon":-78.5567,"city":"Raleigh","state":"NC","address":"4801 THORNTON RD","name":""},
  {"lat":35.5969,"lon":-78.7597,"city":"Fuquay-Varina","state":"NC","address":"1655 N MAIN ST","name":""},
  {"lat":36.0592,"lon":-79.9092,"city":"Greensboro","state":"NC","address":"5421 HORNADAY RD","name":""},
  {"lat":35.7931,"lon":-78.5483,"city":"Raleigh","state":"NC","address":"5200 NEW BERN AVE","name":""},
  {"lat":36.0697,"lon":-79.2703,"city":"Mebane","state":"NC","address":"1237 MEBANE OAKS RD","name":""},
  {"lat":36.0256,"lon":-78.5081,"city":"Youngsville","state":"NC","address":"564 US 1 HWY","name":""},
  {"lat":36.0489,"lon":-80.3275,"city":"Winston-Salem","state":"NC","address":"2505 SOMERSET CENTER DR","name":""},
  {"lat":35.5655,"lon":-77.3565,"city":"Greenville","state":"NC","address":"2100 COUNTY HOME RD","name":""},
  {"lat":35.7081,"lon":-77.9514,"city":"Wilson","state":"NC","address":"2835 FOREST HILLS RD SW","name":""},
  {"lat":35.6053,"lon":-77.3725,"city":"Greenville","state":"NC","address":"1000 CHARLES BLVD","name":""},
  {"lat":35.9242,"lon":-78.8456,"city":"Durham","state":"NC","address":"3021 S MIAMI BLVD","name":""},
  {"lat":35.855,"lon":-78.7953,"city":"Morrisville","state":"NC","address":"1600 AVIATION PARKWAY","name":""},
  {"lat":35.8028,"lon":-80.9058,"city":"Statesville","state":"NC","address":"1244 WILKESBORO HWY","name":""},
  {"lat":39.6517,"lon":-77.8008,"city":"Hagerstown","state":"MD","address":"12404 LAUGER AVE","name":""},
  {"lat":39.6336,"lon":-77.41,"city":"Thurmont","state":"MD","address":"428 N CHURCH ST","name":""},
  {"lat":39.5711,"lon":-77.6467,"city":"Boonsboro","state":"MD","address":"20723 National Pike","name":""},
  {"lat":39.4639,"lon":-77.3644,"city":"Walkersville","state":"MD","address":"8408 Woodsboro Pike","name":""},
  {"lat":39.4264,"lon":-77.4306,"city":"Frederick","state":"MD","address":"1600 Rosemont Ave","name":""},
  {"lat":39.4069,"lon":-77.3881,"city":"Frederick","state":"MD","address":"1300 E PATRICK ST","name":""},
  {"lat":39.6125,"lon":-77.7306,"city":"Hagerstown","state":"MD","address":"1396 S Potomac St","name":""},
  {"lat":38.2908,"lon":-76.4933,"city":"California","state":"MD","address":"22711 Three Notch Rd","name":""},
  {"lat":39.4286,"lon":-76.355,"city":"Joppa","state":"MD","address":"601 PULASKI HWY","name":""},
  {"lat":38.2369,"lon":-76.4964,"city":"Great Mills","state":"MD","address":"20760 Old Great Mills Rd","name":""},
  {"lat":39.6375,"lon":-77.6967,"city":"Hagerstown","state":"MD","address":"191 EASTERN BLVD, NORTH","name":""},
  {"lat":39.3989,"lon":-77.4058,"city":"Frederick","state":"MD","address":"6050 BUCKEYSTOWN PIKE","name":""},
  {"lat":39.6359,"lon":-78.845,"city":"Lavale","state":"MD","address":"11601 WINCHESTER ROAD SW","name":""},
  {"lat":39.5546,"lon":-76.9599,"city":"Westminster","state":"MD","address":"1023 BALTIMORE BOULEVARD","name":""},
  {"lat":39.4592,"lon":-77.4049,"city":"Frederick","state":"MD","address":"23 Thomas Johnson Dr","name":""},
  {"lat":37.3053,"lon":-79.3081,"city":"Forest","state":"VA","address":"12259 E LYNCHBURG SALEM TPKE","name":""},
  {"lat":38.2865,"lon":-77.4373,"city":"Fredericksburg","state":"VA","address":"10 WASHINGTON SQUARE PLZ","name":""},
  {"lat":37.3253,"lon":-79.1908,"city":"Lynchburg","state":"VA","address":"14480 WARDS RD","name":""},
  {"lat":39.1131,"lon":-77.5392,"city":"Leesburg","state":"VA","address":"915 EDWARDS FERRY RD NE","name":""},
  {"lat":38.7703,"lon":-77.4533,"city":"Manassas Park","state":"VA","address":"8504 CENTREVILLE RD","name":""},
  {"lat":37.3961,"lon":-79.2289,"city":"Lynchburg","state":"VA","address":"2630 LAKESIDE DR","name":""},
  {"lat":37.4661,"lon":-79.1178,"city":"Madison Heights","state":"VA","address":"4089 S AMHERST HWY","name":""},
  {"lat":38.2525,"lon":-78.1144,"city":"Orange","state":"VA","address":"332 MADISON RD","name":""},
  {"lat":37.6914,"lon":-77.4406,"city":"Ashland","state":"VA","address":"10036 SLIDING HILL RD","name":""},
  {"lat":37.9033,"lon":-76.8661,"city":"Tappahannock","state":"VA","address":"1804 TAPPAHANNOCK BLVD","name":""},
  {"lat":37.3156,"lon":-80.0039,"city":"Roanoke","state":"VA","address":"2703 PETERS CREEK RD NW","name":""},
  {"lat":38.1333,"lon":-79.0431,"city":"Staunton","state":"VA","address":"1250 Richmond Ave","name":""},
  {"lat":38.3467,"lon":-78.2858,"city":"Madison","state":"VA","address":"2902 S SEMINOLE TRL","name":""},
  {"lat":38.9197,"lon":-77.4961,"city":"Chantilly","state":"VA","address":"25224 POLAND RD","name":""},
  {"lat":36.5831,"lon":-79.4275,"city":"Danville","state":"VA","address":"3425 RIVERSIDE DR","name":""},
  {"lat":41.3856,"lon":-81.9767,"city":"North Ridgeville","state":"OH","address":"32390 Lorain Rd","name":""},
  {"lat":40.4936,"lon":-81.4736,"city":"New Philadelphia","state":"OH","address":"1281 W HIGH AVE","name":""},
  {"lat":40.9747,"lon":-81.4642,"city":"Akron","state":"OH","address":"1651 E Turkeyfoot Lake Rd","name":""},
  {"lat":40.9014,"lon":-81.1089,"city":"Alliance","state":"OH","address":"236 W STATE ST","name":""},
  {"lat":40.0039,"lon":-81.5756,"city":"Cambridge","state":"OH","address":"2101 SOUTHGATE PKWY","name":""},
  {"lat":40.8322,"lon":-81.425,"city":"Canton","state":"OH","address":"2939 Whipple Ave NW","name":""},
  {"lat":41.1542,"lon":-81.3306,"city":"Kent","state":"OH","address":"1762 E MAIN ST","name":""},
  {"lat":41.3117,"lon":-81.4483,"city":"Twinsburg","state":"OH","address":"2495 E AURORA RD","name":""},
  {"lat":41.6594,"lon":-81.3775,"city":"Mentor","state":"OH","address":"7777 REYNOLDS RD","name":""},
  {"lat":41.7658,"lon":-81.1803,"city":"Perry","state":"OH","address":"2800 N RIDGE RD","name":""},
  {"lat":39.9097,"lon":-82.0169,"city":"Zanesville","state":"OH","address":"225 N MAYSVILLE AVE","name":""},
  {"lat":41.3125,"lon":-81.8586,"city":"Strongsville","state":"OH","address":"21034 ROYALTON RD","name":""},
  {"lat":40.8911,"lon":-81.4197,"city":"North Canton","state":"OH","address":"1415 PITTSBURG AVENUE, NW","name":""},
  {"lat":41.5804,"lon":-81.2123,"city":"Chardon","state":"OH","address":"435 WATER STREET","name":""},
  {"lat":41.4269,"lon":-82.0758,"city":"Sheffield Village","state":"OH","address":"5295 DETROIT RD","name":""},
  {"lat":39.2956,"lon":-77.8442,"city":"Charles Town","state":"WV","address":"51 Flowing Springs Rd","name":""},
  {"lat":39.4425,"lon":-77.9856,"city":"Martinsburg","state":"WV","address":"14686 Apple Harvest Dr","name":""},
  {"lat":39.6575,"lon":-79.9547,"city":"Morgantown","state":"WV","address":"900 Chestnut Ridge Rd","name":""},
  {"lat":39.6589,"lon":-80.0006,"city":"Granville","state":"WV","address":"1 Chaplin Rd","name":""},
  {"lat":39.62,"lon":-79.9231,"city":"Morgantown","state":"WV","address":"1901 EARL L CORE RD","name":""},
  {"lat":40.0775,"lon":-80.6931,"city":"Wheeling","state":"WV","address":"887 NATIONAL RD","name":""},
  {"lat":38.4164,"lon":-82.2606,"city":"Barboursville","state":"WV","address":"99 Mall Rd","name":""},
  {"lat":38.4353,"lon":-82.1233,"city":"Milton","state":"WV","address":"1304 Johns Creek Rd","name":""},
  {"lat":39.5444,"lon":-77.9069,"city":"Martinsburg","state":"WV","address":"5715 Hammonds Mill Rd","name":""},
  {"lat":38.4107,"lon":-82.4866,"city":"Huntington","state":"WV","address":"432 18th St W","name":""},
  {"lat":40.0606,"lon":-80.5964,"city":"Triadelphia","state":"WV","address":"6 Cabela Dr","name":""},
  {"lat":38.4358,"lon":-82.0153,"city":"Hurricane","state":"WV","address":"104 St. Rt. 19","name":""},
  {"lat":39.3028,"lon":-77.8153,"city":"Charles Town","state":"WV","address":"1130 MARLOW ROAD","name":""},
  {"lat":38.3025,"lon":-80.8339,"city":"Summersville","state":"WV","address":"1300 WAL STREET","name":""},
  {"lat":38.0317,"lon":-81.1233,"city":"Fayetteville","state":"WV","address":"27 Whitewater Ave","name":""},
  {"lat":40.5081,"lon":-78.4006,"city":"Altoona","state":"PA","address":"1701 7TH AVE","name":""},
  {"lat":40.4364,"lon":-78.4131,"city":"Duncansville","state":"PA","address":"1371 PLANK RD","name":""},
  {"lat":40.5344,"lon":-78.4014,"city":"Altoona","state":"PA","address":"405 EAST 25TH AVE","name":""},
  {"lat":40.3869,"lon":-77.8828,"city":"Mount","state":"PA","address":"201 N JEFFERSON ST","name":""},
  {"lat":40.4835,"lon":-78.7329,"city":"Ebensburg","state":"PA","address":"818 W HIGH ST","name":""},
  {"lat":40.45,"lon":-78.8372,"city":"Nanty Glo","state":"PA","address":"115 PACE ST","name":""},
  {"lat":40.3933,"lon":-78.6711,"city":"Portage","state":"PA","address":"101 MAIN ST","name":""},
  {"lat":40.6334,"lon":-78.6458,"city":"Patton","state":"PA","address":"309 Magee Ave","name":""},
  {"lat":40.6609,"lon":-78.7815,"city":"Northern Cambria","state":"PA","address":"4025 CRAWFORD AVE","name":""},
  {"lat":40.0072,"lon":-79.0703,"city":"Somerset","state":"PA","address":"457 E MAIN ST","name":""},
  {"lat":41.2089,"lon":-79.3683,"city":"Clarion","state":"PA","address":"1281 E MAIN ST","name":""},
  {"lat":40.3003,"lon":-79.3711,"city":"Latrobe","state":"PA","address":"2853 LIGONIER ST","name":""},
  {"lat":40.0075,"lon":-79.0831,"city":"Somerset","state":"PA","address":"118 S ROSINA AVE","name":""},
  {"lat":40.6653,"lon":-79.0144,"city":"Clymer","state":"PA","address":"825 FRANKLIN ST","name":""},
  {"lat":41.125,"lon":-78.7419,"city":"Dubois","state":"PA","address":"701 E DUBOIS AVE","name":""},
  {"lat":35.5522,"lon":-77.405,"city":"Winterville","state":"NC","address":"650 WHITLEY DR","name":""},
  {"lat":35.995,"lon":-80.2675,"city":"Winston-Salem","state":"NC","address":"12290 N NC HIGHWAY 150","name":""},
  {"lat":36.0597,"lon":-79.9603,"city":"High Point","state":"NC","address":"2980 NC 68 SOUTH","name":""},
  {"lat":35.5833,"lon":-77.3108,"city":"Greenville","state":"NC","address":"1201 PORTERTOWN RD","name":""},
  {"lat":35.8392,"lon":-78.3247,"city":"Zebulon","state":"NC","address":"1406 N ARENDELL AVE","name":""},
  {"lat":36.0669,"lon":-79.4678,"city":"Burlington","state":"NC","address":"2628 ALAMANCE RD","name":""},
  {"lat":35.8683,"lon":-80.0367,"city":"Trinity","state":"NC","address":"5905 FINCH FARM RD","name":""},
  {"lat":36.5019,"lon":-79.7428,"city":"Eden","state":"NC","address":"102 N VAN BUREN RD","name":""},
  {"lat":36.0014,"lon":-79.9075,"city":"Jamestown","state":"NC","address":"1001 GARDNER HILL DR","name":""},
  {"lat":36.1286,"lon":-80.0603,"city":"Kernersville","state":"NC","address":"790 NORTH MAIN STREET","name":""},
  {"lat":36.0222,"lon":-77.7683,"city":"Rocky Mount","state":"NC","address":"3715 NORTH WESLEYAN BLVD","name":""},
  {"lat":36.0261,"lon":-80.1603,"city":"Winston Salem","state":"NC","address":"5519 GUMTREE ROAD","name":""},
  {"lat":35.6943,"lon":-79.7966,"city":"Asheboro","state":"NC","address":"1065 EAST DIXIE DRIVE","name":""},
  {"lat":35.9189,"lon":-80.5856,"city":"Mocksville","state":"NC","address":"1449 YADKINVILLE ROAD","name":""},
  {"lat":36.0812,"lon":-79.9304,"city":"Greensboro","state":"NC","address":"6930 WEST MARKET ST","name":""},
  {"lat":39.3695,"lon":-77.4122,"city":"Frederick","state":"MD","address":"7301 Executive Way","name":""},
  {"lat":39.6024,"lon":-77.7284,"city":"Hagerstown","state":"MD","address":"10515 Sharpsburg Pike","name":""},
  {"lat":39.6,"lon":-75.806,"city":"Elkton","state":"MD","address":"622 E Pulaski Hwy","name":""},
  {"lat":39.153,"lon":-77.2157,"city":"Gaithersburg","state":"MD","address":"751 Progress Way","name":""},
  {"lat":39.6268,"lon":-77.6996,"city":"Hagerstown","state":"MD","address":"1333 Dual Hwy","name":""},
  {"lat":38.8884,"lon":-76.7218,"city":"Bowie","state":"MD","address":"16240 Marketplace Blvd","name":""},
  {"lat":39.3602,"lon":-76.4156,"city":"Middle River","state":"MD","address":"10499 Campbell Blvd","name":""},
  {"lat":39.662,"lon":-77.7017,"city":"Hagerstown","state":"MD","address":"1501 Potomac Ave","name":""},
  {"lat":39.2149,"lon":-76.6765,"city":"Linthicum Heights","state":"MD","address":"1441 W Nursery Rd","name":""},
  {"lat":39.3267,"lon":-77.3429,"city":"Ijamsville","state":"MD","address":"9253 Fingerboard Rd","name":""},
  {"lat":39.5761,"lon":-76.3404,"city":"Bel Air","state":"MD","address":"1915 N Fountain Green Rd","name":""},
  {"lat":39.5849,"lon":-77.8159,"city":"Williamsport","state":"MD","address":"15919 Spielman Rd","name":""},
  {"lat":38.4819,"lon":-76.7729,"city":"Charlotte Hall","state":"MD","address":"37692 John Knight Drive","name":""},
  {"lat":39.3953,"lon":-77.3233,"city":"Ijamsville","state":"MD","address":"5943 Oakcross Lane","name":""},
  {"lat":38.2392,"lon":-77.1494,"city":"King George","state":"VA","address":"11449 KINGS HWY","name":""},
  {"lat":36.6003,"lon":-79.8631,"city":"Ridgeway","state":"VA","address":"6758 GREENSBORO RD","name":""},
  {"lat":39.2156,"lon":-78.1406,"city":"Winchester","state":"VA","address":"1574 MARTINSBURG PIKE","name":""},
  {"lat":37.7458,"lon":-77.4717,"city":"Ashland","state":"VA","address":"12341 WASHINGTON HWY","name":""},
  {"lat":37.1574,"lon":-80.4186,"city":"Christiansburg","state":"VA","address":"2000 N FRANKLIN ST","name":""},
  {"lat":37.2597,"lon":-77.395,"city":"Colonial Heights","state":"VA","address":"2711 CONDUIT RD","name":""},
  {"lat":37.5211,"lon":-77.6128,"city":"Richmond","state":"VA","address":"2053 HUGUENOT RD","name":""},
  {"lat":38.3261,"lon":-77.7289,"city":"Locust Grove","state":"VA","address":"5504 GERMANNA HWY","name":""},
  {"lat":37.2717,"lon":-80.0369,"city":"Salem","state":"VA","address":"1435 APPERSON DR","name":""},
  {"lat":37.0125,"lon":-79.8694,"city":"Rocky Mount","state":"VA","address":"265 OLD FRANKLIN TPKE","name":""},
  {"lat":37.5228,"lon":-77.8231,"city":"Powhatan","state":"VA","address":"2600 ANDERSON HWY","name":""},
  {"lat":38.4466,"lon":-78.8527,"city":"Harrisonburg","state":"VA","address":"798 E MARKET ST","name":""},
  {"lat":37.2892,"lon":-80.0794,"city":"Salem","state":"VA","address":"1340 W MAIN ST","name":""},
  {"lat":37.4964,"lon":-77.5469,"city":"Richmond","state":"VA","address":"20 S PROVIDENCE RD","name":""},
  {"lat":36.6869,"lon":-78.9,"city":"South Boston","state":"VA","address":"1007 PHILPOTT RD","name":""},
  {"lat":41.1589,"lon":-81.36,"city":"Kent","state":"OH","address":"600 NORTH MANTUA ST","name":""},
  {"lat":41.3808,"lon":-81.7339,"city":"Parma","state":"OH","address":"6767 RIDGE ROAD","name":""},
  {"lat":41.705,"lon":-81.3619,"city":"Mentor","state":"OH","address":"7766 LAKE SHORE BLVD","name":""},
  {"lat":40.9693,"lon":-81.3556,"city":"Hartville","state":"OH","address":"1280 W MAPLE ST","name":""},
  {"lat":41.4231,"lon":-81.7589,"city":"Brooklyn","state":"OH","address":"10315 CASCADE CROSSING","name":""},
  {"lat":41.3433,"lon":-81.8258,"city":"Strongsville","state":"OH","address":"9037 PEARL ROAD","name":""},
  {"lat":40.0782,"lon":-80.8727,"city":"St. Clairsville","state":"OH","address":"68500 ADDIE WAY","name":""},
  {"lat":41.4053,"lon":-81.7842,"city":"Parma","state":"OH","address":"5795 W 130TH STREET","name":""},
  {"lat":41.1258,"lon":-80.7675,"city":"Austintown","state":"OH","address":"1101 NORTH CANFIELD NILES ROAD","name":""},
  {"lat":41.2386,"lon":-81.785,"city":"Brunswick","state":"OH","address":"2771 CENTER ROAD","name":""},
  {"lat":41.0251,"lon":-80.657,"city":"Boardman","state":"OH","address":"134 BOARDMAN POLAND RD","name":""},
  {"lat":41.6055,"lon":-81.4387,"city":"Willoughby","state":"OH","address":"6035 Som Center Rd","name":""},
  {"lat":39.8532,"lon":-82.9376,"city":"Groveport","state":"OH","address":"5238 Alum Creek Dr","name":""},
  {"lat":40.2934,"lon":-83.0395,"city":"Delaware","state":"OH","address":"710 Sunbury Rd","name":""},
  {"lat":39.5884,"lon":-82.9533,"city":"Circleville","state":"OH","address":"1395 S Court St","name":""},
  {"lat":40.3383,"lon":-80.5981,"city":"Follansbee","state":"WV","address":"1525 Main St","name":""},
  {"lat":37.3631,"lon":-81.0581,"city":"Princeton","state":"WV","address":"751 OAKVALE ROAD","name":""},
  {"lat":37.8473,"lon":-81.1962,"city":"Mount Hope","state":"WV","address":"5481 ROBERT C BYRD DRIVE","name":""},
  {"lat":37.3592,"lon":-81.1069,"city":"Princeton","state":"WV","address":"151 Courthouse Rd","name":""},
  {"lat":38.4465,"lon":-81.9579,"city":"Hurricane","state":"WV","address":"3805 TEAYS VALLEY ROAD","name":""},
  {"lat":37.7488,"lon":-81.1377,"city":"Beaver","state":"WV","address":"810 RITTER HIGHWAY","name":""},
  {"lat":37.8045,"lon":-81.1825,"city":"Beckley","state":"WV","address":"1408 NORTH EISENHOWER DRIVE","name":""},
  {"lat":39.6579,"lon":-79.9903,"city":"Star City","state":"WV","address":"3522 MONONGAHELA BOULEVARD","name":""},
  {"lat":38.45,"lon":-81.9044,"city":"Scott Depot","state":"WV","address":"4344A TEAYS VALLEY ROAD","name":""},
  {"lat":39.2736,"lon":-80.3692,"city":"Clarksburg","state":"WV","address":"101 Stoneybrook Rd","name":""},
  {"lat":39.3334,"lon":-80.2394,"city":"Bridgeport","state":"WV","address":"20 OAKMONT LANE","name":""},
  {"lat":38.4484,"lon":-81.8178,"city":"Poca","state":"WV","address":"1457 CHARLESTON ROAD","name":""},
  {"lat":39.3987,"lon":-78.0023,"city":"Martinsburg","state":"WV","address":"4430 Winchester Ave","name":""},
  {"lat":38.4236,"lon":-82.4178,"city":"Huntington","state":"WV","address":"2251 5th Ave","name":""},
  {"lat":37.7755,"lon":-81.1951,"city":"Beckley","state":"WV","address":"2881 ROBERT C BYRD DRIVE","name":""},
  {"lat":40.9031,"lon":-78.2289,"city":"Philipsburg","state":"PA","address":"808 N FRONT ST","name":""},
  {"lat":40.3431,"lon":-78.9339,"city":"Johnstown","state":"PA","address":"1000 BROAD ST","name":""},
  {"lat":41.1644,"lon":-79.0981,"city":"Brookville","state":"PA","address":"300 W MAIN ST","name":""},
  {"lat":39.9367,"lon":-77.6719,"city":"Chambersburg","state":"PA","address":"1 MONTICELLO CT","name":""},
  {"lat":40.0547,"lon":-77.5131,"city":"Shippensburg","state":"PA","address":"359 E KING ST","name":""},
  {"lat":41.0278,"lon":-78.4403,"city":"Clearfield","state":"PA","address":"101 NICHOLS ST","name":""},
  {"lat":41.0646,"lon":-80.0565,"city":"Slippery Rock","state":"PA","address":"107 FRANKLIN ST","name":""},
  {"lat":39.9278,"lon":-77.6294,"city":"Chambersburg","state":"PA","address":"1315 LINCOLN WAY E","name":""},
  {"lat":40.95,"lon":-78.9633,"city":"Punxsutawney","state":"PA","address":"100 ELK RUN AVE","name":""},
  {"lat":41.395,"lon":-79.8269,"city":"Franklin","state":"PA","address":"1107 LIBERTY ST","name":""},
  {"lat":40.3263,"lon":-78.9521,"city":"Johnstown","state":"PA","address":"1791 GOUCHER ST","name":""},
  {"lat":40.1217,"lon":-79.5585,"city":"Mt Pleasant","state":"PA","address":"6272 STATE ROUTE 819","name":""},
  {"lat":39.8128,"lon":-79.0256,"city":"Meyersdale","state":"PA","address":"24 CENTER ST","name":""},
  {"lat":40.2002,"lon":-79.9219,"city":"Monongahela","state":"PA","address":"111 E MAIN ST","name":""},
  {"lat":41.4244,"lon":-78.7303,"city":"Ridgway","state":"PA","address":"138 N BROAD ST","name":""},
  {"lat":35.6417,"lon":-80.4753,"city":"Salisbury","state":"NC","address":"1520 JAKE ALEXANDER BOULEVARD SOUTH","name":""},
  {"lat":36.3295,"lon":-78.4476,"city":"Henderson","state":"NC","address":"619 RUIN CREEK ROAD","name":""},
  {"lat":35.9,"lon":-79.9461,"city":"Archdale","state":"NC","address":"10206 SOUTH MAIN STREET","name":""},
  {"lat":35.5158,"lon":-78.5789,"city":"Benson","state":"NC","address":"13433 NC HIGHWAY 210","name":""},
  {"lat":35.7903,"lon":-78.7394,"city":"Raleigh","state":"NC","address":"600 CORPORATE CENTER DR","name":""},
  {"lat":35.8039,"lon":-78.4203,"city":"Wendell","state":"NC","address":"505 WENDELL BLVD","name":""},
  {"lat":36.2781,"lon":-80.3411,"city":"King","state":"NC","address":"703 EAST KING ST","name":""},
  {"lat":36.0686,"lon":-79.8547,"city":"Greensboro","state":"NC","address":"3941 WEST MARKET ST","name":""},
  {"lat":36.0968,"lon":-78.297,"city":"Louisburg","state":"NC","address":"108 SOUTH BICKETT BLVD","name":""},
  {"lat":35.6561,"lon":-77.365,"city":"Greenville","state":"NC","address":"2521 NORTH MEMORIAL DR","name":""},
  {"lat":36.1169,"lon":-79.8731,"city":"Greensboro","state":"NC","address":"1620 NEW GARDEN ROAD","name":""},
  {"lat":36.4589,"lon":-80.6369,"city":"Mt Airy","state":"NC","address":"2905 ROCKFORD ST","name":""},
  {"lat":36.0469,"lon":-79.395,"city":"Graham","state":"NC","address":"1138 SOUTH MAIN ST","name":""},
  {"lat":36.3954,"lon":-80.7218,"city":"Dobson","state":"NC","address":"119 SOUTH MAIN ST","name":""},
  {"lat":35.9361,"lon":-80.2369,"city":"Lexington","state":"NC","address":"8283 OLD US HIGHWAY 52","name":""},
  {"lat":37.4478,"lon":-77.5686,"city":"Richmond","state":"VA","address":"9401 AMBERDALE DR","name":""},
  {"lat":38.3105,"lon":-77.5131,"city":"Fredericksburg","state":"VA","address":"2001 CARL D SILVER PKWY","name":""},
  {"lat":37.6103,"lon":-77.52,"city":"Richmond","state":"VA","address":"7035 W BROAD ST","name":""},
  {"lat":37.1469,"lon":-80.5864,"city":"Fairlawn","state":"VA","address":"7335 LEE HWY","name":""},
  {"lat":38.0806,"lon":-78.9908,"city":"Fishersville","state":"VA","address":"726 TINKLING SPRING ROAD","name":""},
  {"lat":37.3478,"lon":-77.3561,"city":"Chester","state":"VA","address":"231 E HUNDRED RD","name":""},
  {"lat":37.2719,"lon":-78.4022,"city":"Farmville","state":"VA","address":"2016 S MAIN ST","name":""},
  {"lat":37.3492,"lon":-79.1853,"city":"Lynchburg","state":"VA","address":"3927 WARDS RD","name":""},
  {"lat":36.9592,"lon":-81.0958,"city":"Wytheville","state":"VA","address":"1340 N 4TH ST","name":""},
  {"lat":38.0764,"lon":-78.9158,"city":"Waynesboro","state":"VA","address":"2156 W MAIN ST","name":""},
  {"lat":37.3697,"lon":-79.3022,"city":"Forest","state":"VA","address":"14449 FOREST RD","name":""},
  {"lat":37.98,"lon":-78.21,"city":"Zion Crossroads","state":"VA","address":"135 MARKET STREET","name":""},
  {"lat":37.7789,"lon":-79.435,"city":"Lexington","state":"VA","address":"600 EAST NELSON ST","name":""},
  {"lat":38.2711,"lon":-77.4839,"city":"Fredericksburg","state":"VA","address":"2807 LAFAYETTE BLVD","name":""},
  {"lat":38.2225,"lon":-77.492,"city":"Fredericksburg","state":"VA","address":"9825 HOSPITAL BOULEVARD","name":""},
  {"lat":40.0916,"lon":-82.7921,"city":"New Albany","state":"OH","address":"9905 Johnstown Rd","name":""},
  {"lat":40.265,"lon":-83.0682,"city":"Delaware","state":"OH","address":"1851 Columbus Pike","name":""},
  {"lat":40.0322,"lon":-83.1303,"city":"Hilliard","state":"OH","address":"4279 Cemetery Rd","name":""},
  {"lat":39.9271,"lon":-82.8322,"city":"Reynoldsburg","state":"OH","address":"2700 Brice Rd","name":""},
  {"lat":40.0782,"lon":-82.8511,"city":"New Albany","state":"OH","address":"6229 E Dublin Granville Rd","name":""},
  {"lat":39.9523,"lon":-83.1171,"city":"Columbus","state":"OH","address":"4355 W Broad St","name":""},
  {"lat":39.8929,"lon":-82.8843,"city":"Groveport","state":"OH","address":"3999 S Hamilton Rd","name":""},
  {"lat":40.0069,"lon":-82.9112,"city":"Columbus","state":"OH","address":"2840 Johnstown Rd","name":""},
  {"lat":40.0866,"lon":-82.9924,"city":"Columbus","state":"OH","address":"975 E Dublin Granville Rd","name":""},
  {"lat":40.1411,"lon":-82.9761,"city":"Columbus","state":"OH","address":"1555 Polaris Pkwy","name":""},
  {"lat":40.0704,"lon":-82.4302,"city":"Newark","state":"OH","address":"815 N 21st St","name":""},
  {"lat":41.638,"lon":-81.3724,"city":"Willoughby","state":"OH","address":"4145 OH 306","name":""},
  {"lat":39.9721,"lon":-83.0455,"city":"Columbus","state":"OH","address":"744 Grandview Ave","name":""},
  {"lat":40.1689,"lon":-83.091,"city":"Powell","state":"OH","address":"3641 Seldom Seen Rd","name":""},
  {"lat":40.1459,"lon":-82.9575,"city":"Westerville","state":"OH","address":"800 Polaris Parkway","name":""},
  {"lat":38.895,"lon":-79.846,"city":"Elkins","state":"WV","address":"1601 BEVERLY PIKE","name":""},
  {"lat":39.6283,"lon":-79.9594,"city":"Morgantown","state":"WV","address":"1012 UNIVERSITY AVE","name":""},
  {"lat":38.8218,"lon":-81.7241,"city":"Ripley","state":"WV","address":"701 WEST MAIN STREET","name":""},
  {"lat":38.3561,"lon":-81.7242,"city":"South","state":"WV","address":"4401 Maccorkle Ave SW","name":""},
  {"lat":39.5797,"lon":-79.9528,"city":"Morgantown","state":"WV","address":"21 AUSTURIAS LANE","name":""},
  {"lat":38.4122,"lon":-81.7989,"city":"Charleston","state":"WV","address":"104 LAKEVIEW DRIVE","name":""},
  {"lat":38.4178,"lon":-82.445,"city":"Huntington","state":"WV","address":"740 6th Ave","name":""},
  {"lat":39.4722,"lon":-80.1528,"city":"Fairmont","state":"WV","address":"1000 FAIRMONT AVE","name":""},
  {"lat":39.2664,"lon":-81.5642,"city":"Parkersburg","state":"WV","address":"306 ANN STREET","name":""},
  {"lat":39.2631,"lon":-81.5442,"city":"Parkersburg","state":"WV","address":"1102 7TH STREET","name":""},
  {"lat":40.0615,"lon":-80.5873,"city":"Triadelphia","state":"WV","address":"25 GANTZER RIDGE ROAD","name":""},
  {"lat":38.415,"lon":-82.2902,"city":"Barboursville","state":"WV","address":"31 TANYARD STATION DR","name":""},
  {"lat":39.6501,"lon":-79.9213,"city":"Morgantown","state":"WV","address":"1865 MILEGROUND ROAD","name":""},
  {"lat":39.2598,"lon":-77.8761,"city":"Charles Town","state":"WV","address":"2035 Augustine Ave","name":""},
  {"lat":38.3141,"lon":-81.5696,"city":"Charleston","state":"WV","address":"5623 Maccorkle Ave SE","name":""},
  {"lat":40.555,"lon":-79.7589,"city":"New Kensington","state":"PA","address":"325 FREEPORT ST","name":""},
  {"lat":40.54,"lon":-78.3542,"city":"Altoona","state":"PA","address":"1661 E PLEASANT VALLEY BLVD","name":""},
  {"lat":40.7647,"lon":-79.5278,"city":"Ford City","state":"PA","address":"410 MAIN ST","name":""},
  {"lat":40.3297,"lon":-78.7472,"city":"Sidman","state":"PA","address":"101 FOREST HILLS DR BOX 188","name":""},
  {"lat":40.8101,"lon":-79.5169,"city":"Kittanning","state":"PA","address":"100 WALNUT ST","name":""},
  {"lat":40.5606,"lon":-80.0391,"city":"Pittsburgh","state":"PA","address":"8500 Perry Hwy","name":""},
  {"lat":41.1367,"lon":-80.0086,"city":"Harrisville","state":"PA","address":"103 N MAIN ST","name":""},
  {"lat":40.8089,"lon":-77.9011,"city":"State College","state":"PA","address":"1781 N ATHERTON ST","name":""},
  {"lat":40.6139,"lon":-79.9467,"city":"Gibsonia","state":"PA","address":"5300 ROUTE 8","name":""},
  {"lat":40.0164,"lon":-79.6,"city":"Connellsville","state":"PA","address":"1002 W CRAWFORD AVE","name":""},
  {"lat":40.6014,"lon":-78.71,"city":"Carrolltown","state":"PA","address":"139 SOUTH MAIN STREET","name":""},
  {"lat":40.7044,"lon":-80.2781,"city":"Rochester","state":"PA","address":"499 ADAMS ST","name":""},
  {"lat":40.6855,"lon":-80.1058,"city":"Cranberry Township","state":"PA","address":"1329 FREEDOM ROAD","name":""},
  {"lat":41.2269,"lon":-80.2403,"city":"Mercer","state":"PA","address":"105 N ERIE ST","name":""},
  {"lat":41.4069,"lon":-80.3828,"city":"Greenville","state":"PA","address":"294 MAIN ST","name":""},
  {"lat":35.9725,"lon":-77.8961,"city":"Rocky Mount","state":"NC","address":"157 NORTH OLD CARRIAGE ROAD","name":""},
  {"lat":35.9503,"lon":-78.5094,"city":"Wake Forest","state":"NC","address":"1895 S FRANKLIN ST","name":""},
  {"lat":35.565,"lon":-77.0761,"city":"Washington","state":"NC","address":"1695 W 5TH STREET","name":""},
  {"lat":35.6661,"lon":-78.6989,"city":"Raleigh","state":"NC","address":"7900 FAYETTEVILLE RD","name":""},
  {"lat":36.3519,"lon":-79.6939,"city":"Reidsville","state":"NC","address":"1647 FREEWAY DRIVE","name":""},
  {"lat":36.0867,"lon":-79.8061,"city":"Greensboro","state":"NC","address":"1300 BATTLEGROUND AVE","name":""},
  {"lat":36.1203,"lon":-80.6594,"city":"Yadkinville","state":"NC","address":"805 SOUTH STATE ST","name":""},
  {"lat":35.5047,"lon":-78.3259,"city":"Smithfield","state":"NC","address":"1700 EAST MARKET ST","name":""},
  {"lat":36.0939,"lon":-80.0619,"city":"Kernersville","state":"NC","address":"1400 NC HWY 66 SOUTH","name":""},
  {"lat":35.6349,"lon":-78.7141,"city":"Raleigh","state":"NC","address":"9915 FAYETTEVILLE RD","name":""},
  {"lat":35.6716,"lon":-80.8539,"city":"Troutman","state":"NC","address":"1023 CHARLOTTE HIGHWAY","name":""},
  {"lat":35.8461,"lon":-78.8361,"city":"Morrisville","state":"NC","address":"10700 CHAPEL HILL ROAD","name":""},
  {"lat":35.3869,"lon":-77.9481,"city":"Goldsboro","state":"NC","address":"1001 N SPENCE AVE","name":""},
  {"lat":36.2708,"lon":-80.8528,"city":"Elkin","state":"NC","address":"401 CC CAMP ROAD","name":""},
  {"lat":35.8489,"lon":-78.5881,"city":"Raleigh","state":"NC","address":"4660 MILLBROOK GREEN DRIVE","name":""},
  {"lat":38.1941,"lon":-77.5078,"city":"Fredericksburg","state":"VA","address":"8533 PATRIOT HWY","name":""},
  {"lat":37.555,"lon":-77.9417,"city":"Powhatan","state":"VA","address":"4201 ANDERSON HIGHWAY","name":""},
  {"lat":38.0378,"lon":-79.0261,"city":"Stuarts Draft","state":"VA","address":"2870 STUARTS DRAFT HIGHWAY","name":""},
  {"lat":38.2756,"lon":-77.2039,"city":"King George","state":"VA","address":"8206 KINGS HIGHWAY","name":""},
  {"lat":38.7833,"lon":-77.5197,"city":"Manassas","state":"VA","address":"11774 SUDLEY MANOR DRIVE","name":""},
  {"lat":38.0219,"lon":-77.9999,"city":"Louisa","state":"VA","address":"216 EAST MAIN STREET","name":""},
  {"lat":38.4789,"lon":-77.4736,"city":"Stafford","state":"VA","address":"1175 GARRISONVILLE ROAD","name":""},
  {"lat":38.7837,"lon":-77.565,"city":"Manassas","state":"VA","address":"13039 Hansen Farm Road","name":""},
  {"lat":36.6282,"lon":-82.1493,"city":"Bristol","state":"VA","address":"3103 Lee Hwy","name":""},
  {"lat":36.6875,"lon":-80.8875,"city":"Galax","state":"VA","address":"1084 E STUART DRIVE","name":""},
  {"lat":38.6561,"lon":-77.2897,"city":"Woodbridge","state":"VA","address":"2500 CATON HILL ROAD","name":""},
  {"lat":38.9783,"lon":-77.4253,"city":"Sterling","state":"VA","address":"45550 Dulles Plaza","name":""},
  {"lat":37.1914,"lon":-77.3656,"city":"Petersburg","state":"VA","address":"151 WAGNER ROAD","name":""},
  {"lat":38.7328,"lon":-77.545,"city":"Bristow","state":"VA","address":"11627 NOKESVILLE ROAD","name":""},
  {"lat":37.0711,"lon":-79.8969,"city":"Rocky Mount","state":"VA","address":"20281 VIRGIL H GOODE HWY","name":""},
  {"lat":39.9057,"lon":-83.0761,"city":"Grove City","state":"OH","address":"3173 Centerpoint Dr","name":""},
  {"lat":40.0004,"lon":-82.9312,"city":"Columbus","state":"OH","address":"1485 N Cassady Ave","name":""},
  {"lat":39.9854,"lon":-82.7837,"city":"Reynoldsburg","state":"OH","address":"8271 E Broad St","name":""},
  {"lat":39.7232,"lon":-82.9876,"city":"South Bloomfield","state":"OH","address":"5010 Corrine Dr","name":""},
  {"lat":41.0007,"lon":-81.9942,"city":"Burbank","state":"OH","address":"8480 Willow Rd","name":""},
  {"lat":41.5184,"lon":-81.4662,"city":"Cleveland","state":"OH","address":"5900 Mayfield Rd","name":""},
  {"lat":41.4153,"lon":-82.2069,"city":"Amherst","state":"OH","address":"799 N Leavitt Rd","name":""},
  {"lat":41.761,"lon":-81.0484,"city":"Madison","state":"OH","address":"560 River St","name":""},
  {"lat":41.2369,"lon":-80.7666,"city":"Warren","state":"OH","address":"4013 E Market St","name":""},
  {"lat":41.0312,"lon":-81.8609,"city":"Seville","state":"OH","address":"360 Center St","name":""},
  {"lat":39.9715,"lon":-83.147,"city":"Columbus","state":"OH","address":"930 Hilliard Rome Rd","name":""},
  {"lat":40.1493,"lon":-82.9942,"city":"Columbus","state":"OH","address":"920 Polaris Pkwy","name":""},
  {"lat":39.65,"lon":-83.543,"city":"Jeffersonville","state":"OH","address":"321 State St","name":""},
  {"lat":40.3718,"lon":-82.8281,"city":"Marengo","state":"OH","address":"3937 Township Road 256","name":""},
  {"lat":41.0303,"lon":-81.4545,"city":"Akron","state":"OH","address":"2133 E Waterloo Rd","name":""},
  {"lat":38.2417,"lon":-81.5623,"city":"Marmet","state":"WV","address":"10401 MaCorkle Ave SE","name":""},
  {"lat":39.7447,"lon":-77.0867,"city":"Littlestown","state":"PA","address":"35 E KING ST","name":""},
  {"lat":41.2467,"lon":-78.7869,"city":"Brockway","state":"PA","address":"1408 MAIN ST","name":""},
  {"lat":41.0828,"lon":-78.7839,"city":"Dubois","state":"PA","address":"2120 BLINKER PKWY","name":""},
  {"lat":41.1189,"lon":-78.7597,"city":"Dubois","state":"PA","address":"124 N BRADY ST","name":""},
  {"lat":40.7778,"lon":-80.3247,"city":"Beaver Falls","state":"PA","address":"3611 4TH AVE","name":""},
  {"lat":41.6203,"lon":-80.1689,"city":"Meadville","state":"PA","address":"18425 SMOCK HWY","name":""},
  {"lat":40.3078,"lon":-79.5386,"city":"Greensburg","state":"PA","address":"211 HARVEY AVE","name":""},
  {"lat":40.5956,"lon":-77.5803,"city":"Lewistown","state":"PA","address":"113 JUNIATA STREET","name":""},
  {"lat":41.6028,"lon":-80.3044,"city":"Conneaut","state":"PA","address":"315 WATER ST BOX 5096","name":""},
  {"lat":41.7685,"lon":-78.0271,"city":"Coudersport","state":"PA","address":"139 Route 6 W","name":""},
  {"lat":41.8128,"lon":-78.282,"city":"Port Allegany","state":"PA","address":"101 N MAIN ST","name":""},
  {"lat":40.3614,"lon":-78.42,"city":"East Freedom","state":"PA","address":"8711 WOODBURY PIKE","name":""},
  {"lat":40.6106,"lon":-79.1883,"city":"Indiana","state":"PA","address":"525 BEN FRANKLIN RD S","name":""},
  {"lat":40.2614,"lon":-79.1969,"city":"Ligonier","state":"PA","address":"3832 STATE ROUTE 711","name":""},
  {"lat":39.9922,"lon":-77.6076,"city":"Chambersburg","state":"PA","address":"5346 GREENVILLAGE RD","name":""},
  {"lat":35.8628,"lon":-78.5994,"city":"Raleigh","state":"NC","address":"2408 DIXIE FOREST ROAD","name":""},
  {"lat":35.9739,"lon":-80.0339,"city":"High Point","state":"NC","address":"802 WESTCHESTER DR","name":""},
  {"lat":36.4081,"lon":-78.9769,"city":"Roxboro","state":"NC","address":"925 NORTH MADISON BLVD","name":""},
  {"lat":35.7221,"lon":-78.8207,"city":"Apex","state":"NC","address":"4000 LUFKIN ROAD","name":""},
  {"lat":35.6331,"lon":-78.4953,"city":"Clayton","state":"NC","address":"1671 Veterans Parkway","name":""},
  {"lat":36.1661,"lon":-79.7181,"city":"Greensboro","state":"NC","address":"4736 US HIGHWAY 29N","name":""},
  {"lat":35.6175,"lon":-78.5348,"city":"Garner","state":"NC","address":"5502 CORNWALLIS ROAD","name":""},
  {"lat":35.8603,"lon":-78.895,"city":"Cary","state":"NC","address":"4010 CONVENIENCE LANE","name":""},
  {"lat":35.4275,"lon":-78.0639,"city":"Goldsboro","state":"NC","address":"2829 US HIGHWAY 70 WEST","name":""},
  {"lat":35.855,"lon":-80.0722,"city":"Thomasville","state":"NC","address":"1810 LIBERTY DR","name":""},
  {"lat":36.4341,"lon":-77.6372,"city":"Roanoke Rapids","state":"NC","address":"1500 JULIAN R ALLSBROOK HWY","name":""},
  {"lat":36.0936,"lon":-80.3697,"city":"Winston Salem","state":"NC","address":"5230 BEAUCHAMP LANE","name":""},
  {"lat":35.8007,"lon":-80.2883,"city":"Lexington","state":"NC","address":"2350 SOUTH MAIN STREET","name":""},
  {"lat":36.0194,"lon":-78.9461,"city":"Durham","state":"NC","address":"3414 HILLSBOROUGH ROAD","name":""},
  {"lat":36.005,"lon":-80.0381,"city":"High Point","state":"NC","address":"3350 NORTH MAIN ST","name":""},
  {"lat":38.9457,"lon":-77.5196,"city":"Sterling","state":"VA","address":"42855 YARDLEY RIDGE DRIVE","name":""},
  {"lat":38.66,"lon":-77.3677,"city":"Woodbridge","state":"VA","address":"5350 DALE BLVD","name":""},
  {"lat":37.4094,"lon":-79.9134,"city":"Daleville","state":"VA","address":"1725 ROANOKE RD","name":""},
  {"lat":39.0252,"lon":-77.417,"city":"Sterling","state":"VA","address":"21304 WINDMILL PARC DRIVE","name":""},
  {"lat":37.2517,"lon":-77.3697,"city":"Prince George","state":"VA","address":"1900 COLONIAL CROSSINGS DR","name":""},
  {"lat":38.1341,"lon":-77.5081,"city":"Woodford","state":"VA","address":"5015 MUDD TAVERN RD","name":""},
  {"lat":38.5837,"lon":-77.7679,"city":"Bealeton","state":"VA","address":"6350 CATLETT ROAD","name":""},
  {"lat":38.6488,"lon":-77.3077,"city":"Woodbridge","state":"VA","address":"3300 NOBLE POND WAY","name":""},
  {"lat":38.9374,"lon":-78.1988,"city":"Front Royal","state":"VA","address":"1621 N SHENANDOAH AVE","name":""},
  {"lat":37.3513,"lon":-79.2279,"city":"Lynchburg","state":"VA","address":"7900 TIMBERLAKE ROAD","name":""},
  {"lat":39.1025,"lon":-77.5244,"city":"Leesburg","state":"VA","address":"601 California Drive NE","name":""},
  {"lat":37.524,"lon":-77.3302,"city":"Sandston","state":"VA","address":"550 S Airport Dr","name":""},
  {"lat":37.6297,"lon":-77.362,"city":"Mechanicsville","state":"VA","address":"7419 Pole Green Rd","name":""},
  {"lat":38.7608,"lon":-78.6325,"city":"Mt Jackson","state":"VA","address":"227 CONICVILLE BLVD","name":""},
  {"lat":39.064,"lon":-77.4621,"city":"Ashburn","state":"VA","address":"19910 Riverside Commons Plaza","name":""},
  {"lat":40.0641,"lon":-83.0562,"city":"Columbus","state":"OH","address":"1380 Bethel Rd","name":""},
  {"lat":39.9592,"lon":-82.6835,"city":"Etna","state":"OH","address":"10250 National Road SW","name":""},
  {"lat":39.9609,"lon":-83.3709,"city":"London","state":"OH","address":"1420 US-42 NE","name":""},
  {"lat":40.2367,"lon":-83.3559,"city":"Marysville","state":"OH","address":"800 Delaware Ave","name":""},
  {"lat":39.8954,"lon":-83.7211,"city":"Springfield","state":"OH","address":"1751 Titus Rd","name":""},
  {"lat":39.9827,"lon":-81.7336,"city":"New Concord","state":"OH","address":"701 S Friendship Dr","name":""},
  {"lat":39.8622,"lon":-82.8278,"city":"Canal Winchester","state":"OH","address":"5800 Gender Rd","name":""},
  {"lat":40.0314,"lon":-82.4371,"city":"Heath","state":"OH","address":"750 Hebron Rd","name":""},
  {"lat":39.8626,"lon":-84.1377,"city":"Huber Heights","state":"OH","address":"7550 Old Troy Pike","name":""},
  {"lat":41.7261,"lon":-81.2575,"city":"Painesville","state":"OH","address":"439 Richmond St","name":""},
  {"lat":40.1742,"lon":-83.0228,"city":"Lewis Center","state":"OH","address":"8056 Columbus Pike","name":""},
  {"lat":39.8792,"lon":-82.9322,"city":"Obetz","state":"OH","address":"4375 Alum Creek Dr","name":""},
  {"lat":40.0957,"lon":-82.9268,"city":"Westerville","state":"OH","address":"6051 Emrick Road","name":""},
  {"lat":41.1098,"lon":-80.8864,"city":"North Jackson","state":"OH","address":"1301 N Bailey Rd","name":""},
  {"lat":41.8009,"lon":-81.0733,"city":"Madison","state":"OH","address":"6020 N Ridge Rd","name":""},
  {"lat":40.0214,"lon":-79.078,"city":"Somerset","state":"PA","address":"1189 N CENTER AVE","name":""},
  {"lat":40.935,"lon":-77.8147,"city":"Bellefonte","state":"PA","address":"820 S EAGLE VALLEY RD","name":""},
  {"lat":40.0553,"lon":-79.5608,"city":"Connellsville","state":"PA","address":"2601 MEMORIAL BLVD","name":""},
  {"lat":40.4803,"lon":-78.4031,"city":"Altoona","state":"PA","address":"400 E PLANK RD","name":""},
  {"lat":41.3294,"lon":-80.4133,"city":"Transfer","state":"PA","address":"270 EDGEWOOD DRIVE EXT","name":""},
  {"lat":40.5417,"lon":-79.7983,"city":"Cheswick","state":"PA","address":"1505 Pittsburgh Street","name":""},
  {"lat":40.2215,"lon":-77.1631,"city":"Carlisle","state":"PA","address":"1098 HARRISBURG PIKE","name":""},
  {"lat":40.5828,"lon":-77.37,"city":"Mifflintown","state":"PA","address":"24578 ROUTE 35 N","name":""},
  {"lat":41.1414,"lon":-78.785,"city":"Falls Creek","state":"PA","address":"1867 RICH HWY","name":""},
  {"lat":40.2464,"lon":-77.0286,"city":"Mechanicsburg","state":"PA","address":"6558 CARLISLE PIKE","name":""},
  {"lat":40.4592,"lon":-78.5928,"city":"Cresson","state":"PA","address":"7551 ADMIRAL PEARY HWY","name":""},
  {"lat":39.8231,"lon":-76.9972,"city":"Hanover","state":"PA","address":"1191 CARLISLE ST","name":""},
  {"lat":40.1933,"lon":-76.9919,"city":"Mechanicsburg","state":"PA","address":"1415 S MARKET ST","name":""},
  {"lat":41.2011,"lon":-80.4558,"city":"Hermitage","state":"PA","address":"2381 S HERMITAGE RD","name":""},
  {"lat":40.4239,"lon":-79.6667,"city":"Murrysville","state":"PA","address":"4701 WILLIAM PENN HWY","name":""},
  {"lat":36.0697,"lon":-80.1125,"city":"Kernersville","state":"NC","address":"1551 GLENN CENTER DRIVE","name":""},
  {"lat":35.9181,"lon":-80.0578,"city":"Thomasville","state":"NC","address":"1340 NATIONAL HIGHWAY","name":""},
  {"lat":35.5936,"lon":-78.5989,"city":"Garner","state":"NC","address":"16311 NC 50 HIGHWAY N","name":""},
  {"lat":36.0594,"lon":-79.4342,"city":"Burlington","state":"NC","address":"2669 MAPLE AVE","name":""},
  {"lat":35.6975,"lon":-81.2617,"city":"Conover","state":"NC","address":"1819 FAIRGROVE CHURCH RD SE","name":""},
  {"lat":36.0097,"lon":-80.4447,"city":"Bermuda Run","state":"NC","address":"286 NC HWY 801 N","name":""},
  {"lat":35.6361,"lon":-78.4422,"city":"Clayton","state":"NC","address":"9777 Clayton Boulevard","name":""},
  {"lat":35.7067,"lon":-81.2953,"city":"Hickory","state":"NC","address":"2191 13TH AVE DRIVE SE","name":""},
  {"lat":35.6103,"lon":-78.8072,"city":"Fuquay Varina","state":"NC","address":"1885 N BROAD ST","name":""},
  {"lat":35.8094,"lon":-78.8222,"city":"Morrisville","state":"NC","address":"1019 MORRISVILLE PARKWAY","name":""},
  {"lat":35.7514,"lon":-81.2881,"city":"Hickory","state":"NC","address":"2387 SPRING ROAD NE","name":""},
  {"lat":35.6981,"lon":-78.5853,"city":"Garner","state":"NC","address":"40 CABELA DR","name":""},
  {"lat":35.9074,"lon":-78.961,"city":"Durham","state":"NC","address":"7520 NC 751","name":""},
  {"lat":35.8764,"lon":-78.5386,"city":"Raleigh","state":"NC","address":"7513 RAMBLE WAY","name":""},
  {"lat":35.7684,"lon":-80.8548,"city":"Statesville","state":"NC","address":"1532 SALISBURY HIGHWAY","name":""},
  {"lat":38.9821,"lon":-77.4462,"city":"Sterling","state":"VA","address":"22935 Relocation Dr","name":""},
  {"lat":38.4174,"lon":-77.4188,"city":"Stafford","state":"VA","address":"15 Wyche Road","name":""},
  {"lat":38.9287,"lon":-77.424,"city":"Herndon","state":"VA","address":"13840 McLearen Rd","name":""},
  {"lat":38.1314,"lon":-78.4364,"city":"Charlottesville","state":"VA","address":"3510 Seminole Trail","name":""},
  {"lat":37.2997,"lon":-79.894,"city":"Roanoke","state":"VA","address":"3353 Orange Ave, NE","name":""},
  {"lat":38.0188,"lon":-77.5042,"city":"Ruther Glen","state":"VA","address":"VA Route 639 & Green Road","name":""},
  {"lat":38.798,"lon":-77.4472,"city":"Manassas","state":"VA","address":"7285 Centreville Rd","name":""},
  {"lat":37.1373,"lon":-80.3589,"city":"Christiansburg","state":"VA","address":"2390 Roanoke St","name":""},
  {"lat":37.3502,"lon":-78.9763,"city":"Concord","state":"VA","address":"10285 Village Hwy","name":""},
  {"lat":38.0645,"lon":-78.9333,"city":"Waynesboro","state":"VA","address":"1870 Rosser Ave","name":""},
  {"lat":37.6031,"lon":-77.5682,"city":"Henrico","state":"VA","address":"8711 Quioccasin Rd","name":""},
  {"lat":37.4491,"lon":-77.6476,"city":"Midlothian","state":"VA","address":"13591 Genito Rd","name":""},
  {"lat":37.5386,"lon":-77.5193,"city":"Richmond","state":"VA","address":"2911 Hathaway Rd","name":""},
  {"lat":37.4303,"lon":-77.618,"city":"Midlothian","state":"VA","address":"12163 Hull St Rd","name":""},
  {"lat":37.1828,"lon":-77.3164,"city":"Disputanta","state":"VA","address":"4750 County Dr","name":""},
  {"lat":41.3435,"lon":-82.0655,"city":"Elyria","state":"OH","address":"38265 Chestnut Ridge Rd","name":""},
  {"lat":41.6571,"lon":-81.241,"city":"Painesville","state":"OH","address":"11090 Capital parkway","name":""},
  {"lat":41.4191,"lon":-81.7273,"city":"Cleveland","state":"OH","address":"6200 Brookpark Rd","name":""},
  {"lat":39.8407,"lon":-84.1979,"city":"Dayton","state":"OH","address":"3250 Benchwood Rd","name":""},
  {"lat":41.584,"lon":-81.4806,"city":"Willoughby Hills","state":"OH","address":"28601 Chardon Road","name":""},
  {"lat":39.7258,"lon":-84.0572,"city":"Beavercreek","state":"OH","address":"1270 N Fairfield Rd","name":""},
  {"lat":39.8596,"lon":-82.7827,"city":"Canal Winchester","state":"OH","address":"8265 Diley Road","name":""},
  {"lat":40.7573,"lon":-81.515,"city":"Massillon","state":"OH","address":"3544 Erie Ave SW","name":""},
  {"lat":39.8186,"lon":-84.0047,"city":"Fairborn","state":"OH","address":"781 E Xenia Dr","name":""},
  {"lat":39.5626,"lon":-84.2601,"city":"Springboro","state":"OH","address":"800 W Central Ave","name":""},
  {"lat":39.9551,"lon":-82.7711,"city":"Reynoldsburg","state":"OH","address":"8555 East Main Street","name":""},
  {"lat":40.1176,"lon":-83.012,"city":"Columbus","state":"OH","address":"161 E Campus View Blvd","name":""},
  {"lat":39.5452,"lon":-84.2947,"city":"Franklin","state":"OH","address":"100 Watkins Glen Dr","name":""},
  {"lat":39.8717,"lon":-84.1004,"city":"Huber Heights","state":"OH","address":"8245 Brandt Pike","name":""},
  {"lat":39.628,"lon":-84.1816,"city":"Centerville","state":"OH","address":"821 Miamisburg Centerville Road","name":""},
  {"lat":40.3133,"lon":-76.5844,"city":"Palmyra","state":"PA","address":"811 E Main St","name":""},
  {"lat":41.0122,"lon":-76.4106,"city":"Bloomsburg","state":"PA","address":"2511 NEW BERWICK HWY","name":""},
  {"lat":40.4792,"lon":-78.0131,"city":"Huntingdon","state":"PA","address":"9681 William Penn Hwy","name":""},
  {"lat":40.8608,"lon":-76.5492,"city":"Elysburg","state":"PA","address":"38 S Market St","name":""},
  {"lat":40.846,"lon":-79.8819,"city":"Butler","state":"PA","address":"1100 CENTER AVE","name":""},
  {"lat":40.3364,"lon":-76.8261,"city":"Harrisburg","state":"PA","address":"2300 Colonial Rd","name":""},
  {"lat":40.6267,"lon":-80.2286,"city":"Baden","state":"PA","address":"100 OHIO RIVER BLVD","name":""},
  {"lat":39.9789,"lon":-76.6814,"city":"York","state":"PA","address":"405 Memory Ln","name":""},
  {"lat":40,"lon":-78.2393,"city":"Breezewood","state":"PA","address":"16417 Lincoln Hwy","name":""},
  {"lat":40.3869,"lon":-75.9267,"city":"Reading","state":"PA","address":"501 E Bellevue Ave","name":""},
  {"lat":40.2923,"lon":-78.8389,"city":"Johnstown","state":"PA","address":"405 Galleria Dr","name":""},
  {"lat":40.4486,"lon":-76.9311,"city":"Halifax","state":"PA","address":"13 SOUTH RIVER RD","name":""},
  {"lat":40.3139,"lon":-79.6717,"city":"Irwin","state":"PA","address":"7821 ROUTE 30","name":""},
  {"lat":39.8606,"lon":-79.9544,"city":"Carmichaels","state":"PA","address":"973 S 88 RD","name":""},
  {"lat":40.0939,"lon":-76.1125,"city":"New Holland","state":"PA","address":"698 W Main St","name":""},
  {"lat":35.9789,"lon":-77.9727,"city":"Nashville","state":"NC","address":"100 EAST EVANS DRIVE","name":""},
  {"lat":36.0947,"lon":-79.9961,"city":"Colfax","state":"NC","address":"3202 SANDY RIDGE ROAD","name":""},
  {"lat":36.1419,"lon":-80.2925,"city":"Winston Salem","state":"NC","address":"2985 FAIRLAWN DR","name":""},
  {"lat":35.8736,"lon":-78.7289,"city":"Raleigh","state":"NC","address":"8101 GLENWOOD AVE","name":""},
  {"lat":36.0633,"lon":-79.8186,"city":"Greensboro","state":"NC","address":"1639 SPRINGS GARDEN RD","name":""},
  {"lat":36.1883,"lon":-80.2778,"city":"Winston Salem","state":"NC","address":"5034 RAVEN RD","name":""},
  {"lat":35.8778,"lon":-78.8639,"city":"Durham","state":"NC","address":"390 Davis Dr","name":""},
  {"lat":35.4209,"lon":-78.8064,"city":"Lillington","state":"NC","address":"55 PINE STATE STREET","name":""},
  {"lat":36.0563,"lon":-79.0808,"city":"Hillsborough","state":"NC","address":"1990 NC 86 SOUTH","name":""},
  {"lat":36.0907,"lon":-79.7014,"city":"Greensboro","state":"NC","address":"4401 BURLINGTON ROAD","name":""},
  {"lat":35.6391,"lon":-78.8444,"city":"Holly Springs","state":"NC","address":"1100 AVENT FERRY ROAD","name":""},
  {"lat":36.0329,"lon":-79.9555,"city":"High Point","state":"NC","address":"4120 BRIAN JORDAN PL","name":""},
  {"lat":35.7974,"lon":-78.4995,"city":"Knightdale","state":"NC","address":"6030 VILLAGE PARK DR","name":""},
  {"lat":35.9433,"lon":-78.5595,"city":"Raleigh","state":"NC","address":"13401 FALLS OF NEUSE RD","name":""},
  {"lat":35.8231,"lon":-79.8214,"city":"Randleman","state":"NC","address":"2 PARRISH DR","name":""},
  {"lat":38.2147,"lon":-77.5437,"city":"Fredericksburg","state":"VA","address":"6101 Smith Station Rd","name":""},
  {"lat":38.908,"lon":-77.5441,"city":"Chantilly","state":"VA","address":"25681 Branch Rail Drive","name":""},
  {"lat":37.2109,"lon":-80.4005,"city":"Blacksburg","state":"VA","address":"1704 S Main St","name":""},
  {"lat":37.4693,"lon":-77.6386,"city":"Midlothian","state":"VA","address":"12851 Lucks Lane","name":""},
  {"lat":39.1912,"lon":-78.2033,"city":"Winchester","state":"VA","address":"133 Botanical Blvd","name":""},
  {"lat":38.8016,"lon":-77.5889,"city":"Gainesville","state":"VA","address":"7201 New Stable Way","name":""},
  {"lat":39.0269,"lon":-78.2675,"city":"Middletown","state":"VA","address":"121 Confidence Lane","name":""},
  {"lat":37.1894,"lon":-77.4951,"city":"North Dinwiddie","state":"VA","address":"6101 Beck Chappell Drive","name":""},
  {"lat":37.4999,"lon":-77.5706,"city":"Richmond","state":"VA","address":"9420 Midlothian Tpke","name":""},
  {"lat":37.3486,"lon":-79.9504,"city":"Hollins","state":"VA","address":"7506 Williamson Rd","name":""},
  {"lat":37.3471,"lon":-79.844,"city":"Roanoke","state":"VA","address":"1783 Blue Ridge Blvd","name":""},
  {"lat":37.3878,"lon":-77.5146,"city":"Chesterfield","state":"VA","address":"9400 Courthouse Landing Dr","name":""},
  {"lat":38.3616,"lon":-78.9348,"city":"Mount Crawford","state":"VA","address":"280 Parsons Street","name":""},
  {"lat":36.6964,"lon":-79.8987,"city":"Martinsville","state":"VA","address":"1020 Virginia Ave","name":""},
  {"lat":38.4833,"lon":-78.8167,"city":"Harrisonburg","state":"VA","address":"54 Valley Ranger Road","name":""},
  {"lat":39.7326,"lon":-82.6182,"city":"Lancaster","state":"OH","address":"1800 N Memorial Dr","name":""},
  {"lat":41.4591,"lon":-81.9894,"city":"Avon","state":"OH","address":"1846 Nagel Rd","name":""},
  {"lat":41.3126,"lon":-81.8051,"city":"Strongsville","state":"OH","address":"15385 Royalton Rd","name":""},
  {"lat":41.6537,"lon":-83.6995,"city":"Toledo","state":"OH","address":"6633 Dorr St","name":""},
  {"lat":40.0023,"lon":-83.1381,"city":"Columbus","state":"OH","address":"4881 Roberts Rd","name":""},
  {"lat":41.5611,"lon":-83.6717,"city":"Maumee","state":"OH","address":"1150 Clinic Dr","name":""},
  {"lat":39.7732,"lon":-84.0868,"city":"Beavercreek","state":"OH","address":"4215 Colonel Glenn Hwy","name":""},
  {"lat":41.0385,"lon":-81.6092,"city":"Norton","state":"OH","address":"3240 Barber Rd","name":""},
  {"lat":41.1717,"lon":-83.6518,"city":"North Baltimore","state":"OH","address":"13175 Deshler Rd","name":""},
  {"lat":40.119,"lon":-83.0898,"city":"Dublin","state":"OH","address":"7480 Sawmill Rd","name":""},
  {"lat":41.1114,"lon":-81.3484,"city":"Kent","state":"OH","address":"1255 Sanctuary View Dr","name":""},
  {"lat":40.0938,"lon":-84.2249,"city":"Troy","state":"OH","address":"3460 N County Road 25-A","name":""},
  {"lat":41.6768,"lon":-83.6869,"city":"Toledo","state":"OH","address":"3121 Marsrow Ave","name":""},
  {"lat":41.0878,"lon":-83.6492,"city":"Findlay","state":"OH","address":"12100 Country Road 99","name":""},
  {"lat":41.398,"lon":-83.1071,"city":"Fremont","state":"OH","address":"3400 N State Route 53","name":""},
  {"lat":40.1208,"lon":-77.19,"city":"Mt Holly Springs","state":"PA","address":"420 N Baltimore Ave","name":""},
  {"lat":40.8214,"lon":-76.8492,"city":"Selinsgrove","state":"PA","address":"766 NORTH SUSQUEHANNA TRAIL","name":""},
  {"lat":40.0633,"lon":-76.5417,"city":"Marietta","state":"PA","address":"1158 River Rd","name":""},
  {"lat":40.1758,"lon":-76.3083,"city":"Lititz","state":"PA","address":"701 Furnace Hills Pike","name":""},
  {"lat":40.2186,"lon":-79.6094,"city":"New Stanton","state":"PA","address":"205 N Center Ave","name":""},
  {"lat":42.0725,"lon":-80.1819,"city":"Erie","state":"PA","address":"4662 W Ridge Rd","name":""},
  {"lat":40.9742,"lon":-80.2664,"city":"New Castle","state":"PA","address":"3208 US 422","name":""},
  {"lat":40.4853,"lon":-75.8381,"city":"Fleetwood","state":"PA","address":"14350 Kutztown Rd","name":""},
  {"lat":40.8775,"lon":-79.9489,"city":"Butler","state":"PA","address":"356 NEW CASTLE RD","name":""},
  {"lat":41.0336,"lon":-78.4044,"city":"Clearfield","state":"PA","address":"14259 Clearfield Shawville Hwy","name":""},
  {"lat":40.3361,"lon":-79.9711,"city":"Pittsburgh","state":"PA","address":"251 Curry Hollow Rd","name":""},
  {"lat":39.9669,"lon":-76.7775,"city":"York","state":"PA","address":"1484 Carlisle Rd","name":""},
  {"lat":40.5014,"lon":-75.9639,"city":"Shoemakersville","state":"PA","address":"554 Shoemaker Ave","name":""},
  {"lat":40.0697,"lon":-76.3011,"city":"Lancaster","state":"PA","address":"1699 Oregon Pike","name":""},
  {"lat":40.6725,"lon":-76.2347,"city":"Pottsville","state":"PA","address":"900 Gordon Nagle Trl","name":""},
  {"lat":35.7459,"lon":-78.7361,"city":"Cary","state":"NC","address":"101 KUMAR COURT","name":""},
  {"lat":36.0429,"lon":-78.9049,"city":"Durham","state":"NC","address":"3208 NORTH DUKE ST","name":""},
  {"lat":35.1337,"lon":-78.8772,"city":"Fayetteville","state":"NC","address":"5323 Ramsey St","name":""},
  {"lat":35.6051,"lon":-77.4008,"city":"Greenville","state":"NC","address":"701 MOYE BOULEVARD","name":""},
  {"lat":35.7251,"lon":-78.5793,"city":"Garner","state":"NC","address":"4005 Jones Sausage Rd","name":""},
  {"lat":35.2521,"lon":-79.0264,"city":"Cameron","state":"NC","address":"2201 NC 24-87","name":""},
  {"lat":36.136,"lon":-79.9671,"city":"Greensboro","state":"NC","address":"1701 Greenbourne Drive","name":""},
  {"lat":35.0435,"lon":-78.9912,"city":"Fayetteville","state":"NC","address":"6410 Raeford Rd","name":""},
  {"lat":35.9401,"lon":-78.8562,"city":"Durham","state":"NC","address":"1014 Yunus Road","name":""},
  {"lat":36.4828,"lon":-80.7556,"city":"Mount Airy","state":"NC","address":"155 Oak Grove Church Rd","name":""},
  {"lat":36.1502,"lon":-81.232,"city":"Wilkesboro","state":"NC","address":"4112 W US Highway 421","name":""},
  {"lat":35.4601,"lon":-79.1456,"city":"Sanford","state":"NC","address":"2409 S Horner Blvd","name":""},
  {"lat":35.8173,"lon":-80.8323,"city":"Statesville","state":"NC","address":"195 Old Mocksville Rd","name":""},
  {"lat":34.9408,"lon":-78.9261,"city":"Hope Mills","state":"NC","address":"310 Chicken Foot Rd","name":""},
  {"lat":35.3414,"lon":-79.4007,"city":"Carthage","state":"NC","address":"1025 Monroe St","name":""},
  {"lat":37.6406,"lon":-77.5719,"city":"Richmond","state":"VA","address":"9927 Mayland Dr","name":""},
  {"lat":37.2257,"lon":-79.9699,"city":"Roanoke","state":"VA","address":"4143 Franklin Rd SW","name":""},
  {"lat":41.0456,"lon":-81.7294,"city":"Wadsworth","state":"OH","address":"820 High St","name":""},
  {"lat":41.6896,"lon":-83.7042,"city":"Sylvania","state":"OH","address":"3955 N McCord Rd","name":""},
  {"lat":39.9507,"lon":-83.1547,"city":"Galloway","state":"OH","address":"5757 W Broad St","name":""},
  {"lat":40.312,"lon":-84.1745,"city":"Sidney","state":"OH","address":"2389 Shingle Oak Dr","name":""},
  {"lat":39.6418,"lon":-84.243,"city":"West Carrollton","state":"OH","address":"2100 S Alex Rd","name":""},
  {"lat":41.5803,"lon":-83.6865,"city":"Maumee","state":"OH","address":"1391 Arrowhead Rd","name":""},
  {"lat":41.0537,"lon":-83.6117,"city":"Findlay","state":"OH","address":"1880 Tiffin Ave","name":""},
  {"lat":41.398,"lon":-81.4689,"city":"Solon","state":"OH","address":"5950 Cochran Rd","name":""},
  {"lat":41.6364,"lon":-83.4831,"city":"Oregon","state":"OH","address":"2740 Navarre Ave","name":""},
  {"lat":41.0846,"lon":-81.4167,"city":"Tallmadge","state":"OH","address":"592 S Munroe Rd","name":""},
  {"lat":41.6042,"lon":-83.6656,"city":"Toledo","state":"OH","address":"1950 S Reynolds Rd","name":""},
  {"lat":39.9995,"lon":-82.8657,"city":"Gahanna","state":"OH","address":"495 Crescent Circle","name":""},
  {"lat":40.8855,"lon":-80.6518,"city":"Columbiana","state":"OH","address":"44952 State Route 14","name":""},
  {"lat":39.8163,"lon":-84.1304,"city":"Dayton","state":"OH","address":"4840 Needmore Rd","name":""},
  {"lat":41.3497,"lon":-79.7108,"city":"Cranberry","state":"PA","address":"7119 US 322 BOX 228","name":""},
  {"lat":40.1906,"lon":-77.2408,"city":"Carlisle","state":"PA","address":"1900 RITNER HWY","name":""},
  {"lat":39.9156,"lon":-76.6294,"city":"Red Lion","state":"PA","address":"3200 Cape Horn Rd","name":""},
  {"lat":40.1308,"lon":-76.2175,"city":"Ephrata","state":"PA","address":"4179 Oregon Pike","name":""},
  {"lat":40.3118,"lon":-75.8686,"city":"Reading","state":"PA","address":"4100 PERKIOMEN AVE","name":""},
  {"lat":40.9236,"lon":-77.0308,"city":"Mifflinburg","state":"PA","address":"240 E CHESTNUT ST","name":""},
  {"lat":40.634,"lon":-80.0594,"city":"Wexford","state":"PA","address":"12000 PERRY HWY","name":""},
  {"lat":39.9117,"lon":-79.7472,"city":"Uniontown","state":"PA","address":"655 WEST MAIN ST","name":""},
  {"lat":40.2524,"lon":-80.1712,"city":"Canonsburg","state":"PA","address":"2401 WASHINGTON RD","name":""},
  {"lat":41.1147,"lon":-77.4789,"city":"Mill Hall","state":"PA","address":"288 HOGAN BLVD","name":""},
  {"lat":41.2478,"lon":-76.9583,"city":"Williamsport","state":"PA","address":"330 WESTMINSTER DR","name":""},
  {"lat":39.8967,"lon":-80.1614,"city":"Waynesburg","state":"PA","address":"111 E ROY FURMAN HIGHWAY","name":""},
  {"lat":40.8114,"lon":-77.9225,"city":"State College","state":"PA","address":"101 VALLEY VISTA DR","name":""},
  {"lat":40.3556,"lon":-76.9867,"city":"Duncannon","state":"PA","address":"1550 State Rd","name":""},
  {"lat":40.3271,"lon":-76.0399,"city":"Sinking Spring","state":"PA","address":"4661 PENN AVE","name":""},
  {"lat":35.778,"lon":-81.3964,"city":"Granite Falls","state":"NC","address":"4769 Hickory Blvd","name":""},
  {"lat":35.7356,"lon":-81.7272,"city":"Morganton","state":"NC","address":"400 Carbon City Rd","name":""},
  {"lat":34.3902,"lon":-77.682,"city":"Hampstead","state":"NC","address":"17000 US Highway 17 N","name":""},
  {"lat":35.395,"lon":-82.5041,"city":"Hendersonville","state":"NC","address":"5440 Asheville Hwy","name":""},
  {"lat":35.1586,"lon":-79.4121,"city":"Southern Pines","state":"NC","address":"1695 US-1","name":""},
  {"lat":35.6083,"lon":-80.5166,"city":"Salisbury","state":"NC","address":"1215 Peeler Rd","name":""},
  {"lat":34.1961,"lon":-77.9079,"city":"Wilmington","state":"NC","address":"2517 Shipyard Blvd","name":""},
  {"lat":34.9928,"lon":-78.1274,"city":"Warsaw","state":"NC","address":"2543 W NC 24 Hwy","name":""},
  {"lat":36.2179,"lon":-81.6642,"city":"Boone","state":"NC","address":"140 Cheek Ave","name":""},
  {"lat":35.4367,"lon":-79.2193,"city":"Sanford","state":"NC","address":"2304 Jefferson Davis Highway","name":""},
  {"lat":35.0462,"lon":-78.929,"city":"Fayetteville","state":"NC","address":"3008 Raeford Road","name":""},
  {"lat":35.6499,"lon":-82.0333,"city":"Marion","state":"NC","address":"2756 Sugar Hill Rd","name":""},
  {"lat":36.0569,"lon":-80.2601,"city":"Winston Salem","state":"NC","address":"2698 Peters Creek Pkwy","name":""},
  {"lat":34.1063,"lon":-77.8991,"city":"Wilmington","state":"NC","address":"6401 Carolina Beach Road","name":""},
  {"lat":35.8443,"lon":-78.515,"city":"Raleigh","state":"NC","address":"7350 Buffaloe Rd","name":""},
  {"lat":40.9914,"lon":-75.9842,"city":"Hazle Township","state":"PA","address":"101 AIRPORT RD","name":""},
  {"lat":40.4444,"lon":-75.9547,"city":"Leesport","state":"PA","address":"5515 POTTSVILLE PIKE","name":""},
  {"lat":41.2342,"lon":-75.8664,"city":"Wilkes Barre","state":"PA","address":"464 WILKES BARRE TOWNSHIP BLVD","name":""},
  {"lat":41.1678,"lon":-80.1103,"city":"Grove City","state":"PA","address":"1526 W MAIN STREET EXT","name":""},
  {"lat":41.1442,"lon":-80.1575,"city":"Grove City","state":"PA","address":"1931 BUTLER PIKE","name":""},
  {"lat":40.1121,"lon":-76.4525,"city":"Mt Joy","state":"PA","address":"1455 E MAIN ST","name":""},
  {"lat":40.3456,"lon":-79.765,"city":"North Huntingdon","state":"PA","address":"13700 RT 30","name":""},
  {"lat":40.3983,"lon":-79.4214,"city":"New Alexandria","state":"PA","address":"8299 ROUTE 22","name":""},
  {"lat":41.3056,"lon":-75.9333,"city":"Shavertown","state":"PA","address":"1240 MEMORIAL HWY","name":""},
  {"lat":39.8442,"lon":-77.1994,"city":"Gettysburg","state":"PA","address":"30 CAMP LETTERMAN DR","name":""},
  {"lat":40.3978,"lon":-79.7689,"city":"Monroeville","state":"PA","address":"2100 MOSSIDE BLVD","name":""},
  {"lat":40.6737,"lon":-75.516,"city":"Whitehall","state":"PA","address":"5001 MACARTHUR RD","name":""},
  {"lat":41.8803,"lon":-80.1728,"city":"Edinboro","state":"PA","address":"5930 ROUTE 6N","name":""},
  {"lat":40.8617,"lon":-79.9672,"city":"Butler","state":"PA","address":"499 EVANS CITY RD","name":""},
  {"lat":41.2331,"lon":-77.0194,"city":"Williamsport","state":"PA","address":"105 MAYNARD ST","name":""},
  {"lat":35.6829,"lon":-80.4173,"city":"Salisbury","state":"NC","address":"745 Andrews St","name":""},
  {"lat":36.0269,"lon":-79.8733,"city":"Greensboro","state":"NC","address":"4900 W Gate City Blvd","name":""},
  {"lat":35.9462,"lon":-79.0579,"city":"Chapel Hill","state":"NC","address":"1200 Martin Luther King Jr Blvd","name":""},
  {"lat":34.1515,"lon":-77.9031,"city":"Wilmington","state":"NC","address":"4915 Carolina Beach Road","name":""},
  {"lat":41.6228,"lon":-80.2042,"city":"Meadville","state":"PA","address":"16590 CONNEAUT LAKE RD","name":""},
  {"lat":40.8361,"lon":-77.8017,"city":"State College","state":"PA","address":"765 BENNER PIKE","name":""},
  {"lat":41.4375,"lon":-75.6192,"city":"Dunmore","state":"PA","address":"1101 ONEILL HWY","name":""},
  {"lat":41.2631,"lon":-75.8161,"city":"Plains Township","state":"PA","address":"1233 HIGHWAY 315 BLVD","name":""},
  {"lat":40.1553,"lon":-75.8739,"city":"Morgantown","state":"PA","address":"3830 MAIN ST","name":""},
  {"lat":39.9331,"lon":-76.8089,"city":"York","state":"PA","address":"4025 W MARKET ST","name":""},
  {"lat":40.2683,"lon":-76.6908,"city":"Hummelstown","state":"PA","address":"658 EAST MAIN STREET","name":""},
  {"lat":40.0525,"lon":-78.5103,"city":"Bedford","state":"PA","address":"4354 BUSINESS 220","name":""},
  {"lat":40.4481,"lon":-80.1575,"city":"Pittsburgh","state":"PA","address":"5410 CAMPBELLS RUN RD","name":""},
  {"lat":40.4992,"lon":-78.3917,"city":"Altoona","state":"PA","address":"1915 PLEASANT VALLEY BLVD","name":""},
  {"lat":41.4636,"lon":-75.6508,"city":"Scranton","state":"PA","address":"610 SCRANTON CARBONDALE HWY","name":""},
  {"lat":40.4378,"lon":-79.7742,"city":"Monroeville","state":"PA","address":"3954 WILLIAM PENN HWY","name":""},
  {"lat":41.4856,"lon":-75.6944,"city":"Clarks","state":"PA","address":"1109 NORTHERN BLVD","name":""},
  {"lat":40.5533,"lon":-79.1594,"city":"Homer City","state":"PA","address":"2260 ROUTE 119 HWY S","name":""},
  {"lat":40.3047,"lon":-76.4233,"city":"Lebanon","state":"PA","address":"195 ROCHERTY RD","name":""},
  {"lat":40.9603,"lon":-76.5761,"city":"Danville","state":"PA","address":"9 WOODBINE LN","name":""},
  {"lat":39.9367,"lon":-76.6931,"city":"York","state":"PA","address":"2068 S QUEEN ST","name":""},
  {"lat":40.2531,"lon":-76.8242,"city":"Harrisburg","state":"PA","address":"3695 PAXTON ST","name":""},
  {"lat":40.3203,"lon":-79.9425,"city":"Pittsburgh","state":"PA","address":"1000 CLAIRTON BLVD.","name":""},
  {"lat":40.1864,"lon":-79.8178,"city":"Rostraver Twp","state":"PA","address":"4692 Route 51 South","name":""},
  {"lat":40.9889,"lon":-76.8778,"city":"Lewisburg","state":"PA","address":"260 INTERNATIONAL DR","name":""},
  {"lat":40.5028,"lon":-80.2225,"city":"Moon Township","state":"PA","address":"9002 UNIVERSITY BLVD","name":""},
  {"lat":41.0647,"lon":-80.3594,"city":"New Castle","state":"PA","address":"3450 WILMINGTON RD","name":""},
  {"lat":41.2561,"lon":-80.4513,"city":"Hermitage","state":"PA","address":"1650 N HERMITAGE RD","name":""},
  {"lat":40.6561,"lon":-75.4169,"city":"Bethlehem","state":"PA","address":"3201 SCHOENERSVILLE RD","name":""},
  {"lat":40.0414,"lon":-76.3908,"city":"Lancaster","state":"PA","address":"3101 COLUMBIA AVE","name":""},
  {"lat":39.9422,"lon":-77.6333,"city":"Chambersburg","state":"PA","address":"875 NORLAND AVE","name":""},
  {"lat":41.4278,"lon":-78.5589,"city":"St. Mary'S","state":"PA","address":"117 S MICHAEL ST","name":""},
  {"lat":39.7383,"lon":-77.5269,"city":"Waynesboro","state":"PA","address":"13030 WASHINGTON TOWNSHIP BLVD","name":""},
  {"lat":40.6999,"lon":-79.7199,"city":"Sarver","state":"PA","address":"717 S PIKE RD","name":""},
  {"lat":40.6411,"lon":-76.1586,"city":"Schuylkill Haven","state":"PA","address":"270 ROUTE 61 S","name":""},
  {"lat":40.3249,"lon":-76.7824,"city":"Harrisburg","state":"PA","address":"6290 ALLENTOWN BLVD","name":""},
  {"lat":40.1167,"lon":-77.0386,"city":"Dillsburg","state":"PA","address":"493 N US Route 15","name":""},
  {"lat":40.5364,"lon":-78.3733,"city":"Altoona","state":"PA","address":"1015 OLD 6TH AVE RD","name":""},
  {"lat":40.0586,"lon":-76.3192,"city":"Lancaster","state":"PA","address":"1180 MANHEIM PIKE","name":""},
  {"lat":39.9919,"lon":-76.6358,"city":"York","state":"PA","address":"3998 E MARKET ST","name":""},
  {"lat":40.1992,"lon":-77.1539,"city":"Carlisle","state":"PA","address":"1796 WEST TRINDLE ROAD","name":""},
  {"lat":40.4672,"lon":-78.7567,"city":"Ebensburg","state":"PA","address":"4375 ADMIRAL PEARY HIGHWAY","name":""},
  {"lat":41.0467,"lon":-76.2736,"city":"Berwick","state":"PA","address":"2100 WEST FRONT STREET","name":""},
  {"lat":41.4028,"lon":-79.8061,"city":"Franklin","state":"PA","address":"590 ALLEGHENY BLVD","name":""},
  {"lat":41.2156,"lon":-77.1797,"city":"Linden","state":"PA","address":"7775 NORTH ROUTE 220 HWY","name":""},
  {"lat":40.8019,"lon":-79.4858,"city":"Kittanning","state":"PA","address":"13510 ST RTE 422","name":""},
  {"lat":39.7633,"lon":-76.9606,"city":"Hanover","state":"PA","address":"1841 BALTIMORE PIKE","name":""},
  {"lat":40.2639,"lon":-76.7831,"city":"Harrisburg","state":"PA","address":"6010 DERRY STREET","name":""},
  {"lat":40.8842,"lon":-77.7803,"city":"Bellefonte","state":"PA","address":"2850 BENNER PIKE","name":""},
  {"lat":39.7847,"lon":-77.7061,"city":"Greencastle","state":"PA","address":"11104 GRINDSTONE HILL ROAD","name":""},
  {"lat":40.5267,"lon":-79.8167,"city":"Verona","state":"PA","address":"2175 HULTON ROAD","name":""},
  {"lat":40.4089,"lon":-77.0103,"city":"Duncannon","state":"PA","address":"54 BENVENUE ROAD","name":""},
  {"lat":39.9836,"lon":-76.7267,"city":"York","state":"PA","address":"215 ARSENAL ROAD","name":""},
  {"lat":40.9897,"lon":-76.0656,"city":"Sugarloaf","state":"PA","address":"551 ST ROUTE 93","name":""},
  {"lat":39.9061,"lon":-77.6471,"city":"Chambersburg","state":"PA","address":"1819 WAYNE AVE","name":""},
  {"lat":40.4306,"lon":-79.8111,"city":"Pittsburgh","state":"PA","address":"3457 WILLIAM PENN HIGHWAY","name":""},
  {"lat":40.1394,"lon":-77.3658,"city":"Newville","state":"PA","address":"3299 RITNER HIGHWAY","name":""},
  {"lat":41.8052,"lon":-77.0845,"city":"Mansfield","state":"PA","address":"85 WEST WELLSBORO STREET","name":""},
  {"lat":40.7844,"lon":-77.8314,"city":"State College","state":"PA","address":"120 SOUTH RIDGE PLAZA","name":""},
  {"lat":40.515,"lon":-80.01,"city":"Pittsburgh","state":"PA","address":"3025 BABCOCK BLVD","name":""},
  {"lat":40.5881,"lon":-79.7461,"city":"Lower Burrell","state":"PA","address":"203 CRAIG DELL ROAD","name":""},
  {"lat":40.1633,"lon":-76.1533,"city":"Ephrata","state":"PA","address":"891 EAST MAIN ST","name":""},
  {"lat":39.9217,"lon":-79.7257,"city":"Uniontown","state":"PA","address":"570 PITTSBURGH ROAD","name":""},
  {"lat":40.2711,"lon":-78.8569,"city":"Johnstown","state":"PA","address":"1455 SCALP AVE","name":""},
  {"lat":40.2731,"lon":-78.46,"city":"Claysburg","state":"PA","address":"12604 DUNNINGS HIGHWAY","name":""},
  {"lat":40.4439,"lon":-79.2311,"city":"Blairsville","state":"PA","address":"610 ROUTE 22 HWY W","name":""},
  {"lat":42.0653,"lon":-80.0361,"city":"Erie","state":"PA","address":"8180 PERRY HIGHWAY","name":""},
  {"lat":40.5533,"lon":-80.1156,"city":"Sewickley","state":"PA","address":"1910 MT NEBO ROAD","name":""},
  {"lat":41.6269,"lon":-79.6797,"city":"Titusville","state":"PA","address":"331 WEST CENTRAL AVE","name":""},
  {"lat":40.3161,"lon":-79.6839,"city":"North Huntingdon","state":"PA","address":"101 RONDA COURT","name":""},
  {"lat":40.3511,"lon":-80.0231,"city":"Bethel Park","state":"PA","address":"4599 LIBRARY ROAD","name":""},
  {"lat":40.2431,"lon":-76.9931,"city":"Mechanicsburg","state":"PA","address":"6054 CARLISLE PIKE","name":""},
  {"lat":41.8749,"lon":-79.1528,"city":"North Warren","state":"PA","address":"2425 MARKET STREET","name":""},
  {"lat":40.7352,"lon":-80.1089,"city":"Cranberry Twp","state":"PA","address":"2000 EHRMAN ROAD","name":""},
  {"lat":40.7081,"lon":-75.2761,"city":"Easton","state":"PA","address":"3501 NAZARETH ROAD","name":""},
  {"lat":40.2779,"lon":-76.8229,"city":"Harrisburg","state":"PA","address":"4001 UNION DEPOSIT RD","name":""},
  {"lat":40.2189,"lon":-76.9789,"city":"Mechanicsburg","state":"PA","address":"5201 SIMPSON FERRY RD","name":""},
  {"lat":42.0061,"lon":-80.3081,"city":"Girard","state":"PA","address":"809 MAIN STREET EAST","name":""},
  {"lat":41.2131,"lon":-76.7619,"city":"Muncy","state":"PA","address":"45 MUNCY CREEK BLVD","name":""},
  {"lat":40.4768,"lon":-78.391,"city":"Altoona","state":"PA","address":"678 FRANKSTOWN ROAD","name":""},
  {"lat":40.0088,"lon":-76.3439,"city":"Lancaster","state":"PA","address":"1790 MILLERSVILLE ROAD","name":""},
  {"lat":40.8167,"lon":-79.9269,"city":"Butler","state":"PA","address":"249 PITTSBURGH ROAD","name":""},
  {"lat":40.2783,"lon":-78.8447,"city":"Johnstown","state":"PA","address":"524 Town Centre Dr","name":""},
  {"lat":41.0139,"lon":-80.3978,"city":"New Castle","state":"PA","address":"2604 WEST STATE ST","name":""},
  {"lat":39.76,"lon":-77.7278,"city":"Greencastle","state":"PA","address":"45 ANTRIM COMMONS DRIVE","name":""},
  {"lat":42.1053,"lon":-80.1492,"city":"Erie","state":"PA","address":"750 PENINSULA DR","name":""},
  {"lat":40.0401,"lon":-76.2076,"city":"Lancaster","state":"PA","address":"2425 OLD PHILADELPHIA PIKE","name":""},
  {"lat":40.0357,"lon":-76.456,"city":"Columbia","state":"PA","address":"4010 COLUMBIA AVE","name":""},
  {"lat":39.7993,"lon":-77.1994,"city":"Gettysburg","state":"PA","address":"1978 BALTIMORE PIKE","name":""},
  {"lat":40.835,"lon":-77.6715,"city":"Centre Hall","state":"PA","address":"106 SAVANNAH LN","name":""},
  {"lat":40.1989,"lon":-76.755,"city":"Middletown","state":"PA","address":"1401 WEST HARRISBURG PIKE","name":""},
  {"lat":40.63,"lon":-77.5678,"city":"Burnham","state":"PA","address":"101 N LOGAN BLVD","name":""},
  {"lat":40.4889,"lon":-78.0431,"city":"Huntingdon","state":"PA","address":"9894 SHANER BLVD","name":""},
  {"lat":40.2425,"lon":-76.8031,"city":"Harrisburg","state":"PA","address":"4651 LINDLE ROAD","name":""},
  {"lat":41.7708,"lon":-76.4147,"city":"Towanda","state":"PA","address":"1200 GOLDEN MILE ROAD","name":""},
  {"lat":40.4347,"lon":-79.7325,"city":"Monroeville","state":"PA","address":"4723 WILLIAM PENN HIGHWAY","name":""},
  {"lat":40.6675,"lon":-77.6072,"city":"Reedsville","state":"PA","address":"10 SHEETZ DR","name":""},
  {"lat":40.475,"lon":-76.2939,"city":"Bethel","state":"PA","address":"8555 LANCASTER AVE","name":""},
  {"lat":40.0127,"lon":-77.5351,"city":"Shippensburg","state":"PA","address":"8000 OLDE SCOTLAND ROAD","name":""},
  {"lat":40.5332,"lon":-80.0715,"city":"Pittsburgh","state":"PA","address":"211 MT NEBO ROAD","name":""},
  {"lat":41.9772,"lon":-78.6172,"city":"Bradford","state":"PA","address":"2 BOLIVAR DRIVE","name":""},
  {"lat":40.1394,"lon":-76.3822,"city":"Manheim","state":"PA","address":"1205 LANCASTER ROAD","name":""},
  {"lat":39.9106,"lon":-76.7014,"city":"York","state":"PA","address":"160 LEADERS HEIGHTS ROAD","name":""},
  {"lat":40.2436,"lon":-76.7069,"city":"Hummelstown","state":"PA","address":"777 MIDDLETOWN ROAD","name":""},
  {"lat":40.6125,"lon":-80.1006,"city":"Sewickley","state":"PA","address":"2615 NICHOLSON ROAD","name":""},
  {"lat":40.8961,"lon":-79.9078,"city":"Butler","state":"PA","address":"1518 N MAIN STREET EXTENSION","name":""},
  {"lat":40.5392,"lon":-79.8311,"city":"Pittsburgh","state":"PA","address":"2871 FREEPORT ROAD","name":""},
  {"lat":40.3525,"lon":-76.7153,"city":"Harrisburg","state":"PA","address":"7970 LINGLESTOWN ROAD","name":""},
  {"lat":40.4517,"lon":-80.1291,"city":"McKees Rocks","state":"PA","address":"5554 STEUBENVILLE PIKE","name":""},
  {"lat":40.6189,"lon":-79.7319,"city":"Natrona Heights","state":"PA","address":"1002 CALIFORNIA AVE","name":""},
  {"lat":40.8156,"lon":-77.9015,"city":"State College","state":"PA","address":"223 COLONNADE BLVD","name":""},
  {"lat":40.2336,"lon":-77.1189,"city":"Carlisle","state":"PA","address":"1720 HARRISBURG PIKE","name":""},
  {"lat":39.8711,"lon":-77.028,"city":"New Oxford","state":"PA","address":"6100 YORK ROAD","name":""},
  {"lat":40.1168,"lon":-76.3048,"city":"Lititz","state":"PA","address":"3205 LITITZ PIKE","name":""},
  {"lat":40.3724,"lon":-76.6506,"city":"Grantville","state":"PA","address":"9916 ALLENTOWN BLVD","name":""},
  {"lat":39.8989,"lon":-80.1343,"city":"Waynesburg","state":"PA","address":"398 E ROY FURMAN HIGHWAY","name":""},
  {"lat":40.3063,"lon":-75.9795,"city":"Reading","state":"PA","address":"2246 LANCASTER PIKE","name":""},
  {"lat":41.7098,"lon":-78.6937,"city":"Kane","state":"PA","address":"3014 ROUTE 219","name":""},
  {"lat":40.2576,"lon":-76.9179,"city":"Camp Hill","state":"PA","address":"91 ERFORD RD","name":""},
  {"lat":40.3005,"lon":-79.491,"city":"Greensburg","state":"PA","address":"5064 ROUTE 30 EAST","name":""},
  {"lat":41.4142,"lon":-75.6713,"city":"Scranton","state":"PA","address":"500 MOUNT PLEASANT DR","name":""},
  {"lat":40.0532,"lon":-76.2539,"city":"Lancaster","state":"PA","address":"518 GREENFIELD RD","name":""},
  {"lat":40.0104,"lon":-79.8684,"city":"Brownsville","state":"PA","address":"1105 GRINDSTONE RD","name":""},
  {"lat":40.2176,"lon":-80.2024,"city":"Washington","state":"PA","address":"300 RACETRACK ROAD","name":""},
  {"lat":40.3485,"lon":-80.1118,"city":"Bridgeville","state":"PA","address":"3109 WASHINGTON PIKE","name":""},
  {"lat":40.5138,"lon":-79.9522,"city":"Glenshaw","state":"PA","address":"973 WILLIAM FLYNN HIGHWAY","name":""},
  {"lat":40.3761,"lon":-80.0982,"city":"Bridgeville","state":"PA","address":"1297 WASHINGTON PIKE","name":""},
  {"lat":40.7379,"lon":-75.2642,"city":"Easton","state":"PA","address":"100 TROLLEY LINE DR, BLDG B1","name":""},
  {"lat":40.0801,"lon":-76.7654,"city":"York","state":"PA","address":"5235 N SUSQUEHANNA TRAIL","name":""},
  {"lat":41.1868,"lon":-76.9143,"city":"Montgomery","state":"PA","address":"5676 US ROUTE 15 HIGHWAY","name":""},
  {"lat":40.229,"lon":-76.8919,"city":"Camp Hill","state":"PA","address":"1508 Cedar Cliff Dr","name":""},
  {"lat":40.2868,"lon":-79.3792,"city":"Latrobe","state":"PA","address":"THEATRE ST & US 30","name":""},
  {"lat":41.3838,"lon":-75.7098,"city":"Taylor","state":"PA","address":"114 South Main St","name":""},
  {"lat":39.9873,"lon":-76.2803,"city":"Lancaster","state":"PA","address":"2539 Willow Street Pike","name":""},
  {"lat":40.5809,"lon":-75.7095,"city":"Kutztown","state":"PA","address":"2298 Golden Key Rd","name":""},
  {"lat":40.3477,"lon":-79.9386,"city":"West Mifflin","state":"PA","address":"2400 Lebanon Church Rd","name":""},
  {"lat":41.0903,"lon":-75.3267,"city":"Swiftwater","state":"PA","address":"2008 Route 611","name":""},
  {"lat":40.7593,"lon":-77.8784,"city":"State College","state":"PA","address":"3261 W College Ave","name":""},
  {"lat":40.0823,"lon":-76.3807,"city":"Lancaster","state":"PA","address":"2149 State Rd","name":""},
  {"lat":40.2815,"lon":-79.5509,"city":"Greensburg","state":"PA","address":"1312 S Main St","name":""},
  {"lat":39.9411,"lon":-79.6593,"city":"Lemont Furnace","state":"PA","address":"2261 University Dr","name":""},
  {"lat":41.2445,"lon":-75.9316,"city":"Larksville","state":"PA","address":"568 E Main St","name":""},
  {"lat":40.5552,"lon":-75.6077,"city":"Allentown","state":"PA","address":"951 Trexlertown Rd","name":""},
  {"lat":41.5507,"lon":-75.5308,"city":"Carbondale","state":"PA","address":"200 Main St","name":""},
  {"lat":40.1069,"lon":-79.3758,"city":"Donegal","state":"PA","address":"3636 PA 31","name":""},
  {"lat":42.0953,"lon":-80.0842,"city":"Erie","state":"PA","address":"3814 Liberty St","name":""},
  {"lat":40.6924,"lon":-79.977,"city":"Valencia","state":"PA","address":"1000 Dori Drive","name":""},
  {"lat":40.8618,"lon":-80.2875,"city":"Ellwood city","state":"PA","address":"14 5th Street","name":""},
  {"lat":41.0074,"lon":-76.4898,"city":"Bloomsburg","state":"PA","address":"6 Wedgetown Rd","name":""},
  {"lat":40.5608,"lon":-75.4863,"city":"Allentown","state":"PA","address":"2901 Lehigh St","name":""},
  {"lat":41.2502,"lon":-75.84,"city":"Wilkes Barre","state":"PA","address":"815 Kidder St","name":""},
  {"lat":40.0827,"lon":-76.3506,"city":"Lancaster","state":"PA","address":"1655 Rohrerstown Rd","name":""},
  {"lat":40.6845,"lon":-80.0768,"city":"Cranberry Township","state":"PA","address":"1664 PA-228","name":""},
  {"lat":39.7917,"lon":-77.7303,"city":"Greencastle","state":"PA","address":"215 W Baltimore St","name":""},
  {"lat":40.3385,"lon":-76.4489,"city":"Lebanon","state":"PA","address":"2150 Cumberland St","name":""},
  {"lat":41.3136,"lon":-75.835,"city":"Wyoming","state":"PA","address":"215 Wyoming Ave","name":""},
  {"lat":40.6114,"lon":-75.3475,"city":"Bethlehem","state":"PA","address":"1780 E 4th St","name":""},
  {"lat":40.4634,"lon":-79.7062,"city":"Pittsburgh","state":"PA","address":"950 Presque Isle Dr","name":""},
  {"lat":40.2128,"lon":-80.2261,"city":"Meadowlands","state":"PA","address":"650 Pike St","name":""},
  {"lat":40.2503,"lon":-80.2095,"city":"Houston","state":"PA","address":"11 E Pike St","name":""},
  {"lat":40.5375,"lon":-80.1994,"city":"Coraopolis","state":"PA","address":"4875 University Blvd","name":""},
  {"lat":40.5128,"lon":-80.1332,"city":"Pittsburgh","state":"PA","address":"5800 Grand Ave","name":""},
  {"lat":40.041,"lon":-76.7256,"city":"Manchester","state":"PA","address":"4040 N George St Ext","name":""},
  {"lat":41.2039,"lon":-79.9736,"city":"Harrisville","state":"PA","address":"5775 State Route 8","name":""},
  {"lat":41.1918,"lon":-79.3922,"city":"Clarion","state":"PA","address":"125 Holiday Inn Rd","name":""},
  {"lat":40.7774,"lon":-80.3842,"city":"Beaver Falls","state":"PA","address":"2733 Constitution Blvd","name":""},
  {"lat":40.2374,"lon":-76.9603,"city":"Camp Hill","state":"PA","address":"4415 Carlisle Pike","name":""}]}