{"key":"shoprite","displayName":"ShopRite","category":"grocery","useLocationName":false,"locations":[
  {"lat":39.575392,"lon":-76.385023,"city":"Forest Hill","state":"MD","address":"2101 Rock Spring Road","name":""},
  {"lat":39.539586,"lon":-76.355335,"city":"Bel Air","state":"MD","address":"223 N Main Street","name":""},
  {"lat":39.525345,"lon":-76.181366,"city":"Aberdeen","state":"MD","address":"949 Beards Hill Road","name":""},
  {"lat":39.496786,"lon":-76.327405,"city":"Bel Air","state":"MD","address":"5 Bel Air South Parkway","name":""},
  {"lat":39.480034,"lon":-76.247369,"city":"Belcamp","state":"MD","address":"1321 Riverside Parkway","name":""},
  {"lat":39.72033,"lon":-76.342654,"city":"Cardiff","state":"MD","address":"1606 Dooley Road","name":""},
  {"lat":39.520117,"lon":-76.560292,"city":"Phoenix","state":"MD","address":"14330 Jarrettsville Pike","name":""},
  {"lat":39.372692,"lon":-76.565607,"city":"Parkville","state":"MD","address":"2401 Cleanleigh Drive","name":""},
  {"lat":39.330866,"lon":-76.695003,"city":"Baltimore","state":"MD","address":"4601 Liberty Heights Ave","name":""},
  {"lat":39.437378,"lon":-76.629585,"city":"Lutherville-Timonium","state":"MD","address":"37 W Aylesbury Road","name":""},
  {"lat":40.56715,"lon":-74.11292,"city":"Staten Island","state":"NY","address":"2656 Hylan Boulevard","name":""},
  {"lat":40.528342,"lon":-74.235157,"city":"Staten Island","state":"NY","address":"3010 Veterans Rd West","name":""},
  {"lat":40.78571,"lon":-73.50072,"city":"Plainview","state":"NY","address":"444 Woodbury Road","name":""},
  {"lat":40.740268,"lon":-73.233219,"city":"Bay Shore","state":"NY","address":"1905 Sunrise Hwy","name":""},
  {"lat":40.695726,"lon":-73.578885,"city":"Uniondale","state":"NY","address":"1121 Jerusalem Ave","name":""},
  {"lat":40.807794,"lon":-73.288822,"city":"Commack","state":"NY","address":"1 Garet Place","name":""},
  {"lat":40.783384,"lon":-73.443907,"city":"Plainview","state":"NY","address":"1675 Old Country Road","name":""},
  {"lat":40.866247,"lon":-73.047136,"city":"Selden","state":"NY","address":"71 College Plaza Selden","name":""},
  {"lat":40.7263,"lon":-73.4915,"city":"Bethpage","state":"NY","address":"3901 Hempstead Turnpike","name":""},
  {"lat":40.781066,"lon":-73.006099,"city":"Patchogue","state":"NY","address":"95 Sunrise Highway","name":""},
  {"lat":40.758134,"lon":-73.689777,"city":"New Hyde Park","state":"NY","address":"2335 New Hyde Park Road","name":""},
  {"lat":40.764329,"lon":-73.331979,"city":"Deer Park","state":"NY","address":"1960 Deer Park Avenue","name":""},
  {"lat":40.675679,"lon":-73.436986,"city":"Massapequa","state":"NY","address":"5508 Sunrise Highway","name":""},
  {"lat":40.832033,"lon":-73.089381,"city":"Lake Ronkonkoma","state":"NY","address":"601 Portion Rd","name":""},
  {"lat":40.922436,"lon":-73.050514,"city":"Port Jefferson Station","state":"NY","address":"5145 Nesconset Highway","name":""},
  {"lat":40.929037,"lon":-72.695122,"city":"Riverhead","state":"NY","address":"1510 Old Country Road","name":""},
  {"lat":40.82693,"lon":-73.20246,"city":"Hauppauge","state":"NY","address":"335 Nesconset Hwy (Rt 347)","name":""},
  {"lat":39.864916,"lon":-75.340075,"city":"Eddystone","state":"PA","address":"1568 Chester Pike Unit B-1","name":""},
  {"lat":40.07433,"lon":-75.15855,"city":"Wyncote","state":"PA","address":"2471 W Cheltenham Ave., Ste A","name":""},
  {"lat":39.94663,"lon":-75.3222,"city":"Drexel Hill","state":"PA","address":"5000 State Road","name":""},
  {"lat":39.880087,"lon":-75.39579,"city":"Brookhaven","state":"PA","address":"5075 Edgmont Ave","name":""},
  {"lat":39.908268,"lon":-75.290243,"city":"Glenolden","state":"PA","address":"140 North Macdade Blvd","name":""},
  {"lat":39.714709,"lon":-75.627908,"city":"Wilmington","state":"DE","address":"1600 W Newport Pike","name":""},
  {"lat":39.824967,"lon":-75.548435,"city":"Wilmington","state":"DE","address":"1300 Rocky Run Parkway","name":""},
  {"lat":39.661626,"lon":-75.724018,"city":"Newark","state":"DE","address":"19 Chestnut Hill Plaza","name":""},
  {"lat":39.628223,"lon":-75.663207,"city":"Bear","state":"DE","address":"1101 Governors Place","name":""},
  {"lat":39.731313,"lon":-75.554777,"city":"Wilmington","state":"DE","address":"501 South Walnut Street","name":""},
  {"lat":39.647911,"lon":-75.715016,"city":"Newark","state":"DE","address":"700 Plaza Drive","name":""},
  {"lat":40.043858,"lon":-75.08816,"city":"Philadelphia","state":"PA","address":"6301 Oxford Avenue","name":""},
  {"lat":39.913158,"lon":-75.155435,"city":"Philadelphia","state":"PA","address":"330 Oregon Ave","name":""},
  {"lat":39.979587,"lon":-75.227077,"city":"Philadelphia","state":"PA","address":"1575 North 52nd St Suite 400","name":""},
  {"lat":39.927113,"lon":-75.191009,"city":"Philadelphia","state":"PA","address":"24th St & Oregon Ave","name":""},
  {"lat":39.901572,"lon":-75.241849,"city":"Philadelphia","state":"PA","address":"2900 Island Avenue Suite 2946","name":""},
  {"lat":40.009121,"lon":-75.179163,"city":"Philadelphia","state":"PA","address":"2800 Fox Street","name":""},
  {"lat":39.99494,"lon":-75.0929,"city":"Philadelphia","state":"PA","address":"3745 Aramingo Avenue","name":""},
  {"lat":40.01288,"lon":-75.06322,"city":"Philadelphia","state":"PA","address":"5597 Tulip St #99","name":""},
  {"lat":40.064964,"lon":-74.985071,"city":"Philadelphia","state":"PA","address":"9910 Frankford Ave","name":""},
  {"lat":40.031788,"lon":-75.052578,"city":"Philadelphia","state":"PA","address":"6725 Frankford Ave","name":""},
  {"lat":40.043998,"lon":-75.227439,"city":"Philadelphia","state":"PA","address":"6901 Ridge Avenue","name":""},
  {"lat":40.036415,"lon":-75.120672,"city":"Philadelphia","state":"PA","address":"101 East Olney Ave","name":""},
  {"lat":40.102705,"lon":-75.008939,"city":"Philadelphia","state":"PA","address":"11000 Roosevelt Blvd","name":""},
  {"lat":40.824064,"lon":-73.855307,"city":"The Bronx","state":"NY","address":"1994 Bruckner Blvd","name":""},
  {"lat":40.781684,"lon":-73.846859,"city":"College Point","state":"NY","address":"133-11 20th Ave","name":""},
  {"lat":40.626733,"lon":-73.977121,"city":"Brooklyn","state":"NY","address":"1080 Mcdonald Ave","name":""},
  {"lat":40.652343,"lon":-73.876275,"city":"Brooklyn","state":"NY","address":"590 Gateway Drive","name":""},
  {"lat":40.622856,"lon":-74.148556,"city":"Staten Island","state":"NY","address":"985 Richmond Avenue","name":""},
  {"lat":39.724291,"lon":-75.218655,"city":"Mullica Hill","state":"NJ","address":"143 Bridgeton Pike","name":""},
  {"lat":41.308322,"lon":-75.517868,"city":"Moscow","state":"PA","address":"921 Drinker Tpke, Ste 24","name":""},
  {"lat":40.169405,"lon":-74.847445,"city":"Fairless Hills","state":"PA","address":"547 South Oxford Valley Rd","name":""},
  {"lat":41.728643,"lon":-72.618775,"city":"East Hartford","state":"CT","address":"31 Main Street","name":""},
  {"lat":40.68015,"lon":-75.143415,"city":"Phillipsburg","state":"NJ","address":"1207 Route 22","name":""},
  {"lat":40.497006,"lon":-74.855271,"city":"Flemington","state":"NJ","address":"272 Rt 202 & 31","name":""},
  {"lat":40.626881,"lon":-74.92321,"city":"Clinton","state":"NJ","address":"50 Walmart Plaza","name":""},
  {"lat":39.990748,"lon":-75.009923,"city":"Cinnaminson","state":"NJ","address":"141 Route 130 South","name":""},
  {"lat":41.513424,"lon":-72.101146,"city":"Norwich","state":"CT","address":"634 West Main St","name":""},
  {"lat":41.3717,"lon":-72.11758,"city":"New London","state":"CT","address":"351 North Frontage Road","name":""},
  {"lat":40.904952,"lon":-74.570405,"city":"Wharton","state":"NJ","address":"314 Route 15","name":""},
  {"lat":41.463003,"lon":-73.22966,"city":"Southbury","state":"CT","address":"775 Main St South","name":""},
  {"lat":41.047371,"lon":-73.564922,"city":"Stamford","state":"CT","address":"1990 West Main Street","name":""},
  {"lat":41.264899,"lon":-73.134702,"city":"Shelton","state":"CT","address":"875 Bridgeport Ave","name":""},
  {"lat":41.822048,"lon":-72.881104,"city":"Canton","state":"CT","address":"110 Albany Turnpike, Suite 200","name":""},
  {"lat":39.896088,"lon":-74.932543,"city":"Marlton","state":"NJ","address":"307 West Route 70","name":""},
  {"lat":39.937802,"lon":-74.91523,"city":"Mount Laurel","state":"NJ","address":"892 Union Mill Road","name":""},
  {"lat":39.861887,"lon":-74.972938,"city":"Cherry Hill","state":"NJ","address":"400 East Evesham Road","name":""},
  {"lat":39.929158,"lon":-75.042474,"city":"Cherry Hill","state":"NJ","address":"2240 West Marlton Pike","name":""},
  {"lat":39.937974,"lon":-74.965851,"city":"Mount Laurel","state":"NJ","address":"1000 Nixon Drive","name":""},
  {"lat":40.570241,"lon":-74.552952,"city":"Bound Brook","state":"NJ","address":"611 West Union Avenue","name":""},
  {"lat":40.279793,"lon":-74.528836,"city":"East Windsor","state":"NJ","address":"319 Route 130","name":""},
  {"lat":40.567563,"lon":-74.292634,"city":"Woodbridge","state":"NJ","address":"877 St George Ave","name":""},
  {"lat":40.433688,"lon":-74.489834,"city":"North Brunswick","state":"NJ","address":"400 Renaissance Blvd","name":""},
  {"lat":40.306228,"lon":-74.787115,"city":"Pennington","state":"NJ","address":"2555 Pennington Road","name":""},
  {"lat":40.512056,"lon":-74.383819,"city":"Edison","state":"NJ","address":"775 US-1","name":""},
  {"lat":40.456984,"lon":-74.396513,"city":"East Brunswick","state":"NJ","address":"14-22 West Prospect Street","name":""},
  {"lat":40.589285,"lon":-74.228068,"city":"Carteret","state":"NJ","address":"801 Roosevelt Avenue","name":""},
  {"lat":40.865489,"lon":-74.375503,"city":"Parsippany","state":"NJ","address":"808 Route 46","name":""},
  {"lat":39.818195,"lon":-75.037698,"city":"Laurel Springs","state":"NJ","address":"1200 Chews Landing Road","name":""},
  {"lat":39.741307,"lon":-74.996168,"city":"Sicklerville","state":"NJ","address":"542 Berlin Cross Keys Road","name":""},
  {"lat":40.738582,"lon":-74.977807,"city":"Washington","state":"NJ","address":"2 Club House Drive at Route 31 South","name":""},
  {"lat":40.667276,"lon":-74.487877,"city":"Stirling","state":"NJ","address":"1153 Valley Road","name":""},
  {"lat":40.500499,"lon":-74.643214,"city":"Hillsborough","state":"NJ","address":"Rt 206 & Amwell Rd","name":""},
  {"lat":40.530764,"lon":-74.537774,"city":"Somerset","state":"NJ","address":"435 Elizabeth Avenue","name":""},
  {"lat":40.56786,"lon":-74.615164,"city":"Somerville","state":"NJ","address":"1 South Davenport Street","name":""},
  {"lat":41.180002,"lon":-73.249904,"city":"Fairfield","state":"CT","address":"1975 Black Rock Turnpike","name":""},
  {"lat":40.919133,"lon":-75.422983,"city":"Brodheadsville","state":"PA","address":"107 Kinsley Drive","name":""},
  {"lat":40.649266,"lon":-75.295964,"city":"Bethlehem","state":"PA","address":"4701 Freemansburg Ave","name":""},
  {"lat":40.198339,"lon":-74.866539,"city":"Yardley","state":"PA","address":"1603 Big Oak Road","name":""},
  {"lat":40.053679,"lon":-74.841057,"city":"Burlington","state":"NJ","address":"1817 Mount Holly Rd","name":""},
  {"lat":41.413044,"lon":-73.456143,"city":"Danbury","state":"CT","address":"1 Padanaram Rd.","name":""},
  {"lat":40.576612,"lon":-74.393029,"city":"South Plainfield","state":"NJ","address":"3600 Park Ave","name":""},
  {"lat":41.827059,"lon":-72.498293,"city":"Vernon","state":"CT","address":"35 Talcottville Rd","name":""},
  {"lat":40.990182,"lon":-75.224237,"city":"Stroudsburg","state":"PA","address":"344 Stroud Mall Rd","name":""},
  {"lat":40.385439,"lon":-74.570601,"city":"Monmouth Junction","state":"NJ","address":"4154 US Route 1","name":""},
  {"lat":41.35204,"lon":-74.72233,"city":"Matamoras","state":"PA","address":"111 Hulst Drive","name":""},
  {"lat":39.484275,"lon":-74.959373,"city":"Vineland","state":"NJ","address":"3600 E Landis Ave","name":""},
  {"lat":39.462527,"lon":-74.495583,"city":"Galloway","state":"NJ","address":"401 South Pitney Road","name":""},
  {"lat":39.433116,"lon":-74.613343,"city":"Egg Harbor Township","state":"NJ","address":"3003 English Creek Avenue","name":""},
  {"lat":39.264032,"lon":-74.64702,"city":"Marmora","state":"NJ","address":"4 W Roosevelt Blvd","name":""},
  {"lat":39.332391,"lon":-74.596322,"city":"Somers Point","state":"NJ","address":"Rt 9 & Bethel Road","name":""},
  {"lat":39.433203,"lon":-74.511215,"city":"Absecon","state":"NJ","address":"616 Whitehorse Pike","name":""},
  {"lat":39.64485,"lon":-74.787151,"city":"Hammonton","state":"NJ","address":"80 South Whitehorse Pike","name":""},
  {"lat":39.01197,"lon":-74.86887,"city":"Rio Grande Middle Township","state":"NJ","address":"1700 Route 47 South","name":""},
  {"lat":40.129766,"lon":-74.926171,"city":"Bensalem","state":"PA","address":"2200 Bristol Road","name":""},
  {"lat":39.878206,"lon":-75.117165,"city":"Brooklawn","state":"NJ","address":"Rte 130 & Browning Road","name":""},
  {"lat":40.29851,"lon":-74.683719,"city":"Lawrenceville","state":"NJ","address":"3373 Brunswick Pike","name":""},
  {"lat":39.68846,"lon":-74.992193,"city":"Williamstown","state":"NJ","address":"100 South Blackhorse Pike","name":""},
  {"lat":39.420621,"lon":-75.044137,"city":"Millville","state":"NJ","address":"2102-2130 North 2nd Street","name":""},
  {"lat":39.484882,"lon":-75.051439,"city":"Vineland","state":"NJ","address":"1255 West Landis Avenue","name":""},
  {"lat":39.981462,"lon":-74.808602,"city":"Hainesport","state":"NJ","address":"1520 Route 38 East","name":""},
  {"lat":39.752832,"lon":-75.077363,"city":"Sewell","state":"NJ","address":"382 Egg Harbor Road","name":""},
  {"lat":41.192174,"lon":-73.881676,"city":"Croton-on-Hudson","state":"NY","address":"460 South Riverside Avenue","name":""},
  {"lat":41.619364,"lon":-73.921796,"city":"Poughkeepsie","state":"NY","address":"1895 South Rd Suite 3B","name":""},
  {"lat":39.698211,"lon":-74.270308,"city":"Manahawkin","state":"NJ","address":"Rt 72 Stafford Sq","name":""},
  {"lat":39.850806,"lon":-74.187458,"city":"Lanoka Harbor","state":"NJ","address":"Rt 9 & First Street","name":""},
  {"lat":40.407502,"lon":-74.38751,"city":"Spotswood","state":"NJ","address":"380 Summerhill Road","name":""},
  {"lat":39.965972,"lon":-74.207465,"city":"Toms River","state":"NJ","address":"860 Fischer Blvd","name":""},
  {"lat":40.014671,"lon":-74.302026,"city":"Manchester","state":"NJ","address":"1001 Rt 70 West","name":""},
  {"lat":41.06719,"lon":-74.139655,"city":"Ramsey","state":"NJ","address":"Rt 17 & Franklin Turnpike","name":""},
  {"lat":41.695524,"lon":-72.902926,"city":"Bristol","state":"CT","address":"1200 Farmington Avenue & Route 6","name":""},
  {"lat":41.478986,"lon":-72.811085,"city":"Wallingford","state":"CT","address":"846 North Colony Road","name":""},
  {"lat":41.124588,"lon":-75.356767,"city":"Mount Pocono","state":"PA","address":"89 State Route 940","name":""},
  {"lat":41.375784,"lon":-75.702144,"city":"Moosic","state":"PA","address":"3409 Birney Ave","name":""},
  {"lat":40.20961,"lon":-75.108625,"city":"Warminster","state":"PA","address":"942 West Street Road","name":""},
  {"lat":40.249662,"lon":-74.769471,"city":"Ewing","state":"NJ","address":"1750 North Olden Avenue","name":""},
  {"lat":39.973776,"lon":-74.87003,"city":"Mount Laurel","state":"NJ","address":"127 Ark Road","name":""},
  {"lat":40.018367,"lon":-74.945503,"city":"Delran","state":"NJ","address":"1310 Fairview Boulevard","name":""},
  {"lat":40.19188,"lon":-74.642496,"city":"Hamilton Township","state":"NJ","address":"130 Marketplace Blvd","name":""},
  {"lat":39.457366,"lon":-75.213233,"city":"Upper Deerfield","state":"NJ","address":"1000 North Pearl Street","name":""},
  {"lat":39.806977,"lon":-74.934481,"city":"West Berlin","state":"NJ","address":"Rt 73 & Minck Avenue","name":""},
  {"lat":39.867741,"lon":-75.043639,"city":"Lawnside","state":"NJ","address":"130 N White Horse Pike","name":""},
  {"lat":39.903632,"lon":-74.820769,"city":"Medford","state":"NJ","address":"208 Rt 70 East","name":""},
  {"lat":39.719309,"lon":-75.109484,"city":"Glassboro","state":"NJ","address":"201 Dalton Drive","name":""},
  {"lat":40.22605,"lon":-74.664674,"city":"Hamilton Township","state":"NJ","address":"1225 Rt 33 Hamilton Plaza","name":""},
  {"lat":40.173786,"lon":-74.703934,"city":"Bordentown","state":"NJ","address":"622 US-206","name":""},
  {"lat":39.970536,"lon":-75.572773,"city":"West Chester","state":"PA","address":"1115 West Chester Pike","name":""},
  {"lat":39.804622,"lon":-75.170382,"city":"West Deptford","state":"NJ","address":"1077 Mantua Pike","name":""},
  {"lat":40.756877,"lon":-74.160296,"city":"Kearny","state":"NJ","address":"100 Passaic Ave","name":""},
  {"lat":40.821713,"lon":-74.158176,"city":"Nutley","state":"NJ","address":"437 Franklin Ave","name":""},
  {"lat":40.811994,"lon":-74.118779,"city":"Lyndhurst","state":"NJ","address":"540 New York Ave","name":""},
  {"lat":40.981769,"lon":-74.006966,"city":"Emerson","state":"NJ","address":"425 Old Hook Road","name":""},
  {"lat":40.749467,"lon":-74.036571,"city":"Hoboken","state":"NJ","address":"900 Madison St","name":""},
  {"lat":40.645915,"lon":-74.131019,"city":"Bayonne","state":"NJ","address":"583-9 Avenue C","name":""},
  {"lat":40.915267,"lon":-74.080496,"city":"Rochelle Park","state":"NJ","address":"220 W Passaic St","name":""},
  {"lat":40.879585,"lon":-74.085012,"city":"Lodi","state":"NJ","address":"175 Main Street","name":""},
  {"lat":40.804861,"lon":-74.145329,"city":"Belleville","state":"NJ","address":"726 Washington Ave","name":""},
  {"lat":40.774653,"lon":-74.035172,"city":"North Bergen","state":"NJ","address":"3147 Kennedy Blvd","name":""},
  {"lat":40.863578,"lon":-74.034559,"city":"Hackensack","state":"NJ","address":"500 South River Street","name":""},
  {"lat":40.84493,"lon":-74.106828,"city":"Wallington","state":"NJ","address":"375 Paterson Ave.","name":""},
  {"lat":40.724348,"lon":-74.040099,"city":"Jersey City","state":"NJ","address":"Luis Marin Blvd & 6th St","name":""},
  {"lat":41.013517,"lon":-74.169846,"city":"Wyckoff","state":"NJ","address":"430 Greenwood Avenue","name":""},
  {"lat":40.942887,"lon":-74.014358,"city":"New Milford","state":"NJ","address":"250 River Rd","name":""},
  {"lat":40.851981,"lon":-74.004666,"city":"Palisades Park","state":"NJ","address":"Central Blvd & Depot Place","name":""},
  {"lat":41.012753,"lon":-74.041369,"city":"Hillsdale","state":"NJ","address":"372 Broadway","name":""},
  {"lat":41.012466,"lon":-73.944856,"city":"Northvale","state":"NJ","address":"246 Livingston Ave","name":""},
  {"lat":40.516616,"lon":-74.287163,"city":"Perth Amboy","state":"NJ","address":"Convery Blvd & Fayette","name":""},
  {"lat":40.700405,"lon":-74.234321,"city":"Hillside","state":"NJ","address":"370 Route 22 West","name":""},
  {"lat":40.915651,"lon":-74.056067,"city":"Paramus","state":"NJ","address":"224 Rt 4 East At Forest Ave","name":""},
  {"lat":40.652125,"lon":-74.331156,"city":"Garwood","state":"NJ","address":"563 North Avenue East","name":""},
  {"lat":40.629139,"lon":-74.305277,"city":"Clark","state":"NJ","address":"76 Central Avenue","name":""},
  {"lat":40.618325,"lon":-74.247154,"city":"Linden","state":"NJ","address":"Rt 1 N & Stiles Street","name":""},
  {"lat":40.896667,"lon":-73.975547,"city":"Englewood","state":"NJ","address":"40 Nathaniel Place","name":""},
  {"lat":40.66384,"lon":-74.238914,"city":"Elizabeth","state":"NJ","address":"865 West Grand Street","name":""},
  {"lat":40.342731,"lon":-74.305756,"city":"Marlboro","state":"NJ","address":"280 Union Hill Rd & Rt 9","name":""},
  {"lat":40.896848,"lon":-74.705331,"city":"Netcong","state":"NJ","address":"75 Rt 46/Lackawana Plaza","name":""},
  {"lat":40.934819,"lon":-74.718522,"city":"Byram Township","state":"NJ","address":"90-80 Route 206 North","name":""},
  {"lat":40.881767,"lon":-74.211391,"city":"Little Falls","state":"NJ","address":"Browertown Rd","name":""},
  {"lat":40.834964,"lon":-74.714131,"city":"Flanders","state":"NJ","address":"90 Bartley Road","name":""},
  {"lat":41.065498,"lon":-74.744878,"city":"Newton","state":"NJ","address":"127 Water Street","name":""},
  {"lat":40.80851,"lon":-74.18799,"city":"Bloomfield","state":"NJ","address":"1409 Broad Street","name":""},
  {"lat":41.060814,"lon":-74.011663,"city":"Pearl River","state":"NY","address":"26 N Middletown Rd","name":""},
  {"lat":41.149128,"lon":-73.987657,"city":"New City","state":"NY","address":"Main St","name":""},
  {"lat":40.823081,"lon":-74.836386,"city":"Hackettstown","state":"NJ","address":"Rt 57 West & Allen St","name":""},
  {"lat":40.766396,"lon":-74.218697,"city":"East Orange","state":"NJ","address":"533 Martin Luther King Boulevard","name":""},
  {"lat":40.81393,"lon":-74.468915,"city":"Morristown","state":"NJ","address":"178 E Hanover Ave","name":""},
  {"lat":40.774985,"lon":-74.321517,"city":"Livingston","state":"NJ","address":"483 S Livingston Avenue","name":""},
  {"lat":41.014557,"lon":-74.256299,"city":"Oakland","state":"NJ","address":"14 Post Road","name":""},
  {"lat":41.131412,"lon":-74.365469,"city":"West Milford","state":"NJ","address":"23 Marshall Hill Road","name":""},
  {"lat":40.691963,"lon":-74.298961,"city":"Union","state":"NJ","address":"2401D US Highway 22 W","name":""},
  {"lat":41.217865,"lon":-73.982361,"city":"Stony Point","state":"NY","address":"22 Holt Drive","name":""},
  {"lat":40.780841,"lon":-74.694819,"city":"Chester","state":"NJ","address":"Rt 206 Maple Avenue","name":""},
  {"lat":40.867492,"lon":-74.650694,"city":"Roxbury Township","state":"NJ","address":"State Route 10 East, Suite 24","name":""},
  {"lat":41.076683,"lon":-74.656539,"city":"Sparta","state":"NJ","address":"18 North Village Boulevard","name":""},
  {"lat":40.745445,"lon":-74.431979,"city":"Chatham","state":"NJ","address":"641 Shunpike Road","name":""},
  {"lat":40.884758,"lon":-74.536357,"city":"Rockaway","state":"NJ","address":"Route 46 East","name":""},
  {"lat":41.092798,"lon":-73.95894,"city":"West Nyack","state":"NY","address":"243 East Route 59","name":""},
  {"lat":41.117562,"lon":-74.579127,"city":"Franklin","state":"NJ","address":"270 NJ-23","name":""},
  {"lat":41.200295,"lon":-74.008654,"city":"Garnerville","state":"NY","address":"56 West Ramapo Road","name":""},
  {"lat":40.718991,"lon":-74.331102,"city":"Springfield","state":"NJ","address":"727 Morris Tpke","name":""},
  {"lat":40.79507,"lon":-74.255569,"city":"West Orange","state":"NJ","address":"1 Rooney Circle","name":""},
  {"lat":40.93046,"lon":-74.31314,"city":"Lincoln Park","state":"NJ","address":"60 Beaver Brook Rd.","name":""},
  {"lat":40.717988,"lon":-74.307334,"city":"Millburn","state":"NJ","address":"220 Main Street","name":""},
  {"lat":40.224418,"lon":-74.042994,"city":"Neptune","state":"NJ","address":"2200 Asbury Ave","name":""},
  {"lat":40.718968,"lon":-74.562345,"city":"Bernardsville","state":"NJ","address":"93 Morristown Road","name":""},
  {"lat":40.604744,"lon":-74.691986,"city":"Branchburg","state":"NJ","address":"3166 Route 22","name":""},
  {"lat":40.467509,"lon":-74.312848,"city":"Parlin","state":"NJ","address":"2909 Washington Road","name":""},
  {"lat":39.965892,"lon":-74.205799,"city":"Toms River","state":"NJ","address":"2 Route 37 West","name":""},
  {"lat":40.243314,"lon":-74.275912,"city":"Freehold","state":"NJ","address":"South St & Rt # 9","name":""},
  {"lat":40.395279,"lon":-74.22154,"city":"Aberdeen","state":"NJ","address":"318 Lloyd Road","name":""},
  {"lat":40.404866,"lon":-74.647089,"city":"Montgomery Township","state":"NJ","address":"Rt 206 and Rt 518","name":""},
  {"lat":40.313314,"lon":-74.065202,"city":"Shrewsbury","state":"NJ","address":"1151 Shrewsbury Avenue","name":""},
  {"lat":40.296082,"lon":-74.031991,"city":"West Long Branch","state":"NJ","address":"Rt 36 and 71","name":""},
  {"lat":40.419005,"lon":-74.183323,"city":"Hazlet","state":"NJ","address":"3120 State Highway 35","name":""},
  {"lat":40.121531,"lon":-74.08043,"city":"Manasquan","state":"NJ","address":"2433 Highway 34","name":""},
  {"lat":40.139954,"lon":-74.225153,"city":"Howell","state":"NJ","address":"4594 Route 9 S","name":""},
  {"lat":40.403537,"lon":-74.127329,"city":"Middletown","state":"NJ","address":"1500 State Highway 35 South","name":""},
  {"lat":40.169794,"lon":-74.045029,"city":"Belmar","state":"NJ","address":"1732 NJ-35","name":""},
  {"lat":40.061766,"lon":-74.144252,"city":"Brick","state":"NJ","address":"668 Rte 70","name":""},
  {"lat":40.139048,"lon":-74.293045,"city":"Jackson","state":"NJ","address":"260 N County Line Rd","name":""},
  {"lat":39.913857,"lon":-74.152834,"city":"Bayville","state":"NJ","address":"431 Atlantic City Boulevard","name":""},
  {"lat":39.795905,"lon":-74.199049,"city":"Waretown","state":"NJ","address":"501 Route 9 Suite 100","name":""},
  {"lat":41.636545,"lon":-72.875141,"city":"Southington","state":"CT","address":"750 Queen Street","name":""},
  {"lat":41.27018,"lon":-72.501968,"city":"Clinton","state":"CT","address":"266 East Main Street","name":""},
  {"lat":41.988055,"lon":-72.580462,"city":"Enfield","state":"CT","address":"40 Hazard Ave","name":""},
  {"lat":41.20078,"lon":-73.119744,"city":"Stratford","state":"CT","address":"250 Barnum Ave Cutoff","name":""},
  {"lat":41.36965,"lon":-72.922289,"city":"Hamden","state":"CT","address":"2100 Dixwell Ave","name":""},
  {"lat":41.273704,"lon":-72.987141,"city":"Orange","state":"CT","address":"259 Bull Hill Lane","name":""},
  {"lat":41.323544,"lon":-72.854753,"city":"East Haven","state":"CT","address":"745 Foxon Rd","name":""},
  {"lat":41.231813,"lon":-73.049103,"city":"Milford","state":"CT","address":"935 Boston Post Rd.","name":""},
  {"lat":41.765675,"lon":-72.57046,"city":"Manchester","state":"CT","address":"214 Spencer Street","name":""},
  {"lat":41.604201,"lon":-72.678278,"city":"Cromwell","state":"CT","address":"45 Shunpike Road","name":""},
  {"lat":41.048396,"lon":-73.52347,"city":"Stamford","state":"CT","address":"200 Shippan Ave","name":""},
  {"lat":41.080393,"lon":-73.532366,"city":"Stamford","state":"CT","address":"563 Newfield Avenue","name":""},
  {"lat":41.437047,"lon":-73.406313,"city":"Brookfield","state":"CT","address":"143 Federal Road","name":""},
  {"lat":41.102472,"lon":-73.440566,"city":"Norwalk","state":"CT","address":"Connecticut & Scribner Aves","name":""},
  {"lat":41.076768,"lon":-73.521678,"city":"Stamford","state":"CT","address":"495 Hope Street","name":""},
  {"lat":41.330431,"lon":-73.086462,"city":"Derby","state":"CT","address":"49 Pershing Drive","name":""},
  {"lat":41.453722,"lon":-74.39907,"city":"Middletown","state":"NY","address":"20 Lloyds Lane","name":""},
  {"lat":41.666848,"lon":-74.672992,"city":"Monticello","state":"NY","address":"46 Thompson Square","name":""},
  {"lat":41.032054,"lon":-73.767809,"city":"White Plains","state":"NY","address":"13 City Place","name":""},
  {"lat":41.43613,"lon":-73.680262,"city":"Carmel","state":"NY","address":"184 Route 52","name":""},
  {"lat":41.331846,"lon":-74.193995,"city":"Monroe","state":"NY","address":"785 State Route 17M, Suite 1","name":""},
  {"lat":41.511367,"lon":-74.212509,"city":"Montgomery","state":"NY","address":"99 Hawkins Dr","name":""},
  {"lat":41.960128,"lon":-73.986227,"city":"Kingston","state":"NY","address":"801 Miron Lane","name":""},
  {"lat":41.360385,"lon":-74.283795,"city":"Chester","state":"NY","address":"78 Brookside Avenue Suite 122","name":""},
  {"lat":41.629522,"lon":-73.772687,"city":"LaGrangeville","state":"NY","address":"1643 NY-82 Suite 1","name":""},
  {"lat":41.45761,"lon":-74.057237,"city":"Vails Gate","state":"NY","address":"384 Windsor Highway","name":""},
  {"lat":41.783002,"lon":-74.720172,"city":"Liberty","state":"NY","address":"1955 State Route 52","name":""},
  {"lat":41.235802,"lon":-74.380962,"city":"Warwick","state":"NY","address":"153 State Route 94S","name":""},
  {"lat":41.539643,"lon":-73.897792,"city":"Fishkill","state":"NY","address":"738 Route 9, Suite 2","name":""},
  {"lat":41.429033,"lon":-74.42663,"city":"Middletown","state":"NY","address":"125 Dolson Ave","name":""},
  {"lat":41.72909,"lon":-73.92826,"city":"Poughkeepsie","state":"NY","address":"10 Winslow Gate Road","name":""},
  {"lat":40.953388,"lon":-73.858693,"city":"Yonkers","state":"NY","address":"278 Tuckahoe Road","name":""},
  {"lat":41.125156,"lon":-73.779213,"city":"Thornwood","state":"NY","address":"960 Broadway Rt 141","name":""},
  {"lat":42.272047,"lon":-73.763559,"city":"Hudson","state":"NY","address":"351 Fairview Avenue","name":""},
  {"lat":41.313165,"lon":-73.868313,"city":"Mohegan Lake","state":"NY","address":"3140 East Main Street, Suite 300","name":""},
  {"lat":40.933047,"lon":-73.900797,"city":"Yonkers","state":"NY","address":"25-43 Prospect Street","name":""},
  {"lat":41.741537,"lon":-74.069413,"city":"New Paltz","state":"NY","address":"258 Main Street","name":""},
  {"lat":40.991499,"lon":-73.823111,"city":"Scarsdale","state":"NY","address":"955 Central Avenue","name":""},
  {"lat":40.916521,"lon":-73.778969,"city":"New Rochelle","state":"NY","address":"8 Joyce Rd & Palmer Ave","name":""},
  {"lat":40.736646,"lon":-74.188386,"city":"Newark","state":"NJ","address":"206 Springfield Ave","name":""},
  {"lat":40.962572,"lon":-74.241192,"city":"Wayne","state":"NJ","address":"30 Wayne Hills Mall","name":""},
  {"lat":40.925692,"lon":-74.101234,"city":"Fair Lawn","state":"NJ","address":"35-07 Broadway","name":""},
  {"lat":41.102704,"lon":-74.581515,"city":"Franklin","state":"NJ","address":"100 State Route 23","name":""},
  {"lat":40.724371,"lon":-74.040074,"city":"Jersey City","state":"NJ","address":"400 Luis Marin Blvd.","name":""},
  {"lat":40.913958,"lon":-74.052778,"city":"Paramus","state":"NJ","address":"224 Rt. 4 East & Forest Avenue","name":""},
  {"lat":40.915295,"lon":-74.080509,"city":"Rochelle Park","state":"NJ","address":"220 W. Passaic Street","name":""},
  {"lat":40.884758,"lon":-74.536357,"city":"Rockaway","state":"NJ","address":"439 Rte. 46 East","name":""},
  {"lat":40.904969,"lon":-74.570378,"city":"Wharton","state":"NJ","address":"306 Rt. 15","name":""},
  {"lat":40.854695,"lon":-74.833202,"city":"Hackettstown","state":"NJ","address":"80-80 Main Street","name":""},
  {"lat":40.667457,"lon":-74.119283,"city":"Bayonne","state":"NJ","address":"583 Avenue C","name":""},
  {"lat":40.934769,"lon":-74.718499,"city":"Byram Township","state":"NJ","address":"90 Route 206 North","name":""},
  {"lat":39.929203,"lon":-75.042514,"city":"Cherry Hill","state":"NJ","address":"Route 70 and Cornell Drive","name":""},
  {"lat":40.871485,"lon":-74.154913,"city":"Clifton","state":"NJ","address":"895 Paulison Ave.","name":""},
  {"lat":40.98061,"lon":-74.006647,"city":"Emerson","state":"NJ","address":"425 Old Hook Road","name":""},
  {"lat":40.896677,"lon":-73.975545,"city":"Englewood","state":"NJ","address":"55 Nathaniel Place","name":""},
  {"lat":40.243414,"lon":-74.277995,"city":"Freehold","state":"NJ","address":"3585 Rt. 9 North","name":""},
  {"lat":41.012762,"lon":-74.041411,"city":"Hillsdale","state":"NJ","address":"372 Broadway","name":""},
  {"lat":40.749466,"lon":-74.03656,"city":"Hoboken","state":"NJ","address":"900 Madison St","name":""},
  {"lat":40.881762,"lon":-74.211364,"city":"Little Falls","state":"NJ","address":"171 Browertown Road","name":""},
  {"lat":40.879584,"lon":-74.085,"city":"Lodi","state":"NJ","address":"150 Main St, Bergen County","name":""},
  {"lat":40.812131,"lon":-74.118642,"city":"Lyndhurst","state":"NJ","address":"540 New York Avenue","name":""},
  {"lat":40.403537,"lon":-74.127329,"city":"Middletown","state":"NJ","address":"1500 State Highway Route 35 South","name":""},
  {"lat":40.224616,"lon":-74.042817,"city":"Neptune","state":"NJ","address":"2200 Rt. 66","name":""},
  {"lat":40.896855,"lon":-74.705332,"city":"Netcong","state":"NJ","address":"75 Rte. 46","name":""},
  {"lat":41.012486,"lon":-73.944889,"city":"Northvale","state":"NJ","address":"246 Livingston Street","name":""},
  {"lat":41.077027,"lon":-74.657532,"city":"Sparta","state":"NJ","address":"16 North Village Blvd","name":""},
  {"lat":39.484227,"lon":-74.959332,"city":"Vineland","state":"NJ","address":"3666 E. Landis Avenue","name":""},
  {"lat":40.844815,"lon":-74.106626,"city":"Wallington","state":"NJ","address":"375 Paterson Ave.","name":""},
  {"lat":40.84445,"lon":-74.81367,"city":"Hackettstown","state":"NJ","address":"57 Rt 46 Suite 204","name":""},
  {"lat":40.893194,"lon":-73.823122,"city":"Pelham","state":"NY","address":"847 Pelham Pkwy","name":""},
  {"lat":40.857042,"lon":-73.421131,"city":"Huntington","state":"NY","address":"839 New York Ave","name":""},
  {"lat":39.737128,"lon":-75.325078,"city":"Woolwich","state":"NJ","address":"65 Center Square Rd","name":""},
  {"lat":39.806192,"lon":-74.938186,"city":"West Berlin","state":"NJ","address":"116 Walker Ave","name":""},
  {"lat":40.652811,"lon":-74.328242,"city":"Westfield","state":"NJ","address":"333 South Avenue East","name":""},
  {"lat":40.868141,"lon":-74.651198,"city":"Succasunna","state":"NJ","address":"281-021 Rt. 10","name":""},
  {"lat":40.248413,"lon":-74.686981,"city":"Mercerville","state":"NJ","address":"3161 Quakerbridge","name":""},
  {"lat":40.756882,"lon":-74.164774,"city":"Kearny","state":"NJ","address":"98 Passaic Ave.","name":""},
  {"lat":40.843261,"lon":-74.281639,"city":"Caldwell","state":"NJ","address":"478 Bloomfield Ave.","name":""},
  {"lat":40.780666,"lon":-75,"city":"Chester","state":"NJ","address":"120 US Hwy 206 South","name":""},
  {"lat":41.066222,"lon":-73.812621,"city":"Elmsford","state":"NY","address":"320 Saw Mill River Rd","name":""},
  {"lat":40.946031,"lon":-74.142967,"city":"Fair Lawn","state":"NJ","address":"22-00 Maple Ave","name":""},
  {"lat":41.061731,"lon":-71.011788,"city":"Pearl River","state":"NY","address":"46 N Middletown Rd","name":""},
  {"lat":41.204585,"lon":-74.605093,"city":"Sussex","state":"NJ","address":"1 Wiebel Plaza","name":""},
  {"lat":40.91953,"lon":-74.121977,"city":"Elmwood Park","state":"NJ","address":"180 Broadway","name":""},
  {"lat":40.422585,"lon":-74.309895,"city":"Old Bridge","state":"NJ","address":"600 Schulmeister Road","name":""},
  {"lat":40.551989,"lon":-74.433337,"city":"South Plainfield","state":"NJ","address":"6781 Hadley Rd","name":""},
  {"lat":41.220487,"lon":-73.722042,"city":"Mt. Kisco","state":"NY","address":"333 N. Bedford Rd","name":""},
  {"lat":41.06542,"lon":-74.747503,"city":"Newton","state":"NJ","address":"125 Water Street","name":""},
  {"lat":40.649892,"lon":-74.409831,"city":"Watchung","state":"NJ","address":"1701 Route 22 West","name":""},
  {"lat":40.266988,"lon":-75.317989,"city":"Hatfield","state":"PA","address":"170 Forty Foot Road","name":""},
  {"lat":40.554727,"lon":-74.14641,"city":"Staten Island","state":"NY","address":"100 Greaves Lane","name":""},
  {"lat":39.813083,"lon":-75.029871,"city":"Clementon","state":"NJ","address":"1468 Blackwood Clementon Rd, Suite 325","name":""},
  {"lat":40.8387,"lon":-74.27,"city":"West Caldwell","state":"NJ","address":"900 Bloomfield Ave","name":""},
  {"lat":40.862192,"lon":-74.139813,"city":"Passaic","state":"NJ","address":"503 Paulison Avenue","name":""}]}