{"key":"small_luxury_hotels","displayName":"Small Luxury Hotels","category":"hotels","useLocationName":false,"locations":[
  {"lat":33.018951,"lon":-117.205169,"city":"Rancho Santa Fe","state":"CA","address":"5951 Linea Del Cielo","name":""},
  {"lat":37.52198,"lon":-122.51362,"city":"Moss Beach","state":"CA","address":"221 Cypress Ave","name":""},
  {"lat":38.499833,"lon":-122.988781,"city":"Guerneville","state":"CA","address":"13555 Highway 116","name":""},
  {"lat":38.255832,"lon":-122.335077,"city":"Napa","state":"CA","address":"4048 Sonoma Highway","name":""},
  {"lat":30.237762,"lon":-97.755326,"city":"Austin","state":"TX","address":"2510 South Congress Avenue","name":""},
  {"lat":34.868633,"lon":-111.760008,"city":"Sedona","state":"AZ","address":"301 L Auberge Lane","name":""},
  {"lat":38.287915,"lon":-111.408937,"city":"Torrey","state":"UT","address":"650 East Cougar Ridge Road","name":""},
  {"lat":43.48153,"lon":-110.76671,"city":"Jackson","state":"WY","address":"175 North Jackson Street, PO Box 1657","name":""},
  {"lat":40.632026,"lon":-111.4879,"city":"Park City","state":"UT","address":"6702 Stein Circle","name":""},
  {"lat":40.860737,"lon":-105.901628,"city":"Glendevey","state":"CO","address":"11447 County Road 103","name":""},
  {"lat":39.640986,"lon":-106.375073,"city":"Vail","state":"CO","address":"183 Gore Creek Drive","name":""},
  {"lat":47.732923,"lon":-122.257342,"city":"Kenmore","state":"WA","address":"14477 Juanita Dr NE","name":""},
  {"lat":45.521014,"lon":-122.678345,"city":"Portland","state":"OR","address":"400 SW Broadway","name":""},
  {"lat":45.520604,"lon":-122.682686,"city":"Portland","state":"OR","address":"614 SW 11th Ave","name":""},
  {"lat":48.337104,"lon":-120.057712,"city":"Twisp","state":"WA","address":"20556 State Highway 20","name":""},
  {"lat":46.98626,"lon":-114.405433,"city":"Alberton","state":"MT","address":"15250 RiverView Ranch Road","name":""},
  {"lat":26.124021,"lon":-80.10589,"city":"Fort Lauderdale","state":"FL","address":"111 North Birch Road","name":""},
  {"lat":25.795259,"lon":-80.12964,"city":"Miami Beach","state":"FL","address":"1900 Collins Ave","name":""},
  {"lat":32.779995,"lon":-79.93997,"city":"Charleston","state":"SC","address":"149 Wentworth Street","name":""},
  {"lat":38.257114,"lon":-85.759935,"city":"Louisville","state":"KY","address":"601 W Main Street","name":""},
  {"lat":35.718817,"lon":-83.510978,"city":"Gatlinburg","state":"TN","address":"333 Parkway","name":""},
  {"lat":35.590741,"lon":-82.551558,"city":"Asheville","state":"NC","address":"150 South Lexington Ave","name":""},
  {"lat":39.74192,"lon":-75.550601,"city":"Wilmington","state":"DE","address":"519 N. Market St.","name":""},
  {"lat":40.746041,"lon":-73.983306,"city":"New York City","state":"NY","address":"34 East 32nd Street","name":""},
  {"lat":40.719921,"lon":-73.988018,"city":"New York City","state":"NY","address":"107 Rivington Street","name":""},
  {"lat":40.764527,"lon":-73.98135,"city":"New York City","state":"NY","address":"201 West 55th Street","name":""},
  {"lat":44.293969,"lon":-73.98291,"city":"Lake Placid","state":"NY","address":"77 Mirror Lake Drive","name":""},
  {"lat":42.307449,"lon":-74.231028,"city":"Windham","state":"NY","address":"19 NY 296","name":""},
  {"lat":40.976742,"lon":-72.140392,"city":"Amagansett","state":"NY","address":"273 Main Street","name":""},
  {"lat":40.938108,"lon":-72.30023,"city":"Bridgehampton","state":"NY","address":"1 Bridgehampton, Sag Harbor Turnpike","name":""},
  {"lat":41.773338,"lon":-70.053271,"city":"Brewster","state":"MA","address":"2907 Main Street","name":""},
  {"lat":44.205778,"lon":-69.06169,"city":"Camden","state":"ME","address":"83 Bay View Street","name":""},
  {"lat":43.653154,"lon":-70.271005,"city":"Portland","state":"ME","address":"754 Congress Street","name":""}]}