{"key":"snap_fitness","displayName":"Snap Fitness","category":"fitness","useLocationName":false,"locations":[
  {"lat":37.325205,"lon":-121.950205,"city":"Santa Clara","state":"CA","address":"60 N Winchester Blvd #8","name":""},
  {"lat":38.762899,"lon":-120.578882,"city":"Pollock Pines","state":"CA","address":"6454 Pony Express Trl, Suite 25","name":""},
  {"lat":46.006574,"lon":-91.492233,"city":"Hayward","state":"WI","address":"10342 Dyno Dr, North Country Mall","name":""},
  {"lat":44.570324,"lon":-72.593561,"city":"Morrisville","state":"VT","address":"125 Munson Ave","name":""},
  {"lat":30.443921,"lon":-90.418518,"city":"Ponchatoula","state":"LA","address":"18539 LA-22","name":""},
  {"lat":44.480207,"lon":-93.418253,"city":"Lonsdale","state":"MN","address":"739 Ash St NE","name":""},
  {"lat":34.937096,"lon":-80.750774,"city":"Waxhaw","state":"NC","address":"3913 Providence Rd S","name":""},
  {"lat":42.440948,"lon":-88.063889,"city":"Lake Villa","state":"IL","address":"850 Tower Dr, Unit 118","name":""},
  {"lat":46.463346,"lon":-90.184084,"city":"Ironwood","state":"MI","address":"923 E Cloverland Dr","name":""},
  {"lat":29.624581,"lon":-95.743775,"city":"Richmond","state":"TX","address":"1221 FM 359 Rd","name":""},
  {"lat":42.504141,"lon":-88.095704,"city":"Trevor","state":"WI","address":"12033 Antioch Rd","name":""},
  {"lat":45.10928,"lon":-93.40073,"city":"Brooklyn Park","state":"MN","address":"8507 Jefferson Lane North","name":""},
  {"lat":30.272942,"lon":-91.23879,"city":"Plaquemine","state":"LA","address":"58630 Belleview Rd","name":""},
  {"lat":44.762703,"lon":-92.791563,"city":"Prescott","state":"WI","address":"1435 North Acres Road, Suite 102","name":""},
  {"lat":37.466809,"lon":-122.428238,"city":"Half Moon Bay","state":"CA","address":"20 Stone Pine Road","name":""},
  {"lat":44.731999,"lon":-92.475776,"city":"Ellsworth","state":"WI","address":"185 E Main St, #5","name":""},
  {"lat":30.31113,"lon":-81.685137,"city":"Jacksonville","state":"FL","address":"2216 Oak St","name":""},
  {"lat":44.847166,"lon":-92.629419,"city":"River Falls","state":"WI","address":"1025 S Main St","name":""},
  {"lat":43.100991,"lon":-88.348407,"city":"Hartland","state":"WI","address":"352 Cottonwood Ave, Suite C","name":""},
  {"lat":37.769888,"lon":-77.113896,"city":"Manquin","state":"VA","address":"1142 Richmond-Tappahannock Hwy","name":""},
  {"lat":43.79625,"lon":-90.060992,"city":"Mauston","state":"WI","address":"610 McEvoy St","name":""},
  {"lat":37.125241,"lon":-76.391816,"city":"Poquoson","state":"VA","address":"475-G Wythe Creek Rd","name":""},
  {"lat":36.282251,"lon":-94.152622,"city":"Rogers","state":"AR","address":"2600 W Pleasant Crossing Dr, Suite 50","name":""},
  {"lat":45.472789,"lon":-122.648605,"city":"Portland","state":"OR","address":"7110 SE Milwaukie Ave","name":""},
  {"lat":36.165989,"lon":-79.983335,"city":"Oak Ridge","state":"NC","address":"1433 B (68 Place) Highway 68 North","name":""},
  {"lat":45.132092,"lon":-92.671824,"city":"Somerset","state":"WI","address":"709 Rivard Street","name":""},
  {"lat":39.897014,"lon":-89.603102,"city":"Sherman","state":"IL","address":"131 Illini Blvd","name":""},
  {"lat":32.706794,"lon":-96.008373,"city":"Wills Point","state":"TX","address":"130 S 4th St, Suite 100","name":""},
  {"lat":34.265213,"lon":-88.772835,"city":"Tupelo","state":"MS","address":"549 N Coley Rd","name":""},
  {"lat":33.448107,"lon":-84.475245,"city":"Fayetteville","state":"GA","address":"805 W Lanier Ave, Ste E & F","name":""},
  {"lat":30.010106,"lon":-95.724947,"city":"Cypress","state":"TX","address":"16341 Mueschke Rd, Ste 250","name":""},
  {"lat":44.850428,"lon":-93.58275,"city":"Chanhassen","state":"MN","address":"2411 Galpin Court Suite 110","name":""},
  {"lat":44.624236,"lon":-73.134031,"city":"Milton","state":"VT","address":"384 Route 7 S","name":""},
  {"lat":37.925238,"lon":-122.087972,"city":"Walnut Creek","state":"CA","address":"1533A Palos Verdes Mall","name":""},
  {"lat":40.561515,"lon":-84.573182,"city":"Celina","state":"OH","address":"1107 N. Main Street, Suite 112","name":""},
  {"lat":45.659447,"lon":-93.919623,"city":"Foley","state":"MN","address":"10 2nd Ave W","name":""},
  {"lat":42.795864,"lon":-85.507,"city":"Caledonia","state":"MI","address":"9321 Cherry Valley Ave SE","name":""},
  {"lat":40.260659,"lon":-75.726498,"city":"Douglassville","state":"PA","address":"180 Old Swede Rd","name":""},
  {"lat":34.119837,"lon":-118.109691,"city":"San Marino","state":"CA","address":"2000 Huntington Dr","name":""},
  {"lat":43.522654,"lon":-70.379301,"city":"Old Orchard Beach","state":"ME","address":"8 Heath St","name":""},
  {"lat":42.245746,"lon":-122.78074,"city":"Talent","state":"OR","address":"245 W Valley View Rd","name":""},
  {"lat":44.3194,"lon":-94.456761,"city":"New Ulm","state":"MN","address":"319 N Front St","name":""},
  {"lat":39.957134,"lon":-82.93456,"city":"Bexley","state":"OH","address":"2408 E Main St","name":""},
  {"lat":42.83877,"lon":-106.298713,"city":"Casper","state":"WY","address":"2135 E 12th St","name":""},
  {"lat":38.672677,"lon":-77.394881,"city":"Manassas","state":"VA","address":"6340 Hoadly Rd","name":""},
  {"lat":30.168713,"lon":-93.264046,"city":"Lake Charles","state":"LA","address":"2724 Country Club Rd","name":""},
  {"lat":33.555867,"lon":-86.269388,"city":"Pell City","state":"AL","address":"2401 Stemley Bridge Rd","name":""},
  {"lat":44.488113,"lon":-92.9067,"city":"Cannon Falls","state":"MN","address":"1219 4th St S","name":""},
  {"lat":45.57426,"lon":-93.224133,"city":"Cambridge","state":"MN","address":"234 Main St N","name":""},
  {"lat":41.323791,"lon":-72.333052,"city":"Old Lyme","state":"CT","address":"54 Halls Rd","name":""},
  {"lat":27.766724,"lon":-98.042438,"city":"Alice","state":"TX","address":"2521 E Main St., Suite 103","name":""},
  {"lat":45.264106,"lon":-94.124383,"city":"Annandale","state":"MN","address":"125 Oak Ave N","name":""},
  {"lat":35.177135,"lon":-106.557994,"city":"Albuquerque","state":"NM","address":"7900 Carmel Ave NE","name":""},
  {"lat":28.708715,"lon":-81.509113,"city":"Apopka","state":"FL","address":"1655 Rock Springs Rd","name":""},
  {"lat":32.205853,"lon":-95.835543,"city":"Athens","state":"TX","address":"1111 E Tyler St, Suite 101B","name":""},
  {"lat":45.234202,"lon":-93.66276,"city":"Albertville","state":"MN","address":"5676 La Centre Ave, Suite 200","name":""},
  {"lat":43.64931,"lon":-93.368726,"city":"Albert Lea","state":"MN","address":"148 S Broadway Ave","name":""},
  {"lat":44.008967,"lon":-121.345337,"city":"Bend","state":"OR","address":"19550 Amber Meadow Dr","name":""},
  {"lat":30.4457,"lon":-86.6056,"city":"Fort Walton Beach","state":"FL","address":"232 Racetrack Rd NE","name":""},
  {"lat":44.506792,"lon":-73.244797,"city":"Burlington","state":"VT","address":"1127 North Ave","name":""},
  {"lat":41.27798,"lon":-81.09087,"city":"Garrettsville","state":"OH","address":"8289 Windham St","name":""},
  {"lat":45.45924,"lon":-98.464771,"city":"Aberdeen","state":"SD","address":"1601 6th Ave SE","name":""},
  {"lat":39.685303,"lon":-89.706226,"city":"Chatham","state":"IL","address":"1061 Jason Pl","name":""},
  {"lat":37.952301,"lon":-121.956878,"city":"Clayton","state":"CA","address":"1516 Kirker Pass Road #A","name":""},
  {"lat":47.776732,"lon":-96.604487,"city":"Crookston","state":"MN","address":"404 N Broadway","name":""},
  {"lat":42.819393,"lon":-86.0786,"city":"Holland","state":"MI","address":"12059 Felch St","name":""},
  {"lat":47.505591,"lon":-94.889322,"city":"Bemidji","state":"MN","address":"3835 Supreme Ct NW, Suite 1","name":""},
  {"lat":44.803849,"lon":-93.578425,"city":"Chaska","state":"MN","address":"1012 Gateway Dr","name":""},
  {"lat":46.399391,"lon":-117.061642,"city":"Clarkston","state":"WA","address":"1620 13th St","name":""},
  {"lat":39.194918,"lon":-84.666038,"city":"Cincinnati","state":"OH","address":"6701 Ruwes Oak Dr, Suite 12","name":""},
  {"lat":29.515985,"lon":-95.529392,"city":"Missouri City","state":"TX","address":"5316 Sienna Parkway Ste 120","name":""},
  {"lat":39.115381,"lon":-94.94134,"city":"Basehor","state":"KS","address":"15604 Pinehurst Dr","name":""},
  {"lat":42.204209,"lon":-84.433644,"city":"Jackson","state":"MI","address":"1527 Horton Rd","name":""},
  {"lat":42.907351,"lon":-85.874695,"city":"Hudsonville","state":"MI","address":"3715 Baldwin St","name":""},
  {"lat":42.378921,"lon":-88.103586,"city":"Round Lake Beach","state":"IL","address":"821 W Rollins Rd","name":""},
  {"lat":40.702086,"lon":-89.272649,"city":"Eureka","state":"IL","address":"1958 S Main St","name":""},
  {"lat":31.316087,"lon":-95.436661,"city":"Crockett","state":"TX","address":"1275 E Loop 304, Suite 100","name":""},
  {"lat":30.374916,"lon":-90.086602,"city":"Mandeville","state":"LA","address":"3441 E Causeway Approach, Suite #10","name":""},
  {"lat":40.867442,"lon":-96.723639,"city":"Lincoln","state":"NE","address":"5633 NW 1st St, Suite #105","name":""},
  {"lat":46.72783,"lon":-117.00173,"city":"Moscow","state":"ID","address":"221 E Third Street","name":""},
  {"lat":29.547358,"lon":-95.232195,"city":"Pearland","state":"TX","address":"3108 Dixie Farm Rd, Suite 112","name":""},
  {"lat":44.733306,"lon":-93.126881,"city":"Apple Valley","state":"MN","address":"15115 Dove Trail","name":""},
  {"lat":35.036004,"lon":-110.697943,"city":"Winslow","state":"AZ","address":"1535 N Park Dr, Suite 1520","name":""},
  {"lat":34.474188,"lon":-114.344211,"city":"Lake Havasu City","state":"AZ","address":"91 London Bridge Road","name":""},
  {"lat":40.610295,"lon":-112.005387,"city":"West Jordan","state":"UT","address":"7759 S 4800 W","name":""},
  {"lat":33.52884,"lon":-90.198812,"city":"Greenwood","state":"MS","address":"625 W Park Ave","name":""},
  {"lat":41.30062,"lon":-111.968906,"city":"Pleasant View","state":"UT","address":"380 West 2750 North Suite 1","name":""},
  {"lat":45.424066,"lon":-122.511274,"city":"Happy Valley","state":"OR","address":"14800 SE Sunnyside Rd., Suite B","name":""},
  {"lat":44.441357,"lon":-93.581379,"city":"Montgomery","state":"MN","address":"300 1st St N","name":""},
  {"lat":40.755788,"lon":-75.593374,"city":"Walnutport","state":"PA","address":"200 S Best Ave","name":""},
  {"lat":30.534255,"lon":-90.989717,"city":"Greenwell Springs","state":"LA","address":"18513 Magnolia Bridge Rd","name":""},
  {"lat":41.713062,"lon":-70.490461,"city":"Forrestdale","state":"MA","address":"280B Rte 130, Suite 8","name":""},
  {"lat":40.083832,"lon":-83.141593,"city":"Dublin","state":"OH","address":"5615 Woerner Temple Rd","name":""},
  {"lat":42.143983,"lon":-80.007488,"city":"Erie","state":"PA","address":"2424 E 38th St","name":""},
  {"lat":34.362643,"lon":-89.509162,"city":"Oxford","state":"MS","address":"1903 B University Ave","name":""},
  {"lat":29.206418,"lon":-96.293634,"city":"El Campo","state":"TX","address":"2209 West Loop","name":""},
  {"lat":43.206743,"lon":-78.400685,"city":"Medina","state":"NY","address":"11184 Maple Ridge Rd","name":""},
  {"lat":33.608504,"lon":-111.730112,"city":"Fountain Hills","state":"AZ","address":"13525 N Fountain Hills Blvd","name":""},
  {"lat":42.769836,"lon":-78.744466,"city":"Orchard Park","state":"NY","address":"4180 N Buffalo Rd","name":""},
  {"lat":41.925295,"lon":-79.644501,"city":"Corry","state":"PA","address":"124 W. Smith St","name":""},
  {"lat":33.911348,"lon":-102.336388,"city":"Littlefield","state":"TX","address":"500 West 7th St","name":""},
  {"lat":40.123256,"lon":-84.613282,"city":"Greenville","state":"OH","address":"1370 A/B Kitchenaid Way","name":""},
  {"lat":40.155559,"lon":-75.864456,"city":"Elverson","state":"PA","address":"600 Crossings Blvd","name":""},
  {"lat":40.409996,"lon":-84.628997,"city":"St. Henry","state":"OH","address":"531 S Eastern Ave","name":""},
  {"lat":46.263151,"lon":-96.609771,"city":"Wahpeton","state":"ND","address":"102 7th Street S","name":""},
  {"lat":42.767831,"lon":-78.626811,"city":"East Aurora","state":"NY","address":"42 Riley St, Suite 100","name":""},
  {"lat":42.00682,"lon":-80.308405,"city":"Girard","state":"PA","address":"4800 Birchdale Dr","name":""},
  {"lat":30.28293,"lon":-90.921435,"city":"Gonzales","state":"LA","address":"14505 LA-44","name":""},
  {"lat":42.973797,"lon":-83.706866,"city":"Flint","state":"MI","address":"1381 W Bristol Rd","name":""},
  {"lat":39.944762,"lon":-82.994505,"city":"Columbus","state":"OH","address":"864 S 3rd St","name":""},
  {"lat":30.140743,"lon":-91.941862,"city":"Broussard","state":"LA","address":"218 St Nazaire Rd","name":""},
  {"lat":33.739781,"lon":-84.357922,"city":"Atlanta","state":"GA","address":"920 Glenwood Ave SE, Suite 102/103","name":""},
  {"lat":41.23805,"lon":-74.380673,"city":"Warwick","state":"NY","address":"148 State Route 94 S","name":""},
  {"lat":41.193602,"lon":-74.485429,"city":"Vernon","state":"NJ","address":"514 CR-515","name":""},
  {"lat":41.131455,"lon":-74.366527,"city":"West Milford","state":"NJ","address":"20 Marshall Hill Rd","name":""},
  {"lat":44.904582,"lon":-93.278084,"city":"Minneapolis","state":"MN","address":"5409 Nicollet Ave S, Suite B","name":""},
  {"lat":45.448006,"lon":-122.619181,"city":"Milwaukie","state":"OR","address":"4200 SE King Rd","name":""},
  {"lat":35.165397,"lon":-80.850251,"city":"Charlotte","state":"NC","address":"4805 Park Rd","name":""},
  {"lat":43.060774,"lon":-88.002631,"city":"Wauwatosa","state":"WI","address":"7226 W North Ave","name":""},
  {"lat":29.873021,"lon":-90.082832,"city":"Harvey","state":"LA","address":"3700 Lapalco Blvd, Suite B","name":""},
  {"lat":32.575281,"lon":-96.307716,"city":"Kaufman","state":"TX","address":"2017-A South Washington St","name":""},
  {"lat":42.653918,"lon":-83.575115,"city":"Highland","state":"MI","address":"2825 E Highland Rd, Suite #119","name":""},
  {"lat":39.089443,"lon":-84.712451,"city":"Hebron","state":"KY","address":"1990 N Bend Rd","name":""},
  {"lat":30.021127,"lon":-90.255465,"city":"Kenner","state":"LA","address":"910 W Esplanade Ave, Suite D","name":""},
  {"lat":47.113265,"lon":-88.58708,"city":"Houghton","state":"MI","address":"850 W Sharon Ave","name":""},
  {"lat":42.18736,"lon":-72.649719,"city":"Holyoke","state":"MA","address":"506 Westfield Rd","name":""},
  {"lat":34.475723,"lon":-110.087878,"city":"Taylor","state":"AZ","address":"704 N Main St","name":""},
  {"lat":39.785503,"lon":-75.685489,"city":"Hockessin","state":"DE","address":"7209 Lancaster Pike, Suite 1","name":""},
  {"lat":37.961815,"lon":-84.498638,"city":"Lexington","state":"KY","address":"4384 Clearwater Way","name":""},
  {"lat":34.200675,"lon":-103.319109,"city":"Portales","state":"NM","address":"1608 E Spruce St, Suite 100","name":""},
  {"lat":38.319568,"lon":-104.705201,"city":"Pueblo","state":"CO","address":"279 S Purcell Blvd","name":""},
  {"lat":30.099926,"lon":-92.124614,"city":"Maurice","state":"LA","address":"9611 Maurice Ave., Suite 2","name":""},
  {"lat":45.196649,"lon":-123.20419,"city":"McMinnville","state":"OR","address":"697 SW Keck Dr","name":""},
  {"lat":35.442164,"lon":-80.763143,"city":"Davidson","state":"NC","address":"11159 Davinci Dr","name":""},
  {"lat":42.731535,"lon":-90.477145,"city":"Platteville","state":"WI","address":"180 McGregor Plz","name":""},
  {"lat":47.60873,"lon":-122.629311,"city":"Bremerton","state":"WA","address":"1600 NE Roseway Ln, Suite 120","name":""},
  {"lat":39.620304,"lon":-82.940138,"city":"Circleville","state":"OH","address":"1186 N Court St","name":""},
  {"lat":44.794194,"lon":-93.206204,"city":"St. Paul","state":"MN","address":"1960 Cliff Lake Rd, Suite 115","name":""},
  {"lat":41.794523,"lon":-80.947317,"city":"Geneva","state":"OH","address":"767 S Broadway","name":""},
  {"lat":42.081047,"lon":-76.857475,"city":"Elmira","state":"NY","address":"1801 W Water St","name":""},
  {"lat":45.210121,"lon":-93.665322,"city":"St. Michael","state":"MN","address":"1 Central Ave W","name":""},
  {"lat":45.227388,"lon":-94.940559,"city":"Spicer","state":"MN","address":"300 MN-23 S","name":""},
  {"lat":39.998542,"lon":-83.061312,"city":"Upper Arlington","state":"OH","address":"2080 Arlington Ave","name":""},
  {"lat":44.836191,"lon":-93.808462,"city":"Waconia","state":"MN","address":"1309 Oak Ave","name":""},
  {"lat":44.077519,"lon":-93.506463,"city":"Waseca","state":"MN","address":"122 Elm Ave E","name":""},
  {"lat":29.21367,"lon":-99.787241,"city":"Uvalde","state":"TX","address":"330 North Getty St","name":""},
  {"lat":44.772617,"lon":-93.927481,"city":"Norwood Young America","state":"MN","address":"308 US-212 W","name":""},
  {"lat":45.389718,"lon":-92.8489,"city":"Lindstrom","state":"MN","address":"12715 Lake Blvd","name":""},
  {"lat":28.956771,"lon":-95.373913,"city":"Freeport","state":"TX","address":"303 A S Brazosport Blvd","name":""},
  {"lat":39.60875,"lon":-105.147061,"city":"Littleton","state":"CO","address":"5935 S Zang St, Units 10, 11 & 12","name":""},
  {"lat":35.096119,"lon":-106.497488,"city":"Albuquerque","state":"NM","address":"1530 Tramway Blvd NE","name":""},
  {"lat":42.900209,"lon":-78.49462,"city":"Alden","state":"NY","address":"13242 Broadway St","name":""},
  {"lat":33.997075,"lon":-86.094252,"city":"Attalla","state":"AL","address":"977 Gilbert Ferry Rd SE, Suites P & Q","name":""},
  {"lat":34.728741,"lon":-76.640553,"city":"Beaufort","state":"NC","address":"1718 Live Oak St","name":""},
  {"lat":39.561943,"lon":-95.117887,"city":"Atchison","state":"KS","address":"409 Commercial St","name":""},
  {"lat":41.317394,"lon":-81.33358,"city":"Aurora","state":"OH","address":"317 E Garfield Rd","name":""},
  {"lat":41.025603,"lon":-81.644093,"city":"Norton","state":"OH","address":"3300 Greenwich Rd.","name":""},
  {"lat":38.413583,"lon":-82.261626,"city":"Barboursville","state":"WV","address":"3554 US Route 60 E","name":""},
  {"lat":34.773767,"lon":-111.764808,"city":"Sedona","state":"AZ","address":"7000 State Highway 179, Suite D200 & C200","name":""},
  {"lat":42.058841,"lon":-72.440609,"city":"Hampden","state":"MA","address":"5 Allen St","name":""},
  {"lat":43.000176,"lon":-87.901862,"city":"Milwaukee","state":"WI","address":"2450 S Kinnickinnic Ave","name":""},
  {"lat":32.114763,"lon":-110.772571,"city":"Tucson","state":"AZ","address":"7545 S Houghton Rd, Suite #3","name":""},
  {"lat":39.589233,"lon":-89.733987,"city":"Auburn","state":"IL","address":"650 E Jackson St","name":""},
  {"lat":44.944326,"lon":-92.37489,"city":"Baldwin","state":"WI","address":"570 10th Ave","name":""},
  {"lat":36.864496,"lon":-88.356094,"city":"Benton","state":"KY","address":"121 Commerce Blvd","name":""},
  {"lat":33.817471,"lon":-84.349053,"city":"Atlanta","state":"GA","address":"1167 Lavista Rd NE","name":""},
  {"lat":39.985008,"lon":-83.043382,"city":"Columbus","state":"OH","address":"1409 W 3rd Ave","name":""},
  {"lat":44.54358,"lon":-93.578814,"city":"New Prague","state":"MN","address":"130 Main St W, Suite A","name":""},
  {"lat":33.777227,"lon":-89.8251,"city":"Grenada","state":"MS","address":"1324 Sunset Dr, Suite A","name":""},
  {"lat":32.36302,"lon":-111.120037,"city":"Tucson","state":"AZ","address":"8567 N Silverbell Rd","name":""},
  {"lat":45.370995,"lon":-94.729213,"city":"Paynesville","state":"MN","address":"970 Diekmann Drive, Suite 100","name":""},
  {"lat":44.949541,"lon":-93.371472,"city":"St. Louis Park","state":"MN","address":"7210 Minnetonka Blvd","name":""},
  {"lat":43.060416,"lon":-96.176204,"city":"Sioux Center","state":"IA","address":"108 16th St SW","name":""},
  {"lat":44.950956,"lon":-123.051837,"city":"Salem","state":"OR","address":"1124 Wallace Rd NW, Suite 140","name":""},
  {"lat":42.103446,"lon":-88.3486,"city":"Dundee","state":"IL","address":"4640 W Main St","name":""},
  {"lat":34.3658,"lon":-89.559,"city":"Oxford","state":"MS","address":"304 Heritage Drive, Suite 8","name":""},
  {"lat":33.86285,"lon":-84.472335,"city":"Atlanta","state":"GA","address":"3621 Vinings Slope SE","name":""},
  {"lat":42.971385,"lon":-85.71927,"city":"Grand Rapids","state":"MI","address":"2052 Lake Michigan Dr NW","name":""},
  {"lat":45.472652,"lon":-94.246243,"city":"St. Augusta","state":"MN","address":"24086 State Highway 15","name":""},
  {"lat":45.249359,"lon":-93.305443,"city":"Andover","state":"MN","address":"1574 154th Ave NW, #104","name":""},
  {"lat":37.043585,"lon":-93.312382,"city":"Nixa","state":"MO","address":"830 West Mount Vernon Street, Suite #7","name":""},
  {"lat":43.32,"lon":-72.505694,"city":"Springfield","state":"VT","address":"363 River St, Suite 104","name":""},
  {"lat":37.18815,"lon":-104.497514,"city":"Trinidad","state":"CO","address":"2202 Freedom Rd","name":""},
  {"lat":40.858019,"lon":-82.271165,"city":"Ashland","state":"OH","address":"1051 Commerce Pkwy","name":""},
  {"lat":38.445417,"lon":-81.971423,"city":"Hurricane","state":"WV","address":"3703 Teays Valley Rd","name":""},
  {"lat":46.147179,"lon":-122.933278,"city":"Longview","state":"WA","address":"1940 Cascade Way","name":""},
  {"lat":41.203076,"lon":-74.601483,"city":"Wantage","state":"NJ","address":"455 State RT 23","name":""},
  {"lat":44.891789,"lon":-123.059107,"city":"Salem","state":"OR","address":"4555 Liberty Rd., Suite #390","name":""},
  {"lat":47.105203,"lon":-119.310326,"city":"Moses Lake","state":"WA","address":"2707 W Broadway Ave","name":""},
  {"lat":46.602137,"lon":-90.862298,"city":"Ashland","state":"WI","address":"1804 Lake Shore Dr E","name":""},
  {"lat":44.178849,"lon":-94.036674,"city":"North Mankato","state":"MN","address":"1754 Commerce Drive, Suite 101","name":""},
  {"lat":45.314372,"lon":-95.602046,"city":"Benson","state":"MN","address":"110 14th St S","name":""},
  {"lat":33.179373,"lon":-86.610565,"city":"Columbiana","state":"AL","address":"208-A W College St","name":""},
  {"lat":41.089148,"lon":-112.066641,"city":"Syracuse","state":"UT","address":"2107 W 1700 S","name":""},
  {"lat":35.158087,"lon":-107.843801,"city":"Grants","state":"NM","address":"901 North 1st Street","name":""},
  {"lat":45.497556,"lon":-91.733344,"city":"Rice Lake","state":"WI","address":"225 S Main St","name":""},
  {"lat":43.447045,"lon":-71.626996,"city":"Franklin","state":"NH","address":"880 Central St","name":""},
  {"lat":41.07861,"lon":-73.857737,"city":"Tarrytown","state":"NY","address":"69 N Broadway","name":""},
  {"lat":45.747301,"lon":-93.667335,"city":"Milaca","state":"MN","address":"900 State Hwy 23 West, Suite B","name":""},
  {"lat":44.2925,"lon":-92.6706,"city":"Zumbrota","state":"MN","address":"92 West 5th Street","name":""},
  {"lat":30.480903,"lon":-90.863266,"city":"Walker","state":"LA","address":"28977 Walker South Rd, Suite H","name":""},
  {"lat":32.289912,"lon":-83.478812,"city":"Hawkinsville","state":"GA","address":"58 Surrey Plz","name":""},
  {"lat":40.802158,"lon":-80.137862,"city":"Harmony","state":"PA","address":"100 Perry Hwy, Suite 112","name":""},
  {"lat":45.27916,"lon":-92.984987,"city":"Forest Lake","state":"MN","address":"220 Lake Street N","name":""},
  {"lat":47.678809,"lon":-117.27966,"city":"Spokane Valley","state":"WA","address":"9331 E Montgomery Ave, Space 105","name":""},
  {"lat":45.684245,"lon":-92.980585,"city":"Rush City","state":"MN","address":"1170 W 4th St","name":""},
  {"lat":34.722112,"lon":-112.003655,"city":"Cottonwood","state":"AZ","address":"976 S Main St","name":""},
  {"lat":30.787206,"lon":-89.857645,"city":"Bogalusa","state":"LA","address":"400 Georgia Ave, Suite 3","name":""},
  {"lat":41.150768,"lon":-81.863368,"city":"Medina","state":"OH","address":"919 N Court St","name":""},
  {"lat":33.133464,"lon":-95.601531,"city":"Sulphur Springs","state":"TX","address":"400 Gilmer St, Suite E","name":""},
  {"lat":37.792315,"lon":-120.995231,"city":"Escalon","state":"CA","address":"1900 McHenry Ave","name":""},
  {"lat":33.884199,"lon":-84.163349,"city":"Lilburn","state":"GA","address":"375 Rockbridge Rd, Suite 148","name":""},
  {"lat":38.434817,"lon":-82.127067,"city":"Milton","state":"WV","address":"305 E Main St","name":""},
  {"lat":41.22527,"lon":-73.985472,"city":"Stony Point","state":"NY","address":"32 S Liberty Dr","name":""},
  {"lat":41.943121,"lon":-80.555302,"city":"Conneaut","state":"OH","address":"236 Main St","name":""},
  {"lat":30.715497,"lon":-95.571382,"city":"Huntsville","state":"TX","address":"130 Col Etheredge Blvd, Suite A","name":""},
  {"lat":44.037459,"lon":-121.287219,"city":"Bend","state":"OR","address":"1310 SE Reed Market Rd, Suite #130","name":""},
  {"lat":42.980365,"lon":-84.540833,"city":"St. Johns","state":"MI","address":"2453 Ontario Dr","name":""},
  {"lat":42.205717,"lon":-121.742357,"city":"Klamath Falls","state":"OR","address":"3810 S 6th St #110","name":""},
  {"lat":33.370567,"lon":-112.586278,"city":"Buckeye","state":"AZ","address":"827 E Monroe Ave","name":""},
  {"lat":42.571967,"lon":-88.118081,"city":"Salem","state":"WI","address":"7353 256th Ave, Suite 150","name":""},
  {"lat":47.7477,"lon":-122.637,"city":"Poulsbo","state":"WA","address":"1016 N.E. Forest Rock Lane, #115","name":""},
  {"lat":33.300542,"lon":-84.553527,"city":"Senoia","state":"GA","address":"27 Barnes St","name":""},
  {"lat":42.87219,"lon":-85.860492,"city":"Hudsonville","state":"MI","address":"5696 Balsam Dr","name":""},
  {"lat":35.567492,"lon":-77.349293,"city":"Greenville","state":"NC","address":"2120 E Fire Tower Rd, Suite 111","name":""},
  {"lat":42.185391,"lon":-122.67441,"city":"Ashland","state":"OR","address":"2205 Ashland St","name":""},
  {"lat":42.970136,"lon":-85.648271,"city":"Grand Rapids","state":"MI","address":"855 Michigan St NE","name":""},
  {"lat":40.717614,"lon":-74.043743,"city":"Jersey City","state":"NJ","address":"139 Brunswick St.","name":""},
  {"lat":44.60788,"lon":-94.082798,"city":"Arlington","state":"MN","address":"108 5th Ave NW","name":""},
  {"lat":38.125805,"lon":-78.444974,"city":"Charlottesville","state":"VA","address":"340 Towncenter Ln, Suite 300","name":""},
  {"lat":34.480319,"lon":-91.558487,"city":"Stuttgart","state":"AR","address":"111 W. 6th St., Ste B","name":""},
  {"lat":45.741323,"lon":-122.877798,"city":"Scappoose","state":"OR","address":"33464 Havlik Dr","name":""},
  {"lat":30.661818,"lon":-96.303062,"city":"Bryan","state":"TX","address":"4282 Boonville Rd, Suite 130","name":""},
  {"lat":33.965934,"lon":-112.734397,"city":"Wickenburg","state":"AZ","address":"340 W Wickenburg Way","name":""},
  {"lat":37.579109,"lon":-85.737096,"city":"Hodgenville","state":"KY","address":"83 Shawnee Dr","name":""},
  {"lat":42.648573,"lon":-85.299655,"city":"Hastings","state":"MI","address":"804 W. State St.","name":""},
  {"lat":44.991746,"lon":-92.551068,"city":"Roberts","state":"WI","address":"147 Jennifer Rae Jct N","name":""},
  {"lat":39.030128,"lon":-94.850575,"city":"Shawnee","state":"KS","address":"5437 Roberts St","name":""},
  {"lat":40.882336,"lon":-81.569462,"city":"Canal Fulton","state":"OH","address":"2264 Locust St S","name":""},
  {"lat":33.8833,"lon":-91.482521,"city":"Dumas","state":"AR","address":"805 Highway 165 E","name":""},
  {"lat":40.023428,"lon":-79.595116,"city":"Connellsville","state":"PA","address":"204 Memorial Blvd","name":""},
  {"lat":33.967748,"lon":-85.94219,"city":"Glencoe","state":"AL","address":"620 Banks St","name":""},
  {"lat":28.712727,"lon":-100.476503,"city":"Eagle Pass","state":"TX","address":"1975 N Veterans Blvd, Suite 2B","name":""},
  {"lat":45.332853,"lon":-93.737231,"city":"Big Lake","state":"MN","address":"651 Rose Dr","name":""},
  {"lat":43.01004,"lon":-89.72217,"city":"Mount Horeb","state":"WI","address":"1855 Springdale St","name":""},
  {"lat":41.326247,"lon":-72.193324,"city":"Niantic","state":"CT","address":"88 Pennsylvania Ave","name":""},
  {"lat":33.59064,"lon":-86.496256,"city":"Moody","state":"AL","address":"2846 Moody Pkwy, Suite 200","name":""},
  {"lat":43.111017,"lon":-89.642261,"city":"Cross Plains","state":"WI","address":"34 Glacier Edge Sq","name":""},
  {"lat":45.201922,"lon":-93.553965,"city":"Rogers","state":"MN","address":"13635 Northdale Blvd","name":""},
  {"lat":30.010933,"lon":-95.512919,"city":"Spring","state":"TX","address":"6905 Cypresswood Dr","name":""},
  {"lat":44.864145,"lon":-93.654982,"city":"Victoria","state":"MN","address":"1495 Stieger Lake Lane","name":""},
  {"lat":29.896723,"lon":-90.136517,"city":"Westwego","state":"LA","address":"1401 Westbank Expy","name":""},
  {"lat":29.498599,"lon":-98.705461,"city":"San Antonio","state":"TX","address":"6511 West FM, Loop 1604 North, Suite 104","name":""},
  {"lat":45.628982,"lon":-94.574752,"city":"Albany","state":"MN","address":"131 8th St S","name":""},
  {"lat":45.029366,"lon":-93.334711,"city":"Minneapolis","state":"MN","address":"4070 Lakeland Ave N","name":""},
  {"lat":42.199271,"lon":-122.713244,"city":"Ashland","state":"OR","address":"310 Oak St","name":""},
  {"lat":41.571062,"lon":-72.336083,"city":"Colchester","state":"CT","address":"179 Linwood Ave","name":""},
  {"lat":44.077133,"lon":-121.299599,"city":"Bend","state":"OR","address":"2700 NE 4th St","name":""},
  {"lat":30.562871,"lon":-90.955558,"city":"Denham Springs","state":"LA","address":"34254 LA Hwy 16","name":""},
  {"lat":26.378914,"lon":-98.859147,"city":"Rio Grande City","state":"TX","address":"1209 E Main Street","name":""},
  {"lat":45.455581,"lon":-94.42893,"city":"Cold Spring","state":"MN","address":"20 Red River Ave S, Suite #120","name":""},
  {"lat":46.826855,"lon":-92.033685,"city":"Duluth","state":"MN","address":"4425 E Superior St","name":""},
  {"lat":45.397685,"lon":-92.639117,"city":"St. Croix Falls","state":"WI","address":"340 E McKenney St","name":""},
  {"lat":46.800336,"lon":-92.130871,"city":"Duluth","state":"MN","address":"102 E Central Entrance","name":""},
  {"lat":45.025458,"lon":-93.106092,"city":"Little Canada","state":"MN","address":"2800 Rice St","name":""},
  {"lat":39.104521,"lon":-90.315108,"city":"Jerseyville","state":"IL","address":"1404 Windy Ln","name":""},
  {"lat":45.413492,"lon":-94.054111,"city":"Clearwater","state":"MN","address":"800 Nelson Dr","name":""},
  {"lat":30.3232,"lon":-90.9302,"city":"Galvez","state":"LA","address":"40306 Highway 42","name":""},
  {"lat":42.940937,"lon":-85.075777,"city":"Ionia","state":"MI","address":"2542 Heartland Blvd","name":""},
  {"lat":38.660766,"lon":-120.941951,"city":"Shingle Springs","state":"CA","address":"3975 Durock Road, Suite 104","name":""},
  {"lat":34.392206,"lon":-118.467269,"city":"Santa Clarita","state":"CA","address":"19233 Golden Valley Rd","name":""},
  {"lat":42.945202,"lon":-83.614063,"city":"Grand Blanc","state":"MI","address":"4501 E Hill Rd","name":""},
  {"lat":34.214729,"lon":-90.574617,"city":"Clarksdale","state":"MS","address":"650 Friars Point Rd","name":""},
  {"lat":37.584845,"lon":-79.052199,"city":"Amherst","state":"VA","address":"203 S Main St","name":""},
  {"lat":44.054113,"lon":-121.358251,"city":"Bend","state":"OR","address":"2753 NW Lolo Dr","name":""},
  {"lat":42.319024,"lon":-122.962076,"city":"Jacksonville","state":"OR","address":"650 G St","name":""},
  {"lat":40.720257,"lon":-82.548554,"city":"Mansfield","state":"OH","address":"1446 Lexington Ave","name":""},
  {"lat":43.029294,"lon":-78.970413,"city":"Grand Island","state":"NY","address":"2488 Grand Island Blvd","name":""},
  {"lat":44.69177,"lon":-93.213033,"city":"Lakeville","state":"MN","address":"7367 179th St. W","name":""},
  {"lat":39.543594,"lon":-76.472544,"city":"Fallston","state":"MD","address":"2721 Fallston Rd","name":""},
  {"lat":44.936422,"lon":-93.642677,"city":"Spring Park","state":"MN","address":"4671 Shoreline Dr","name":""},
  {"lat":32.556197,"lon":-84.97411,"city":"Columbus","state":"GA","address":"1290 Double Churches Rd","name":""},
  {"lat":45.500493,"lon":-122.433693,"city":"Gresham","state":"OR","address":"400 NW Eastman Pkwy","name":""},
  {"lat":45.780683,"lon":-122.560719,"city":"Battle Ground","state":"WA","address":"2312 W Main St","name":""},
  {"lat":30.162165,"lon":-90.920221,"city":"Gonzales","state":"LA","address":"6473 LA-44","name":""},
  {"lat":41.176188,"lon":-112.063432,"city":"Roy","state":"UT","address":"3484 W 4800 S","name":""},
  {"lat":42.268805,"lon":-72.671233,"city":"Easthampton","state":"MA","address":"39 Union St","name":""},
  {"lat":34.565819,"lon":-111.861196,"city":"Camp Verde","state":"AZ","address":"400 Finnie Flat Rd","name":""},
  {"lat":39.822606,"lon":-75.871787,"city":"West Grove","state":"PA","address":"63 Jenners Village Ctr","name":""},
  {"lat":41.832234,"lon":-94.106605,"city":"Perry","state":"IA","address":"509 1st Ave","name":""},
  {"lat":38.775211,"lon":-77.060907,"city":"Alexandria","state":"VA","address":"1508 Belle View Blvd","name":""},
  {"lat":37.014,"lon":-121.599454,"city":"Gilroy","state":"CA","address":"8050 Santa Teresa Blvd","name":""},
  {"lat":45.889884,"lon":-95.368059,"city":"Alexandria","state":"MN","address":"619 3rd Avenue East, Suite 102","name":""},
  {"lat":30.499245,"lon":-90.956316,"city":"Denham Springs","state":"LA","address":"1217 N Range Ave","name":""},
  {"lat":41.959495,"lon":-83.674536,"city":"Dundee","state":"MI","address":"107 Waterstradt Commerce Dr, Unit A and B","name":""},
  {"lat":38.455933,"lon":-90.306287,"city":"Oakville","state":"MO","address":"6070 Telegraph Rd, Suite G","name":""},
  {"lat":35.974619,"lon":-114.845285,"city":"Boulder City","state":"NV","address":"1030 Nevada Hwy","name":""},
  {"lat":34.773942,"lon":-112.452954,"city":"Chino Valley","state":"AZ","address":"1938 N Hwy 89","name":""},
  {"lat":39.427223,"lon":-76.364821,"city":"Joppa","state":"MD","address":"413 Pulaski Hwy","name":""},
  {"lat":37.416519,"lon":-79.203207,"city":"Lynchburg","state":"VA","address":"2820 Linkhorne Road, Suite B","name":""},
  {"lat":46.765021,"lon":-114.078081,"city":"Lolo","state":"MT","address":"116 Glacier Dr, #102","name":""},
  {"lat":44.886753,"lon":-93.888073,"city":"Mayer","state":"MN","address":"255 Ash Ave N","name":""},
  {"lat":44.567743,"lon":-92.586287,"city":"Red Wing","state":"MN","address":"3257 S Service Dr","name":""},
  {"lat":44.99877,"lon":-93.2467,"city":"Minneapolis","state":"MN","address":"945 Broadway St NE","name":""},
  {"lat":33.4075,"lon":-84.678997,"city":"Newnan","state":"GA","address":"3150 Hwy 34 E, Suite 305","name":""},
  {"lat":39.910264,"lon":-74.823986,"city":"Medford","state":"NJ","address":"7 Wilkins Station Rd","name":""},
  {"lat":46.410129,"lon":-117.001891,"city":"Lewiston","state":"ID","address":"625 21st street suite c","name":""},
  {"lat":39.483063,"lon":-105.073219,"city":"Roxborough","state":"CO","address":"8351 N Rampart Range Rd","name":""},
  {"lat":30.513198,"lon":-91.028905,"city":"Greenwell Springs","state":"LA","address":"14485 Greenwell Springs Rd, Suite A","name":""},
  {"lat":34.99815,"lon":-85.095235,"city":"Ooltewah","state":"TN","address":"1667 Ooltewah-Ringgold Rd","name":""},
  {"lat":41.426222,"lon":-81.372562,"city":"Chagrin Falls","state":"OH","address":"524 E Washington St, Suite B","name":""},
  {"lat":45.256165,"lon":-122.704833,"city":"Canby","state":"OR","address":"1109 SW 1st Ave, Suite C","name":""},
  {"lat":31.116995,"lon":-99.33569,"city":"Brady","state":"TX","address":"1918 South Bridge","name":""},
  {"lat":45.557737,"lon":-122.865558,"city":"Portland","state":"OR","address":"18335 NW West Union Rd","name":""},
  {"lat":29.578826,"lon":-98.218224,"city":"Cibolo","state":"TX","address":"113 Rodeo Way, Suite 116","name":""},
  {"lat":33.164706,"lon":-86.775936,"city":"Calera","state":"AL","address":"301 Airport Commons Dr","name":""},
  {"lat":37.023189,"lon":-88.338646,"city":"Calvert City","state":"KY","address":"888 5th Ave","name":""},
  {"lat":38.063969,"lon":-78.487174,"city":"Charlottesville","state":"VA","address":"386 Hillsdale Dr","name":""},
  {"lat":43.163117,"lon":-87.965382,"city":"Brown Deer","state":"WI","address":"4301 W Bradley Rd","name":""},
  {"lat":40.739482,"lon":-92.868029,"city":"Centerville","state":"IA","address":"710 N 18th St","name":""},
  {"lat":42.127085,"lon":-89.257585,"city":"Byron","state":"IL","address":"211 N Walnut St","name":""},
  {"lat":44.294049,"lon":-96.798644,"city":"Brookings","state":"SD","address":"1009 Main Ave S","name":""},
  {"lat":33.118211,"lon":-91.963476,"city":"Crossett","state":"AR","address":"1410 Dr Martin Luther King Jr Dr","name":""},
  {"lat":32.165474,"lon":-81.903946,"city":"Claxton","state":"GA","address":"214C N Duval St","name":""},
  {"lat":39.763936,"lon":-84.187513,"city":"Dayton","state":"OH","address":"312 N Patterson Blvd","name":""},
  {"lat":45.304263,"lon":-93.234005,"city":"Cedar","state":"MN","address":"18447 Highway 65 NE, Suite A","name":""},
  {"lat":30.047462,"lon":-94.885082,"city":"Dayton","state":"TX","address":"400 E Highway 90","name":""},
  {"lat":41.270991,"lon":-72.499824,"city":"Clinton","state":"CT","address":"266 E Main St, Unit C1","name":""},
  {"lat":40.871691,"lon":-75.233609,"city":"Bangor","state":"PA","address":"426 Blue Valley Dr","name":""},
  {"lat":43.067979,"lon":-92.678166,"city":"Charles City","state":"IA","address":"222 North Main Street","name":""},
  {"lat":45.568909,"lon":-94.3083,"city":"St. Joseph","state":"MN","address":"708 Elm St E","name":""},
  {"lat":41.085563,"lon":-74.262504,"city":"Ringwood","state":"NJ","address":"115 Skyline Dr","name":""},
  {"lat":40.775792,"lon":-82.476321,"city":"Mansfield","state":"OH","address":"1034 Ashland Rd","name":""},
  {"lat":42.571114,"lon":-82.850344,"city":"Harrison Township","state":"MI","address":"26110 Crocker Blvd","name":""},
  {"lat":30.651258,"lon":-97.010877,"city":"Rockdale","state":"TX","address":"734 W Cameron Ave","name":""},
  {"lat":47.50678,"lon":-117.564716,"city":"Cheney","state":"WA","address":"2726 1st St","name":""},
  {"lat":33.458084,"lon":-90.638139,"city":"Indianola","state":"MS","address":"1105 Hwy 82 East","name":""},
  {"lat":41.340038,"lon":-72.4148,"city":"Essex","state":"CT","address":"125 Westbrook Rd","name":""},
  {"lat":47.759074,"lon":-116.789364,"city":"Hayden","state":"ID","address":"231 W Hayden Ave","name":""},
  {"lat":29.681674,"lon":-97.650837,"city":"Luling","state":"TX","address":"417 E Davis St","name":""},
  {"lat":47.573943,"lon":-117.682742,"city":"Medical","state":"WA","address":"207 Hwy 902","name":""},
  {"lat":32.785461,"lon":-97.065205,"city":"Arlington","state":"TX","address":"2800 Forestwood Dr, Suite 130","name":""},
  {"lat":32.961589,"lon":-97.676553,"city":"Springtown","state":"TX","address":"511 E Highway 199","name":""},
  {"lat":44.228189,"lon":-72.552567,"city":"Barre","state":"VT","address":"1400 US Route 302, Suite#3","name":""},
  {"lat":42.250706,"lon":-88.595852,"city":"Marengo","state":"IL","address":"910 C Greenlee St","name":""},
  {"lat":40.693563,"lon":-79.999042,"city":"Mars","state":"PA","address":"158 Brickyard Rd, Suite 400","name":""},
  {"lat":42.566535,"lon":-87.874718,"city":"Kenosha","state":"WI","address":"5506 75th St","name":""},
  {"lat":37.68096,"lon":-113.061878,"city":"Cedar City","state":"UT","address":"145 N Main St","name":""},
  {"lat":32.515841,"lon":-96.800443,"city":"Red Oak","state":"TX","address":"120 State Highway 342","name":""},
  {"lat":27.878765,"lon":-97.202748,"city":"Ingleside","state":"TX","address":"2334 TX-361, Suites 138-158","name":""},
  {"lat":44.855124,"lon":-93.044861,"city":"Inver Grove Heights","state":"MN","address":"6502 Cahill Avenue","name":""},
  {"lat":43.317681,"lon":-88.351492,"city":"Hartford","state":"WI","address":"1532 E Sumner St","name":""},
  {"lat":39.979064,"lon":-83.003383,"city":"Columbus-Short North","state":"OH","address":"14 E Hubbard Ave","name":""},
  {"lat":42.088241,"lon":-88.530969,"city":"Hampshire","state":"IL","address":"111 W Oak Knoll Dr","name":""},
  {"lat":27.507294,"lon":-97.855972,"city":"Kingsville","state":"TX","address":"805 S 14th St, Suite A","name":""},
  {"lat":42.756561,"lon":-86.116341,"city":"Holland","state":"MI","address":"1153 Washington Ave, Suite C and D","name":""},
  {"lat":44.715255,"lon":-92.848253,"city":"Hastings","state":"MN","address":"275 33rd St W, Suite B","name":""},
  {"lat":42.279403,"lon":-88.205795,"city":"Island Lake","state":"IL","address":"452 W State Rd","name":""},
  {"lat":38.806002,"lon":-77.054128,"city":"Alexandria","state":"VA","address":"1315 King St","name":""},
  {"lat":45.126409,"lon":-94.527695,"city":"Litchfield","state":"MN","address":"27 E Depot St","name":""},
  {"lat":45.128305,"lon":-92.537643,"city":"New Richmond","state":"WI","address":"575 N Knowles Ave, Suite A","name":""},
  {"lat":34.561994,"lon":-112.482308,"city":"Prescott","state":"AZ","address":"1046 Willow Creek Rd","name":""},
  {"lat":45.724077,"lon":-94.951749,"city":"Sauk Centre","state":"MN","address":"1190 Main Street South","name":""},
  {"lat":44.619078,"lon":-93.755837,"city":"Belle Plaine","state":"MN","address":"320 S Laredo St, Unit 1","name":""},
  {"lat":39.714002,"lon":-89.628788,"city":"Springfield","state":"IL","address":"1362 Toronto Rd.","name":""},
  {"lat":29.033604,"lon":-81.031405,"city":"New Smyrna Beach","state":"FL","address":"424 Luna Bella Ln, Suite 131","name":""},
  {"lat":29.907567,"lon":-90.366914,"city":"Luling","state":"LA","address":"12715 Hwy 90, Suite 160A","name":""},
  {"lat":39.885434,"lon":-104.775424,"city":"Commerce City","state":"CO","address":"18240 E 104th Ave","name":""},
  {"lat":40.697439,"lon":-80.130461,"city":"Cranberry Township","state":"PA","address":"2710 Rochester Rd, Suite 100","name":""},
  {"lat":44.738072,"lon":-93.26047,"city":"Burnsville","state":"MN","address":"1024 County Road 42 E","name":""},
  {"lat":46.825794,"lon":-95.870894,"city":"Detroit Lakes","state":"MN","address":"1315 Hwy 10 W","name":""},
  {"lat":39.02172,"lon":-76.694433,"city":"Gambrills","state":"MD","address":"1161 STATE ROUTE 3N","name":""},
  {"lat":44.922204,"lon":-93.329132,"city":"Edina","state":"MN","address":"4402 France Ave S","name":""},
  {"lat":38.710383,"lon":-121.085665,"city":"El Dorado Hills","state":"CA","address":"2222 Francisco Dr, #290","name":""},
  {"lat":32.765753,"lon":-96.45728,"city":"Forney","state":"TX","address":"1104 Ranch Rd, Suite 111","name":""},
  {"lat":45.49366,"lon":-93.258402,"city":"Isanti","state":"MN","address":"404 Whiskey Rd, Suite J","name":""},
  {"lat":40.518094,"lon":-80.004766,"city":"Pittsburgh","state":"PA","address":"4721 McKnight Rd","name":""},
  {"lat":35.252179,"lon":-111.557934,"city":"Flagstaff","state":"AZ","address":"7810 N US-89","name":""},
  {"lat":42.581277,"lon":-84.452897,"city":"Mason","state":"MI","address":"132 S Cedar St","name":""},
  {"lat":29.868173,"lon":-97.677737,"city":"Lockhart","state":"TX","address":"605 State Park Rd","name":""},
  {"lat":42.93119,"lon":-85.362991,"city":"Lowell","state":"MI","address":"2163 W. Main Street","name":""},
  {"lat":37.353498,"lon":-122.088285,"city":"Los Altos","state":"CA","address":"955 Fremont Ave","name":""},
  {"lat":43.796007,"lon":-91.218307,"city":"La Crosse","state":"WI","address":"2432 State Rd","name":""},
  {"lat":45.41777,"lon":-122.741694,"city":"Lake Oswego","state":"OR","address":"6296 SW Meadows Rd","name":""},
  {"lat":41.586306,"lon":-90.363412,"city":"Le Claire","state":"IA","address":"1405 Eagle Ridge Rd, Suite A","name":""},
  {"lat":33.504981,"lon":-101.887707,"city":"Lubbock","state":"TX","address":"9806 Indiana Ave","name":""},
  {"lat":40.17437,"lon":-74.600723,"city":"Allentown","state":"NJ","address":"1278 Yardville Allentown Rd","name":""},
  {"lat":38.983391,"lon":-76.539963,"city":"Annapolis","state":"MD","address":"2101 Somerville Rd, Suite 120","name":""},
  {"lat":29.971052,"lon":-92.091823,"city":"Abbeville","state":"LA","address":"109 Rue Centre Suite 3","name":""},
  {"lat":30.33992,"lon":-95.06861,"city":"Cleveland","state":"TX","address":"1715 E Houston St","name":""},
  {"lat":45.31405,"lon":-93.561127,"city":"Elk River","state":"MN","address":"19022 Freeport St","name":""},
  {"lat":37.814108,"lon":-77.662832,"city":"Montpelier","state":"VA","address":"16609 Mountain Rd","name":""},
  {"lat":30.692152,"lon":-91.47028,"city":"New Roads","state":"LA","address":"1320 Hospital Rd","name":""},
  {"lat":42.21698,"lon":-79.830369,"city":"North East","state":"PA","address":"69 E. Main, Unit 1","name":""},
  {"lat":44.898074,"lon":-91.932005,"city":"Menomonie","state":"WI","address":"1102 N Broadway St","name":""},
  {"lat":40.925753,"lon":-74.337661,"city":"Towaco","state":"NJ","address":"702 Route 202","name":""},
  {"lat":39.366919,"lon":-77.165001,"city":"Mount Airy","state":"MD","address":"1311 S Main St","name":""},
  {"lat":41.035415,"lon":-74.506739,"city":"Oak Ridge","state":"NJ","address":"5716 Berkshire Valley Rd","name":""},
  {"lat":39.043301,"lon":-83.922526,"city":"Mount Orab","state":"OH","address":"127 N Point Dr","name":""},
  {"lat":40.127336,"lon":-79.549489,"city":"Mount Pleasant","state":"PA","address":"310 Countryside Plz","name":""},
  {"lat":40.370108,"lon":-79.68206,"city":"Irwin","state":"PA","address":"4016 Route 130","name":""},
  {"lat":31.57899,"lon":-90.46657,"city":"Brookhaven","state":"MS","address":"939 Brookway Blvd, Suite C","name":""},
  {"lat":42.972383,"lon":-85.937153,"city":"Allendale","state":"MI","address":"6101 Lake Michigan Dr","name":""},
  {"lat":35.503577,"lon":-80.863275,"city":"Davidson","state":"NC","address":"130 Harbour Place Dr","name":""},
  {"lat":35.471638,"lon":-86.075703,"city":"Manchester","state":"TN","address":"1216 Hillsboro Blvd","name":""},
  {"lat":44.948863,"lon":-95.713393,"city":"Montevideo","state":"MN","address":"1111 Black Oak Ave","name":""},
  {"lat":47.620039,"lon":-117.253427,"city":"Spokane Valley","state":"WA","address":"11205 E Dishman Mica Rd","name":""},
  {"lat":38.907437,"lon":-77.407487,"city":"Herndon","state":"VA","address":"13300 Franklin Farm Rd","name":""},
  {"lat":38.355728,"lon":-81.6456,"city":"Charleston","state":"WV","address":"13 Kanawha Blvd W","name":""},
  {"lat":45.710914,"lon":-121.541654,"city":"Hood River","state":"OR","address":"2940 Cascade Ave, #100","name":""},
  {"lat":42.143141,"lon":-77.053249,"city":"Corning","state":"NY","address":"32 E Market St","name":""},
  {"lat":45.321685,"lon":-122.578345,"city":"Oregon City","state":"OR","address":"19729 S Highway 213","name":""},
  {"lat":45.388934,"lon":-93.868549,"city":"Becker","state":"MN","address":"14083 Bank St","name":""},
  {"lat":41.585695,"lon":-81.220842,"city":"Chardon","state":"OH","address":"520 5th Ave, Suite 5","name":""},
  {"lat":45.342539,"lon":-92.649679,"city":"Osceola","state":"WI","address":"2388 State Road 35","name":""},
  {"lat":41.37745,"lon":-73.417335,"city":"Bethel","state":"CT","address":"9 Durant Ave","name":""},
  {"lat":44.707249,"lon":-93.42782,"city":"Prior Lake","state":"MN","address":"16731 Hwy 13 South, Suite 111","name":""},
  {"lat":42.295408,"lon":-73.239189,"city":"Lee","state":"MA","address":"14 Pleasant St","name":""},
  {"lat":43.059842,"lon":-85.954882,"city":"Coopersville","state":"MI","address":"1136 W Randall Rd","name":""},
  {"lat":34.635791,"lon":-112.333202,"city":"Prescott Valley","state":"AZ","address":"6455 N Viewpoint Dr","name":""},
  {"lat":41.802533,"lon":-81.051729,"city":"Madison","state":"OH","address":"6581 N Ridge Rd","name":""},
  {"lat":30.004662,"lon":-90.105989,"city":"New Orleans","state":"LA","address":"785 Harrison Ave","name":""},
  {"lat":35.078183,"lon":-80.934596,"city":"Fort Mill","state":"SC","address":"3150 US-21","name":""},
  {"lat":44.389529,"lon":-93.730081,"city":"Le Center","state":"MN","address":"100 E Minnesota St","name":""},
  {"lat":42.697345,"lon":-78.988457,"city":"Derby","state":"NY","address":"6950 Erie Rd","name":""},
  {"lat":29.134649,"lon":-98.898593,"city":"Devine","state":"TX","address":"615 E Hondo Ave","name":""},
  {"lat":33.768342,"lon":-84.296423,"city":"Decatur","state":"GA","address":"137 S McDonough St","name":""},
  {"lat":30.213855,"lon":-92.048468,"city":"Lafayette","state":"LA","address":"2425 W Congress St","name":""},
  {"lat":48.590599,"lon":-93.40394,"city":"International Falls","state":"MN","address":"10 Shorewood Drive","name":""},
  {"lat":38.852192,"lon":-94.396682,"city":"Lees Summit","state":"MO","address":"881 SW Lemans Ln","name":""},
  {"lat":41.283456,"lon":-81.440416,"city":"Twinsburg","state":"OH","address":"7995 Darrow Rd","name":""},
  {"lat":40.903009,"lon":-78.230163,"city":"Philipsburg","state":"PA","address":"911 N Front St","name":""},
  {"lat":37.471948,"lon":-122.259676,"city":"Redwood City","state":"CA","address":"3209 Oak Knoll Dr","name":""},
  {"lat":32.90344,"lon":-96.122974,"city":"Quinlan","state":"TX","address":"723 E Quinlan Pkwy","name":""},
  {"lat":38.7313,"lon":-120.785,"city":"Placerville","state":"CA","address":"1248 Broadway","name":""},
  {"lat":42.34122,"lon":-88.086354,"city":"Round Lake","state":"IL","address":"139 W Belvidere Rd","name":""},
  {"lat":28.055504,"lon":-97.041484,"city":"Rockport","state":"TX","address":"2810 Highway 35 N","name":""},
  {"lat":44.065395,"lon":-93.226219,"city":"Owatonna","state":"MN","address":"1824 S Cedar Ave","name":""},
  {"lat":39.283057,"lon":-75.605016,"city":"Smyrna","state":"DE","address":"665 S Carter Rd","name":""},
  {"lat":34.863633,"lon":-111.79747,"city":"Sedona","state":"AZ","address":"2081 W State Route 89A","name":""},
  {"lat":34.116567,"lon":-118.140099,"city":"San Marino","state":"CA","address":"2451 Mission Street","name":""},
  {"lat":34.116432,"lon":-118.157185,"city":"South Pasadena","state":"CA","address":"807 Meridian Ave","name":""},
  {"lat":47.620648,"lon":-117.401929,"city":"Spokane","state":"WA","address":"3717 S Grand Blvd","name":""},
  {"lat":34.284971,"lon":-83.127426,"city":"Royston","state":"GA","address":"1053 Franklin Springs St","name":""},
  {"lat":47.738628,"lon":-117.484338,"city":"Spokane","state":"WA","address":"8801 N Indian Trail Rd","name":""},
  {"lat":43.633011,"lon":-70.261922,"city":"S Portland","state":"ME","address":"747 Broadway","name":""},
  {"lat":40.866064,"lon":-82.641309,"city":"Shelby","state":"OH","address":"209 Mansfield Ave","name":""},
  {"lat":40.552871,"lon":-84.407652,"city":"St. Marys","state":"OH","address":"1280 Indiana Ave","name":""},
  {"lat":32.967766,"lon":-96.333749,"city":"Royse City","state":"TX","address":"125 W Interstate 30, Suite L","name":""},
  {"lat":37.180208,"lon":-93.219699,"city":"Springfield","state":"MO","address":"3659 E Sunshine St","name":""},
  {"lat":43.07667,"lon":-86.20272,"city":"Spring Lake","state":"MI","address":"414 W Savidge St","name":""},
  {"lat":34.370955,"lon":-88.701983,"city":"Saltillo","state":"MS","address":"135 City Market Dr","name":""},
  {"lat":29.56059,"lon":-95.038552,"city":"Seabrook","state":"TX","address":"2900 Nasa Pkwy, Suite 430","name":""},
  {"lat":45.777758,"lon":-111.1801,"city":"Belgrade","state":"MT","address":"207 W Main St","name":""},
  {"lat":32.520565,"lon":-94.861557,"city":"White Oak","state":"TX","address":"107 W US Highway 80","name":""},
  {"lat":33.176032,"lon":-86.289748,"city":"Sylacauga","state":"AL","address":"207 James B Payton Blvd","name":""},
  {"lat":43.144131,"lon":-88.244974,"city":"Sussex","state":"WI","address":"N69W25055 Indiangrass Ln","name":""},
  {"lat":42.46731,"lon":-93.817085,"city":"Webster City","state":"IA","address":"806 Seneca street","name":""},
  {"lat":40.021147,"lon":-86.162651,"city":"Westfield","state":"IN","address":"220 W 161st St","name":""},
  {"lat":38.530704,"lon":-81.898327,"city":"Winfield","state":"WV","address":"3440 Winfield Rd","name":""},
  {"lat":33.434839,"lon":-86.100021,"city":"Talladega","state":"AL","address":"215 E Battle St","name":""},
  {"lat":28.066132,"lon":-82.636565,"city":"Westchase","state":"FL","address":"12611 Race Track Rd","name":""},
  {"lat":38.221774,"lon":-91.15345,"city":"Sullivan","state":"MO","address":"575 Wal-Mart Dr","name":""},
  {"lat":45.115817,"lon":-95.042681,"city":"Willmar","state":"MN","address":"812 1st St S","name":""},
  {"lat":44.968935,"lon":-93.842915,"city":"Watertown","state":"MN","address":"605 Lewis Ave N","name":""},
  {"lat":38.829787,"lon":-91.040468,"city":"Wright City","state":"MO","address":"10 Wildcat Dr.","name":""},
  {"lat":39.14178,"lon":-121.646371,"city":"Yuba City","state":"CA","address":"1707 Colusa Hwy, Suite 400","name":""},
  {"lat":33.021372,"lon":-96.568381,"city":"Wylie","state":"TX","address":"560 Country Club Rd, Suite 102","name":""},
  {"lat":45.909584,"lon":-122.740309,"city":"Woodland","state":"WA","address":"1307 Lewis River Rd","name":""},
  {"lat":42.328997,"lon":-88.443085,"city":"Woodstock","state":"IL","address":"1400 N Seminary Ave","name":""},
  {"lat":39.690355,"lon":-83.958349,"city":"Xenia","state":"OH","address":"1822 West Park Sq.","name":""},
  {"lat":43.222672,"lon":-78.675221,"city":"Lockport","state":"NY","address":"6507 Wheeler Rd","name":""},
  {"lat":45.334107,"lon":-92.997061,"city":"Wyoming","state":"MN","address":"5377 266th St","name":""},
  {"lat":42.691815,"lon":-88.541844,"city":"Elkhorn","state":"WI","address":"56 W. Market Street","name":""}]}