{"key":"sonesta","displayName":"Sonesta","category":"hotels","useLocationName":false,"locations":[
  {"lat":41.82533,"lon":-73.11458,"city":"Torrington","state":"CT","address":"395 Winsted Road","name":""},
  {"lat":33.64458,"lon":-97.11098,"city":"Gainesville","state":"TX","address":"3019 Highway 82 East","name":""},
  {"lat":33.6619,"lon":-84.4239,"city":"Hapeville","state":"GA","address":"3399 International Boulevard","name":""},
  {"lat":41.09666,"lon":-96.25207,"city":"Gretna","state":"NE","address":"14355 S Highway 31","name":""},
  {"lat":41.68715,"lon":-93.77627,"city":"Grimes","state":"IA","address":"251 Gateway Cir","name":""},
  {"lat":33.51389,"lon":-82.04924,"city":"Augusta","state":"GA","address":"3039-B Washington Rd","name":""},
  {"lat":29.73656,"lon":-95.52372,"city":"Houston","state":"TX","address":"9041 Westheimer Rd","name":""},
  {"lat":40.96881,"lon":-117.740433,"city":"Winnemucca","state":"NV","address":"635 West Winnemucca Boulevard","name":""},
  {"lat":37.31811,"lon":-121.876022,"city":"San Jose","state":"CA","address":"1215 S 1st St","name":""},
  {"lat":40.23341,"lon":-77.1336,"city":"Carlisle","state":"PA","address":"1247 Harrisburg Pike","name":""},
  {"lat":33.56643,"lon":-81.73461,"city":"Aiken","state":"SC","address":"1204 Richland Ave W","name":""},
  {"lat":38.89758,"lon":-77.01078,"city":"Washington","state":"DC","address":"20 Massachusetts Avenue NW","name":""},
  {"lat":25.78177,"lon":-80.265,"city":"Miami","state":"FL","address":"1000 NW 42nd Ave.","name":""},
  {"lat":38.34628,"lon":-82.94296,"city":"Grayson","state":"KY","address":"205 KY-1947","name":""},
  {"lat":39.11819,"lon":-76.83024,"city":"Laurel","state":"MD","address":"9700 Washington Blvd N","name":""},
  {"lat":38.35433,"lon":-121.98214,"city":"Vacaville","state":"CA","address":"800 Mason Street","name":""},
  {"lat":40.76442,"lon":-73.96309,"city":"New York City","state":"NY","address":"215 East 64th Street","name":""},
  {"lat":40.75647,"lon":-73.97204,"city":"New York City","state":"NY","address":"125 East 50th Street","name":""},
  {"lat":40.74842,"lon":-73.97802,"city":"New York City","state":"NY","address":"303 Lexington Avenue","name":""},
  {"lat":40.75615,"lon":-73.97094,"city":"New York City","state":"NY","address":"155 East 50th Street","name":""},
  {"lat":37.79946,"lon":-122.441681,"city":"San Francisco","state":"CA","address":"2440 Lombard St","name":""},
  {"lat":39.52361,"lon":-119.709633,"city":"Sparks","state":"NV","address":"1900 E Greg St","name":""},
  {"lat":44.9771,"lon":-93.2736,"city":"Minneapolis","state":"MN","address":"35 S 7th Street","name":""},
  {"lat":40.73812,"lon":-114.066559,"city":"West Wendover","state":"NV","address":"1225 W Wendover Rd","name":""},
  {"lat":39.79976,"lon":-105.508873,"city":"Central City","state":"CO","address":"321 Gregory Street","name":""},
  {"lat":40.73542,"lon":-114.044861,"city":"West Wendover","state":"NV","address":"101 Wendover Blvd","name":""},
  {"lat":37.82916,"lon":-122.255447,"city":"Oakland","state":"CA","address":"4140 Broadway","name":""},
  {"lat":46.61996,"lon":-120.511292,"city":"Yakima","state":"WA","address":"1405 N 1st St","name":""},
  {"lat":41.8842,"lon":-87.6333,"city":"Chicago","state":"IL","address":"171 W. Randolph Street","name":""},
  {"lat":39.9528,"lon":-75.1703,"city":"Philadelphia","state":"PA","address":"1800 Market Street","name":""},
  {"lat":29.7358,"lon":-95.4661,"city":"Houston","state":"TX","address":"5190 Hidalgo Street","name":""},
  {"lat":33.9231,"lon":-118.392,"city":"El Segundo","state":"CA","address":"2000 E. Mariposa Avenue","name":""},
  {"lat":41.5879,"lon":-93.8115,"city":"West Des Moines","state":"IA","address":"7625 Office Plaza Drive N.","name":""},
  {"lat":35.1071,"lon":-106.608,"city":"Albuquerque","state":"NM","address":"3300 Prospect Avenue NE","name":""},
  {"lat":34.0364,"lon":-84.5778,"city":"Kennesaw","state":"GA","address":"3443 Busbee Dr NW","name":""},
  {"lat":33.7069,"lon":-117.843,"city":"Santa Ana","state":"CA","address":"2600 S. Red Hill Avenue","name":""},
  {"lat":38.974,"lon":-76.552,"city":"Annapolis","state":"MD","address":"170 Admiral Cochrane Drive","name":""},
  {"lat":41.9523,"lon":-87.8888,"city":"Schiller Park","state":"IL","address":"4021 N. Mannheim Rd.","name":""},
  {"lat":37.7578,"lon":-121.965,"city":"San Ramon","state":"CA","address":"18090 San Ramon Valley Blvd.","name":""},
  {"lat":18.4431,"lon":-66.0201,"city":"Carolina","state":"PR","address":"5961 Isla Verde Avenue","name":""},
  {"lat":33.5897,"lon":-112.116,"city":"Phoenix","state":"AZ","address":"11411 N. Black Canyon Hwy","name":""},
  {"lat":32.981,"lon":-96.7086,"city":"Richardson","state":"TX","address":"1040 Waterwood Drive","name":""},
  {"lat":39.5618,"lon":-104.897,"city":"Lone Tree","state":"CO","address":"7820 Park Meadows Drive","name":""},
  {"lat":39.4399,"lon":-119.763,"city":"Reno","state":"NV","address":"9845 Gateway Drive","name":""},
  {"lat":40.6453,"lon":-75.4254,"city":"Bethlehem","state":"PA","address":"2180 Motel Drive","name":""},
  {"lat":39.9357,"lon":-86.1594,"city":"Indianapolis","state":"IN","address":"37 W 103rd Street","name":""},
  {"lat":32.9901,"lon":-117.078,"city":"San Diego","state":"CA","address":"11855 Avenue of Industry","name":""},
  {"lat":43.036,"lon":-88.1228,"city":"Brookfield","state":"WI","address":"16865 W. Bluemound Road","name":""},
  {"lat":33.3184,"lon":-111.971,"city":"Chandler","state":"AZ","address":"920 North 54th Street","name":""},
  {"lat":41.8874,"lon":-87.6279,"city":"Chicago","state":"IL","address":"71 E Wacker Drive","name":""},
  {"lat":33.9057,"lon":-84.4231,"city":"Atlanta","state":"GA","address":"6345 Powers Ferry Road NW","name":""},
  {"lat":40.8474,"lon":-74.4725,"city":"Morris Plains","state":"NJ","address":"100 Candlewood Dr.","name":""},
  {"lat":39.2716,"lon":-94.6722,"city":"Kansas City","state":"MO","address":"7901 NW Tiffany Springs Parkway","name":""},
  {"lat":42.1627,"lon":-71.5074,"city":"Milford","state":"MA","address":"10 Fortune Boulevard","name":""},
  {"lat":30.3933,"lon":-97.7413,"city":"Austin","state":"TX","address":"10201 Stonelake Blvd","name":""},
  {"lat":40.4491,"lon":-80.1831,"city":"Pittsburgh","state":"PA","address":"100 Chauvet Drive","name":""},
  {"lat":37.667,"lon":-122.394,"city":"South San Francisco","state":"CA","address":"1350 Veterans Boulevard","name":""},
  {"lat":45.5204,"lon":-122.677,"city":"Portland","state":"OR","address":"506 SW Washington Street","name":""},
  {"lat":33.5078,"lon":-112.037,"city":"Phoenix","state":"AZ","address":"2101 E. Camelback Road","name":""},
  {"lat":42.6154,"lon":-71.3177,"city":"Lowell","state":"MA","address":"30 Industrial Avenue East","name":""},
  {"lat":33.6621,"lon":-117.77,"city":"Irvine","state":"CA","address":"16150 Sand Canyon Ave.","name":""},
  {"lat":41.8143,"lon":-88.1563,"city":"Warrenville","state":"IL","address":"27 W. 300 Warrenville Rd.","name":""},
  {"lat":33.5644,"lon":-111.924,"city":"Scottsdale","state":"AZ","address":"7300 E Gainey Suites Drive","name":""},
  {"lat":42.5547,"lon":-70.9375,"city":"Danvers","state":"MA","address":"275 Independence Way","name":""},
  {"lat":42.0399,"lon":-71.2374,"city":"Foxborough","state":"MA","address":"35 Foxborough Boulevard","name":""},
  {"lat":33.7082,"lon":-117.955,"city":"Fountain Valley","state":"CA","address":"9950 Slater Avenue","name":""},
  {"lat":32.8503,"lon":-97.3111,"city":"Fort Worth","state":"TX","address":"5801 Sandshell Dr","name":""},
  {"lat":32.9796,"lon":-96.7083,"city":"Richardson","state":"TX","address":"2191 N. Greenville Avenue","name":""},
  {"lat":42.482,"lon":-83.4681,"city":"Novi","state":"MI","address":"42700 W 11 Mile Rd","name":""},
  {"lat":37.9459,"lon":-122.06,"city":"Pleasant Hill","state":"CA","address":"2250 Contra Costa Blvd","name":""},
  {"lat":33.6815,"lon":-117.853,"city":"Irvine","state":"CA","address":"17941 Von Karman Avenue","name":""},
  {"lat":30.4009,"lon":-91.1822,"city":"Baton Rouge","state":"LA","address":"4001 Nicholson Drive","name":""},
  {"lat":34.2146,"lon":-119.006,"city":"Camarillo","state":"CA","address":"4994 Verdugo Way","name":""},
  {"lat":34.711,"lon":-86.6706,"city":"Huntsville","state":"AL","address":"201 Exchange Place","name":""},
  {"lat":35.859,"lon":-78.8153,"city":"Morrisville","state":"NC","address":"2001 Hospitality Court","name":""},
  {"lat":39.2845,"lon":-84.427,"city":"Cincinnati","state":"OH","address":"2670 East Kemper Road","name":""},
  {"lat":30.2465,"lon":-81.5846,"city":"Jacksonville","state":"FL","address":"4990 Belfort Road","name":""},
  {"lat":39.1937,"lon":-76.8154,"city":"Columbia","state":"MD","address":"8910 Stanford Boulevard","name":""},
  {"lat":30.3383,"lon":-97.7037,"city":"Austin","state":"TX","address":"7522 North IH-35","name":""},
  {"lat":40.3647,"lon":-74.5996,"city":"Princeton","state":"NJ","address":"4375 US Route 1 South","name":""},
  {"lat":32.1543,"lon":-80.7318,"city":"Hilton Head Island","state":"SC","address":"130 Shipyard Drive","name":""},
  {"lat":29.7441,"lon":-95.4589,"city":"Houston","state":"TX","address":"2222 West Loop South","name":""},
  {"lat":39.2826,"lon":-76.6134,"city":"Baltimore","state":"MD","address":"550 Light Street","name":""},
  {"lat":33.948,"lon":-84.1285,"city":"Duluth","state":"GA","address":"1775 Pleasant Hill Road","name":""},
  {"lat":42.6485,"lon":-83.2477,"city":"Auburn Hills","state":"MI","address":"2050 Featherstone Road","name":""},
  {"lat":40.5333,"lon":-74.525,"city":"Somerset","state":"NJ","address":"260 Davidson Ave","name":""},
  {"lat":35.1349,"lon":-80.9051,"city":"Charlotte","state":"NC","address":"7925 Forest Pine Drive","name":""},
  {"lat":33.954,"lon":-84.1279,"city":"Duluth","state":"GA","address":"3530 Venture Parkway","name":""},
  {"lat":42.3667,"lon":-71.0749,"city":"Cambridge","state":"MA","address":"40 Edwin Land Boulevard","name":""},
  {"lat":29.9558,"lon":-90.0679,"city":"New Orleans","state":"LA","address":"300 Bourbon Street","name":""},
  {"lat":42.6886,"lon":-71.2087,"city":"Andover","state":"MA","address":"4 Tech Drive","name":""},
  {"lat":42.0453,"lon":-88.0589,"city":"Schaumburg","state":"IL","address":"901 East Woodfield Office Ct","name":""},
  {"lat":26.369,"lon":-80.1241,"city":"Boca Raton","state":"FL","address":"2000 NW Executive Center Circle","name":""},
  {"lat":28.4425,"lon":-81.4711,"city":"Orlando","state":"FL","address":"8480 International Drive","name":""},
  {"lat":33.9286,"lon":-84.3618,"city":"Atlanta","state":"GA","address":"760 Mount Vernon Highway Northeast","name":""},
  {"lat":35.2094,"lon":-111.577,"city":"Flagstaff","state":"AZ","address":"1400 N. Country Club Road","name":""},
  {"lat":44.4376,"lon":-73.1143,"city":"Williston","state":"VT","address":"35 Hurricane Lane","name":""},
  {"lat":39.03441,"lon":-94.29784,"city":"Blue Springs","state":"MO","address":"3120 NW Jefferson St","name":""},
  {"lat":41.50088,"lon":-90.50737,"city":"Moline","state":"IL","address":"1191 19th Street","name":""},
  {"lat":21.963,"lon":-159.35,"city":"Lihue","state":"HI","address":"3610 Rice Street","name":""},
  {"lat":35.3071,"lon":-80.7537,"city":"Charlotte","state":"NC","address":"333 West W.T. Harris Boulevard","name":""},
  {"lat":38.894,"lon":-77.0759,"city":"Arlington","state":"VA","address":"1533 Clarendon Boulevard","name":""},
  {"lat":42.3345,"lon":-87.8942,"city":"Waukegan","state":"IL","address":"1440 South White Oak Drive","name":""},
  {"lat":30.2691,"lon":-97.742,"city":"Austin","state":"TX","address":"701 Congress Avenue","name":""},
  {"lat":42.5303,"lon":-83.0332,"city":"Warren","state":"MI","address":"7010 Convention Blvd","name":""},
  {"lat":39.2038,"lon":-76.6786,"city":"Linthicum Heights","state":"MD","address":"1160 Winterson Road","name":""},
  {"lat":37.6662,"lon":-122.395,"city":"South San Francisco","state":"CA","address":"1300 Veterans Boulevard","name":""},
  {"lat":30.3097,"lon":-97.9354,"city":"Bee Cave","state":"TX","address":"12525 Bee Cave Parkway","name":""},
  {"lat":33.5836,"lon":-111.791,"city":"Scottsdale","state":"AZ","address":"13444 E. Shea Boulevard","name":""},
  {"lat":34.2492,"lon":-118.607,"city":"Chatsworth","state":"CA","address":"21902 Lassen St.","name":""},
  {"lat":33.7084,"lon":-117.957,"city":"Fountain Valley","state":"CA","address":"9930 Slater Avenue","name":""},
  {"lat":33.4564,"lon":-86.8216,"city":"Birmingham","state":"AL","address":"50 State Farm Parkway","name":""},
  {"lat":33.3793,"lon":-111.962,"city":"Tempe","state":"AZ","address":"5075 S. Priest Drive","name":""},
  {"lat":25.7811,"lon":-80.2651,"city":"Miami","state":"FL","address":"950 NW LeJeune Road","name":""},
  {"lat":40.8147,"lon":-74.4008,"city":"Whippany","state":"NJ","address":"157 Route 10 East","name":""},
  {"lat":34.087,"lon":-84.2706,"city":"Alpharetta","state":"GA","address":"5465 Windward Pkwy","name":""},
  {"lat":25.916,"lon":-80.3268,"city":"Miami Lakes","state":"FL","address":"15700 NW 77th Court","name":""},
  {"lat":45.6511,"lon":-122.6,"city":"Vancouver","state":"WA","address":"7301 NE 41st Street","name":""},
  {"lat":32.8874,"lon":-96.7716,"city":"Dallas","state":"TX","address":"10333 N. Central Expressway","name":""},
  {"lat":37.0623,"lon":-76.4053,"city":"Hampton","state":"VA","address":"401 Butler Farm Road","name":""},
  {"lat":33.6602,"lon":-84.4338,"city":"Atlanta","state":"GA","address":"1325 Virginia Ave","name":""},
  {"lat":26.1376,"lon":-80.1037,"city":"Fort Lauderdale","state":"FL","address":"999 N Fort Lauderdale Beach Blvd","name":""},
  {"lat":37.4001,"lon":-122.032,"city":"Sunnyvale","state":"CA","address":"900 Hamlin Ct.","name":""},
  {"lat":33.9483,"lon":-84.1284,"city":"Duluth","state":"GA","address":"1775 Pleasant Hill Road","name":""},
  {"lat":33.9317,"lon":-84.3455,"city":"Atlanta","state":"GA","address":"4601 Ridgeview Road","name":""},
  {"lat":32.906,"lon":-117.177,"city":"San Diego","state":"CA","address":"6639 Mira Mesa Blvd","name":""},
  {"lat":35.4467,"lon":-97.61647,"city":"Oklahoma City","state":"OK","address":"4400 River Park Drive","name":""},
  {"lat":47.4633,"lon":-122.221,"city":"Renton","state":"WA","address":"200 SW 19th Street","name":""},
  {"lat":41.1069,"lon":-74.0275,"city":"Nanuet","state":"NY","address":"20 Overlook Blvd.","name":""},
  {"lat":44.8631,"lon":-93.4226,"city":"Eden Prairie","state":"MN","address":"11391 Viking Drive","name":""},
  {"lat":44.8628,"lon":-93.2844,"city":"Richfield","state":"MN","address":"351 West 77th Street","name":""},
  {"lat":39.2869,"lon":-84.4434,"city":"Cincinnati","state":"OH","address":"11689 Chester Road","name":""},
  {"lat":42.4863,"lon":-71.2241,"city":"Burlington","state":"MA","address":"130 Middlesex Turnpike","name":""},
  {"lat":33.8051,"lon":-117.908,"city":"Garden Grove","state":"CA","address":"12901 Garden Grove Blvd.","name":""},
  {"lat":29.9437,"lon":-90.0687,"city":"New Orleans","state":"LA","address":"345 St. Joseph Street","name":""},
  {"lat":38.6441,"lon":-90.2638,"city":"St. Louis","state":"MO","address":"212 N. Kingshighway Blvd.","name":""},
  {"lat":29.5366,"lon":-98.5674,"city":"San Antonio","state":"TX","address":"4320 Spectrum One","name":""},
  {"lat":38.761,"lon":-90.4551,"city":"Earth City","state":"MO","address":"3250 Rider Trail S.","name":""},
  {"lat":41.4156,"lon":-81.8957,"city":"North Olmsted","state":"OH","address":"24741 Country Club Blvd.","name":""},
  {"lat":40.0047,"lon":-82.8606,"city":"Gahanna","state":"OH","address":"590 Taylor Rd.","name":""},
  {"lat":29.5785,"lon":-95.1085,"city":"Houston","state":"TX","address":"2737 Bay Area Blvd","name":""},
  {"lat":39.9688,"lon":-83.0006,"city":"Columbus","state":"OH","address":"33 East Nationwide Blvd","name":""},
  {"lat":38.6524,"lon":-90.5523,"city":"Chesterfield","state":"MO","address":"15431 Conway Road","name":""},
  {"lat":34.0511,"lon":-84.2911,"city":"Alpharetta","state":"GA","address":"1325 North Point Drive","name":""},
  {"lat":33.8456,"lon":-118.395,"city":"Redondo Beach","state":"CA","address":"300 North Harbor Drive","name":""},
  {"lat":33.5841,"lon":-111.887,"city":"Scottsdale","state":"AZ","address":"10740 North 90th Street","name":""},
  {"lat":42.2963,"lon":-88.0036,"city":"Libertyville","state":"IL","address":"1100 N. US Route 45","name":""},
  {"lat":37.3724,"lon":-121.914,"city":"San Jose","state":"CA","address":"1602 Crane Court","name":""},
  {"lat":32.9378,"lon":-96.8189,"city":"Dallas","state":"TX","address":"13939 Noel Road","name":""},
  {"lat":40.8478,"lon":-74.4664,"city":"Parsippany-Troy Hills","state":"NJ","address":"3 Gatehall Drive","name":""},
  {"lat":33.4252,"lon":-111.943,"city":"Tempe","state":"AZ","address":"601 South Ash Ave","name":""},
  {"lat":33.6586,"lon":-117.699,"city":"Lake Forest","state":"CA","address":"3 South Pointe Drive","name":""},
  {"lat":35.1594,"lon":-80.892,"city":"Charlotte","state":"NC","address":"5700 Westpark Drive","name":""},
  {"lat":32.9182,"lon":-96.7437,"city":"Dallas","state":"TX","address":"12525 Greenville Ave.","name":""},
  {"lat":33.6256,"lon":-117.72,"city":"Laguna Hills","state":"CA","address":"23175 Avenida de la Carlota","name":""},
  {"lat":36.1158,"lon":-115.154,"city":"Las Vegas","state":"NV","address":"4034 South Paradise Road","name":""},
  {"lat":33.8003,"lon":-117.901,"city":"Anaheim","state":"CA","address":"1915 S. Manchester Avenue","name":""},
  {"lat":33.3775,"lon":-111.959,"city":"Tempe","state":"AZ","address":"1335 W. Baseline Road","name":""},
  {"lat":29.954,"lon":-90.0751,"city":"New Orleans","state":"LA","address":"212 Loyola Avenue","name":""},
  {"lat":39.2755,"lon":-84.3747,"city":"Cincinnati","state":"OH","address":"11401 Reed Hartman Highway","name":""},
  {"lat":38.9973,"lon":-76.8984,"city":"Greenbelt","state":"MD","address":"6301 Golden Triangle Drive","name":""},
  {"lat":33.0714,"lon":-96.7924,"city":"Plano","state":"TX","address":"4701 Legacy Dr.","name":""},
  {"lat":32.2358,"lon":-110.854,"city":"Tucson","state":"AZ","address":"6477 E Speedway Blvd","name":""},
  {"lat":33.7856,"lon":-84.3929,"city":"Atlanta","state":"GA","address":"1132 Techwood Drive","name":""},
  {"lat":33.4167,"lon":-86.6922,"city":"Birmingham","state":"AL","address":"600 Corporate Ridge Drive","name":""},
  {"lat":37.7868,"lon":-122.411,"city":"San Francisco","state":"CA","address":"495 Geary Street","name":""},
  {"lat":37.8349,"lon":-122.294,"city":"Emeryville","state":"CA","address":"5555 Shellmound Street","name":""},
  {"lat":30.3885,"lon":-97.7394,"city":"Austin","state":"TX","address":"9701 Stonelake Boulevard","name":""},
  {"lat":37.3524,"lon":-121.936,"city":"Santa Clara","state":"CA","address":"481 El Camino Real","name":""},
  {"lat":29.7811,"lon":-95.5571,"city":"Houston","state":"TX","address":"10503 Town and Country Way","name":""},
  {"lat":39.2041,"lon":-76.6907,"city":"Linthicum Heights","state":"MD","address":"1247 Winterson Road","name":""},
  {"lat":33.8591,"lon":-118.312,"city":"Torrance","state":"CA","address":"1925 W. 190th Street","name":""},
  {"lat":40.7209,"lon":-74.0341,"city":"Jersey City","state":"NJ","address":"21 2nd Street","name":""},
  {"lat":38.8788,"lon":-77.1708,"city":"Falls Church","state":"VA","address":"205 Hillwood Avenue","name":""},
  {"lat":41.03,"lon":-73.7626,"city":"White Plains","state":"NY","address":"66 Hale Avenue","name":""},
  {"lat":42.5146,"lon":-83.0266,"city":"Warren","state":"MI","address":"30120 N Civic Center Drive","name":""},
  {"lat":37.4226,"lon":-121.922,"city":"Milpitas","state":"CA","address":"777 Bellew Drive","name":""},
  {"lat":33.8094,"lon":-117.921,"city":"Anaheim","state":"CA","address":"1855 S. Manchester Avenue","name":""},
  {"lat":36.11699,"lon":-97.12858,"city":"Stillwater","state":"OK","address":"5122 W 6th Ave","name":""},
  {"lat":29.80812,"lon":-95.3015,"city":"Houston","state":"TX","address":"7003 North Loop East","name":""},
  {"lat":34.18229,"lon":-93.07144,"city":"Arkadelphia","state":"AR","address":"141 Valley Street","name":""},
  {"lat":41.74122,"lon":-74.06593,"city":"New Paltz","state":"NY","address":"7 Terwilliger Ln","name":""},
  {"lat":45.20183,"lon":-123.16806,"city":"McMinnville","state":"OR","address":"2535 NE Cumulus Ave","name":""},
  {"lat":38.68002,"lon":-90.0105,"city":"Collinsville","state":"IL","address":"552 Ramada Boulevard","name":""},
  {"lat":36.32963,"lon":-119.298561,"city":"Visalia","state":"CA","address":"623 West Main Street","name":""},
  {"lat":37.82614,"lon":-92.14637,"city":"St. Robert","state":"MO","address":"110 Carmel Valley Way","name":""},
  {"lat":27.04449,"lon":-82.2414,"city":"North Port","state":"FL","address":"14000 Tamiami Trail","name":""},
  {"lat":43.37736,"lon":-124.217178,"city":"Coos Bay","state":"OR","address":"1313 N. Bayshore Drive","name":""},
  {"lat":33.26032,"lon":-84.2882,"city":"Griffin","state":"GA","address":"676 North Expressway","name":""},
  {"lat":32.95451,"lon":-96.84652,"city":"Addison","state":"TX","address":"4005 Beltline Road","name":""},
  {"lat":44.07875,"lon":-121.303864,"city":"Bend","state":"OR","address":"15 NE Butler Market Rd.","name":""},
  {"lat":42.46022,"lon":-123.322678,"city":"Grants Pass","state":"OR","address":"1880 NW 6th Street","name":""},
  {"lat":41.8347,"lon":-71.57334,"city":"North Scituate","state":"RI","address":"50 Hartford Avenue","name":""},
  {"lat":33.62313,"lon":-85.59237,"city":"Heflin","state":"AL","address":"1957 Almon Street","name":""},
  {"lat":40.6684,"lon":-89.57727,"city":"East Peoria","state":"IL","address":"104 West Camp Street","name":""},
  {"lat":34.8745,"lon":-84.30802,"city":"Blue Ridge","state":"GA","address":"4970 Appalachian Highway","name":""},
  {"lat":37.67545,"lon":-85.84543,"city":"Elizabethtown","state":"KY","address":"711 East Dixie Avenue","name":""},
  {"lat":26.16246,"lon":-97.68222,"city":"Harlingen","state":"TX","address":"4401 South Expressway 83","name":""},
  {"lat":35.19159,"lon":-101.789391,"city":"Amarillo","state":"TX","address":"3930 Interstate 40 East","name":""},
  {"lat":47.69362,"lon":-114.155991,"city":"Polson","state":"MT","address":"49825 Us Highway 93 East","name":""},
  {"lat":42.89807,"lon":-112.4322,"city":"Pocatello","state":"ID","address":"1555 Pocatello Creek Road","name":""},
  {"lat":28.20992,"lon":-80.59837,"city":"Satellite Beach","state":"FL","address":"180 Highway A1A","name":""},
  {"lat":29.41077,"lon":-95.23302,"city":"Alvin","state":"TX","address":"1588 South Loop 35","name":""},
  {"lat":37.74202,"lon":-88.9489,"city":"Marion","state":"IL","address":"1802 Bittle Place","name":""},
  {"lat":30.45583,"lon":-90.95868,"city":"Denham Springs","state":"LA","address":"146 Rushing Road West","name":""},
  {"lat":40.34405,"lon":-94.85385,"city":"Maryville","state":"MO","address":"1700 East 1st Street","name":""},
  {"lat":29.66149,"lon":-95.25824,"city":"Houston","state":"TX","address":"8888 Gulf Freeway","name":""},
  {"lat":41.54882,"lon":-95.92053,"city":"Missouri Valley","state":"IA","address":"3167 Joliet Avenue","name":""},
  {"lat":36.61953,"lon":-81.14094,"city":"Independence","state":"VA","address":"155 Rainbow Circle","name":""},
  {"lat":34.96876,"lon":-80.07443,"city":"Wadesboro","state":"NC","address":"209 E Caswell St.","name":""},
  {"lat":41.40432,"lon":-94.98663,"city":"Atlantic","state":"IA","address":"1902 East 7th Street","name":""},
  {"lat":30.06496,"lon":-95.43592,"city":"Spring","state":"TX","address":"1515 Louetta Road","name":""},
  {"lat":29.70919,"lon":-95.21895,"city":"Pasadena","state":"TX","address":"823 West Pasadena Freeway","name":""},
  {"lat":37.09356,"lon":-113.586853,"city":"St. George","state":"UT","address":"850 South Bluff Street","name":""},
  {"lat":41.13537,"lon":-100.756813,"city":"North Platte","state":"NE","address":"602 East 4th Street","name":""},
  {"lat":34.97785,"lon":-92.02571,"city":"Cabot","state":"AR","address":"1114 West Main Street","name":""},
  {"lat":37.52454,"lon":-95.81526,"city":"Fredonia","state":"KS","address":"2404 E. Washington St.","name":""},
  {"lat":29.85193,"lon":-95.33254,"city":"Houston","state":"TX","address":"9720 - 1/2 Eastex Freeway","name":""},
  {"lat":33.74839,"lon":-118.30983,"city":"Rancho Palos Verdes","state":"CA","address":"29601 South Western Avenue","name":""},
  {"lat":33.99968,"lon":-117.062149,"city":"Calimesa","state":"CA","address":"616 West Avenue L","name":""},
  {"lat":36.07655,"lon":-76.61781,"city":"Edenton","state":"NC","address":"501 Virginia Road","name":""},
  {"lat":32.48971,"lon":-94.36106,"city":"Marshall","state":"TX","address":"100 I-20 West","name":""},
  {"lat":34.67755,"lon":-92.31969,"city":"Little Rock","state":"AR","address":"7900 Scott Hamilton Drive","name":""},
  {"lat":45.67248,"lon":-118.789291,"city":"Pendleton","state":"OR","address":"201 SW Court Avenue","name":""},
  {"lat":35.40093,"lon":-77.98009,"city":"Goldsboro","state":"NC","address":"701 US Hwy 70 Bypass","name":""},
  {"lat":38.88285,"lon":-121.97184,"city":"Dunnigan","state":"CA","address":"3930 County Road 89","name":""},
  {"lat":40.2983,"lon":-96.7461,"city":"Beatrice","state":"NE","address":"3210 N 6th St","name":""},
  {"lat":40.27745,"lon":-76.59171,"city":"Palmyra","state":"PA","address":"2951 Horseshoe Pike","name":""},
  {"lat":42.2206,"lon":-71.0416,"city":"Braintree","state":"MA","address":"235 Wood Rd","name":""},
  {"lat":32.9773,"lon":-117.084,"city":"San Diego","state":"CA","address":"11002 Rancho Carmel Drive","name":""},
  {"lat":25.8007,"lon":-80.3429,"city":"Miami","state":"FL","address":"8855 NW 27th St.","name":""},
  {"lat":42.5571,"lon":-83.1601,"city":"Troy","state":"MI","address":"2550 Troy Center Dr.","name":""},
  {"lat":33.628,"lon":-84.4549,"city":"Atlanta","state":"GA","address":"4669 Airport Blvd","name":""},
  {"lat":41.7287,"lon":-71.4549,"city":"Warwick","state":"RI","address":"500 Kilvert Street","name":""},
  {"lat":38.8873,"lon":-104.758,"city":"Colorado Springs","state":"CO","address":"3880 Academy Blvd N","name":""},
  {"lat":36.0315,"lon":-86.8052,"city":"Brentwood","state":"TN","address":"5129 Virginia Way","name":""},
  {"lat":35.9081,"lon":-84.1258,"city":"Knoxville","state":"TN","address":"10206 Parkside Drive","name":""},
  {"lat":35.9048,"lon":-78.8964,"city":"Durham","state":"NC","address":"301 Residence Inn Blvd","name":""},
  {"lat":29.4272,"lon":-98.4841,"city":"San Antonio","state":"TX","address":"425 Bonham Street","name":""},
  {"lat":36.0312,"lon":-86.8006,"city":"Brentwood","state":"TN","address":"206 Ward Circle","name":""},
  {"lat":33.8505,"lon":-118.349,"city":"Torrance","state":"CA","address":"19901 Prairie Ave.","name":""},
  {"lat":33.95028,"lon":-84.12702,"city":"Duluth","state":"GA","address":"3665 Shackleford Rd.","name":""},
  {"lat":36.1462,"lon":-86.6935,"city":"Nashville","state":"TN","address":"600 Marriott Drive","name":""},
  {"lat":35.0398,"lon":-85.1586,"city":"Chattanooga","state":"TN","address":"2210 Bams Drive","name":""},
  {"lat":34.0687,"lon":-84.2622,"city":"Alpharetta","state":"GA","address":"3980 North Point Parkway","name":""},
  {"lat":47.6352,"lon":-122.146,"city":"Bellevue","state":"WA","address":"14615 NE 29th Place","name":""},
  {"lat":40.7724,"lon":-111.953,"city":"Salt Lake City","state":"UT","address":"2170 West North Temple","name":""},
  {"lat":38.9489,"lon":-77.4328,"city":"Herndon","state":"VA","address":"13700 Coppermine Rd.","name":""},
  {"lat":32.887,"lon":-96.7711,"city":"Dallas","state":"TX","address":"10325 N. Central Expressway","name":""},
  {"lat":33.9104,"lon":-84.214,"city":"Norcross","state":"GA","address":"6235 McDonough Drive","name":""},
  {"lat":35.2859,"lon":-80.728,"city":"Charlotte","state":"NC","address":"8812 University East Drive","name":""},
  {"lat":28.3904,"lon":-81.5075,"city":"Orlando","state":"FL","address":"8751 Suiteside Drive","name":""},
  {"lat":42.4847,"lon":-83.2592,"city":"Southfield","state":"MI","address":"1 Corporate Drive","name":""},
  {"lat":33.8778,"lon":-84.4657,"city":"Atlanta","state":"GA","address":"3000 Cumberland Blvd SE","name":""},
  {"lat":33.9462,"lon":-118.391,"city":"Los Angeles","state":"CA","address":"5985 W. Century Blvd","name":""},
  {"lat":38.8623,"lon":-77.3843,"city":"Fairfax","state":"VA","address":"12815 Fairlakes Parkway","name":""},
  {"lat":35.1006,"lon":-89.8582,"city":"Memphis","state":"TN","address":"6141 Old Poplar Pike","name":""},
  {"lat":41.997,"lon":-87.8843,"city":"Rosemont","state":"IL","address":"10233 West Higgins Road","name":""},
  {"lat":39.74375,"lon":-104.991821,"city":"Denver","state":"CO","address":"1450 Glenarm Place","name":""},
  {"lat":39.6867,"lon":-75.6537,"city":"Newark","state":"DE","address":"48 Geoffrey Drive","name":""},
  {"lat":35.8581,"lon":-78.8158,"city":"Morrisville","state":"NC","address":"2020 Hospitality Court","name":""},
  {"lat":36.8142,"lon":-119.787,"city":"Fresno","state":"CA","address":"5322 North Diana Avenue","name":""},
  {"lat":42.3388,"lon":-87.8939,"city":"Waukegan","state":"IL","address":"1151 S. Waukegan Rd.","name":""},
  {"lat":41.529,"lon":-71.2984,"city":"Middletown","state":"RI","address":"9 Commerce Drive","name":""},
  {"lat":47.6049,"lon":-122.337,"city":"Seattle","state":"WA","address":"1007 First Avenue","name":""},
  {"lat":35.7329,"lon":-78.7895,"city":"Cary","state":"NC","address":"2900 Regency Parkway","name":""},
  {"lat":36.1451,"lon":-86.6641,"city":"Nashville","state":"TN","address":"1100 Airport Center Drive","name":""},
  {"lat":38.9389,"lon":-94.5871,"city":"Kansas City","state":"MO","address":"500 E 105 Street","name":""},
  {"lat":41.8999,"lon":-87.622,"city":"Chicago","state":"IL","address":"201 East Walton Place","name":""},
  {"lat":33.5255,"lon":-111.927,"city":"Scottsdale","state":"AZ","address":"6040 N. Scottsdale Road","name":""},
  {"lat":27.8926,"lon":-82.7007,"city":"Clearwater","state":"FL","address":"13231 49th St. N.","name":""},
  {"lat":36.1928,"lon":-115.243,"city":"Las Vegas","state":"NV","address":"1901 North Rainbow Blvd","name":""},
  {"lat":42.2438,"lon":-83.7579,"city":"Ann Arbor","state":"MI","address":"701 Waymarket Drive","name":""},
  {"lat":38.0529,"lon":-78.5032,"city":"Charlottesville","state":"VA","address":"1111 Millmont Street","name":""},
  {"lat":37.3657,"lon":-121.919,"city":"San Jose","state":"CA","address":"1727 Technology Drive","name":""},
  {"lat":47.4638,"lon":-122.221,"city":"Renton","state":"WA","address":"300 SW 19th Street","name":""},
  {"lat":37.6415,"lon":-122.421,"city":"San Bruno","state":"CA","address":"1350 Huntington Ave.","name":""},
  {"lat":39.8855,"lon":-75.2491,"city":"Philadelphia","state":"PA","address":"8900 Bartram Avenue","name":""},
  {"lat":31.8523,"lon":-102.320679,"city":"Odessa","state":"TX","address":"2833 E IH 20","name":""},
  {"lat":29.94027,"lon":-95.3959,"city":"Houston","state":"TX","address":"425 North Sam Houston Parkway East","name":""},
  {"lat":30.02423,"lon":-95.42292,"city":"Houston","state":"TX","address":"415 FM 1960 Rd","name":""},
  {"lat":46.56233,"lon":-120.476547,"city":"Yakima","state":"WA","address":"12 E Valley Mall Blvd","name":""},
  {"lat":40.12082,"lon":-87.54129,"city":"Danville","state":"IL","address":"388 Eastgate Dr.","name":""},
  {"lat":40.12033,"lon":-87.54203,"city":"Danville","state":"IL","address":"388 Eastgate Dr","name":""},
  {"lat":39.28864,"lon":-76.61472,"city":"Baltimore","state":"MD","address":"1 East Redwood Street","name":""},
  {"lat":39.45117,"lon":-76.30595,"city":"Edgewood","state":"MD","address":"1709 Edgewood Rd","name":""},
  {"lat":36.13964,"lon":-80.23785,"city":"Winston-Salem","state":"NC","address":"531 Akron Dr","name":""},
  {"lat":33.46871,"lon":-112.3591,"city":"Goodyear","state":"AZ","address":"2020 N Litchfield Road","name":""},
  {"lat":35.44428,"lon":-94.32091,"city":"Van Buren","state":"AR","address":"3131 Cloverleaf St","name":""},
  {"lat":30.00795,"lon":-95.26432,"city":"Humble","state":"TX","address":"20145 Eastway Village Dr","name":""},
  {"lat":39.47399,"lon":-77.95034,"city":"Martinsburg","state":"WV","address":"1997 Edwin Miller Boulevard","name":""},
  {"lat":29.66586,"lon":-95.02802,"city":"La Porte","state":"TX","address":"107 N 8th St","name":""},
  {"lat":29.71726,"lon":-95.55842,"city":"Houston","state":"TX","address":"10850 Harwin Dr","name":""},
  {"lat":28.42451,"lon":-81.4041,"city":"Orlando","state":"FL","address":"9393 S Orange Blossom Trl","name":""},
  {"lat":29.65469,"lon":-95.25436,"city":"Houston","state":"TX","address":"7902 Mosley Rd","name":""},
  {"lat":29.65222,"lon":-95.0584,"city":"La Porte","state":"TX","address":"11003 W Fairmont Pkwy","name":""},
  {"lat":39.4303,"lon":-80.18415,"city":"Fairmont","state":"WV","address":"20 Southland Dr.","name":""},
  {"lat":39.62673,"lon":-79.99182,"city":"Morgantown","state":"WV","address":"15 Lawless Rd","name":""},
  {"lat":42.91331,"lon":-85.5851,"city":"Grand Rapids","state":"MI","address":"3333 28th St SE","name":""},
  {"lat":34.11483,"lon":-87.98854,"city":"Hamilton","state":"AL","address":"2031 Military St S","name":""},
  {"lat":29.41966,"lon":-98.46079,"city":"San Antonio","state":"TX","address":"2203 E Commerce St","name":""},
  {"lat":28.45057,"lon":-81.35632,"city":"Orlando","state":"FL","address":"8101 Aircenter CT","name":""},
  {"lat":36.69601,"lon":-84.45785,"city":"Stearns","state":"KY","address":"1950 S Hwy 27","name":""},
  {"lat":44.2758,"lon":-105.489754,"city":"Gillette","state":"WY","address":"2009 S Douglas Hwy","name":""},
  {"lat":41.64703,"lon":-93.69696,"city":"Des Moines","state":"IA","address":"4755 Merle Hay Rd","name":""},
  {"lat":41.42443,"lon":-81.90283,"city":"North Olmsted","state":"OH","address":"25070 Country Club Blvd","name":""},
  {"lat":40.69331,"lon":-99.38114,"city":"Elm Creek","state":"NE","address":"5090 Buffalo Creek Rd","name":""},
  {"lat":35.06864,"lon":-89.86047,"city":"Memphis","state":"TN","address":"6085 Apple Tree Dr","name":""},
  {"lat":41.58179,"lon":-87.55585,"city":"Lansing","state":"IL","address":"2520 173rd St","name":""},
  {"lat":39.83909,"lon":-77.20947,"city":"Gettysburg","state":"PA","address":"983 York Rd","name":""},
  {"lat":29.64325,"lon":-95.57975,"city":"Stafford","state":"TX","address":"4726 Sugar Grove Blvd","name":""},
  {"lat":38.86593,"lon":-94.81717,"city":"Olathe","state":"KS","address":"209 E Flaming Rd","name":""},
  {"lat":38.75969,"lon":-90.0677,"city":"Pontoon Beach","state":"IL","address":"1240 E Chain of Rocks Rd","name":""},
  {"lat":33.72361,"lon":-116.197533,"city":"Indio","state":"CA","address":"84096 Indio Springs Dr","name":""},
  {"lat":44.78706,"lon":-68.81657,"city":"Bangor","state":"ME","address":"1100 Hammond St","name":""},
  {"lat":40.16306,"lon":-89.34421,"city":"Lincoln","state":"IL","address":"2011 N Kickapoo St","name":""},
  {"lat":32.70979,"lon":-97.07932,"city":"Arlington","state":"TX","address":"1904 E Pioneer Pkwy","name":""},
  {"lat":38.61032,"lon":-90.04733,"city":"Caseyville","state":"IL","address":"8950 Tucker Dr","name":""},
  {"lat":29.94294,"lon":-95.33292,"city":"Houston","state":"TX","address":"15555B John F Kennedy Blvd","name":""},
  {"lat":45.25847,"lon":-94.11342,"city":"Annandale","state":"MN","address":"620 Elm Street","name":""},
  {"lat":39.67335,"lon":-86.36844,"city":"Plainfield","state":"IN","address":"6109 Cambridge Way","name":""},
  {"lat":29.51538,"lon":-98.46039,"city":"San Antonio","state":"TX","address":"942 NE Loop 410","name":""},
  {"lat":29.98176,"lon":-95.28265,"city":"Humble","state":"TX","address":"7010 Will Clayton Pkwy","name":""},
  {"lat":25.79444,"lon":-80.12913,"city":"Miami Beach","state":"FL","address":"1825 Collins Ave","name":""},
  {"lat":25.78708,"lon":-80.13003,"city":"Miami Beach","state":"FL","address":"1437 Collins Ave.","name":""},
  {"lat":48.19891,"lon":-101.297394,"city":"Minot","state":"ND","address":"3420 S Broadway","name":""},
  {"lat":34.96411,"lon":-90.00809,"city":"Horn Lake","state":"MS","address":"7100 Sutton Place","name":""},
  {"lat":29.01068,"lon":-95.40591,"city":"Clute","state":"TX","address":"805 West Highway 332","name":""},
  {"lat":29.83411,"lon":-95.48291,"city":"Houston","state":"TX","address":"12170 Northwest Fwy","name":""},
  {"lat":41.58483,"lon":-83.66218,"city":"Maumee","state":"OH","address":"150 Dussel Drive","name":""},
  {"lat":41.93464,"lon":-85.64967,"city":"Three Rivers","state":"MI","address":"1211 West Broadway","name":""},
  {"lat":27.32746,"lon":-82.52948,"city":"Sarasota","state":"FL","address":"811 South Tamiami Trail","name":""},
  {"lat":27.5164,"lon":-97.83979,"city":"Kingsville","state":"TX","address":"2402 East King Ave","name":""},
  {"lat":46.59271,"lon":-112.001183,"city":"Helena","state":"MT","address":"800 North Oregon St.","name":""},
  {"lat":26.57243,"lon":-81.87131,"city":"Fort Myers","state":"FL","address":"11501 South Cleveland Avenue","name":""},
  {"lat":40.00127,"lon":-90.43631,"city":"Beardstown","state":"IL","address":"9918 Grand Avenue","name":""},
  {"lat":40.80534,"lon":-124.150391,"city":"Eureka","state":"CA","address":"1929 4th Street","name":""},
  {"lat":29.82924,"lon":-94.38249,"city":"Winnie","state":"TX","address":"134 Spur 5","name":""},
  {"lat":43.69803,"lon":-92.39719,"city":"Spring Valley","state":"MN","address":"745 North Broadway Avenue","name":""},
  {"lat":36.67882,"lon":-78.91855,"city":"South Boston","state":"VA","address":"2050 Philpott Road","name":""},
  {"lat":30.08756,"lon":-97.81829,"city":"Buda","state":"TX","address":"15101 S. IH 35","name":""},
  {"lat":43.25129,"lon":-83.77091,"city":"Birch Run","state":"MI","address":"9235 East Birch Run Rd","name":""},
  {"lat":37.65251,"lon":-92.66673,"city":"Lebanon","state":"MO","address":"1830 West Elm Street","name":""},
  {"lat":31.52679,"lon":-97.16528,"city":"Waco","state":"TX","address":"4201 Franklin Avenue","name":""},
  {"lat":34.07065,"lon":-117.43808,"city":"Fontana","state":"CA","address":"16780 Valley Boulevard","name":""},
  {"lat":45.88709,"lon":-84.72625,"city":"St. Ignace","state":"MI","address":"1074 North State Street","name":""},
  {"lat":42.06092,"lon":-104.185089,"city":"Torrington","state":"WY","address":"1548 South Main Street","name":""},
  {"lat":47.82186,"lon":-122.288757,"city":"Lynnwood","state":"WA","address":"4117 - 196th Street SW","name":""},
  {"lat":25.94263,"lon":-97.42782,"city":"Brownsville","state":"TX","address":"7364 Padre Island Highway","name":""},
  {"lat":46.1418,"lon":-122.896,"city":"Kelso","state":"WA","address":"510 Kelso Dr","name":""},
  {"lat":42.27848,"lon":-122.810951,"city":"Phoenix","state":"OR","address":"300 Pear Tree Lane","name":""},
  {"lat":32.65073,"lon":-97.32266,"city":"Fort Worth","state":"TX","address":"6504 South Freeway","name":""},
  {"lat":41.65523,"lon":-70.2778,"city":"Hyannis","state":"MA","address":"206 Main Street","name":""},
  {"lat":34.94027,"lon":-104.689583,"city":"Santa Rosa","state":"NM","address":"120 Highway 54","name":""},
  {"lat":37.77736,"lon":-122.408478,"city":"San Francisco","state":"CA","address":"259 - 7th Street","name":""},
  {"lat":36.64213,"lon":-93.28312,"city":"Branson","state":"MO","address":"325 North Gretna Road","name":""},
  {"lat":33.66388,"lon":-95.5093,"city":"Paris","state":"TX","address":"3755 NE Loop 286","name":""},
  {"lat":39.17646,"lon":-89.66869,"city":"Litchfield","state":"IL","address":"224 North Ohren Lane","name":""},
  {"lat":38.73883,"lon":-98.21666,"city":"Ellsworth","state":"KS","address":"1414 Foster Road","name":""},
  {"lat":42.15484,"lon":-77.10243,"city":"Painted Post","state":"NY","address":"196 South Hamilton Street","name":""},
  {"lat":28.81628,"lon":-96.96356,"city":"Victoria","state":"TX","address":"3901 HOUSTON HWY","name":""},
  {"lat":40.24651,"lon":-75.65442,"city":"Pottstown","state":"PA","address":"29 East High Street","name":""},
  {"lat":31.89704,"lon":-98.60989,"city":"Comanche","state":"TX","address":"508 West Central Avenue","name":""},
  {"lat":32.2947,"lon":-84.01711,"city":"Montezuma","state":"GA","address":"520 Spaulding Road","name":""},
  {"lat":33.48575,"lon":-89.75887,"city":"Winona","state":"MS","address":"301 SE Frontage Road","name":""},
  {"lat":38.42081,"lon":-122.712677,"city":"Santa Rosa","state":"CA","address":"1800 Santa Rosa Avenue","name":""},
  {"lat":38.66371,"lon":-94.37027,"city":"Harrisonville","state":"MO","address":"2400 Rockhaven Road","name":""},
  {"lat":31.28989,"lon":-92.4777,"city":"Alexandria","state":"LA","address":"1146 MacArthur Drive","name":""},
  {"lat":32.33859,"lon":-89.48241,"city":"Forest","state":"MS","address":"1846 Highway 35 South","name":""},
  {"lat":47.43947,"lon":-120.322456,"city":"Wenatchee","state":"WA","address":"1225 N. Wenatchee Ave","name":""},
  {"lat":40.84974,"lon":-115.746964,"city":"Elko","state":"NV","address":"2065 Idaho Street","name":""},
  {"lat":41.02727,"lon":-89.05314,"city":"Wenona","state":"IL","address":"5 Cavalry Drive","name":""},
  {"lat":34.73926,"lon":-97.25836,"city":"Pauls Valley","state":"OK","address":"2511 W Grant Ave","name":""},
  {"lat":45.66132,"lon":-118.77887,"city":"Pendleton","state":"OR","address":"304 SE Nye Ave","name":""},
  {"lat":30.01996,"lon":-95.37663,"city":"Humble","state":"TX","address":"3231 FM 1960 Road West","name":""},
  {"lat":42.55251,"lon":-84.82518,"city":"Charlotte","state":"MI","address":"828 East Shepherd Street","name":""},
  {"lat":36.30636,"lon":-86.70316,"city":"Goodlettsville","state":"TN","address":"622 Rivergate Parkway","name":""},
  {"lat":61.1816,"lon":-149.938965,"city":"Anchorage","state":"AK","address":"4360 Spenard Road","name":""},
  {"lat":29.44985,"lon":-98.42696,"city":"San Antonio","state":"TX","address":"3645 North PanAm Expressway","name":""},
  {"lat":29.9384,"lon":-93.93072,"city":"Groves","state":"TX","address":"5201 East Parkway Street","name":""},
  {"lat":34.83264,"lon":-90.28624,"city":"Robinsonville","state":"MS","address":"4250 Casino Center Dr","name":""},
  {"lat":35.55685,"lon":-82.85279,"city":"Canton","state":"NC","address":"1963 Champion Drive","name":""},
  {"lat":27.41354,"lon":-80.39237,"city":"Fort Pierce","state":"FL","address":"6651 Darter Court","name":""},
  {"lat":40.74491,"lon":-85.17162,"city":"Bluffton","state":"IN","address":"100 Charles Deam Court","name":""},
  {"lat":43.57286,"lon":-116.21553,"city":"Boise","state":"ID","address":"2525 Sunrise Rim Rd","name":""},
  {"lat":35.52191,"lon":-98.72803,"city":"Weatherford","state":"OK","address":"2016 W. Eagle Rd","name":""},
  {"lat":42.60087,"lon":-73.71344,"city":"East Greenbush","state":"NY","address":"576 Columbia Turnpike","name":""},
  {"lat":29.95368,"lon":-82.10752,"city":"Starke","state":"FL","address":"880 North Temple Avenue","name":""},
  {"lat":38.31233,"lon":-88.94663,"city":"Mount Vernon","state":"IL","address":"222 South 44th Street","name":""},
  {"lat":31.88203,"lon":-82.60005,"city":"Hazlehurst","state":"GA","address":"143 Martin Luther King Jr. Boulevard","name":""},
  {"lat":46.82901,"lon":-100.770012,"city":"Bismarck","state":"ND","address":"1505 Interchange Avenue","name":""},
  {"lat":29.69415,"lon":-95.4145,"city":"Houston","state":"TX","address":"7905 South Main Street","name":""},
  {"lat":35.50203,"lon":-78.32051,"city":"Smithfield","state":"NC","address":"197 Mallard Road","name":""},
  {"lat":36.20079,"lon":-80.8121,"city":"Jonesville","state":"NC","address":"5702 US Highway 21","name":""},
  {"lat":35.70151,"lon":-85.77785,"city":"McMinnville","state":"TN","address":"508 Sunnyside Heights","name":""},
  {"lat":45.71662,"lon":-122.652237,"city":"Vancouver","state":"WA","address":"13206 NE Hwy 99","name":""},
  {"lat":32.75869,"lon":-97.77858,"city":"Weatherford","state":"TX","address":"1110 Fort Worth Highway","name":""},
  {"lat":43.98826,"lon":-102.240791,"city":"Wall","state":"SD","address":"201 South Boulevard","name":""},
  {"lat":36.3046,"lon":-95.31922,"city":"Pryor","state":"OK","address":"123 S Mill St","name":""},
  {"lat":41.14394,"lon":-102.9916,"city":"Sidney","state":"NE","address":"2115 West Illinois Street","name":""},
  {"lat":44.69814,"lon":-73.49872,"city":"Plattsburgh","state":"NY","address":"19 Booth Drive","name":""},
  {"lat":30.01713,"lon":-95.43814,"city":"Houston","state":"TX","address":"609 FM 1960 West","name":""},
  {"lat":30.14989,"lon":-96.38624,"city":"Brenham","state":"TX","address":"2217 South Market Street","name":""},
  {"lat":33.50964,"lon":-90.20235,"city":"Greenwood","state":"MS","address":"621 Highway 82 W","name":""},
  {"lat":30.87697,"lon":-93.28587,"city":"DeRidder","state":"LA","address":"1715 North Pine Street","name":""},
  {"lat":35.64098,"lon":-81.98514,"city":"Marion","state":"NC","address":"4248 US 221 South","name":""},
  {"lat":29.69098,"lon":-96.53959,"city":"Columbus","state":"TX","address":"2436 Highway 71 South","name":""},
  {"lat":30.19939,"lon":-93.23185,"city":"Lake Charles","state":"LA","address":"3231 Lake Street","name":""},
  {"lat":38.62484,"lon":-84.57644,"city":"Williamstown","state":"KY","address":"10 Skyway Drive","name":""},
  {"lat":27.83096,"lon":-97.06475,"city":"Port Aransas","state":"TX","address":"306 South Alister Street","name":""},
  {"lat":44.30306,"lon":-92.68757,"city":"Zumbrota","state":"MN","address":"1435 Northstar Drive","name":""},
  {"lat":42.69614,"lon":-87.84404,"city":"Racine","state":"WI","address":"5419 Durand Avenue","name":""},
  {"lat":33.81744,"lon":-88.52934,"city":"Aberdeen","state":"MS","address":"801 East Commerce Street","name":""},
  {"lat":40.30316,"lon":-109.959412,"city":"Ballard","state":"UT","address":"2203 East Highway 40","name":""},
  {"lat":32.20514,"lon":-98.21332,"city":"Stephenville","state":"TX","address":"1625 West South Loop","name":""},
  {"lat":37.67829,"lon":-121.778481,"city":"Livermore","state":"CA","address":"1421 First Street","name":""},
  {"lat":33.9795,"lon":-118.098877,"city":"Pico Rivera","state":"CA","address":"7222 Rosemead Boulevard","name":""},
  {"lat":35.51491,"lon":-84.9998,"city":"Dayton","state":"TN","address":"7875 Rhea County Highway","name":""},
  {"lat":33.78658,"lon":-89.83689,"city":"Grenada","state":"MS","address":"1750 Sunset Drive","name":""},
  {"lat":30.18042,"lon":-96.92078,"city":"Giddings","state":"TX","address":"1600 E. Austin Street","name":""},
  {"lat":31.53368,"lon":-87.31347,"city":"Monroeville","state":"AL","address":"50 Highway 21 South","name":""},
  {"lat":33.41703,"lon":-117.60228,"city":"San Clemente","state":"CA","address":"2002 South El Camino Real","name":""},
  {"lat":46.46578,"lon":-84.37168,"city":"Sault Ste. Marie","state":"MI","address":"3826 I-75 Business Spur","name":""},
  {"lat":34.3739,"lon":-84.91281,"city":"Adairsville","state":"GA","address":"1 Kortlyn Pl NW","name":""},
  {"lat":33.38827,"lon":-111.54377,"city":"Apache Junction","state":"AZ","address":"251 E 29th Ave","name":""},
  {"lat":29.43387,"lon":-98.40649,"city":"San Antonio","state":"TX","address":"211 North WW White Road","name":""},
  {"lat":38.62594,"lon":-122.876762,"city":"Healdsburg","state":"CA","address":"198 Dry Creek Road","name":""},
  {"lat":37.50261,"lon":-77.51661,"city":"Richmond","state":"VA","address":"6523 Midlothian Turnpike","name":""},
  {"lat":28.40558,"lon":-97.7275,"city":"Beeville","state":"TX","address":"400 US-181 Bypass","name":""},
  {"lat":37.64715,"lon":-95.45251,"city":"Chanute","state":"KS","address":"3428 S Santa Fe Ave","name":""},
  {"lat":30.19534,"lon":-92.00383,"city":"LaFayette","state":"LA","address":"807 S Hugh Wallis Rd","name":""},
  {"lat":27.79819,"lon":-97.48228,"city":"Corpus Christi","state":"TX","address":"6033 Leopard Street","name":""},
  {"lat":32.70182,"lon":-103.121033,"city":"Hobbs","state":"NM","address":"211 N Marland blvd","name":""},
  {"lat":41.4711,"lon":-81.9548,"city":"Westlake","state":"OH","address":"30100 Clemens Road","name":""},
  {"lat":37.6689,"lon":-122.1235,"city":"Hayward","state":"CA","address":"500 W A Street","name":""},
  {"lat":39.02939,"lon":-94.27323,"city":"Blue Springs","state":"MO","address":"701 NW South Outer Rd","name":""},
  {"lat":36.37761,"lon":-80.48391,"city":"Pilot Mountain","state":"NC","address":"711 S Key St","name":""},
  {"lat":40.88156,"lon":-97.10207,"city":"Seward","state":"NE","address":"3629 Progressive Rd","name":""},
  {"lat":36.29918,"lon":-119.768372,"city":"Lemoore","state":"CA","address":"877 E D St","name":""},
  {"lat":39.00969,"lon":-96.83408,"city":"Junction City","state":"KS","address":"1133 S Washington St","name":""},
  {"lat":33.45538,"lon":-112.306152,"city":"Avondale","state":"AZ","address":"915 N. Avondale Blvd.","name":""},
  {"lat":30.09411,"lon":-90.93815,"city":"Donaldsonville","state":"LA","address":"2179 Highway 70","name":""},
  {"lat":38.93463,"lon":-94.6701,"city":"Overland Park","state":"KS","address":"7200 W 107th St","name":""},
  {"lat":29.84438,"lon":-95.49457,"city":"Houston","state":"TX","address":"12820 Northwest Fwy","name":""},
  {"lat":40.0926,"lon":-83.1261,"city":"Dublin","state":"OH","address":"435 Metro Place South","name":""},
  {"lat":41.3741,"lon":-81.8221,"city":"Middleburg Heights","state":"OH","address":"17525 Rosbough Drive","name":""},
  {"lat":35.25042,"lon":-91.70304,"city":"Searcy","state":"AR","address":"3211 E. Race Avenue","name":""},
  {"lat":42.45637,"lon":-79.31378,"city":"Fredonia","state":"NY","address":"10455 Bennett Rd","name":""},
  {"lat":31.4285,"lon":-103.48642,"city":"Pecos","state":"TX","address":"1000 East 3rd Street","name":""},
  {"lat":37.87158,"lon":-122.2763,"city":"Berkeley","state":"CA","address":"1761 University Ave","name":""},
  {"lat":30.52993,"lon":-91.16231,"city":"Baton Rouge","state":"LA","address":"2949 Varsity St","name":""},
  {"lat":32.00758,"lon":-81.27615,"city":"Savannah","state":"GA","address":"480 Al Henderson Blvd","name":""},
  {"lat":39.02322,"lon":-96.82167,"city":"Junction City","state":"KS","address":"310 Hammons Dr.","name":""},
  {"lat":32.55479,"lon":-84.94354,"city":"Columbus","state":"GA","address":"4027 Veterans Ct","name":""},
  {"lat":42.0106,"lon":-93.58016,"city":"Ames","state":"IA","address":"1400 S Dayton Pl","name":""},
  {"lat":42.20809,"lon":-89.0725,"city":"Rockford","state":"IL","address":"4419 11th St","name":""},
  {"lat":32.49094,"lon":-92.05335,"city":"Monroe","state":"LA","address":"1475 Garrett Rd","name":""},
  {"lat":29.7028,"lon":-95.55533,"city":"Houston","state":"TX","address":"6855 W. Sam Houston Pkwy S","name":""},
  {"lat":36.42291,"lon":-94.79265,"city":"Jay","state":"OK","address":"161 S Main St","name":""},
  {"lat":37.43929,"lon":-94.70443,"city":"Pittsburg","state":"KS","address":"3108 N Broadway St","name":""},
  {"lat":29.78403,"lon":-95.65062,"city":"Houston","state":"TX","address":"15111 Katy Fwy","name":""},
  {"lat":40.738007,"lon":-114.037129,"city":"Wendover","state":"UT","address":"505 E. Wendover Blvd.","name":""},
  {"lat":32.64251,"lon":-85.34163,"city":"Opelika","state":"AL","address":"1705 Columbus Pkwy","name":""},
  {"lat":38.97621,"lon":-89.09785,"city":"Vandalia","state":"IL","address":"1500 North 6th St.","name":""},
  {"lat":40.90124,"lon":-81.14744,"city":"Alliance","state":"OH","address":"2330 West State Street","name":""},
  {"lat":27.49384,"lon":-82.47706,"city":"Bradenton","state":"FL","address":"607 67th St Cir E","name":""},
  {"lat":40.13304,"lon":-88.26195,"city":"Champaign","state":"IL","address":"1019 Bloomington Road","name":""},
  {"lat":37.93453,"lon":-95.40796,"city":"Iola","state":"KS","address":"1315 North State Street","name":""},
  {"lat":28.02879,"lon":-97.52965,"city":"Sinton","state":"TX","address":"8108 US Highway 77","name":""},
  {"lat":38.63457,"lon":-90.18544,"city":"St. Louis","state":"MO","address":"1100 Lumiere Place Boulevard","name":""},
  {"lat":37.0573,"lon":-120.858,"city":"Los Banos","state":"CA","address":"330 W Pacheco Blvd","name":""},
  {"lat":33.7914,"lon":-84.23025,"city":"Stone Mountain","state":"GA","address":"4974 Memorial Dr","name":""},
  {"lat":40.84227,"lon":-96.74061,"city":"Lincoln","state":"NE","address":"3001 NW 12th Street","name":""},
  {"lat":44.98995,"lon":-84.67795,"city":"Gaylord","state":"MI","address":"2880 S Otsego Ave","name":""},
  {"lat":34.31154,"lon":-92.39967,"city":"Sheridan","state":"AR","address":"102 East Vine Street","name":""},
  {"lat":33.45862,"lon":-90.63593,"city":"Indianola","state":"MS","address":"1015 Highway 82 East","name":""},
  {"lat":39.49962,"lon":-121.568024,"city":"Oroville","state":"CA","address":"580 Oro Dam Boulevard","name":""},
  {"lat":42.08196,"lon":-71.28072,"city":"Foxboro","state":"MA","address":"105 Washington Street","name":""},
  {"lat":30.33877,"lon":-96.52401,"city":"Somerville","state":"TX","address":"18018 SH 36 South","name":""},
  {"lat":38.6481,"lon":-121.38253,"city":"North Highlands","state":"CA","address":"4600 Watt Avenue","name":""},
  {"lat":41.32382,"lon":-74.12411,"city":"Central Valley","state":"NY","address":"139 Route 32","name":""},
  {"lat":33.17701,"lon":-87.52313,"city":"Tuscaloosa","state":"AL","address":"3501 McFarland Boulevard","name":""},
  {"lat":32.7371,"lon":-97.46298,"city":"Fort Worth","state":"TX","address":"8345 West Freeway","name":""},
  {"lat":39.81356,"lon":-97.64734,"city":"Belleville","state":"KS","address":"1616 US Highway 36","name":""},
  {"lat":27.57425,"lon":-97.79054,"city":"Bishop","state":"TX","address":"715 US Highway 77","name":""},
  {"lat":29.71687,"lon":-95.37683,"city":"Houston","state":"TX","address":"2419 Riverside Drive","name":""},
  {"lat":35.34547,"lon":-80.17239,"city":"Albemarle","state":"NC","address":"200 Henson Street","name":""},
  {"lat":30.06695,"lon":-94.13361,"city":"Beaumont","state":"TX","address":"1155 I-10 South","name":""},
  {"lat":39.72566,"lon":-121.837357,"city":"Chico","state":"CA","address":"740 Broadway Street","name":""},
  {"lat":41.35176,"lon":-71.88609,"city":"Stonington","state":"CT","address":"812 Stonington Road","name":""},
  {"lat":35.3458,"lon":-119.038467,"city":"Bakersfield","state":"CA","address":"830 Wible Road","name":""},
  {"lat":41.97849,"lon":-84.67552,"city":"Jonesville","state":"MI","address":"516 West Chicago Street","name":""},
  {"lat":32.81122,"lon":-97.21087,"city":"Hurst","state":"TX","address":"125 NE Loop 820","name":""},
  {"lat":33.97329,"lon":-80.95711,"city":"Columbia","state":"SC","address":"131 Veterans Road","name":""},
  {"lat":43.57736,"lon":-119.0713,"city":"Burns","state":"OR","address":"999 Oregon Avenue","name":""},
  {"lat":35.92718,"lon":-89.87271,"city":"Blytheville","state":"AR","address":"102A South Porter Drive","name":""},
  {"lat":37.0187,"lon":-120.134079,"city":"Madera","state":"CA","address":"22683 Avenue 18 1/2","name":""},
  {"lat":39.04531,"lon":-94.41832,"city":"Independence","state":"MO","address":"13710 East 42nd Terrace","name":""},
  {"lat":33.95571,"lon":-83.38679,"city":"Athens","state":"GA","address":"898 W Broad St","name":""},
  {"lat":38.51052,"lon":-90.33765,"city":"St. Louis","state":"MO","address":"6602 South Lindbergh Boulevard","name":""},
  {"lat":28.31893,"lon":-97.268,"city":"Refugio","state":"TX","address":"920 Victoria Highway","name":""},
  {"lat":32.80708,"lon":-83.72872,"city":"Macon","state":"GA","address":"4951 Romeiser Drive","name":""},
  {"lat":34.3917,"lon":-92.82812,"city":"Malvern","state":"AR","address":"1656 Industrial Road","name":""},
  {"lat":42.27074,"lon":-84.42473,"city":"Jackson","state":"MI","address":"830 Royal Drive","name":""},
  {"lat":29.21256,"lon":-99.77459,"city":"Uvalde","state":"TX","address":"701 East Main Street","name":""},
  {"lat":33.41552,"lon":-84.15577,"city":"McDonough","state":"GA","address":"610 Highway 155 South","name":""},
  {"lat":32.44932,"lon":-94.72282,"city":"Longview","state":"TX","address":"3100 Estes Parkway","name":""},
  {"lat":36.08298,"lon":-96.04386,"city":"Tulsa","state":"OK","address":"5525 West Skelly Drive","name":""},
  {"lat":40.9174,"lon":-73.03587,"city":"Port Jefferson Station","state":"NY","address":"1371 Route 112","name":""},
  {"lat":34.58494,"lon":-112.31958,"city":"Prescott Valley","state":"AZ","address":"8383 East US Route 69","name":""},
  {"lat":36.07787,"lon":-119.017151,"city":"Porterville","state":"CA","address":"676 North Main Street","name":""},
  {"lat":40.67503,"lon":-75.13827,"city":"Phillipsburg","state":"NJ","address":"1311 Route 22 West","name":""},
  {"lat":34.78944,"lon":-96.6657,"city":"Ada","state":"OK","address":"1003 Lonnie Abbot Boulevard","name":""},
  {"lat":39.731,"lon":-105.13,"city":"Lakewood","state":"CO","address":"895 Tabor Street","name":""},
  {"lat":38.9098,"lon":-77.0474,"city":"Washington","state":"DC","address":"2121 P Street NW","name":""},
  {"lat":30.2126,"lon":-97.7576,"city":"Austin","state":"TX","address":"4320 Interstate 35 Service S","name":""},
  {"lat":32.8379,"lon":-97.2947,"city":"Fort Worth","state":"TX","address":"5201 Endicott Avenue","name":""},
  {"lat":42.4821,"lon":-83.4671,"city":"Novi","state":"MI","address":"42600 West Eleven Mile Road","name":""},
  {"lat":26.1259,"lon":-80.2637,"city":"Plantation","state":"FL","address":"410 North Pine Island Road","name":""},
  {"lat":42.6582,"lon":-83.2414,"city":"Auburn Hills","state":"MI","address":"2550 Aimee Lane","name":""},
  {"lat":38.3538,"lon":-81.6061,"city":"Charleston","state":"WV","address":"200 Hotel Circle","name":""},
  {"lat":32.8832,"lon":-96.9532,"city":"Irving","state":"TX","address":"5300 Green Park Drive","name":""},
  {"lat":40.2894,"lon":-74.08,"city":"Tinton Falls","state":"NJ","address":"600 Hope Road","name":""},
  {"lat":35.1101,"lon":-106.612,"city":"Albuquerque","state":"NM","address":"3025 Menaul Blvd NE","name":""},
  {"lat":32.7641,"lon":-97.0732,"city":"Arlington","state":"TX","address":"2221 Brookhollow Plaza Dr.","name":""},
  {"lat":32.3615,"lon":-86.2098,"city":"Montgomery","state":"AL","address":"1200 Hilmar Court","name":""},
  {"lat":38.28278,"lon":-112.64196,"city":"Beaver","state":"UT","address":"645 N Main St","name":""},
  {"lat":45.17347,"lon":-113.888771,"city":"Salmon","state":"ID","address":"1015 Main Street","name":""},
  {"lat":47.00497,"lon":-124.167023,"city":"Ocean Shores","state":"WA","address":"681 Ocean Shores Blvd NW","name":""},
  {"lat":45.76914,"lon":-108.48983,"city":"Billings","state":"MT","address":"2612 Belknap Ave","name":""},
  {"lat":48.28169,"lon":-116.553482,"city":"Sandpoint","state":"ID","address":"807 N 5th Ave","name":""},
  {"lat":35.18775,"lon":-83.37068,"city":"Franklin","state":"NC","address":"1320 E Main St","name":""},
  {"lat":46.85993,"lon":-96.83884,"city":"Fargo","state":"ND","address":"1401 35th St S","name":""},
  {"lat":29.52931,"lon":-98.39286,"city":"San Antonio","state":"TX","address":"9903 IH 35 N","name":""},
  {"lat":33.55441,"lon":-84.26236,"city":"Stockbridge","state":"GA","address":"110 Hwy 138 W","name":""},
  {"lat":37.08184,"lon":-97.04147,"city":"Arkansas City","state":"KS","address":"1617 North Summit","name":""},
  {"lat":36.94105,"lon":-86.42204,"city":"Bowling Green","state":"KY","address":"3139 Scottsville Rd","name":""},
  {"lat":31.13971,"lon":-81.58373,"city":"Brunswick","state":"GA","address":"325 Palisade Dr","name":""},
  {"lat":43.70933,"lon":-121.474274,"city":"La Pine","state":"OR","address":"52560 HWY 97","name":""},
  {"lat":36.0019,"lon":-83.77969,"city":"Knoxville","state":"TN","address":"1550 Cracker Barrel Ln","name":""},
  {"lat":39.6674,"lon":-75.6816,"city":"Newark","state":"DE","address":"240 Chapman Road","name":""},
  {"lat":44.05371,"lon":-123.108818,"city":"Eugene","state":"OR","address":"1055 W 6th Ave","name":""},
  {"lat":30.25432,"lon":-92.0137,"city":"Lafayette","state":"LA","address":"2224 NE Evangeline Trwy","name":""},
  {"lat":37.34484,"lon":-121.932388,"city":"Santa Clara","state":"CA","address":"2222 The Alameda","name":""},
  {"lat":40.5294,"lon":-74.5186,"city":"Somerset","state":"NJ","address":"41 World's Fair Drive","name":""},
  {"lat":39.77228,"lon":-104.8479,"city":"Denver","state":"CO","address":"3975 Peoria Way","name":""},
  {"lat":39.39511,"lon":-74.55046,"city":"Egg Harbor Township","state":"NJ","address":"6811 Black Horse Pike","name":""},
  {"lat":32.8385,"lon":-97.26736,"city":"Haltom City","state":"TX","address":"5500 NE Loop 820","name":""},
  {"lat":39.9151,"lon":-74.9496,"city":"Mount Laurel","state":"NJ","address":"4000 Crawford Place","name":""},
  {"lat":42.02051,"lon":-87.95695,"city":"Elk Grove Village","state":"IL","address":"1925 Higgins Rd","name":""},
  {"lat":25.80882,"lon":-80.31613,"city":"Miami","state":"FL","address":"7330 NW 36th St","name":""},
  {"lat":44.91356,"lon":-91.39911,"city":"Chippewa Falls","state":"WI","address":"1009 W Park Ave","name":""},
  {"lat":31.40042,"lon":-81.45245,"city":"Darien","state":"GA","address":"12905 Georgia Highway 251","name":""},
  {"lat":29.77316,"lon":-95.8185,"city":"Katy","state":"TX","address":"25633 Kingsland Boulevard","name":""},
  {"lat":42.02664,"lon":-96.12789,"city":"Onawa","state":"IA","address":"2835 Iowa Ave","name":""},
  {"lat":32.4637,"lon":-85.02448,"city":"Phenix City","state":"AL","address":"905A E 280 Byp","name":""},
  {"lat":29.85012,"lon":-95.51062,"city":"Houston","state":"TX","address":"7887 W Tidwell Rd","name":""},
  {"lat":32.55479,"lon":-100.649117,"city":"Sonora","state":"TX","address":"270 Hwy 277 N","name":""},
  {"lat":35.39185,"lon":-99.40385,"city":"Elk City","state":"OK","address":"2500 S. Main St","name":""},
  {"lat":30.09821,"lon":-94.129,"city":"Beaumont","state":"TX","address":"2030 N 11th St","name":""},
  {"lat":35.17951,"lon":-80.88494,"city":"Charlotte","state":"NC","address":"212 W Woodlawn Rd #B","name":""},
  {"lat":35.59381,"lon":-82.53125,"city":"Asheville","state":"NC","address":"100 Tunnel Rd","name":""},
  {"lat":29.85202,"lon":-95.64359,"city":"Houston","state":"TX","address":"5022 Addicks-Satsuma Road","name":""},
  {"lat":29.85468,"lon":-97.66874,"city":"Lockhart","state":"TX","address":"2001 S Colorado St","name":""},
  {"lat":30.21221,"lon":-90.94346,"city":"Gonzales","state":"LA","address":"2412 Veterans Boulevard","name":""},
  {"lat":40.57896,"lon":-74.28551,"city":"Avenel","state":"NJ","address":"966 US-1","name":""},
  {"lat":39.74692,"lon":-92.50131,"city":"Macon","state":"MO","address":"28933 Sunset Drive","name":""},
  {"lat":38.21501,"lon":-91.16984,"city":"Sullivan","state":"MO","address":"307 North Service Road","name":""},
  {"lat":37.4006,"lon":-121.912,"city":"Milpitas","state":"CA","address":"1820 Barber Lane","name":""},
  {"lat":41.8911,"lon":-87.6275,"city":"Chicago","state":"IL","address":"505 N. State Street","name":""},
  {"lat":33.79262,"lon":-117.914589,"city":"Anaheim","state":"CA","address":"2200 South Harbor","name":""},
  {"lat":38.9098,"lon":-94.52123,"city":"Kansas City","state":"MO","address":"11801 Blue Ridge Boulevard","name":""},
  {"lat":30.22828,"lon":-93.1705,"city":"Lake Charles","state":"LA","address":"3411 Broad Street","name":""},
  {"lat":33.61094,"lon":-114.575432,"city":"Blythe","state":"CA","address":"1673 E Hobson Way","name":""},
  {"lat":36.17684,"lon":-94.5605,"city":"Siloam Springs","state":"AR","address":"1801 Highway 412 West","name":""},
  {"lat":47.39609,"lon":-122.296371,"city":"Des Moines","state":"WA","address":"22845 Pacific Hwy S","name":""},
  {"lat":29.9693,"lon":-95.56105,"city":"Houston","state":"TX","address":"18805 State Highway 249","name":""},
  {"lat":33.75175,"lon":-84.71608,"city":"Douglasville","state":"GA","address":"5481 Westmoreland Plaza","name":""},
  {"lat":33.47328,"lon":-81.95744,"city":"Augusta","state":"GA","address":"441 Broad Street","name":""},
  {"lat":34.69231,"lon":-92.34604,"city":"Little Rock","state":"AR","address":"6401 South University Avenue","name":""},
  {"lat":31.11061,"lon":-97.35556,"city":"Temple","state":"TX","address":"915 North General Bruce Drive","name":""},
  {"lat":34.34645,"lon":-81.08915,"city":"Winnsboro","state":"SC","address":"1894 US Highway 321 Bypass South","name":""},
  {"lat":34.17724,"lon":-85.20586,"city":"Rome","state":"GA","address":"2973 Cedartown Highway SE","name":""},
  {"lat":29.77316,"lon":-95.8185,"city":"Katy","state":"TX","address":"25633 Kingsland Boulevard","name":""},
  {"lat":38.99278,"lon":-110.136612,"city":"Green River","state":"UT","address":"2125 East Main Street","name":""},
  {"lat":30.035,"lon":-95.25843,"city":"Kingwood","state":"TX","address":"55 Sorters McClellan Road","name":""},
  {"lat":33.04532,"lon":-83.93979,"city":"Forsyth","state":"GA","address":"130 N Frontage Road","name":""},
  {"lat":42.97431,"lon":-77.35408,"city":"Farmington","state":"NY","address":"6037 Route 96","name":""},
  {"lat":26.75465,"lon":-80.93313,"city":"Clewiston","state":"FL","address":"108 Royal Palm Ave.","name":""},
  {"lat":42.66665,"lon":-84.53603,"city":"Lansing","state":"MI","address":"1100 Ramada Drive","name":""},
  {"lat":37.98149,"lon":-100.840927,"city":"Garden City","state":"KS","address":"1818 Commanche Drive","name":""},
  {"lat":36.94632,"lon":-81.05695,"city":"Wytheville","state":"VA","address":"705 Chapman Road","name":""},
  {"lat":42.18734,"lon":-93.57683,"city":"Story City","state":"IA","address":"1520 Broad Street","name":""},
  {"lat":29.96675,"lon":-95.41529,"city":"Houston","state":"TX","address":"13619 Rankin Circle West","name":""},
  {"lat":33.48453,"lon":-117.1434,"city":"Temecula","state":"CA","address":"28980 Old Town Front Street","name":""},
  {"lat":47.70747,"lon":-117.003242,"city":"Post Falls","state":"ID","address":"4100 Riverbend Ave","name":""},
  {"lat":34.74395,"lon":-89.45479,"city":"Holly Springs","state":"MS","address":"120 Heritage Drive","name":""},
  {"lat":48.21605,"lon":-114.329659,"city":"Kalispell","state":"MT","address":"1550 US Highway 93 N.","name":""},
  {"lat":25.81419,"lon":-80.12222,"city":"Miami Beach","state":"FL","address":"4299 Collins Avenue","name":""},
  {"lat":30.29738,"lon":-91.24085,"city":"Plaquemine","state":"LA","address":"23165 HWY 1","name":""},
  {"lat":29.65879,"lon":-82.42238,"city":"Gainesville","state":"FL","address":"700 NW 75th St","name":""},
  {"lat":38.9662,"lon":-122.653023,"city":"Clearlake","state":"CA","address":"13865 Lakeshore Dr","name":""},
  {"lat":31.57769,"lon":-90.47139,"city":"Brookhaven","state":"MS","address":"811 Magee Drive","name":""},
  {"lat":47.70468,"lon":-116.943779,"city":"Post Falls","state":"ID","address":"414 E. 1st Street","name":""},
  {"lat":32.15405,"lon":-91.71134,"city":"Winnsboro","state":"LA","address":"4198 Front Street","name":""},
  {"lat":48.5782,"lon":-93.40149,"city":"International Falls","state":"MN","address":"2326 Highway 53","name":""},
  {"lat":43.62119,"lon":-116.216522,"city":"Boise","state":"ID","address":"1800 Fairview Avenue","name":""},
  {"lat":30.32786,"lon":-90.98246,"city":"Prairieville","state":"LA","address":"17301 Airline Highway","name":""},
  {"lat":48.11877,"lon":-123.428436,"city":"Port Angeles","state":"WA","address":"221 N. Lincoln St.","name":""},
  {"lat":45.57438,"lon":-122.578842,"city":"Portland","state":"OR","address":"7101 NE 82nd Avenue","name":""},
  {"lat":34.91223,"lon":-91.19753,"city":"Brinkley","state":"AR","address":"2005 C N Main St","name":""},
  {"lat":35.50185,"lon":-86.08511,"city":"Manchester","state":"TN","address":"890 Interstate Drive","name":""},
  {"lat":46.60506,"lon":-120.4976,"city":"Yakima","state":"WA","address":"607 E. Yakima Ave","name":""},
  {"lat":38.34552,"lon":-77.50021,"city":"Fredericksburg","state":"VA","address":"605 Warrenton Road","name":""},
  {"lat":33.03782,"lon":-115.625351,"city":"Westmorland","state":"CA","address":"351 West Main Street","name":""},
  {"lat":33.59426,"lon":-97.92763,"city":"Bowie","state":"TX","address":"2436 US-287 S","name":""},
  {"lat":42.35283,"lon":-87.87322,"city":"Waukegan","state":"IL","address":"411 South Green bay Road","name":""},
  {"lat":42.85661,"lon":-77.00285,"city":"Geneva","state":"NY","address":"473 Hamilton Street","name":""},
  {"lat":32.21921,"lon":-110.9809,"city":"Tucson","state":"AZ","address":"222 S Freeway","name":""},
  {"lat":38.9238,"lon":-121.060112,"city":"Auburn","state":"CA","address":"1875 Auburn Ravine Rd","name":""},
  {"lat":37.1468,"lon":-92.75472,"city":"Seymour","state":"MO","address":"1000 East Clinton Avenue","name":""},
  {"lat":36.6995,"lon":-97.0665,"city":"Ponca City","state":"OK","address":"407 South 14th Street","name":""},
  {"lat":29.88021,"lon":-95.61397,"city":"Houston","state":"TX","address":"13438 FM 529","name":""},
  {"lat":46.48658,"lon":-87.3479,"city":"Marquette","state":"MI","address":"1010 State Highway M-28 East","name":""},
  {"lat":41.37084,"lon":-72.11509,"city":"New London","state":"CT","address":"380 Bayonet Street","name":""},
  {"lat":34.1899,"lon":-118.936913,"city":"Newbury Park","state":"CA","address":"2850 Camino Dos Rios","name":""},
  {"lat":34.11996,"lon":-116.434486,"city":"Yucca Valley","state":"CA","address":"56377 - 29 Palms Highway","name":""},
  {"lat":46.00624,"lon":-112.614792,"city":"Butte","state":"MT","address":"122005 Nissler Rd.","name":""},
  {"lat":35.81831,"lon":-86.39675,"city":"Murfreesboro","state":"TN","address":"1954 South Church Street","name":""},
  {"lat":29.83139,"lon":-95.38505,"city":"Houston","state":"TX","address":"4515 Airline Drive","name":""},
  {"lat":33.5613,"lon":-84.31926,"city":"Morrow","state":"GA","address":"2185 Mt. Zion Parkway","name":""},
  {"lat":40.5818,"lon":-83.07788,"city":"Marion","state":"OH","address":"1952 Marion-Mt Gilead Rd","name":""},
  {"lat":41.11698,"lon":-104.82399,"city":"Cheyenne","state":"WY","address":"204 W Fox Farm Rd","name":""},
  {"lat":38.21284,"lon":-75.69912,"city":"Princess Anne","state":"MD","address":"30359 Mt. Vernon Road","name":""},
  {"lat":39.84575,"lon":-89.02968,"city":"Decatur","state":"IL","address":"333 North Wyckles Road","name":""},
  {"lat":29.12287,"lon":-97.27808,"city":"Cuero","state":"TX","address":"3531 North Esplanade Street","name":""},
  {"lat":30.00595,"lon":-95.30747,"city":"Humble","state":"TX","address":"7825 FM 1960 Bypass Rd W","name":""},
  {"lat":48.00222,"lon":-122.201347,"city":"Everett","state":"WA","address":"1122 North Broadway","name":""},
  {"lat":34.88558,"lon":-92.38381,"city":"Maumelle","state":"AR","address":"14325 Frontier Drive","name":""},
  {"lat":46.22205,"lon":-119.225288,"city":"Kennewick","state":"WA","address":"1101 N. Columbia Center Blvd.","name":""},
  {"lat":32.33349,"lon":-96.14159,"city":"Gun Barrel City","state":"TX","address":"210 Heritage Parkway","name":""},
  {"lat":28.33278,"lon":-81.48883,"city":"Kissimmee","state":"FL","address":"5150 West US Hwy 192","name":""},
  {"lat":46.14815,"lon":-122.910522,"city":"Kelso","state":"WA","address":"505 N. Pacific Ave","name":""},
  {"lat":34.31066,"lon":-89.93112,"city":"Batesville","state":"MS","address":"695 Highway 6 East","name":""},
  {"lat":26.2025,"lon":-98.19778,"city":"Pharr","state":"TX","address":"1301 W Expressway 83","name":""},
  {"lat":40.24182,"lon":-76.80072,"city":"Harrisburg","state":"PA","address":"4751 Lindle Road","name":""},
  {"lat":35.78739,"lon":-88.39265,"city":"Wildersville","state":"TN","address":"21045 Highway 22 North","name":""},
  {"lat":29.13925,"lon":-95.65454,"city":"West Columbia","state":"TX","address":"714 South Columbia Drive","name":""},
  {"lat":35.4702,"lon":-97.72575,"city":"Yukon","state":"OK","address":"321 North Mustang Road","name":""},
  {"lat":32.77632,"lon":-91.88526,"city":"Bastrop","state":"LA","address":"2130 East Madison Ave","name":""},
  {"lat":34.3137,"lon":-88.70402,"city":"Tupelo","state":"MS","address":"897 Harmony Lane","name":""},
  {"lat":30.21966,"lon":-93.37481,"city":"Sulphur","state":"LA","address":"307 Garrett Drive","name":""},
  {"lat":33.46128,"lon":-112.357513,"city":"Goodyear","state":"AZ","address":"1313 North Litchfield Road","name":""},
  {"lat":48.19936,"lon":-114.315826,"city":"Kalispell","state":"MT","address":"20 N. Main Street","name":""},
  {"lat":34.15457,"lon":-119.19619,"city":"Port Hueneme","state":"CA","address":"340 E. Pleasant Valley Road","name":""},
  {"lat":37.9106,"lon":-122.315987,"city":"Richmond","state":"CA","address":"1598 Carlson Blvd","name":""},
  {"lat":36.58987,"lon":-121.896873,"city":"Monterey","state":"CA","address":"1150 Munras Avenue","name":""},
  {"lat":26.12593,"lon":-97.6381,"city":"San Benito","state":"TX","address":"175 West Expressway 83","name":""},
  {"lat":35.19867,"lon":-111.620506,"city":"Flagstaff","state":"AZ","address":"1990 East Route 66","name":""},
  {"lat":34.19076,"lon":-90.57263,"city":"Clarksdale","state":"MS","address":"350 South State Street","name":""},
  {"lat":33.5895,"lon":-88.65793,"city":"West Point","state":"MS","address":"5714 Highway 45 Alt. South","name":""},
  {"lat":43.091,"lon":-76.08456,"city":"East Syracuse","state":"NY","address":"6608 Old Collamer Road","name":""},
  {"lat":40.84138,"lon":-84.9385,"city":"Decatur","state":"IN","address":"1033 North 13th Street","name":""},
  {"lat":34.31785,"lon":-88.79216,"city":"Tupelo","state":"MS","address":"4701 Leeb Drive","name":""},
  {"lat":47.6847,"lon":-114.125122,"city":"Polson","state":"MT","address":"209 Ridgewater Dr","name":""},
  {"lat":40.84834,"lon":-115.746323,"city":"Elko","state":"NV","address":"2050 Idaho Street","name":""},
  {"lat":43.14784,"lon":-93.35749,"city":"Clear Lake","state":"IA","address":"1306 North 25th Street","name":""},
  {"lat":44.74854,"lon":-96.68157,"city":"Clear Lake","state":"SD","address":"920 3rd Ave S","name":""},
  {"lat":35.46819,"lon":-84.6515,"city":"Athens","state":"TN","address":"2808 Decatur Pike","name":""},
  {"lat":40.57961,"lon":-104.998207,"city":"Fort Collins","state":"CO","address":"4333 East Mulberry Street","name":""},
  {"lat":29.69462,"lon":-96.90378,"city":"Schulenburg","state":"TX","address":"205 West IH-10 Frontage Road","name":""},
  {"lat":33.41887,"lon":-82.07497,"city":"Augusta","state":"GA","address":"3320 Deans Bridge Road","name":""},
  {"lat":34.59613,"lon":-120.1377,"city":"Solvang","state":"CA","address":"1711 Mission Drive","name":""},
  {"lat":33.95677,"lon":-80.39474,"city":"Sumter","state":"SC","address":"2430 Broad Street","name":""},
  {"lat":42.2615,"lon":-85.20176,"city":"Battle Creek","state":"MI","address":"4775 Beckley Road","name":""},
  {"lat":38.5585,"lon":-92.19406,"city":"Jefferson City","state":"MO","address":"1624 Jefferson Street","name":""},
  {"lat":29.80182,"lon":-82.51734,"city":"Alachua","state":"FL","address":"16100 NW US Highway 441","name":""},
  {"lat":33.57176,"lon":-96.19584,"city":"Bonham","state":"TX","address":"1515 Old Ector Road","name":""},
  {"lat":34.86826,"lon":-83.40213,"city":"Clayton","state":"GA","address":"698 Highway 441 South","name":""},
  {"lat":35.25144,"lon":-112.184547,"city":"Williams","state":"AZ","address":"302 East Route 66","name":""},
  {"lat":33.80356,"lon":-117.91317,"city":"Anaheim","state":"CA","address":"425 West Katella Avenue","name":""},
  {"lat":35.6708,"lon":-88.83561,"city":"Jackson","state":"TN","address":"220 Vann Drive","name":""},
  {"lat":40.54358,"lon":-84.4039,"city":"St. Marys","state":"OH","address":"1321 Celina Road","name":""},
  {"lat":40.58084,"lon":-122.358192,"city":"Redding","state":"CA","address":"1830 Hilltop Drive","name":""},
  {"lat":33.92752,"lon":-116.97406,"city":"Beaumont","state":"CA","address":"625 East Fifth Street","name":""},
  {"lat":32.35016,"lon":-88.70839,"city":"Meridian","state":"MS","address":"2915 St. Paul Street","name":""},
  {"lat":45.33152,"lon":-93.69404,"city":"Big Lake","state":"MN","address":"16776 - 198th Avenue","name":""},
  {"lat":33.82873,"lon":-84.25134,"city":"Tucker","state":"GA","address":"1600 Crescent Centre Boulevard","name":""},
  {"lat":32.01934,"lon":-97.09715,"city":"Hillsboro","state":"TX","address":"307 I-35 HWY NW","name":""},
  {"lat":46.24983,"lon":-119.114761,"city":"Pasco","state":"WA","address":"2525 N. 20th Ave","name":""},
  {"lat":34.11528,"lon":-117.90847,"city":"Azusa","state":"CA","address":"433 S. Azusa Avenue","name":""},
  {"lat":37.68328,"lon":-113.07795,"city":"Cedar City","state":"UT","address":"333 N 1100 West","name":""},
  {"lat":30.18021,"lon":-82.69517,"city":"Lake City","state":"FL","address":"3835 W US Hwy 90","name":""},
  {"lat":45.56226,"lon":-94.13358,"city":"St. Cloud","state":"MN","address":"520 Highway 10 South","name":""},
  {"lat":30.52768,"lon":-96.70757,"city":"Caldwell","state":"TX","address":"1108 West Highway 21","name":""},
  {"lat":43.8391,"lon":-101.524673,"city":"Kadoka","state":"SD","address":"401 South Dakota Highway","name":""},
  {"lat":34.14613,"lon":-118.070007,"city":"Pasadena","state":"CA","address":"3800 East Colorado Boulevard","name":""},
  {"lat":35.26161,"lon":-77.66204,"city":"Kinston","state":"NC","address":"4774 Highway 70 West","name":""},
  {"lat":33.53681,"lon":-101.839569,"city":"Lubbock","state":"TX","address":"150 Slaton Road","name":""},
  {"lat":35.70393,"lon":-77.92334,"city":"Wilson","state":"NC","address":"1815 US Highway 301 South","name":""},
  {"lat":48.07473,"lon":-123.0843,"city":"Sequim","state":"WA","address":"1095 E Washington Street","name":""},
  {"lat":46.87566,"lon":-114.003632,"city":"Missoula","state":"MT","address":"700 W. Broadway Street","name":""},
  {"lat":36.32851,"lon":-119.632423,"city":"Hanford","state":"CA","address":"918 East Lacey Boulevard","name":""},
  {"lat":43.12206,"lon":-94.69945,"city":"Emmetsburg","state":"IA","address":"3635 450th Avenue","name":""},
  {"lat":41.30705,"lon":-105.615479,"city":"Laramie","state":"WY","address":"523 South Adams Street","name":""},
  {"lat":29.94414,"lon":-95.46561,"city":"Houston","state":"TX","address":"11225 Veterans Memorial Drive","name":""},
  {"lat":42.52633,"lon":-83.03087,"city":"Warren","state":"MI","address":"7500 Miller Road","name":""},
  {"lat":30.38908,"lon":-87.68281,"city":"Foley","state":"AL","address":"1517 South McKenzie Street","name":""},
  {"lat":29.72339,"lon":-95.64485,"city":"Houston","state":"TX","address":"3302 Highway 6 South","name":""},
  {"lat":29.82597,"lon":-94.89841,"city":"Mont Belvieu","state":"TX","address":"9111 North Highway 146","name":""},
  {"lat":34.06773,"lon":-117.208,"city":"Redlands","state":"CA","address":"1151 Arizona Street","name":""},
  {"lat":46.97009,"lon":-120.538,"city":"Ellensburg","state":"WA","address":"1700 S Canyon Rd","name":""},
  {"lat":29.76565,"lon":-94.97807,"city":"Baytown","state":"TX","address":"3921 Garth Road","name":""},
  {"lat":40.01722,"lon":-82.45043,"city":"Heath","state":"OH","address":"1266 Hebron Road","name":""},
  {"lat":32.80989,"lon":-98.05129,"city":"Mineral Wells","state":"TX","address":"6801 U.S. Highway 180 E","name":""},
  {"lat":32.50866,"lon":-92.15833,"city":"West Monroe","state":"LA","address":"310 Thomas Road","name":""},
  {"lat":39.31459,"lon":-76.54013,"city":"Baltimore","state":"MD","address":"6510 Frankford Avenue","name":""},
  {"lat":32.77083,"lon":-115.553772,"city":"El Centro","state":"CA","address":"455 Wake Avenue","name":""},
  {"lat":30.08863,"lon":-95.65296,"city":"Tomball","state":"TX","address":"22420 Park Road","name":""},
  {"lat":45.83923,"lon":-119.699608,"city":"Boardman","state":"OR","address":"200 Front Street Northeast","name":""},
  {"lat":44.02676,"lon":-116.943077,"city":"Ontario","state":"OR","address":"266 Goodfellow St","name":""},
  {"lat":36.58243,"lon":-121.901413,"city":"Monterey","state":"CA","address":"1425 Munras Avenue","name":""},
  {"lat":30.36399,"lon":-103.639748,"city":"Alpine","state":"TX","address":"2010 East Highway 90","name":""},
  {"lat":33.40061,"lon":-91.01335,"city":"Greenville","state":"MS","address":"2700 Highway 82 East","name":""},
  {"lat":40.50505,"lon":-80.22308,"city":"Coraopolis","state":"PA","address":"8858 University Boulevard","name":""},
  {"lat":30.32037,"lon":-97.70951,"city":"Austin","state":"TX","address":"909 East Koenig Lane","name":""},
  {"lat":35.82671,"lon":-78.58682,"city":"Raleigh","state":"NC","address":"3401 Capital Boulevard","name":""},
  {"lat":34.1828,"lon":-80.21143,"city":"Bishopville","state":"SC","address":"27 Charlenes Lane","name":""},
  {"lat":40.54749,"lon":-84.55011,"city":"Celina","state":"OH","address":"1421 State Route 703","name":""},
  {"lat":33.71453,"lon":-84.2717,"city":"Decatur","state":"GA","address":"2574 Candler Road","name":""},
  {"lat":32.0029,"lon":-81.28001,"city":"Savannah","state":"GA","address":"4005 Ogeechee Road","name":""},
  {"lat":47.15678,"lon":-122.493431,"city":"Lakewood","state":"WA","address":"4215 Sharondale Street SW","name":""},
  {"lat":32.77683,"lon":-111.617149,"city":"Eloy","state":"AZ","address":"3945 West Houser Road","name":""},
  {"lat":33.04073,"lon":-89.57766,"city":"Kosciusko","state":"MS","address":"1000 Veterans Memorial Drive","name":""},
  {"lat":30.85301,"lon":-89.15454,"city":"Wiggins","state":"MS","address":"535 Frontage Drive East","name":""},
  {"lat":28.99039,"lon":-96.6439,"city":"Edna","state":"TX","address":"1006 E Houston Hwy","name":""},
  {"lat":34.6207,"lon":-92.50071,"city":"Bryant","state":"AR","address":"407 West Commerce Street","name":""},
  {"lat":37.31576,"lon":-121.873688,"city":"San Jose","state":"CA","address":"1415 Monterey Road","name":""},
  {"lat":34.00797,"lon":-118.308731,"city":"Los Angeles","state":"CA","address":"4122 South Western Avenue","name":""},
  {"lat":46.30409,"lon":-85.48781,"city":"Newberry","state":"MI","address":"12956 State Route M-28","name":""},
  {"lat":29.69602,"lon":-98.08891,"city":"New Braunfels","state":"TX","address":"808 South State Highway 46","name":""},
  {"lat":34.09826,"lon":-118.304779,"city":"Hollywood","state":"CA","address":"5265 West Sunset Boulevard","name":""},
  {"lat":38.11645,"lon":-122.566757,"city":"Novato","state":"CA","address":"7600 Redwood Boulevard","name":""},
  {"lat":28.07767,"lon":-80.69981,"city":"Melbourne","state":"FL","address":"4431 West New Haven Avenue","name":""},
  {"lat":39.33895,"lon":-82.95054,"city":"Chillicothe","state":"OH","address":"1135 East Main Street","name":""},
  {"lat":30.49321,"lon":-99.77761,"city":"Junction","state":"TX","address":"1908 Main Street","name":""},
  {"lat":39.1354,"lon":-123.193031,"city":"Ukiah","state":"CA","address":"601 Talmage Road","name":""},
  {"lat":32.4835,"lon":-97.00857,"city":"Midlothian","state":"TX","address":"220 N. Highway 67","name":""},
  {"lat":38.01198,"lon":-121.825378,"city":"Antioch","state":"CA","address":"1500 West 10th Street","name":""},
  {"lat":35.3549,"lon":-118.912514,"city":"Bakersfield","state":"CA","address":"8230 East Brundage Lane","name":""},
  {"lat":29.82313,"lon":-81.2716,"city":"St. Augustine","state":"FL","address":"3955 A1A S","name":""},
  {"lat":40.85846,"lon":-96.64369,"city":"Lincoln","state":"NE","address":"5600 Cornhusker Highway","name":""},
  {"lat":42.249,"lon":-83.34837,"city":"Romulus","state":"MI","address":"7600 Merriman Road","name":""},
  {"lat":30.10736,"lon":-96.04565,"city":"Hempstead","state":"TX","address":"2145 FM 1488 Road/Highway 290","name":""},
  {"lat":46.01167,"lon":-92.93481,"city":"Hinckley","state":"MN","address":"325 Fire Monument Road","name":""},
  {"lat":38.77064,"lon":-90.49648,"city":"St. Charles","state":"MO","address":"1310 Bass Pro Drive","name":""},
  {"lat":34.10613,"lon":-117.299988,"city":"San Bernardino","state":"CA","address":"395 North H Street","name":""},
  {"lat":38.36461,"lon":-121.965881,"city":"Vacaville","state":"CA","address":"1571 East Monte Vista Avenue","name":""},
  {"lat":42.38445,"lon":-83.32536,"city":"Livonia","state":"MI","address":"28512 Schoolcraft Rd","name":""},
  {"lat":37.83693,"lon":-94.32588,"city":"Nevada","state":"MO","address":"2345 East Marvel Road","name":""},
  {"lat":44.0531,"lon":-123.110123,"city":"Eugene","state":"OR","address":"1140 West 6th Avenue","name":""},
  {"lat":27.54737,"lon":-99.50504,"city":"Laredo","state":"TX","address":"5240 San Bernardo Ave","name":""},
  {"lat":43.5884,"lon":-70.34883,"city":"Scarborough","state":"ME","address":"321 US-1","name":""},
  {"lat":40.83937,"lon":-97.59878,"city":"York","state":"NE","address":"2426 S Lincoln Ave","name":""},
  {"lat":37.40332,"lon":-77.42426,"city":"Richmond","state":"VA","address":"2126 Willis Road","name":""},
  {"lat":33.80561,"lon":-84.56898,"city":"Mableton","state":"GA","address":"6089 Mableton Parkway","name":""},
  {"lat":36.40857,"lon":-78.97493,"city":"Roxboro","state":"NC","address":"1006 North Madison Boulevard","name":""},
  {"lat":45.51966,"lon":-123.08976,"city":"Forest Grove","state":"OR","address":"3306 Pacific Avenue","name":""},
  {"lat":45.32928,"lon":-118.074707,"city":"La Grande","state":"OR","address":"2410 East R Avenue","name":""},
  {"lat":33.19406,"lon":-80.6,"city":"St. George","state":"SC","address":"125 Motel Drive","name":""},
  {"lat":29.17928,"lon":-95.4335,"city":"Angleton","state":"TX","address":"1235 North Velasco Highway","name":""},
  {"lat":40.05631,"lon":-76.33097,"city":"Lancaster","state":"PA","address":"1320 Harrisburg Pike","name":""},
  {"lat":37.42356,"lon":-121.9056,"city":"Milpitas","state":"CA","address":"485 S. Main Street","name":""},
  {"lat":43.4806,"lon":-70.48507,"city":"Biddeford","state":"ME","address":"2 Pomerleau Street","name":""},
  {"lat":37.89989,"lon":-88.95118,"city":"West Frankfort","state":"IL","address":"1001 Factory Outlet Blvd","name":""},
  {"lat":34.85575,"lon":-89.68425,"city":"Byhalia","state":"MS","address":"137 Two Stakes Rd","name":""},
  {"lat":41.78905,"lon":-80.8544,"city":"Austinburg","state":"OH","address":"2352 OH-45 North","name":""},
  {"lat":47.60899,"lon":-122.189789,"city":"Bellevue","state":"WA","address":"11211 Main Street","name":""},
  {"lat":33.66608,"lon":-84.02878,"city":"Conyers","state":"GA","address":"1297 Dogwood Drive SW","name":""},
  {"lat":37.95364,"lon":-120.4225,"city":"Jamestown","state":"CA","address":"18239 Main Street","name":""},
  {"lat":34.10624,"lon":-117.378,"city":"Rialto","state":"CA","address":"425 West Foothill Boulevard","name":""},
  {"lat":29.92568,"lon":-95.41376,"city":"Houston","state":"TX","address":"11011 North Freeway","name":""},
  {"lat":34.55712,"lon":-82.6865,"city":"Anderson","state":"SC","address":"4020 Clemson Boulevard","name":""},
  {"lat":35.73452,"lon":-84.39915,"city":"Loudon","state":"TN","address":"15100 Hwy 72","name":""},
  {"lat":40.38342,"lon":-104.69043,"city":"Evans","state":"CO","address":"800 31st Street","name":""},
  {"lat":37.40798,"lon":-122.121979,"city":"Palo Alto","state":"CA","address":"4234 El Camino Real","name":""},
  {"lat":40.07358,"lon":-80.86271,"city":"St. Clairsville","state":"OH","address":"51260 National Road East","name":""},
  {"lat":29.79502,"lon":-95.37116,"city":"Houston","state":"TX","address":"2536 North Freeway","name":""},
  {"lat":29.98174,"lon":-95.28197,"city":"Humble","state":"TX","address":"18031 McKay Drive","name":""},
  {"lat":35.55773,"lon":-87.18875,"city":"Mount Pleasant","state":"TN","address":"201 Stonebrook Drive","name":""},
  {"lat":30.71039,"lon":-101.205963,"city":"Ozona","state":"TX","address":"820 11th Street","name":""},
  {"lat":39.14278,"lon":-119.766991,"city":"Carson City","state":"NV","address":"2731 South Carson Street","name":""},
  {"lat":36.20971,"lon":-86.77778,"city":"Nashville","state":"TN","address":"2403 Brick Church Pike","name":""},
  {"lat":42.2569,"lon":-121.799187,"city":"Klamath Falls","state":"OR","address":"3939 US 97","name":""},
  {"lat":32.74703,"lon":-117.209877,"city":"San Diego","state":"CA","address":"3202 Rosecrans Street","name":""},
  {"lat":30.06106,"lon":-95.90981,"city":"Waller","state":"TX","address":"19777 Stokes Road","name":""},
  {"lat":30.7047,"lon":-94.95485,"city":"Livingston","state":"TX","address":"335 Hwy 59 Loop South","name":""}]}