{"key":"spark_by_hilton","displayName":"Spark by Hilton","category":"hotels","useLocationName":false,"locations":[
  {"lat":35.3675,"lon":-119.039,"city":"Bakersfield","state":"CA","address":"1017 Oak Street","name":""},
  {"lat":37.64517,"lon":-121.01378,"city":"Modesto","state":"CA","address":"500 Kansas Ave","name":""},
  {"lat":37.378595,"lon":-121.938791,"city":"San Jose","state":"CA","address":"2585 Seaboard Ave","name":""},
  {"lat":37.112295,"lon":-121.015144,"city":"Santa Nella","state":"CA","address":"28976 Plaza Drive","name":""},
  {"lat":39.15707,"lon":-122.14183,"city":"Williams","state":"CA","address":"374 Ruggieri Way","name":""},
  {"lat":34.065578,"lon":-117.209329,"city":"Redlands","state":"CA","address":"1650 Industrial Park Avenue","name":""},
  {"lat":34.11998,"lon":-116.430519,"city":"Yucca Valley","state":"CA","address":"56525 29 Palms Hwy","name":""},
  {"lat":36.065647,"lon":-115.162947,"city":"Las Vegas","state":"NV","address":"6840 Gilespie Street","name":""},
  {"lat":37.661003,"lon":-113.08199,"city":"Cedar City","state":"UT","address":"1145 S. Bentley Boulevard","name":""},
  {"lat":44.081792,"lon":-123.040917,"city":"Springfield","state":"OR","address":"3315 Gateway St","name":""},
  {"lat":33.572044,"lon":-111.713851,"city":"Fountain Hills","state":"AZ","address":"17105 E Shea Blvd","name":""},
  {"lat":33.63826,"lon":-112.17896,"city":"Glendale","state":"AZ","address":"5511 W Bell Road","name":""},
  {"lat":33.334849,"lon":-111.687786,"city":"Mesa","state":"AZ","address":"4470 S Power Rd","name":""},
  {"lat":33.410233,"lon":-111.969223,"city":"Tempe","state":"AZ","address":"1625 South 52nd Street","name":""},
  {"lat":32.1264,"lon":-110.9332,"city":"Tucson","state":"AZ","address":"6935 S Tucson Blvd","name":""},
  {"lat":32.223844,"lon":-110.908475,"city":"Tucson","state":"AZ","address":"102 N. Alvernon Way","name":""},
  {"lat":32.8438,"lon":-104.3984,"city":"Artesia","state":"NM","address":"203 North 2nd St","name":""},
  {"lat":31.816,"lon":-106.552,"city":"El Paso","state":"TX","address":"953 Sunland Park Dr","name":""},
  {"lat":30.894,"lon":-102.919,"city":"Fort Stockton","state":"TX","address":"3401 W. Dickinson Blvd","name":""},
  {"lat":31.975,"lon":-102.067,"city":"Midland","state":"TX","address":"309 E Interstate 20","name":""},
  {"lat":31.409,"lon":-103.486,"city":"Pecos","state":"TX","address":"1900 S Cedar Rd","name":""},
  {"lat":27.709,"lon":-97.378,"city":"Corpus Christi","state":"TX","address":"5209 Blanche Moore Dr","name":""},
  {"lat":29.515,"lon":-98.462,"city":"San Antonio","state":"TX","address":"8640 Crownhill Blvd","name":""},
  {"lat":29.674382,"lon":-98.63385,"city":"San Antonio","state":"TX","address":"25042 IH -10 W","name":""},
  {"lat":29.441,"lon":-98.659,"city":"San Antonio","state":"TX","address":"8731 TX-151","name":""},
  {"lat":29.589541,"lon":-98.621364,"city":"San Antonio","state":"TX","address":"6755 N Loop 1604 W","name":""},
  {"lat":30.511,"lon":-97.688,"city":"Round Rock","state":"TX","address":"609 Chisholm Trail Road","name":""},
  {"lat":29.583,"lon":-98.309,"city":"Selma","state":"TX","address":"15771 I-35 N","name":""},
  {"lat":28.862,"lon":-96.996,"city":"Victoria","state":"TX","address":"6203 Dairy Rd","name":""},
  {"lat":31.095,"lon":-97.736,"city":"Killeen","state":"TX","address":"700 East Central Texas Expressway","name":""},
  {"lat":32.784,"lon":-97.058,"city":"Grand Prairie","state":"TX","address":"2050 N Highway 360","name":""},
  {"lat":32.925,"lon":-97.076,"city":"Grapevine","state":"TX","address":"301 Capitol St","name":""},
  {"lat":32.811129,"lon":-96.854701,"city":"Dallas","state":"TX","address":"2979 N. Stemmons Fwy","name":""},
  {"lat":32.851961,"lon":-96.570559,"city":"Garland","state":"TX","address":"5356 Roan Road","name":""},
  {"lat":32.969,"lon":-96.722,"city":"Richardson","state":"TX","address":"1577 Gateway Blvd","name":""},
  {"lat":32.704,"lon":-96.277,"city":"Terrell","state":"TX","address":"1614 Hwy 34 South","name":""},
  {"lat":29.266,"lon":-94.829,"city":"Galveston","state":"TX","address":"6302 Seawall Blvd","name":""},
  {"lat":29.94384,"lon":-95.33223,"city":"Houston","state":"TX","address":"15615 John F Kennedy Boulevard","name":""},
  {"lat":29.651,"lon":-95.255,"city":"Houston","state":"TX","address":"9120 Airport Blvd","name":""},
  {"lat":29.731,"lon":-95.491,"city":"Houston","state":"TX","address":"6221 Richmond Ave","name":""},
  {"lat":29.833,"lon":-95.559,"city":"Houston","state":"TX","address":"4424 Westway Park Blvd","name":""},
  {"lat":29.571,"lon":-95.567,"city":"Missouri City","state":"TX","address":"5719 Hwy 6","name":""},
  {"lat":29.558804,"lon":-95.374494,"city":"Pearland","state":"TX","address":"2806 Miller Ranch Road","name":""},
  {"lat":29.633,"lon":-95.585,"city":"Stafford","state":"TX","address":"4820 Techniplex Dr","name":""},
  {"lat":30.469765,"lon":-90.457298,"city":"Hammond","state":"LA","address":"42126 Veterans Ave.","name":""},
  {"lat":30.20375,"lon":-92.01319,"city":"Lafayette","state":"LA","address":"1015 W Pinhook Rd","name":""},
  {"lat":30.51232,"lon":-92.06887,"city":"Opelousas","state":"LA","address":"5454 I-49 North Service Rd","name":""},
  {"lat":30.243926,"lon":-92.065584,"city":"Scott","state":"LA","address":"2144 West Willow Street","name":""},
  {"lat":32.5402,"lon":-94.7344,"city":"Longview","state":"TX","address":"3211 Hotel Way","name":""},
  {"lat":32.037376,"lon":-93.694418,"city":"Mansfield","state":"LA","address":"1228 Polk Street","name":""},
  {"lat":31.57,"lon":-94.675,"city":"Nacogdoches","state":"TX","address":"3909 South St","name":""},
  {"lat":32.275771,"lon":-90.035392,"city":"Brandon","state":"MS","address":"215 Dande Road","name":""},
  {"lat":32.379907,"lon":-90.149023,"city":"Jackson","state":"MS","address":"465 Briarwood Dr","name":""},
  {"lat":35.1333,"lon":-106.60688,"city":"Albuquerque","state":"NM","address":"4630 Pan American FWY NE","name":""},
  {"lat":35.195,"lon":-101.811,"city":"Amarillo","state":"TX","address":"2301 I-40 East","name":""},
  {"lat":35.186658,"lon":-101.91578,"city":"Amarillo","state":"TX","address":"6901 W Interstate 40","name":""},
  {"lat":35.189,"lon":-101.88,"city":"Amarillo","state":"TX","address":"12 Western Plaza Drive","name":""},
  {"lat":38.935697,"lon":-104.814398,"city":"Colorado Springs","state":"CO","address":"7245 Commerce Center Drive","name":""},
  {"lat":35.847475,"lon":-101.974084,"city":"Dumas","state":"TX","address":"1610 S Dumas Ave","name":""},
  {"lat":41.579457,"lon":-109.259929,"city":"Rock Springs","state":"WY","address":"2717 Dewar Dr","name":""},
  {"lat":40.773319,"lon":-112.021194,"city":"Salt Lake City","state":"UT","address":"230 North Admiral Byrd Road","name":""},
  {"lat":40.726619,"lon":-111.938943,"city":"Salt Lake City","state":"UT","address":"2055 South Redwood Road","name":""},
  {"lat":44.772686,"lon":-106.934778,"city":"Sheridan","state":"WY","address":"1450 E Brundage","name":""},
  {"lat":39.77571,"lon":-104.846287,"city":"Denver","state":"CO","address":"4380 Peoria Street","name":""},
  {"lat":39.824075,"lon":-104.770135,"city":"Denver","state":"CO","address":"7020 Tower Rd","name":""},
  {"lat":39.596576,"lon":-104.882044,"city":"Greenwood Village","state":"CO","address":"9231 E. Arapahoe Rd","name":""},
  {"lat":39.649705,"lon":-105.078528,"city":"Lakewood","state":"CO","address":"7240 W Jefferson","name":""},
  {"lat":39.543028,"lon":-104.770312,"city":"Parker","state":"CO","address":"6230 E Pine Ln","name":""},
  {"lat":33.876809,"lon":-98.557627,"city":"Wichita Falls","state":"TX","address":"4500 Kell West Blvd","name":""},
  {"lat":36.162,"lon":-95.767,"city":"Catoosa","state":"OK","address":"18725 E Admiral Place","name":""},
  {"lat":35.385939,"lon":-96.910193,"city":"Shawnee","state":"OK","address":"5400 Enterprise Ct","name":""},
  {"lat":36.125,"lon":-97.053,"city":"Stillwater","state":"OK","address":"423 E Hall of Fame Ave","name":""},
  {"lat":37.680348,"lon":-97.240056,"city":"Witchita","state":"KS","address":"8220 E Kellogg Dr","name":""},
  {"lat":36.336,"lon":-94.207,"city":"Bentonville","state":"AR","address":"215 SE Walton Blvd","name":""},
  {"lat":35.76801,"lon":-95.40027,"city":"Muskogee","state":"OK","address":"3133 Azalea Park Dr","name":""},
  {"lat":34.726,"lon":-92.398,"city":"Little Rock","state":"AR","address":"9 Crossings Court","name":""},
  {"lat":34.789,"lon":-92.219,"city":"North Little Rock","state":"AR","address":"4306 East McCain Blvd","name":""},
  {"lat":36.667033,"lon":-93.252632,"city":"Branson","state":"MO","address":"263 Shepherd of the Hills Expy","name":""},
  {"lat":39.023088,"lon":-94.200005,"city":"Grain Valley","state":"MO","address":"210 NW Jefferson St","name":""},
  {"lat":39.049409,"lon":-94.585971,"city":"Kansa City","state":"MO","address":"4309 Main St","name":""},
  {"lat":39.256317,"lon":-94.901565,"city":"Lansing","state":"KS","address":"120 Express Drive","name":""},
  {"lat":38.53796,"lon":-90.49836,"city":"St. Louis","state":"MO","address":"9 Lambert Drury Drive","name":""},
  {"lat":37.825946,"lon":-92.146171,"city":"St. Robert","state":"MO","address":"129 Saint Robert Blvd","name":""},
  {"lat":41.999311,"lon":-93.641101,"city":"Ames","state":"IA","address":"2609 University Blvd","name":""},
  {"lat":41.558159,"lon":-90.520802,"city":"Bettendorf","state":"IA","address":"895 Golden Valley Drive","name":""},
  {"lat":41.4664,"lon":-90.498099,"city":"Moline","state":"IL","address":"2705 48th Ave","name":""},
  {"lat":44.8585,"lon":-93.4244,"city":"Eden Prairie","state":"MN","address":"11500 W 78th St","name":""},
  {"lat":42.485586,"lon":-92.447103,"city":"Cedar Falls","state":"IA","address":"5818 Nordic Drive","name":""},
  {"lat":43.871796,"lon":-91.191721,"city":"Onalaska","state":"WI","address":"9409 State Rd 16","name":""},
  {"lat":43.962294,"lon":-92.45719,"city":"Rochester","state":"MN","address":"4165 Maine Ave SE","name":""},
  {"lat":47.400741,"lon":-122.227475,"city":"Kent","state":"WA","address":"22420 84th Ave S","name":""},
  {"lat":47.439875,"lon":-122.295069,"city":"Seattle","state":"WA","address":"18220 International Blvd","name":""},
  {"lat":46.979673,"lon":-122.924027,"city":"Tumwater","state":"WA","address":"1600 74th Ave SW","name":""},
  {"lat":47.125614,"lon":-104.694971,"city":"Glendive","state":"MT","address":"201 California Street","name":""},
  {"lat":48.21241,"lon":-101.277411,"city":"Minot","state":"ND","address":"929 20th Ave SE","name":""},
  {"lat":26.548806,"lon":-81.806412,"city":"Fort Myers","state":"FL","address":"8955 Daniels Parkway","name":""},
  {"lat":27.258605,"lon":-82.522343,"city":"Sarasota","state":"FL","address":"6600 S. Tamiami Trail","name":""},
  {"lat":27.945425,"lon":-82.333782,"city":"Tampa","state":"FL","address":"10110 Horace Avenue","name":""},
  {"lat":25.809418,"lon":-80.368753,"city":"Doral","state":"FL","address":"3805 NW 107th Ave","name":""},
  {"lat":30.457132,"lon":-88.844929,"city":"Biloxi","state":"MS","address":"7921 Lamar Poole Rd","name":""},
  {"lat":30.389977,"lon":-86.431122,"city":"Destin","state":"FL","address":"4415 Commons Drive E","name":""},
  {"lat":30.180971,"lon":-85.80158,"city":"Panama City Beach","state":"FL","address":"10241 Clarence Street","name":""},
  {"lat":33.165608,"lon":-87.523217,"city":"Tuscaloosa","state":"AL","address":"4541 Jug Factory Ln","name":""},
  {"lat":33.626338,"lon":-84.451057,"city":"College Park","state":"GA","address":"1888 Sullivan Rd.","name":""},
  {"lat":31.214517,"lon":-85.358138,"city":"Dothan","state":"AL","address":"2227 East Main Street","name":""},
  {"lat":33.445055,"lon":-86.832647,"city":"Homewood","state":"AL","address":"485 Wildwood Cir N","name":""},
  {"lat":32.363334,"lon":-86.137832,"city":"Montgomery","state":"AL","address":"10150 Chantilly Parkway","name":""},
  {"lat":33.613907,"lon":-85.789336,"city":"Oxford","state":"AL","address":"88 Colonial Drive","name":""},
  {"lat":33.335668,"lon":-86.790029,"city":"Pelham","state":"AL","address":"2235 Pelham Parkway","name":""},
  {"lat":30.789998,"lon":-81.663445,"city":"Kingsland","state":"GA","address":"104 May Creek Drive","name":""},
  {"lat":28.419542,"lon":-81.464471,"city":"Orlando","state":"FL","address":"6301 Westwood Blvd","name":""},
  {"lat":28.486543,"lon":-81.456544,"city":"Orlando","state":"FL","address":"5635 Windhover Drive","name":""},
  {"lat":28.452665,"lon":-81.464387,"city":"Orlando","state":"FL","address":"7701 Universal Blvd","name":""},
  {"lat":29.287063,"lon":-81.036911,"city":"Ormond Beach","state":"FL","address":"205 S Atlantic Ave","name":""},
  {"lat":29.915803,"lon":-81.409881,"city":"St. Augustine","state":"FL","address":"2367 State Road 16","name":""},
  {"lat":29.90082,"lon":-81.315706,"city":"St. Augustine","state":"FL","address":"42 San Marco Avenue","name":""},
  {"lat":33.516354,"lon":-82.04064,"city":"Augusta","state":"GA","address":"1050 Claussen Road","name":""},
  {"lat":32.908647,"lon":-83.690369,"city":"Macon","state":"GA","address":"4035 Sheraton Dr","name":""},
  {"lat":31.450981,"lon":-83.532541,"city":"Tifton","state":"GA","address":"1199 Hwy. 82 W.","name":""},
  {"lat":32.270598,"lon":-80.861845,"city":"Bluffton","state":"SC","address":"23 Towne Dr.","name":""},
  {"lat":32.14152,"lon":-80.760575,"city":"Hilton Head Island","state":"SC","address":"11 Lemoyne Ave","name":""},
  {"lat":32.1888,"lon":-81.191547,"city":"Port Wentworth","state":"GA","address":"115 O'Leary Road","name":""},
  {"lat":32.140881,"lon":-81.233791,"city":"Savannah","state":"GA","address":"15 Jay R. Turner Dr.","name":""},
  {"lat":31.999831,"lon":-81.126444,"city":"Savannah","state":"GA","address":"8484 Abercorn St","name":""},
  {"lat":32.001596,"lon":-81.280714,"city":"Savannah","state":"GA","address":"387 Canebrake Rd.","name":""},
  {"lat":33.555096,"lon":-80.823647,"city":"Orangeburg","state":"SC","address":"731 Citadel Road","name":""},
  {"lat":33.0404,"lon":-80.15206,"city":"Summerville","state":"SC","address":"220 Holiday Drive","name":""},
  {"lat":34.285399,"lon":-88.670698,"city":"Tupelo","state":"MS","address":"186 Stone Creek Blvd","name":""},
  {"lat":34.715296,"lon":-87.708216,"city":"Tuscumbia","state":"AL","address":"712 Hwy 72 West","name":""},
  {"lat":34.5789,"lon":-87.0215,"city":"Decatur","state":"AL","address":"2041 Beltline Rd., SW","name":""},
  {"lat":33.899163,"lon":-84.473033,"city":"Atlanta","state":"GA","address":"4502 Circle 75 Pkwy","name":""},
  {"lat":34.470879,"lon":-84.920929,"city":"Calhoun","state":"GA","address":"125 Hampton Drive","name":""},
  {"lat":35.031469,"lon":-85.311626,"city":"Chattanooga","state":"TN","address":"100 W 21st St","name":""},
  {"lat":35.042706,"lon":-85.684819,"city":"Kimball","state":"TN","address":"205 Kimball Crossing Dr.","name":""},
  {"lat":35.844196,"lon":-86.428932,"city":"Murfreesboro","state":"TN","address":"175 Chaffin Place","name":""},
  {"lat":36.225225,"lon":-86.696318,"city":"Nashville","state":"TN","address":"2516 Music Valley Drive","name":""},
  {"lat":37.978429,"lon":-87.455493,"city":"Evansville","state":"IN","address":"8005 E Division St","name":""},
  {"lat":37.077758,"lon":-88.678432,"city":"Paducah","state":"KY","address":"3994 Hinkleville Road","name":""},
  {"lat":37.82612,"lon":-85.47376,"city":"Bardstown","state":"KY","address":"985 Chambers Blvd.","name":""},
  {"lat":39.302937,"lon":-84.525824,"city":"Cincinnati","state":"OH","address":"1234 Omniplex Dr","name":""},
  {"lat":38.402532,"lon":-85.371889,"city":"LaGrange","state":"KY","address":"1500 East Crystal Drive","name":""},
  {"lat":38.044147,"lon":-84.42134,"city":"Lexington","state":"KY","address":"2381 Buena Vista Rd","name":""},
  {"lat":38.198852,"lon":-85.732937,"city":"Louisville","state":"KY","address":"3330 Preston Highway","name":""},
  {"lat":37.987944,"lon":-85.705037,"city":"Shepherdsville","state":"KY","address":"130 Spring Pointe Drive","name":""},
  {"lat":38.91952,"lon":-84.627066,"city":"Walton","state":"KY","address":"164 Winning Colors Drive","name":""},
  {"lat":34.038257,"lon":-84.296881,"city":"Alpharetta","state":"GA","address":"3000 Mansell Rd","name":""},
  {"lat":34.258464,"lon":-83.464194,"city":"Commerce","state":"GA","address":"30539 HWY 441 SOUTH","name":""},
  {"lat":33.947455,"lon":-84.130918,"city":"Duluth","state":"GA","address":"3700 Shackleford Road","name":""},
  {"lat":36.011975,"lon":-83.971703,"city":"Knoxville","state":"TN","address":"5335 Central Avenue Pike","name":""},
  {"lat":35.977288,"lon":-83.605854,"city":"Kodak","state":"TN","address":"3402 Winfield Dunn Parkway","name":""},
  {"lat":34.937465,"lon":-80.969969,"city":"Rock Hill","state":"SC","address":"760 Galleria Blvd.","name":""},
  {"lat":33.960293,"lon":-80.394323,"city":"Sumter","state":"SC","address":"2491 Broad Street","name":""},
  {"lat":34.230175,"lon":-79.802824,"city":"Florence","state":"SC","address":"1739 Mandeville Rd","name":""},
  {"lat":35.24137,"lon":-80.920612,"city":"Charlotte","state":"NC","address":"3127 Sloan Drive","name":""},
  {"lat":35.165181,"lon":-80.893402,"city":"Charlotte","state":"NC","address":"6050 Tyvola Glen Circle","name":""},
  {"lat":35.449157,"lon":-80.608038,"city":"Kannapolis","state":"NC","address":"3033 Cloverleaf Pkwy","name":""},
  {"lat":36.179538,"lon":-80.277028,"city":"Winston-Salem","state":"NC","address":"200 Mercantile Dr.","name":""},
  {"lat":36.052181,"lon":-79.893322,"city":"Greensboro","state":"NC","address":"6007 Landmark Center Blvd.","name":""},
  {"lat":35.178731,"lon":-78.982012,"city":"Spring Lake","state":"NC","address":"103 Brook Lane","name":""},
  {"lat":36.695153,"lon":-82.009787,"city":"Abingdon","state":"VA","address":"170 Jonesboro Road","name":""},
  {"lat":37.792671,"lon":-81.214704,"city":"Beckley","state":"WV","address":"2014 Harper Rd","name":""},
  {"lat":37.392386,"lon":-79.904729,"city":"Daleville","state":"VA","address":"446 Roanoke Road","name":""},
  {"lat":38.429386,"lon":-78.873902,"city":"Harrisonburg","state":"VA","address":"1131 Forest Hill Road","name":""},
  {"lat":37.838455,"lon":-79.371965,"city":"Lexington","state":"VA","address":"2814 North Lee Highway","name":""},
  {"lat":37.364034,"lon":-79.170931,"city":"Lynchburg","state":"VA","address":"3620 Candlers Mountain Road","name":""},
  {"lat":37.311792,"lon":-79.974409,"city":"Roanoke","state":"VA","address":"3695 Thirlane Rd NW","name":""},
  {"lat":37.281866,"lon":-79.940563,"city":"Roanoke","state":"VA","address":"815 Gainsboro Road","name":""},
  {"lat":38.062047,"lon":-78.93603,"city":"Waynesboro","state":"VA","address":"15 Windigrove Drive","name":""},
  {"lat":36.947884,"lon":-81.056124,"city":"Wytheville","state":"VA","address":"2015 East Main Street","name":""},
  {"lat":36.962132,"lon":-81.096365,"city":"Wytheville","state":"VA","address":"315 Holston Road","name":""},
  {"lat":40.501432,"lon":-88.903638,"city":"Bloomington","state":"IL","address":"1413 Leslie Dr","name":""},
  {"lat":39.749258,"lon":-89.707932,"city":"Springfield","state":"IL","address":"3446 Freedom Dr","name":""},
  {"lat":41.772219,"lon":-87.742799,"city":"Bedford Park","state":"IL","address":"6650 S Cicero Ave","name":""},
  {"lat":42.009842,"lon":-87.870795,"city":"Des Plaines","state":"IL","address":"2175 E Touhy Ave","name":""},
  {"lat":41.503015,"lon":-87.740713,"city":"Matteson","state":"IL","address":"5210 Southwick Dr","name":""},
  {"lat":41.46826,"lon":-87.319362,"city":"Merrillville","state":"IN","address":"8293 Louisiana St","name":""},
  {"lat":41.589002,"lon":-87.722809,"city":"Oak Forest","state":"IL","address":"4375 Frontage Rd","name":""},
  {"lat":42.131541,"lon":-88.005892,"city":"Palatine","state":"IL","address":"1200 North Frontage Rd","name":""},
  {"lat":39.929194,"lon":-86.032028,"city":"Fishers","state":"IN","address":"9760 Crosspointe Blvd","name":""},
  {"lat":39.673295,"lon":-86.36714,"city":"Plainfield","state":"IN","address":"2251 Manchester Drive","name":""},
  {"lat":42.027735,"lon":-86.519636,"city":"Stevensville","state":"MI","address":"5050 Red Arrow HWY","name":""},
  {"lat":41.131288,"lon":-85.152822,"city":"Fort Wayne","state":"IN","address":"1005 W Washington Center Rd","name":""},
  {"lat":44.472517,"lon":-88.078442,"city":"Green Bay","state":"WI","address":"2840 Ramada Way","name":""},
  {"lat":43.042882,"lon":-89.378308,"city":"Madison","state":"WI","address":"102 E. Rusk Avenue","name":""},
  {"lat":44.718382,"lon":-85.650844,"city":"Traverse City","state":"MI","address":"3701 North Country Drive","name":""},
  {"lat":43.019994,"lon":-85.722508,"city":"Walker","state":"MI","address":"2151 Holton Ct NW","name":""},
  {"lat":39.777088,"lon":-84.054457,"city":"Fairborn","state":"OH","address":"2550 Paramount Place","name":""},
  {"lat":40.772264,"lon":-82.550188,"city":"Mansfield","state":"OH","address":"500 Trimble Rd","name":""},
  {"lat":40.285905,"lon":-81.569368,"city":"Newcomerstown","state":"OH","address":"200 Morris Crossing Ave","name":""},
  {"lat":41.579598,"lon":-83.684765,"city":"Maumee","state":"OH","address":"1390 Arrowhead Drive","name":""},
  {"lat":41.136627,"lon":-81.646123,"city":"Fairlawn","state":"OH","address":"4073 Medina Rd","name":""},
  {"lat":41.463495,"lon":-81.492843,"city":"Beachwood","state":"OH","address":"26300 Chagrin Blvd","name":""},
  {"lat":41.187366,"lon":-79.392419,"city":"Clarion","state":"PA","address":"151 Hotel Drive","name":""},
  {"lat":42.04607,"lon":-80.080291,"city":"Erie","state":"PA","address":"8033 Oliver Road","name":""},
  {"lat":40.225831,"lon":-80.21136,"city":"Washington","state":"PA","address":"245 Meadowlands Boulevard","name":""},
  {"lat":42.239242,"lon":-83.737858,"city":"Ann Arbor","state":"MI","address":"3501 S State St","name":""},
  {"lat":42.307598,"lon":-83.232072,"city":"Dearborn","state":"MI","address":"20061 Michigan Ave","name":""},
  {"lat":42.357245,"lon":-83.438717,"city":"Plymouth","state":"MI","address":"40455 Ann Arbor Rd","name":""},
  {"lat":42.738576,"lon":-78.846968,"city":"Hamburg","state":"NY","address":"5442 Camp Road","name":""},
  {"lat":35.507662,"lon":-78.323267,"city":"Smithfield","state":"NC","address":"145 South Equity Drive","name":""},
  {"lat":34.244532,"lon":-77.886323,"city":"Wilmington","state":"NC","address":"4721 Market Street","name":""},
  {"lat":34.136328,"lon":-77.895437,"city":"Wilmington","state":"NC","address":"5600 Carolina Beach Rd","name":""},
  {"lat":36.919516,"lon":-76.192257,"city":"Norfolk","state":"VA","address":"7940 Shore Drive","name":""},
  {"lat":36.836478,"lon":-75.971569,"city":"Virginia Beach","state":"VA","address":"705 Atlantic Avenue","name":""},
  {"lat":37.286958,"lon":-76.71605,"city":"Williamsburg","state":"VA","address":"201 Bypass Road","name":""},
  {"lat":38.23076,"lon":-77.50187,"city":"Fredericksburg","state":"VA","address":"5400 Southpoint Centre Blvd.","name":""},
  {"lat":38.977262,"lon":-77.426884,"city":"Sterling","state":"VA","address":"45515 Dulles Plaza","name":""},
  {"lat":39.165915,"lon":-78.166687,"city":"Winchester","state":"VA","address":"150 Wingate Drive","name":""},
  {"lat":38.302214,"lon":-76.521478,"city":"California","state":"MD","address":"44941 Worth Avenue","name":""},
  {"lat":39.186892,"lon":-77.252256,"city":"Germantown","state":"MD","address":"20260 Goldenrod Lane","name":""},
  {"lat":38.64008,"lon":-76.89841,"city":"Waldorf","state":"MD","address":"11770 Business Park Drive","name":""},
  {"lat":38.650979,"lon":-77.287963,"city":"Woodbridge","state":"VA","address":"2621 Prince William Parkway","name":""},
  {"lat":37.923751,"lon":-75.352741,"city":"Chincoteague","state":"VA","address":"7105 Maddox Blvd","name":""},
  {"lat":40.186555,"lon":-77.21213,"city":"Carlisle","state":"PA","address":"100 Alexander Spring Road","name":""},
  {"lat":39.961588,"lon":-77.577749,"city":"Chambersburg","state":"PA","address":"3301 Black Gap Road","name":""},
  {"lat":40.29998,"lon":-76.69093,"city":"Hershey","state":"PA","address":"181 Hershey Road","name":""},
  {"lat":40.270364,"lon":-76.681796,"city":"Hummelstown","state":"PA","address":"84 Sipe Avenue","name":""},
  {"lat":40.07953,"lon":-76.3368,"city":"Lancaster","state":"PA","address":"150 Granite Run Drive","name":""},
  {"lat":40.029437,"lon":-76.232114,"city":"Lancaster","state":"PA","address":"2110 Lincoln Hwy East","name":""},
  {"lat":40.195338,"lon":-76.978275,"city":"Mechanicsburg","state":"PA","address":"385 Cumberland Parkway","name":""},
  {"lat":42.09722,"lon":-75.99234,"city":"Vestal","state":"NY","address":"3401 Vestal Parkway E","name":""},
  {"lat":40.125631,"lon":-74.962066,"city":"Bensalem","state":"PA","address":"3499 Street Road","name":""},
  {"lat":40.05611,"lon":-75.657038,"city":"Exton","state":"PA","address":"700 W Uwchlan Ave","name":""},
  {"lat":40.60411,"lon":-74.26269,"city":"Rahway","state":"NJ","address":"1747 Paterson Street","name":""},
  {"lat":41.480714,"lon":-75.68867,"city":"Clarks Summit","state":"PA","address":"811 Northern Blvd","name":""},
  {"lat":41.261208,"lon":-75.817022,"city":"Wilkes Barre","state":"PA","address":"1185 PA-315","name":""},
  {"lat":41.52745,"lon":-73.89018,"city":"Fishkill","state":"NY","address":"20 Schuyler Boulevard","name":""},
  {"lat":43.153118,"lon":-78.698262,"city":"Lockport","state":"NY","address":"515 South Transit Street","name":""},
  {"lat":43.104278,"lon":-77.616851,"city":"Rochester","state":"NY","address":"797 East Henrietta Road","name":""},
  {"lat":42.388329,"lon":-73.829357,"city":"West Coxsackie","state":"NY","address":"12600 State Route 9W","name":""},
  {"lat":41.28716,"lon":-72.65768,"city":"Guilford","state":"CT","address":"300 Boston Post Road","name":""},
  {"lat":41.379405,"lon":-71.958056,"city":"Mystic","state":"CT","address":"55 Whitehall Avenue","name":""},
  {"lat":44.494803,"lon":-73.121214,"city":"Essex Junction","state":"VT","address":"98 Pearl Street","name":""},
  {"lat":42.283854,"lon":-71.660465,"city":"Northborough","state":"MA","address":"27 Belmont Street","name":""},
  {"lat":43.632559,"lon":-70.341174,"city":"South Portland","state":"ME","address":"461 MAINE MALL RD","name":""},
  {"lat":42.47896,"lon":-71.11528,"city":"Woburn","state":"MA","address":"14 Hill Street","name":""}]}