{"key":"springhill_suites","displayName":"SpringHill Suites","category":"hotels","useLocationName":false,"locations":[
  {"lat":61.189277,"lon":-149.883047,"city":"Anchorage","state":"AK","address":"3401 A Street","name":""},
  {"lat":61.187171,"lon":-149.805296,"city":"Anchorage","state":"AK","address":"4050 University Lake Drive","name":""},
  {"lat":64.843739,"lon":-147.720669,"city":"Fairbanks","state":"AK","address":"575 1st Avenue","name":""},
  {"lat":33.509236,"lon":-86.801698,"city":"Birmingham","state":"AL","address":"2024 4th Avenue South","name":""},
  {"lat":33.437008,"lon":-86.734451,"city":"Birmingham","state":"AL","address":"3950 Colonnade Parkway","name":""},
  {"lat":31.2711,"lon":-85.4477,"city":"Dothan","state":"AL","address":"4978 Montgomery Highway","name":""},
  {"lat":33.650947,"lon":-86.821003,"city":"Gardendale","state":"AL","address":"260 City Street","name":""},
  {"lat":34.75267,"lon":-86.69292,"city":"Huntsville","state":"AL","address":"320 Providence Main Street","name":""},
  {"lat":34.72615,"lon":-86.59306,"city":"Huntsville","state":"AL","address":"745 Constellation Place Drive SW","name":""},
  {"lat":32.459608,"lon":-86.384586,"city":"Millbrook","state":"AL","address":"100 Hospitality Lane","name":""},
  {"lat":30.681509,"lon":-88.130204,"city":"Mobile","state":"AL","address":"3655 Springhill Memorial Drive North","name":""},
  {"lat":32.380375,"lon":-86.310258,"city":"Montgomery","state":"AL","address":"152 Coosa Street","name":""},
  {"lat":30.292716,"lon":-87.631926,"city":"Orange Beach","state":"AL","address":"4673 Wharf Parkway West","name":""},
  {"lat":30.26483,"lon":-87.6108,"city":"Orange Beach","state":"AL","address":"24224 Ruby Lane","name":""},
  {"lat":33.170385,"lon":-87.546169,"city":"Tuscaloosa","state":"AL","address":"4020 Greensboro Avenue","name":""},
  {"lat":36.335165,"lon":-94.186075,"city":"Bentonville","state":"AR","address":"2304 SE Walton Boulevard","name":""},
  {"lat":34.755903,"lon":-92.38994,"city":"Little Rock","state":"AR","address":"306 Markham Center Drive","name":""},
  {"lat":33.47201,"lon":-112.27271,"city":"Avondale","state":"AZ","address":"9950 West Encanto Boulevard","name":""},
  {"lat":33.306441,"lon":-111.898081,"city":"Chandler","state":"AZ","address":"225 N. Metro Boulevard","name":""},
  {"lat":34.731487,"lon":-112.022909,"city":"Cottonwood","state":"AZ","address":"565 South 6th Street","name":""},
  {"lat":35.177612,"lon":-111.663109,"city":"Flagstaff","state":"AZ","address":"2455 S. Beulah Blvd.","name":""},
  {"lat":33.317413,"lon":-111.741944,"city":"Gilbert","state":"AZ","address":"1801 South San Tan Village Parkway","name":""},
  {"lat":33.63903,"lon":-112.228577,"city":"Glendale","state":"AZ","address":"7810 West Bell Road","name":""},
  {"lat":33.541804,"lon":-112.259728,"city":"Glendale","state":"AZ","address":"7370 N. Zanjero (Janjero) Boulevard","name":""},
  {"lat":33.46169,"lon":-112.376808,"city":"Goodyear","state":"AZ","address":"1370 North Bullard Avenue","name":""},
  {"lat":35.214772,"lon":-114.013267,"city":"Kingman","state":"AZ","address":"3101 East Andy Devine Avenue","name":""},
  {"lat":33.451336,"lon":-112.063255,"city":"Phoenix","state":"AZ","address":"802 East Van Buren Street","name":""},
  {"lat":33.571672,"lon":-112.116812,"city":"Phoenix","state":"AZ","address":"9425 N. Black Canyon Highway","name":""},
  {"lat":34.545396,"lon":-112.467124,"city":"Prescott","state":"AZ","address":"200 East Sheldon Street","name":""},
  {"lat":33.46496,"lon":-111.92652,"city":"Scottsdale","state":"AZ","address":"1500 North Scottsdale Road","name":""},
  {"lat":33.640844,"lon":-111.926647,"city":"Scottsdale","state":"AZ","address":"17020 N Scottsdale Rd","name":""},
  {"lat":33.636998,"lon":-112.369737,"city":"Surprise","state":"AZ","address":"14380 W. Elm Street","name":""},
  {"lat":33.377114,"lon":-111.962961,"city":"Tempe","state":"AZ","address":"5211 South Priest Drive","name":""},
  {"lat":33.430327,"lon":-111.964129,"city":"Tempe","state":"AZ","address":"1601 West Rio Salado Parkway","name":""},
  {"lat":32.848518,"lon":-109.749064,"city":"Thatcher","state":"AZ","address":"2855 West US Highway 70","name":""},
  {"lat":32.185071,"lon":-110.946865,"city":"Tucson","state":"AZ","address":"1705 E Tucson Marketplace Blvd","name":""},
  {"lat":32.695448,"lon":-114.603114,"city":"Yuma","state":"AZ","address":"1825 E. 18th Street","name":""},
  {"lat":33.817213,"lon":-117.928255,"city":"Anaheim","state":"CA","address":"1160 West Ball Road","name":""},
  {"lat":33.802921,"lon":-117.916207,"city":"Anaheim","state":"CA","address":"1801 South Harbor Boulevard","name":""},
  {"lat":34.141196,"lon":-118.025122,"city":"Arcadia","state":"CA","address":"99 N 2nd Avenue","name":""},
  {"lat":35.527427,"lon":-120.703106,"city":"Atascadero","state":"CA","address":"900 El Camino Real","name":""},
  {"lat":38.931078,"lon":-121.057497,"city":"Auburn","state":"CA","address":"13535 Bowman Road","name":""},
  {"lat":35.380499,"lon":-119.049132,"city":"Bakersfield","state":"CA","address":"3801 Marriott Drive","name":""},
  {"lat":37.520767,"lon":-122.262317,"city":"Belmont","state":"CA","address":"1401 Shoreway Road","name":""},
  {"lat":33.846577,"lon":-117.997803,"city":"Buena Park","state":"CA","address":"7762 Beach Boulevard","name":""},
  {"lat":34.177239,"lon":-118.30411,"city":"Burbank","state":"CA","address":"549 South San Fernando Boulevard","name":""},
  {"lat":33.156409,"lon":-117.350549,"city":"Carlsbad","state":"CA","address":"3136 Carlsbad Boulevard","name":""},
  {"lat":32.652861,"lon":-116.955807,"city":"Chula Vista","state":"CA","address":"870 District Place","name":""},
  {"lat":33.850267,"lon":-117.53607,"city":"Corona","state":"CA","address":"2025 Compton Ave","name":""},
  {"lat":33.934606,"lon":-118.122354,"city":"Downey","state":"CA","address":"9066 Firestone Boulevard","name":""},
  {"lat":33.115228,"lon":-117.096206,"city":"Escondido","state":"CA","address":"200 La Terraza Boulevard","name":""},
  {"lat":37.487393,"lon":-121.946913,"city":"Fremont","state":"CA","address":"46333 Fremont Boulevard","name":""},
  {"lat":36.836942,"lon":-119.778364,"city":"Fresno","state":"CA","address":"6844 North Fresno Street","name":""},
  {"lat":35.133396,"lon":-120.6182,"city":"Grover Beach","state":"CA","address":"950 El Camino Real","name":""},
  {"lat":33.899407,"lon":-118.378694,"city":"Hawthorne","state":"CA","address":"14620 Aviation Boulevard","name":""},
  {"lat":33.729839,"lon":-117.991339,"city":"Huntington Beach","state":"CA","address":"7872 Edinger Avenue","name":""},
  {"lat":33.696356,"lon":-117.858357,"city":"Irvine","state":"CA","address":"17601 Fitch","name":""},
  {"lat":33.629854,"lon":-117.71925,"city":"Lake Forest","state":"CA","address":"23632 Rockfield Blvd","name":""},
  {"lat":34.678707,"lon":-118.163645,"city":"Lancaster","state":"CA","address":"1811 West Avenue J-12","name":""},
  {"lat":36.945422,"lon":-120.045793,"city":"Madera","state":"CA","address":"1219 East Almond Avenue","name":""},
  {"lat":36.665089,"lon":-121.808392,"city":"Marina","state":"CA","address":"215 10th Street","name":""},
  {"lat":37.446005,"lon":-121.919067,"city":"Milpitas","state":"CA","address":"1201 Cadillac Court","name":""},
  {"lat":37.664071,"lon":-121.025707,"city":"Modesto","state":"CA","address":"1901 W Orangeburg Ave","name":""},
  {"lat":38.224433,"lon":-122.262695,"city":"Napa","state":"CA","address":"101 Gateway Road East","name":""},
  {"lat":37.525597,"lon":-121.997175,"city":"Newark","state":"CA","address":"6100 Newpark Mall Road","name":""},
  {"lat":37.731519,"lon":-122.200481,"city":"Oakland","state":"CA","address":"195 Hegenberger Road","name":""},
  {"lat":33.193872,"lon":-117.381815,"city":"Oceanside","state":"CA","address":"110 North Myers Street","name":""},
  {"lat":34.065269,"lon":-117.57452,"city":"Ontario","state":"CA","address":"3595 East Guasti Road","name":""},
  {"lat":34.241571,"lon":-119.185707,"city":"Oxnard","state":"CA","address":"801 Town Center Drive","name":""},
  {"lat":33.726642,"lon":-116.400814,"city":"Palm Desert","state":"CA","address":"72-322 Highway 111","name":""},
  {"lat":33.868387,"lon":-117.880653,"city":"Placentia","state":"CA","address":"380 S. Placentia Ave","name":""},
  {"lat":37.692215,"lon":-121.916531,"city":"Pleasanton","state":"CA","address":"7270 Johnson Drive","name":""},
  {"lat":34.070351,"lon":-117.215172,"city":"Redlands","state":"CA","address":"1765 West Lugonia Avenue","name":""},
  {"lat":35.64046,"lon":-117.669817,"city":"Ridgecrest","state":"CA","address":"113 E. Sydnor Avenue","name":""},
  {"lat":38.795397,"lon":-121.291843,"city":"Roseville","state":"CA","address":"10593 Fairway Drive","name":""},
  {"lat":38.610979,"lon":-121.514304,"city":"Sacramento","state":"CA","address":"2555 Venture Oaks Way","name":""},
  {"lat":32.716763,"lon":-117.172012,"city":"San Diego","state":"CA","address":"900 Bayfront Court","name":""},
  {"lat":32.771861,"lon":-117.137988,"city":"San Diego","state":"CA","address":"2401 Camino Del Rio North","name":""},
  {"lat":32.937014,"lon":-117.107759,"city":"San Diego","state":"CA","address":"12032 Scripps Highlands Drive","name":""},
  {"lat":37.366094,"lon":-121.913386,"city":"San Jose","state":"CA","address":"10 Skyport Drive","name":""},
  {"lat":35.258171,"lon":-120.676945,"city":"San Luis Obispo","state":"CA","address":"701 Froom Ranch Way","name":""},
  {"lat":33.501758,"lon":-117.154222,"city":"Temecula","state":"CA","address":"28220 Jefferson Avenue","name":""},
  {"lat":39.333518,"lon":-120.179017,"city":"Truckee","state":"CA","address":"10640 East Jibboom Street","name":""},
  {"lat":37.49412,"lon":-120.86926,"city":"Turlock","state":"CA","address":"191 North Tully Road","name":""},
  {"lat":34.420391,"lon":-118.580925,"city":"Valencia","state":"CA","address":"27505 Wayne Mills Place","name":""},
  {"lat":38.592494,"lon":-121.559996,"city":"West Sacramento","state":"CA","address":"3455 Reed Avenue","name":""},
  {"lat":39.739689,"lon":-104.832584,"city":"Aurora","state":"CO","address":"13400 East Colfax Avenue","name":""},
  {"lat":39.628685,"lon":-106.494319,"city":"Avon","state":"CO","address":"1782 Swift Gulch Road, PO Box 8970","name":""},
  {"lat":38.808185,"lon":-104.727468,"city":"Colorado Springs","state":"CO","address":"1570 N Newport Road","name":""},
  {"lat":38.82828,"lon":-104.82401,"city":"Colorado Springs","state":"CO","address":"402 South Tejon Street","name":""},
  {"lat":38.989526,"lon":-104.801288,"city":"Colorado Springs","state":"CO","address":"1320 Republic Drive","name":""},
  {"lat":39.819579,"lon":-104.774028,"city":"Denver","state":"CO","address":"18350 East 68th Avenue","name":""},
  {"lat":39.74742,"lon":-105.004417,"city":"Denver","state":"CO","address":"1190 Auraria Parkway","name":""},
  {"lat":39.7745,"lon":-104.798,"city":"Denver","state":"CO","address":"16195 E 40th Ave","name":""},
  {"lat":37.2399,"lon":-107.869354,"city":"Durango","state":"CO","address":"77 Mercury Village","name":""},
  {"lat":40.52171,"lon":-105.02289,"city":"Fort Collins","state":"CO","address":"2921 East Harmony Road","name":""},
  {"lat":39.067302,"lon":-108.5685,"city":"Grand Junction","state":"CO","address":"236 Main Street","name":""},
  {"lat":39.598014,"lon":-104.896731,"city":"Greenwood Village","state":"CO","address":"7900 East Peakview Avenue","name":""},
  {"lat":39.735,"lon":-105.153939,"city":"Lakewood","state":"CO","address":"1315 Colorado Mills Parkway","name":""},
  {"lat":40.139403,"lon":-105.133353,"city":"Longmont","state":"CO","address":"1470 Dry Creek Drive","name":""},
  {"lat":39.548069,"lon":-104.775511,"city":"Parker","state":"CO","address":"9355 Silverado Drive","name":""},
  {"lat":38.266666,"lon":-104.60656,"city":"Pueblo","state":"CO","address":"150 South Santa Fe Avenue","name":""},
  {"lat":40.46063,"lon":-106.819465,"city":"Steamboat Springs","state":"CO","address":"1901 Pine Grove Rd","name":""},
  {"lat":39.883203,"lon":-105.072664,"city":"Westminster","state":"CO","address":"6845 W. 103rd Avenue","name":""},
  {"lat":40.436186,"lon":-104.980022,"city":"Windsor","state":"CO","address":"6445 Crossroads Boulevard","name":""},
  {"lat":41.602213,"lon":-72.693011,"city":"Cromwell","state":"CT","address":"76 Berlin Road","name":""},
  {"lat":41.38673,"lon":-73.514471,"city":"Danbury","state":"CT","address":"30 Old Ridgebury Rd","name":""},
  {"lat":41.210814,"lon":-73.090831,"city":"Milford","state":"CT","address":"50 Rowe Avenue","name":""},
  {"lat":41.372598,"lon":-72.120813,"city":"Waterford","state":"CT","address":"401 North Frontage Road","name":""},
  {"lat":41.930497,"lon":-72.670447,"city":"Windsor Locks","state":"CT","address":"225 Ella Grasso Turnpike","name":""},
  {"lat":38.999035,"lon":-75.455524,"city":"Frederica","state":"DE","address":"208 Dominus Drive","name":""},
  {"lat":39.685414,"lon":-75.736433,"city":"Newark","state":"DE","address":"402 Ogletown Road","name":""},
  {"lat":28.662052,"lon":-81.390501,"city":"Altamonte Springs","state":"FL","address":"205 W. State Road 436","name":""},
  {"lat":26.395606,"lon":-80.097915,"city":"Boca Raton","state":"FL","address":"5130 NW 8th Avenue","name":""},
  {"lat":27.498839,"lon":-82.573767,"city":"Bradenton","state":"FL","address":"102 12th Street West","name":""},
  {"lat":28.395528,"lon":-80.615059,"city":"Cape Canaveral","state":"FL","address":"655 West Central Boulevard","name":""},
  {"lat":27.894157,"lon":-82.68173,"city":"Clearwater","state":"FL","address":"3485 Ulmerton Road","name":""},
  {"lat":27.973497,"lon":-82.827953,"city":"Clearwater Beach","state":"FL","address":"309 Coronado Drive","name":""},
  {"lat":26.048735,"lon":-80.16063,"city":"Dania Beach","state":"FL","address":"151 Southwest 18th Court","name":""},
  {"lat":26.433153,"lon":-81.783308,"city":"Estero","state":"FL","address":"10370 Corkscrew Commons Drive","name":""},
  {"lat":30.667689,"lon":-81.433532,"city":"Fernandina Beach","state":"FL","address":"2700-2 Atlantic Avenue","name":""},
  {"lat":26.548368,"lon":-81.798386,"city":"Fort Myers","state":"FL","address":"9501 Market Place Rd","name":""},
  {"lat":29.616342,"lon":-82.383153,"city":"Gainesville","state":"FL","address":"4155 SW 40th Blvd.","name":""},
  {"lat":30.26616,"lon":-81.558141,"city":"Jacksonville","state":"FL","address":"4385 Southside Boulevard","name":""},
  {"lat":30.482032,"lon":-81.654873,"city":"Jacksonville","state":"FL","address":"13550 Airport Court","name":""},
  {"lat":30.22104,"lon":-81.56509,"city":"Jacksonville","state":"FL","address":"9325 Baymeadows Road","name":""},
  {"lat":30.2929,"lon":-81.39042,"city":"Jacksonville Beach","state":"FL","address":"465 North First Street","name":""},
  {"lat":28.338723,"lon":-81.482847,"city":"Kissimmee","state":"FL","address":"4991 Calypso Cay Way","name":""},
  {"lat":28.040666,"lon":-81.961547,"city":"Lakeland","state":"FL","address":"511 West Lime Street","name":""},
  {"lat":28.194786,"lon":-82.540675,"city":"Land O'Lakes","state":"FL","address":"16615 Crosspointe Run","name":""},
  {"lat":25.786633,"lon":-80.210446,"city":"Miami","state":"FL","address":"1311 NW 10th Avenue","name":""},
  {"lat":25.777284,"lon":-80.305522,"city":"Miami","state":"FL","address":"6700 NW 7th Street","name":""},
  {"lat":25.809806,"lon":-80.368019,"city":"Miami","state":"FL","address":"3895 NW 107th Avenue","name":""},
  {"lat":25.975381,"lon":-80.293961,"city":"Miramar","state":"FL","address":"10880 Marks Way","name":""},
  {"lat":26.163021,"lon":-81.685101,"city":"Naples","state":"FL","address":"3798 White Lake Blvd.","name":""},
  {"lat":30.379908,"lon":-86.873017,"city":"Navarre","state":"FL","address":"8375 Gulf Boulevard","name":""},
  {"lat":29.038994,"lon":-80.896108,"city":"New Smyrna Beach","state":"FL","address":"512 Flagler Avenue","name":""},
  {"lat":29.149581,"lon":-82.189794,"city":"Ocala","state":"FL","address":"4100 SW 40th Street","name":""},
  {"lat":28.377709,"lon":-81.502035,"city":"Orlando","state":"FL","address":"8601 Vineland Avenue","name":""},
  {"lat":28.484308,"lon":-81.434752,"city":"Orlando","state":"FL","address":"5403 Millenia Lakes Boulevard","name":""},
  {"lat":28.437419,"lon":-81.468145,"city":"Orlando","state":"FL","address":"8840 Universal Boulevard","name":""},
  {"lat":28.392169,"lon":-81.495564,"city":"Orlando","state":"FL","address":"8040 Palm Parkway","name":""},
  {"lat":28.462679,"lon":-81.306421,"city":"Orlando","state":"FL","address":"5828 Hazeltine National Drive","name":""},
  {"lat":28.3666,"lon":-81.30971,"city":"Orlando","state":"FL","address":"13700 Boggy Creek Rd.","name":""},
  {"lat":28.410172,"lon":-81.45472,"city":"Orlando","state":"FL","address":"10801 International Drive","name":""},
  {"lat":30.191788,"lon":-85.83603,"city":"Panama City Beach","state":"FL","address":"12513 Front Beach Road","name":""},
  {"lat":30.495887,"lon":-87.225324,"city":"Pensacola","state":"FL","address":"487 Creighton Road","name":""},
  {"lat":30.334048,"lon":-87.131299,"city":"Pensacola Beach","state":"FL","address":"24 Via De Luna","name":""},
  {"lat":27.313085,"lon":-80.409379,"city":"Port St. Lucie","state":"FL","address":"2000 NW Courtyard Circle","name":""},
  {"lat":26.937553,"lon":-82.051914,"city":"Punta Gorda","state":"FL","address":"101 Harborside Avenue","name":""},
  {"lat":28.810192,"lon":-81.336588,"city":"Sanford","state":"FL","address":"201 North Towne Road","name":""},
  {"lat":27.38152,"lon":-82.55055,"city":"Sarasota","state":"FL","address":"1020 University Parkway","name":""},
  {"lat":30.504355,"lon":-84.254174,"city":"Tallahassee","state":"FL","address":"1481 Timberlane Road","name":""},
  {"lat":30.426425,"lon":-84.235876,"city":"Tallahassee","state":"FL","address":"1300 Executive Center Drive","name":""},
  {"lat":27.952288,"lon":-82.524839,"city":"Tampa","state":"FL","address":"4835 W Cypress Street","name":""},
  {"lat":27.940146,"lon":-82.337193,"city":"Tampa","state":"FL","address":"1051 S. Falkenburg Road","name":""},
  {"lat":28.128264,"lon":-82.378128,"city":"Tampa","state":"FL","address":"5396 Primrose Lake Circle","name":""},
  {"lat":27.952664,"lon":-82.460841,"city":"Tampa","state":"FL","address":"1105 North Tampa Street","name":""},
  {"lat":27.686455,"lon":-80.407323,"city":"Vero Beach","state":"FL","address":"5115 Indian River Blvd","name":""},
  {"lat":28.0378,"lon":-80.6524,"city":"West Melbourne","state":"FL","address":"4446 Hollywood Boulevard","name":""},
  {"lat":26.757223,"lon":-80.093974,"city":"West Palm Beach","state":"FL","address":"2437 Metrocentre Boulevard","name":""},
  {"lat":28.380657,"lon":-81.614372,"city":"Winter Garden","state":"FL","address":"13279 Hartzog Road","name":""},
  {"lat":28.608908,"lon":-81.365327,"city":"Winter Park","state":"FL","address":"1127 North Orlando Avenue","name":""},
  {"lat":34.09182,"lon":-84.271319,"city":"Alpharetta","state":"GA","address":"12730 Deerfield Parkway","name":""},
  {"lat":33.90822,"lon":-83.463181,"city":"Athens","state":"GA","address":"3500 Daniells Bridge Road","name":""},
  {"lat":33.956147,"lon":-83.37845,"city":"Athens","state":"GA","address":"220 South Hull Street","name":""},
  {"lat":33.8494,"lon":-84.373102,"city":"Atlanta","state":"GA","address":"3459 Buckhead Loop NE","name":""},
  {"lat":33.764982,"lon":-84.395024,"city":"Atlanta","state":"GA","address":"239 Ivan Allen Jr. Blvd. NW","name":""},
  {"lat":33.929557,"lon":-84.356773,"city":"Atlanta","state":"GA","address":"1005 Crestline Parkway","name":""},
  {"lat":33.897428,"lon":-84.466549,"city":"Atlanta","state":"GA","address":"230 Interstate North Circle","name":""},
  {"lat":33.481147,"lon":-82.082392,"city":"Augusta","state":"GA","address":"1110 Marks Church Road","name":""},
  {"lat":34.09547,"lon":-83.8058,"city":"Braselton","state":"GA","address":"2928 Braselton Crossing Lane","name":""},
  {"lat":34.06614,"lon":-83.98951,"city":"Buford","state":"GA","address":"3250 Buford Drive","name":""},
  {"lat":33.643837,"lon":-84.457115,"city":"College Park","state":"GA","address":"2091 Convention Center Concourse","name":""},
  {"lat":32.542538,"lon":-84.948977,"city":"Columbus","state":"GA","address":"5415 Whittlesey Blvd","name":""},
  {"lat":33.656114,"lon":-84.010288,"city":"Conyers","state":"GA","address":"1302 Green Street Southeast","name":""},
  {"lat":33.61421,"lon":-83.831219,"city":"Covington","state":"GA","address":"10233 Industrial blvd","name":""},
  {"lat":34.65396,"lon":-84.491,"city":"East Ellijay","state":"GA","address":"50 Cinema Drive","name":""},
  {"lat":34.028423,"lon":-84.579605,"city":"Kennesaw","state":"GA","address":"3399 Town Point Drive","name":""},
  {"lat":33.770651,"lon":-84.607029,"city":"Lithia Springs","state":"GA","address":"960 Bob Arnold Boulevard","name":""},
  {"lat":33.350958,"lon":-84.128636,"city":"Locust Grove","state":"GA","address":"1025 Bandy Parkway","name":""},
  {"lat":32.919582,"lon":-83.705956,"city":"Macon","state":"GA","address":"4630 Sheraton Drive","name":""},
  {"lat":33.395256,"lon":-84.741787,"city":"Newnan","state":"GA","address":"1119 Bullsboro Drive","name":""},
  {"lat":31.92622,"lon":-81.333871,"city":"Richmond Hill","state":"GA","address":"4428 Highway 17 South","name":""},
  {"lat":34.929031,"lon":-85.146983,"city":"Ringgold","state":"GA","address":"155 General Lee Drive","name":""},
  {"lat":34.0447,"lon":-84.320111,"city":"Roswell","state":"GA","address":"1360 Old Roswell Road","name":""},
  {"lat":32.005374,"lon":-81.280224,"city":"Savannah","state":"GA","address":"4 Gateway Blvd East (Exit 94)","name":""},
  {"lat":32.140689,"lon":-81.234316,"city":"Savannah","state":"GA","address":"One Jay R. Turner Drive (Exit 104)","name":""},
  {"lat":32.07839,"lon":-81.096865,"city":"Savannah","state":"GA","address":"150 Montgomery Street","name":""},
  {"lat":32.405998,"lon":-81.763119,"city":"Statesboro","state":"GA","address":"105 Springhill Drive","name":""},
  {"lat":34.091976,"lon":-84.170856,"city":"Suwanee","state":"GA","address":"2692 Peachtree Parkway","name":""},
  {"lat":31.447497,"lon":-83.532257,"city":"Tifton","state":"GA","address":"401 Boo Drive","name":""},
  {"lat":42.007775,"lon":-93.589437,"city":"Ames","state":"IA","address":"1810 SE 16th Street","name":""},
  {"lat":41.59138,"lon":-90.45734,"city":"Bettendorf","state":"IA","address":"5235 Competition Drive","name":""},
  {"lat":41.688258,"lon":-91.603261,"city":"Coralville","state":"IA","address":"1001 25th Avenue","name":""},
  {"lat":41.236181,"lon":-95.89428,"city":"Council Bluffs","state":"IA","address":"3216 Plaza View Dr","name":""},
  {"lat":41.587476,"lon":-93.810043,"city":"West Des Moines","state":"IA","address":"1236 Jordan Creek Pkwy","name":""},
  {"lat":43.594707,"lon":-116.177663,"city":"Boise","state":"ID","address":"424 East ParkCenter Blvd","name":""},
  {"lat":43.662442,"lon":-116.335087,"city":"Boise","state":"ID","address":"6325 North Cloverdale","name":""},
  {"lat":47.69786,"lon":-116.808196,"city":"Coeur d'Alene","state":"ID","address":"2250 W Seltice Way","name":""},
  {"lat":43.492184,"lon":-112.046577,"city":"Idaho Falls","state":"ID","address":"665 Riverwalk Drive","name":""},
  {"lat":44.5001,"lon":-111.337978,"city":"Island Park","state":"ID","address":"4292 North Highway 20","name":""},
  {"lat":48.314776,"lon":-116.547474,"city":"Ponderay","state":"ID","address":"477490 US Route 95","name":""},
  {"lat":43.80375,"lon":-111.808905,"city":"Rexburg","state":"ID","address":"1177 South Yellowstone Hwy","name":""},
  {"lat":41.687824,"lon":-88.069204,"city":"Bolingbrook","state":"IL","address":"125 Remington Boulevard","name":""},
  {"lat":41.762202,"lon":-87.916998,"city":"Burr Ridge","state":"IL","address":"90 North Frontage Road","name":""},
  {"lat":41.985349,"lon":-87.830501,"city":"Chicago","state":"IL","address":"8101 West Higgins Road","name":""},
  {"lat":41.849551,"lon":-87.631739,"city":"Chicago","state":"IL","address":"2357 South Wentworth Avenue","name":""},
  {"lat":41.889655,"lon":-87.629908,"city":"Chicago","state":"IL","address":"410 North Dearborn Street","name":""},
  {"lat":41.918094,"lon":-87.952317,"city":"Elmhurst","state":"IL","address":"410 West Lake Street","name":""},
  {"lat":41.525531,"lon":-88.083147,"city":"Joliet","state":"IL","address":"65 North Ottawa Street","name":""},
  {"lat":42.195051,"lon":-87.932757,"city":"Lincolnshire","state":"IL","address":"300 Marriott Drive","name":""},
  {"lat":42.056036,"lon":-88.041439,"city":"Schaumburg","state":"IL","address":"1550 McConnor Parkway","name":""},
  {"lat":39.747014,"lon":-89.670994,"city":"Springfield","state":"IL","address":"3921 MacArthur Boulevard","name":""},
  {"lat":41.803489,"lon":-88.165815,"city":"Warrenville","state":"IL","address":"4305 Weaver Parkway","name":""},
  {"lat":42.344668,"lon":-87.901686,"city":"Waukegan","state":"IL","address":"4101 Fountain Square Place","name":""},
  {"lat":39.1706,"lon":-86.5352,"city":"Bloomington","state":"IN","address":"501 North College Avenue","name":""},
  {"lat":39.961169,"lon":-86.155452,"city":"Carmel","state":"IN","address":"11855 N. Meridian Street","name":""},
  {"lat":41.039328,"lon":-85.243382,"city":"Fort Wayne","state":"IN","address":"7777 West Jefferson Boulevard","name":""},
  {"lat":41.1877,"lon":-85.092731,"city":"Fort Wayne","state":"IN","address":"4145 New Vision Drive","name":""},
  {"lat":39.925798,"lon":-86.103354,"city":"Indianapolis","state":"IN","address":"9450 Counselors Row","name":""},
  {"lat":39.929686,"lon":-86.03315,"city":"Indianapolis","state":"IN","address":"9698 Hague Road","name":""},
  {"lat":39.767189,"lon":-86.168859,"city":"Indianapolis","state":"IN","address":"601 West Washington Street","name":""},
  {"lat":41.704462,"lon":-86.18567,"city":"Mishawaka","state":"IN","address":"5225 Edison Lakes Parkway","name":""},
  {"lat":41.537972,"lon":-87.508869,"city":"Munster","state":"IN","address":"9651 Calumet Avenue","name":""},
  {"lat":37.97811,"lon":-87.42965,"city":"Newburgh","state":"IN","address":"9830 Pointe View Drive","name":""},
  {"lat":39.673025,"lon":-86.3731,"city":"Plainfield","state":"IN","address":"6014 Gateway Drive","name":""},
  {"lat":41.726919,"lon":-86.251644,"city":"South Bend","state":"IN","address":"52721 SR 933","name":""},
  {"lat":39.428613,"lon":-87.414776,"city":"Terre Haute","state":"IN","address":"3304 US 41 South","name":""},
  {"lat":40.068201,"lon":-86.129222,"city":"Westfield","state":"IN","address":"19317 Westmore Ln","name":""},
  {"lat":38.973037,"lon":-95.234363,"city":"Lawrence","state":"KS","address":"One Riverfront Plaza","name":""},
  {"lat":38.971164,"lon":-94.784111,"city":"Lenexa","state":"KS","address":"17190 West 87th Street","name":""},
  {"lat":38.910934,"lon":-94.672181,"city":"Overland Park","state":"KS","address":"12000 Blue Valley Parkway","name":""},
  {"lat":38.934736,"lon":-94.632407,"city":"Overland Park","state":"KS","address":"4081 Indian Creek Parkway","name":""},
  {"lat":39.016538,"lon":-95.745099,"city":"Topeka","state":"KS","address":"2745 SW Fairlawn Rd.","name":""},
  {"lat":37.672165,"lon":-97.419183,"city":"Wichita","state":"KS","address":"6633 West Kellogg","name":""},
  {"lat":37.705622,"lon":-97.207942,"city":"Wichita","state":"KS","address":"1220 North Greenwich Road","name":""},
  {"lat":36.971608,"lon":-86.41026,"city":"Bowling Green","state":"KY","address":"541 Hub Blvd","name":""},
  {"lat":37.709293,"lon":-85.835148,"city":"Elizabethtown","state":"KY","address":"1025 Executive Drive","name":""},
  {"lat":39.017978,"lon":-84.635722,"city":"Florence","state":"KY","address":"7492 Turfway Road","name":""},
  {"lat":38.179213,"lon":-84.812821,"city":"Frankfort","state":"KY","address":"55 Mill Road","name":""},
  {"lat":36.641565,"lon":-86.562261,"city":"Franklin","state":"KY","address":"5629 Nashville Rd","name":""},
  {"lat":37.979448,"lon":-84.527718,"city":"Lexington","state":"KY","address":"4019 Finn Way","name":""},
  {"lat":38.039683,"lon":-84.513837,"city":"Lexington","state":"KY","address":"863 South Broadway","name":""},
  {"lat":38.191846,"lon":-85.742356,"city":"Louisville","state":"KY","address":"820 Phillips Lane","name":""},
  {"lat":38.253233,"lon":-85.751509,"city":"Louisville","state":"KY","address":"132 E Jefferson","name":""},
  {"lat":38.263644,"lon":-85.569644,"city":"Louisville","state":"KY","address":"10101 Forest Green Boulevard","name":""},
  {"lat":36.635147,"lon":-88.310114,"city":"Murray","state":"KY","address":"1512 North 12th Street","name":""},
  {"lat":30.521267,"lon":-91.156757,"city":"Baton Rouge","state":"LA","address":"7980 Howell Boulevard","name":""},
  {"lat":30.404386,"lon":-91.10135,"city":"Baton Rouge","state":"LA","address":"7979 Essen Park Avenue","name":""},
  {"lat":32.549176,"lon":-93.6307,"city":"Bossier City","state":"LA","address":"8010 E. Texas Street","name":""},
  {"lat":30.208129,"lon":-90.951104,"city":"Gonzales","state":"LA","address":"2801 South Cabela's Parkway","name":""},
  {"lat":30.167754,"lon":-92.040371,"city":"Lafayette","state":"LA","address":"321 Settlers Trace Boulevard","name":""},
  {"lat":30.19769,"lon":-93.243366,"city":"Lake Charles","state":"LA","address":"1551 West Prien Lake Road","name":""},
  {"lat":29.943117,"lon":-90.066408,"city":"New Orleans","state":"LA","address":"301 St. Joseph Street","name":""},
  {"lat":29.958394,"lon":-90.077208,"city":"New Orleans","state":"LA","address":"1600 Canal Street","name":""},
  {"lat":32.442779,"lon":-93.726575,"city":"Shreveport","state":"LA","address":"1419 East 70th Street","name":""},
  {"lat":30.259632,"lon":-89.761487,"city":"Slidell","state":"LA","address":"2214 Ruth Garrett Way","name":""},
  {"lat":42.693522,"lon":-71.214448,"city":"Andover","state":"MA","address":"550 Minuteman Road","name":""},
  {"lat":42.540386,"lon":-71.611145,"city":"Devens","state":"MA","address":"27 Andrews Parkway","name":""},
  {"lat":42.524442,"lon":-70.995562,"city":"Peabody","state":"MA","address":"43 Newbury Street (US 1 North)","name":""},
  {"lat":42.412955,"lon":-70.99083,"city":"Revere","state":"MA","address":"400 Ocean Avenue","name":""},
  {"lat":42.039572,"lon":-71.31031,"city":"Wrentham","state":"MA","address":"65 Ledgeview Way","name":""},
  {"lat":38.972368,"lon":-76.549309,"city":"Annapolis","state":"MD","address":"189 Admiral Cochrane Drive","name":""},
  {"lat":39.29054,"lon":-76.620971,"city":"Baltimore","state":"MD","address":"100 North Eutaw Street","name":""},
  {"lat":39.288986,"lon":-76.612197,"city":"Baltimore","state":"MD","address":"120 East Redwood Street","name":""},
  {"lat":39.481635,"lon":-76.252929,"city":"Bel Air","state":"MD","address":"1420 Handlir Drive","name":""},
  {"lat":39.176831,"lon":-76.844648,"city":"Columbia","state":"MD","address":"7055 Minstrel Way","name":""},
  {"lat":39.458751,"lon":-77.406626,"city":"Frederick","state":"MD","address":"111 Byte Drive","name":""},
  {"lat":39.113344,"lon":-77.192187,"city":"Gaithersburg","state":"MD","address":"9715 Washingtonian Blvd.","name":""},
  {"lat":39.626389,"lon":-77.773153,"city":"Hagerstown","state":"MD","address":"17280 Valley Mall Road","name":""},
  {"lat":39.155035,"lon":-76.716282,"city":"Hanover","state":"MD","address":"7544 Teague Road","name":""},
  {"lat":39.201481,"lon":-76.685627,"city":"Linthicum Heights","state":"MD","address":"899 Elkridge Landing Road","name":""},
  {"lat":39.360964,"lon":-76.409419,"city":"Middle River","state":"MD","address":"6110 Greenleigh Avenue","name":""},
  {"lat":38.532219,"lon":-76.584241,"city":"Prince Frederick","state":"MD","address":"75 Sherry Lane","name":""},
  {"lat":43.83817,"lon":-70.12427,"city":"Freeport","state":"ME","address":"500 US-1","name":""},
  {"lat":42.073617,"lon":-86.428888,"city":"Benton Harbor","state":"MI","address":"1255 Cinema Way","name":""},
  {"lat":42.33489,"lon":-83.21424,"city":"Dearborn","state":"MI","address":"6335 Mercury Drive","name":""},
  {"lat":42.720569,"lon":-84.49825,"city":"East Lansing","state":"MI","address":"1100 Trowbridge Road","name":""},
  {"lat":43.329559,"lon":-83.739089,"city":"Frankenmuth","state":"MI","address":"530 S. Main Street","name":""},
  {"lat":43.018915,"lon":-85.680406,"city":"Grand Rapids","state":"MI","address":"450 Center Drive","name":""},
  {"lat":42.907361,"lon":-85.539328,"city":"Grand Rapids","state":"MI","address":"5250 28th St. SE","name":""},
  {"lat":42.883442,"lon":-85.76915,"city":"Grandville","state":"MI","address":"4274 Parkway Place","name":""},
  {"lat":42.825042,"lon":-86.091214,"city":"Holland","state":"MI","address":"3084 West Shore Drive","name":""},
  {"lat":42.73356,"lon":-84.672728,"city":"Lansing","state":"MI","address":"111 South Marketplace Boulevard","name":""},
  {"lat":43.659912,"lon":-84.235434,"city":"Midland","state":"MI","address":"800 Joe Mann Boulevard","name":""},
  {"lat":42.709202,"lon":-83.24145,"city":"Orion Township","state":"MI","address":"4919 Interpark Dr.","name":""},
  {"lat":42.238754,"lon":-85.599593,"city":"Portage","state":"MI","address":"850 Trade Centre Way","name":""},
  {"lat":42.243152,"lon":-83.347535,"city":"Romulus","state":"MI","address":"8280 Merriman Rd","name":""},
  {"lat":43.484072,"lon":-83.969068,"city":"Saginaw","state":"MI","address":"5270 Cardinal Square Boulevard","name":""},
  {"lat":42.497785,"lon":-83.301957,"city":"Southfield","state":"MI","address":"28555 Northwestern Highway","name":""},
  {"lat":42.581037,"lon":-83.033331,"city":"Sterling Heights","state":"MI","address":"7575 Seventeen Mile Road","name":""},
  {"lat":42.500617,"lon":-83.534867,"city":"Wixom","state":"MI","address":"49097 Alpha Drive","name":""},
  {"lat":45.058618,"lon":-93.149536,"city":"Arden Hills","state":"MN","address":"3920 Northwoods Drive","name":""},
  {"lat":44.859665,"lon":-93.230907,"city":"Bloomington","state":"MN","address":"2870 Metro Drive","name":""},
  {"lat":44.825808,"lon":-93.168445,"city":"Eagan","state":"MN","address":"3635 Crestridge Drive","name":""},
  {"lat":44.859836,"lon":-93.424454,"city":"Eden Prairie","state":"MN","address":"11552 Leona Road","name":""},
  {"lat":45.096556,"lon":-93.428308,"city":"Maple Grove","state":"MN","address":"11675 Arbor Lakes Parkway North","name":""},
  {"lat":44.021587,"lon":-92.479354,"city":"Rochester","state":"MN","address":"1125 2nd Street SW","name":""},
  {"lat":44.951136,"lon":-93.091646,"city":"St. Paul","state":"MN","address":"472 Jackson Street","name":""},
  {"lat":44.969931,"lon":-93.355531,"city":"St. Louis Park","state":"MN","address":"5901 Wayzata Blvd","name":""},
  {"lat":38.623673,"lon":-90.335183,"city":"Brentwood","state":"MO","address":"1231 Strassner Drive","name":""},
  {"lat":38.653,"lon":-90.5515,"city":"Chesterfield","state":"MO","address":"1065 Chesterfield Parkway East","name":""},
  {"lat":38.965261,"lon":-92.286736,"city":"Columbia","state":"MO","address":"3415 Clark Lane","name":""},
  {"lat":39.045825,"lon":-94.59755,"city":"Kansas City","state":"MO","address":"4500 Madison Avenue","name":""},
  {"lat":39.244702,"lon":-94.663856,"city":"Kansas City","state":"MO","address":"8303 N STODDARD AVE","name":""},
  {"lat":39.173633,"lon":-94.4942,"city":"Kansas City","state":"MO","address":"4400 North Randolph Road","name":""},
  {"lat":37.248966,"lon":-93.253296,"city":"Springfield","state":"MO","address":"2025 East Kerr Street","name":""},
  {"lat":38.753042,"lon":-90.4478,"city":"St. Louis","state":"MO","address":"3099 Rider Trail South","name":""},
  {"lat":30.435617,"lon":-89.098956,"city":"Gulfport","state":"MS","address":"15610 Daniel Boulevard","name":""},
  {"lat":32.442085,"lon":-90.14974,"city":"Ridgeland","state":"MS","address":"121 Southtowne Avenue","name":""},
  {"lat":45.75526,"lon":-108.561841,"city":"Billings","state":"MT","address":"1818 King Avenue West","name":""},
  {"lat":45.698783,"lon":-111.0542,"city":"Bozeman","state":"MT","address":"1601 Baxter Lane","name":""},
  {"lat":47.512472,"lon":-111.314328,"city":"Great Falls","state":"MT","address":"421 3rd Street NW","name":""},
  {"lat":48.232468,"lon":-114.333437,"city":"Kalispell","state":"MT","address":"250 Old Reserve Drive","name":""},
  {"lat":35.717613,"lon":-78.839138,"city":"Apex","state":"NC","address":"1100 Marco Drive","name":""},
  {"lat":35.586235,"lon":-82.527881,"city":"Asheville","state":"NC","address":"Two Buckstone Place","name":""},
  {"lat":35.762047,"lon":-78.748939,"city":"Cary","state":"NC","address":"1128 Ledsome Lane","name":""},
  {"lat":35.10585,"lon":-80.932239,"city":"Charlotte","state":"NC","address":"1000 Coasterview Drive","name":""},
  {"lat":35.151531,"lon":-80.952417,"city":"Charlotte","state":"NC","address":"3950 Arco Corporate Drive","name":""},
  {"lat":35.196834,"lon":-80.914878,"city":"Charlotte","state":"NC","address":"2223 Cascade Pointe Boulevard","name":""},
  {"lat":35.134831,"lon":-80.903818,"city":"Charlotte","state":"NC","address":"830 Forest Point Circle","name":""},
  {"lat":35.071347,"lon":-80.842075,"city":"Charlotte","state":"NC","address":"12325 Johnston Road","name":""},
  {"lat":35.22603,"lon":-80.838501,"city":"Charlotte","state":"NC","address":"311 East 5th Street","name":""},
  {"lat":35.237673,"lon":-80.91665,"city":"Charlotte","state":"NC","address":"3055 Scott Futrell Drive","name":""},
  {"lat":35.315356,"lon":-80.762752,"city":"Charlotte","state":"NC","address":"8700 Research Drive","name":""},
  {"lat":35.368939,"lon":-80.711403,"city":"Concord","state":"NC","address":"7811 Gateway Lane NW","name":""},
  {"lat":35.988715,"lon":-78.903311,"city":"Durham","state":"NC","address":"705 South Mangum Street","name":""},
  {"lat":35.875941,"lon":-78.83739,"city":"Durham","state":"NC","address":"920 Slater Road","name":""},
  {"lat":35.951047,"lon":-78.992363,"city":"Durham","state":"NC","address":"5310 McFarland Drive","name":""},
  {"lat":35.080311,"lon":-78.966678,"city":"Fayetteville","state":"NC","address":"4750 Lake Valley Drive","name":""},
  {"lat":35.009212,"lon":-78.816297,"city":"Fayetteville","state":"NC","address":"520 Judson Church Road","name":""},
  {"lat":35.72359,"lon":-78.58177,"city":"Garner","state":"NC","address":"4108 Virtuous Street","name":""},
  {"lat":36.052005,"lon":-79.892031,"city":"Greensboro","state":"NC","address":"6006 Landmark Center Blvd","name":""},
  {"lat":36.074322,"lon":-79.960844,"city":"Greensboro","state":"NC","address":"505 Hickory Branch Road","name":""},
  {"lat":35.957115,"lon":-80.009137,"city":"High Point","state":"NC","address":"121 Virginia Pl","name":""},
  {"lat":35.400366,"lon":-80.86423,"city":"Huntersville","state":"NC","address":"13610 Reese Blvd. West","name":""},
  {"lat":34.670934,"lon":-79.006487,"city":"Lumberton","state":"NC","address":"5128 Fayetteville Road","name":""},
  {"lat":35.556742,"lon":-80.854522,"city":"Mooresville","state":"NC","address":"121 Gateway Boulevard","name":""},
  {"lat":35.101695,"lon":-77.07986,"city":"New Bern","state":"NC","address":"300 Hotel Drive","name":""},
  {"lat":35.181157,"lon":-79.43627,"city":"Pinehurst","state":"NC","address":"10024 US Highway 15/501","name":""},
  {"lat":34.24035,"lon":-77.825838,"city":"Wilmington","state":"NC","address":"1014 Ashes Drive","name":""},
  {"lat":36.066097,"lon":-80.321123,"city":"Winston-Salem","state":"NC","address":"1015 Marriott Crossing Way","name":""},
  {"lat":46.805222,"lon":-96.833833,"city":"Fargo","state":"ND","address":"3401 Jacks Way","name":""},
  {"lat":47.893169,"lon":-97.087587,"city":"Grand Forks","state":"ND","address":"2837 South 42nd Street","name":""},
  {"lat":40.883456,"lon":-98.380608,"city":"Grand Island","state":"NE","address":"3604 Prairieview Street","name":""},
  {"lat":42.956683,"lon":-70.855875,"city":"Hampton","state":"NH","address":"299 Exeter Road","name":""},
  {"lat":42.935273,"lon":-71.446531,"city":"Manchester","state":"NH","address":"975 North Perimeter Road","name":""},
  {"lat":40.824254,"lon":-74.07312,"city":"Carlstadt","state":"NJ","address":"192 Paterson Plank Road","name":""},
  {"lat":40.287285,"lon":-74.796413,"city":"Ewing Township","state":"NJ","address":"1000 Charles Ewing Blvd","name":""},
  {"lat":39.964697,"lon":-74.919108,"city":"Mount Laurel","state":"NJ","address":"5000 Midlantic Drive","name":""},
  {"lat":40.70929,"lon":-74.170165,"city":"Newark","state":"NJ","address":"652 US Highway 1 and 9 South","name":""},
  {"lat":40.533536,"lon":-74.508317,"city":"Somerset","state":"NJ","address":"16 Cedar Grove Lane","name":""},
  {"lat":39.847607,"lon":-74.981938,"city":"Voorhees","state":"NJ","address":"1031 Voorhees Drive","name":""},
  {"lat":40.54714,"lon":-74.28998,"city":"Woodbridge","state":"NJ","address":"1010 US Highway 9 N","name":""},
  {"lat":35.175422,"lon":-106.579844,"city":"Albuquerque","state":"NM","address":"5910 Holly Avenue NE","name":""},
  {"lat":35.082796,"lon":-106.63469,"city":"Albuquerque","state":"NM","address":"1101 Central Avenue NE","name":""},
  {"lat":35.532211,"lon":-108.757233,"city":"Gallup","state":"NM","address":"1105 West Lincoln Avenue","name":""},
  {"lat":32.291679,"lon":-106.790585,"city":"Las Cruces","state":"NM","address":"1611 Hickory Loop","name":""},
  {"lat":36.026312,"lon":-115.048771,"city":"Henderson","state":"NV","address":"1481 Paseo Verde Parkway","name":""},
  {"lat":36.07019,"lon":-115.2077,"city":"Las Vegas","state":"NV","address":"6590 South Decatur Blvd","name":""},
  {"lat":36.134368,"lon":-115.15479,"city":"Las Vegas","state":"NV","address":"2989 Paradise Road","name":""},
  {"lat":36.240147,"lon":-115.110503,"city":"North Las Vegas","state":"NV","address":"2910 East Craig Road","name":""},
  {"lat":39.437467,"lon":-119.761825,"city":"Reno","state":"NV","address":"490 South Meadows Parkway","name":""},
  {"lat":42.702435,"lon":-73.815405,"city":"Albany","state":"NY","address":"8 California Avenue","name":""},
  {"lat":40.808765,"lon":-72.94737,"city":"Bellport","state":"NY","address":"2 Sawgrass Drive","name":""},
  {"lat":42.950264,"lon":-78.695386,"city":"Buffalo","state":"NY","address":"6647 Transit Road","name":""},
  {"lat":40.748397,"lon":-73.620086,"city":"Carle Place","state":"NY","address":"20 Westbury Avenue","name":""},
  {"lat":40.758111,"lon":-73.857767,"city":"Corona","state":"NY","address":"112-15 Northern Boulevard","name":""},
  {"lat":43.088894,"lon":-76.079901,"city":"East Syracuse","state":"NY","address":"6580 Weighlock Drive","name":""},
  {"lat":41.524576,"lon":-73.895769,"city":"Fishkill","state":"NY","address":"500 Westage Business Center Drive","name":""},
  {"lat":40.703128,"lon":-73.814528,"city":"Jamaica","state":"NY","address":"140-35 Queens Boulevard","name":""},
  {"lat":40.7582,"lon":-73.943976,"city":"Long Island City","state":"NY","address":"38-39 9th Street","name":""},
  {"lat":40.75119,"lon":-73.984596,"city":"New York City","state":"NY","address":"25 West 37th St","name":""},
  {"lat":40.740642,"lon":-73.985208,"city":"New York City","state":"NY","address":"111 East 24th Street","name":""},
  {"lat":40.754011,"lon":-73.993972,"city":"New York City","state":"NY","address":"338 West 36th Street","name":""},
  {"lat":40.75938,"lon":-73.98636,"city":"New York City","state":"NY","address":"223 West 46 Street","name":""},
  {"lat":40.746782,"lon":-73.992421,"city":"New York City","state":"NY","address":"140 West 28th Street","name":""},
  {"lat":41.063364,"lon":-73.84332,"city":"Tarrytown","state":"NY","address":"480 White Plains Road","name":""},
  {"lat":40.952936,"lon":-73.820397,"city":"Tuckahoe","state":"NY","address":"109 Marbledale Road","name":""},
  {"lat":39.762961,"lon":-84.056543,"city":"Beavercreek","state":"OH","address":"2663 Fairfield Commons Drive","name":""},
  {"lat":41.02223,"lon":-80.726034,"city":"Canfield","state":"OH","address":"4100 Westford Pl","name":""},
  {"lat":39.117832,"lon":-84.498989,"city":"Cincinnati","state":"OH","address":"610 Eden Park Drive","name":""},
  {"lat":39.259956,"lon":-84.378981,"city":"Cincinnati","state":"OH","address":"4650 Creek Road","name":""},
  {"lat":39.296807,"lon":-84.525223,"city":"Cincinnati","state":"OH","address":"12001 Chase Plaza Drive","name":""},
  {"lat":40.058867,"lon":-82.907111,"city":"Columbus","state":"OH","address":"4048 Morse Road","name":""},
  {"lat":39.988721,"lon":-83.026092,"city":"Columbus","state":"OH","address":"1421 Olentangy River Road","name":""},
  {"lat":39.98096,"lon":-83.14736,"city":"Columbus","state":"OH","address":"5600 Trabue Road","name":""},
  {"lat":40.003373,"lon":-82.859101,"city":"Columbus","state":"OH","address":"665 Taylor Road","name":""},
  {"lat":39.646277,"lon":-84.224442,"city":"Dayton","state":"OH","address":"417 Springboro Pike","name":""},
  {"lat":39.849667,"lon":-84.193811,"city":"Dayton","state":"OH","address":"3591 York Plaza Lane","name":""},
  {"lat":40.10232,"lon":-83.108181,"city":"Dublin","state":"OH","address":"4475 Bridge Park Ave.","name":""},
  {"lat":41.399214,"lon":-81.649636,"city":"Independence","state":"OH","address":"6060 Rockside Place","name":""},
  {"lat":39.334817,"lon":-84.285642,"city":"Mason","state":"OH","address":"7100 Stress Engineering Way","name":""},
  {"lat":40.864846,"lon":-81.430483,"city":"North Canton","state":"OH","address":"5770 Dressler Road NW","name":""},
  {"lat":41.396898,"lon":-81.466113,"city":"Solon","state":"OH","address":"30100 Aurora Road","name":""},
  {"lat":40.05926,"lon":-84.23366,"city":"Troy","state":"OH","address":"1825 Towne Park Drive","name":""},
  {"lat":34.200431,"lon":-97.161639,"city":"Ardmore","state":"OK","address":"2501 Centennial Drive North","name":""},
  {"lat":35.442972,"lon":-97.425586,"city":"Del City","state":"OK","address":"5400 Main Street","name":""},
  {"lat":36.389,"lon":-97.949,"city":"Enid","state":"OK","address":"5815 KL Drive","name":""},
  {"lat":35.347076,"lon":-97.497692,"city":"Moore","state":"OK","address":"613 NW 8th ST","name":""},
  {"lat":35.465572,"lon":-97.503217,"city":"Oklahoma City","state":"OK","address":"600 East Sheridan Avenue","name":""},
  {"lat":35.461458,"lon":-97.618758,"city":"Oklahoma City","state":"OK","address":"510 South MacArthur Boulevard","name":""},
  {"lat":35.609864,"lon":-97.573856,"city":"Oklahoma City","state":"OK","address":"3201 W. Memorial Road","name":""},
  {"lat":36.119186,"lon":-97.117292,"city":"Stillwater","state":"OK","address":"315 South CSTAR Boulevard","name":""},
  {"lat":36.058782,"lon":-95.851979,"city":"Tulsa","state":"OK","address":"11015 East 73rd Street","name":""},
  {"lat":36.047866,"lon":-96.008967,"city":"Tulsa","state":"OK","address":"1521 West 80th Street South","name":""},
  {"lat":44.050344,"lon":-121.315219,"city":"Bend","state":"OR","address":"551 SW Industrial Way","name":""},
  {"lat":45.537821,"lon":-122.901711,"city":"Hillsboro","state":"OR","address":"7351 NE Butler Street","name":""},
  {"lat":42.366763,"lon":-122.879223,"city":"Medford","state":"OR","address":"3519 Heathrow Way","name":""},
  {"lat":42.309825,"lon":-122.853095,"city":"Medford","state":"OR","address":"1389 Center Drive","name":""},
  {"lat":45.566806,"lon":-122.540919,"city":"Portland","state":"OR","address":"11922 NE Airport Way","name":""},
  {"lat":40.860692,"lon":-79.894314,"city":"Butler","state":"PA","address":"125 East Jefferson Street","name":""},
  {"lat":40.22552,"lon":-76.93576,"city":"Camp Hill","state":"PA","address":"3535 Gettysburg Road","name":""},
  {"lat":40.550514,"lon":-75.423431,"city":"Center Valley","state":"PA","address":"3800 West Drive","name":""},
  {"lat":39.936181,"lon":-77.632517,"city":"Chambersburg","state":"PA","address":"451 Gateway Avenue","name":""},
  {"lat":40.458677,"lon":-80.184155,"city":"Coraopolis","state":"PA","address":"2500 Market Place Boulevard","name":""},
  {"lat":40.720976,"lon":-75.294017,"city":"Easton","state":"PA","address":"3774 Eastgate Blvd","name":""},
  {"lat":42.062868,"lon":-80.104589,"city":"Erie","state":"PA","address":"2087 Interchange Road","name":""},
  {"lat":40.068408,"lon":-75.674944,"city":"Exton","state":"PA","address":"730 East Eagleview Boulevard","name":""},
  {"lat":40.303757,"lon":-76.85473,"city":"Harrisburg","state":"PA","address":"15 Capital Drive at I-81 Progress Avenue Exit 69","name":""},
  {"lat":40.299837,"lon":-76.689794,"city":"Hershey","state":"PA","address":"115 Museum Drive","name":""},
  {"lat":40.105513,"lon":-75.409986,"city":"King of Prussia","state":"PA","address":"875 Mancill Mill Road","name":""},
  {"lat":40.18672,"lon":-74.870891,"city":"Langhorne","state":"PA","address":"200 North Buckstown Drive","name":""},
  {"lat":40.280541,"lon":-79.39101,"city":"Latrobe","state":"PA","address":"115 Arnold Palmer Dr","name":""},
  {"lat":40.435075,"lon":-79.754855,"city":"Monroeville","state":"PA","address":"122 Daugherty Drive","name":""},
  {"lat":41.362324,"lon":-75.680873,"city":"Moosic","state":"PA","address":"19 Radcliffe Drive","name":""},
  {"lat":40.382479,"lon":-80.044018,"city":"Mt. Lebanon","state":"PA","address":"611 Washington Road","name":""},
  {"lat":40.448507,"lon":-80.004328,"city":"Pittsburgh","state":"PA","address":"223 Federal Street","name":""},
  {"lat":40.426854,"lon":-79.96197,"city":"Pittsburgh","state":"PA","address":"2950 South Water Street","name":""},
  {"lat":40.456778,"lon":-79.914989,"city":"Pittsburgh","state":"PA","address":"134 Bakery Square Boulevard","name":""},
  {"lat":40.112815,"lon":-75.287183,"city":"Plymouth Meeting","state":"PA","address":"430 Plymouth Road","name":""},
  {"lat":40.435495,"lon":-75.416078,"city":"Quakertown","state":"PA","address":"1930 John Fries Highway","name":""},
  {"lat":39.866555,"lon":-75.315659,"city":"Ridley Park","state":"PA","address":"201 Industrial Highway","name":""},
  {"lat":40.81705,"lon":-77.897279,"city":"State College","state":"PA","address":"1935 Waddle Road","name":""},
  {"lat":40.570678,"lon":-79.804627,"city":"Tarentum","state":"PA","address":"3015 Pittsburgh Mills Blvd","name":""},
  {"lat":40.182607,"lon":-80.22357,"city":"Washington","state":"PA","address":"16 Trinity Point Drive","name":""},
  {"lat":40.347669,"lon":-79.951879,"city":"West Mifflin","state":"PA","address":"1000 Regis Avenue","name":""},
  {"lat":41.668515,"lon":-71.503825,"city":"West Warwick","state":"RI","address":"14 James P. Murphy Industrial Highway","name":""},
  {"lat":32.442621,"lon":-80.696404,"city":"Beaufort","state":"SC","address":"2227 Boundary Street","name":""},
  {"lat":34.222046,"lon":-80.595839,"city":"Camden","state":"SC","address":"140 Wall Street","name":""},
  {"lat":32.777912,"lon":-79.963613,"city":"Charleston","state":"SC","address":"98 Ripley Point Drive","name":""},
  {"lat":34.698801,"lon":-79.881986,"city":"Cheraw","state":"SC","address":"201 Front Street","name":""},
  {"lat":33.999503,"lon":-81.044402,"city":"Columbia","state":"SC","address":"511 Lady Street","name":""},
  {"lat":33.96978,"lon":-80.9524,"city":"Columbia","state":"SC","address":"170 E Exchange Blvd","name":""},
  {"lat":34.18912,"lon":-79.834796,"city":"Florence","state":"SC","address":"2670 Hospitality Boulevard","name":""},
  {"lat":34.849714,"lon":-82.397125,"city":"Greenville","state":"SC","address":"200 East Washington Street","name":""},
  {"lat":32.17555,"lon":-80.733344,"city":"Hilton Head Island","state":"SC","address":"One Marina Side Drive","name":""},
  {"lat":32.799822,"lon":-79.895644,"city":"Mount Pleasant","state":"SC","address":"245 Magrath Darby Boulevard","name":""},
  {"lat":33.700692,"lon":-78.870464,"city":"Myrtle Beach","state":"SC","address":"2006 North Ocean Boulevard","name":""},
  {"lat":32.938912,"lon":-80.052522,"city":"North Charleston","state":"SC","address":"7535 North Forest Drive","name":""},
  {"lat":32.863944,"lon":-80.023264,"city":"North Charleston","state":"SC","address":"3454 West Montague Avenue","name":""},
  {"lat":33.556327,"lon":-80.822611,"city":"Orangeburg","state":"SC","address":"675 Citadel Road","name":""},
  {"lat":33.962003,"lon":-80.400853,"city":"Sumter","state":"SC","address":"2645 Broad Street","name":""},
  {"lat":44.385704,"lon":-103.719097,"city":"Deadwood","state":"SD","address":"322 Main Street","name":""},
  {"lat":43.5143,"lon":-96.778535,"city":"Sioux Falls","state":"SD","address":"4304 W. Empire Place","name":""},
  {"lat":35.260149,"lon":-89.666917,"city":"Arlington","state":"TN","address":"4921 Fair Springs Cove","name":""},
  {"lat":36.034839,"lon":-86.7843,"city":"Brentwood","state":"TN","address":"7109 Town Center Way","name":""},
  {"lat":35.054214,"lon":-85.320586,"city":"Chattanooga","state":"TN","address":"495 Riverfront Parkway","name":""},
  {"lat":35.936556,"lon":-86.827444,"city":"Franklin","state":"TN","address":"5011 Aspen Grove Drive","name":""},
  {"lat":35.676617,"lon":-88.785786,"city":"Jackson","state":"TN","address":"2407 Christmasville Cove","name":""},
  {"lat":35.903716,"lon":-84.148969,"city":"Knoxville","state":"TN","address":"10955 Turkey Drive","name":""},
  {"lat":35.146163,"lon":-90.052834,"city":"Memphis","state":"TN","address":"85 West Court Avenue","name":""},
  {"lat":35.200562,"lon":-89.784387,"city":"Memphis","state":"TN","address":"2800 New Brunswick Road","name":""},
  {"lat":36.156375,"lon":-86.775306,"city":"Nashville","state":"TN","address":"410 Rep John Lewis Way South","name":""},
  {"lat":36.153397,"lon":-86.796521,"city":"Nashville","state":"TN","address":"1800 West End Avenue","name":""},
  {"lat":36.194579,"lon":-86.800482,"city":"Nashville","state":"TN","address":"250 Athens Way","name":""},
  {"lat":35.08428,"lon":-85.069797,"city":"Ooltewah","state":"TN","address":"8876 Old Lee Highway","name":""},
  {"lat":35.809478,"lon":-83.575519,"city":"Pigeon Forge","state":"TN","address":"120 Christmas Tree Lane","name":""},
  {"lat":32.4865,"lon":-99.7051,"city":"Abilene","state":"TX","address":"2525 N Judge Ely Blvd","name":""},
  {"lat":32.957267,"lon":-96.82722,"city":"Addison","state":"TX","address":"15255 Quorum Drive","name":""},
  {"lat":35.188603,"lon":-101.931825,"city":"Amarillo","state":"TX","address":"2301 Cinema Drive","name":""},
  {"lat":32.762971,"lon":-97.078913,"city":"Arlington","state":"TX","address":"1975 E. Lamar Blvd","name":""},
  {"lat":30.445649,"lon":-97.785211,"city":"Austin","state":"TX","address":"13309 North US Highway 183","name":""},
  {"lat":30.3989,"lon":-97.732443,"city":"Austin","state":"TX","address":"10936 Stonelake Blvd.","name":""},
  {"lat":30.406868,"lon":-97.675348,"city":"Austin","state":"TX","address":"12520 North IH-35","name":""},
  {"lat":30.210653,"lon":-97.754084,"city":"Austin","state":"TX","address":"4501 South IH-35","name":""},
  {"lat":29.805241,"lon":-94.980563,"city":"Baytown","state":"TX","address":"5169 East Freeway","name":""},
  {"lat":30.525767,"lon":-97.820917,"city":"Cedar Park","state":"TX","address":"1110 Discovery Boulevard","name":""},
  {"lat":32.926038,"lon":-96.991937,"city":"Coppell","state":"TX","address":"150 Hackberry RD","name":""},
  {"lat":27.718134,"lon":-97.392996,"city":"Corpus Christi","state":"TX","address":"4331 South Padre Island Drive","name":""},
  {"lat":32.997969,"lon":-96.762225,"city":"Dallas","state":"TX","address":"18180 Highland Springs Way","name":""},
  {"lat":32.782941,"lon":-96.80652,"city":"Dallas","state":"TX","address":"1907 N. Lamar St","name":""},
  {"lat":32.856188,"lon":-96.886104,"city":"Dallas","state":"TX","address":"2363 Stemmons Trail","name":""},
  {"lat":32.885,"lon":-96.770897,"city":"Dallas","state":"TX","address":"10111 North Central Expressway","name":""},
  {"lat":33.199311,"lon":-97.129226,"city":"Denton","state":"TX","address":"1434 Centre Place Drive","name":""},
  {"lat":31.785814,"lon":-106.394767,"city":"El Paso","state":"TX","address":"1300 Airway Boulevard, Building E","name":""},
  {"lat":31.835816,"lon":-106.567043,"city":"El Paso","state":"TX","address":"7518 Remcon Circle","name":""},
  {"lat":32.827367,"lon":-97.059544,"city":"Fort Worth","state":"TX","address":"4360 Highway 360","name":""},
  {"lat":32.731649,"lon":-97.364909,"city":"Fort Worth","state":"TX","address":"3250 Lovell Avenue","name":""},
  {"lat":32.841022,"lon":-97.300564,"city":"Fort Worth","state":"TX","address":"5301 North Riverside Drive","name":""},
  {"lat":32.786339,"lon":-97.349433,"city":"Fort Worth","state":"TX","address":"2315 North Main Street","name":""},
  {"lat":29.288172,"lon":-94.840373,"city":"Galveston","state":"TX","address":"6303 Broadway St.","name":""},
  {"lat":32.962076,"lon":-97.045734,"city":"Grapevine","state":"TX","address":"2240 W. Grapevine Mills Circle","name":""},
  {"lat":29.714778,"lon":-95.560237,"city":"Houston","state":"TX","address":"5851 Rogerdale Road","name":""},
  {"lat":29.921941,"lon":-95.620924,"city":"Houston","state":"TX","address":"20350 Northwest Freeway","name":""},
  {"lat":29.948655,"lon":-95.331247,"city":"Houston","state":"TX","address":"15840 John F Kennedy Boulevard","name":""},
  {"lat":29.992935,"lon":-95.425369,"city":"Houston","state":"TX","address":"15555 North Freeway","name":""},
  {"lat":29.985743,"lon":-95.571807,"city":"Houston","state":"TX","address":"20303 Chasewood Park Drive","name":""},
  {"lat":29.693564,"lon":-95.409642,"city":"Houston","state":"TX","address":"1400 Old Spanish Trail","name":""},
  {"lat":29.654482,"lon":-95.253832,"city":"Houston","state":"TX","address":"7922 Mosley Road","name":""},
  {"lat":29.806584,"lon":-95.445965,"city":"Houston","state":"TX","address":"2750 North Loop West","name":""},
  {"lat":29.754975,"lon":-95.366924,"city":"Houston","state":"TX","address":"914 Dallas Street","name":""},
  {"lat":32.891917,"lon":-96.97146,"city":"Irving","state":"TX","address":"5800 High Point Drive","name":""},
  {"lat":29.781952,"lon":-95.810513,"city":"Katy","state":"TX","address":"2501 Texmati Dr.","name":""},
  {"lat":30.33181,"lon":-97.968892,"city":"Lakeway","state":"TX","address":"322 Medical Parkway","name":""},
  {"lat":27.556166,"lon":-99.504218,"city":"Laredo","state":"TX","address":"5940 San Bernardo Ave.","name":""},
  {"lat":32.998072,"lon":-96.968668,"city":"Lewisville","state":"TX","address":"720 East Vista Ridge Mall Drive","name":""},
  {"lat":32.51995,"lon":-95.41019,"city":"Lindale","state":"TX","address":"505 North Main Street","name":""},
  {"lat":32.572203,"lon":-97.086733,"city":"Mansfield","state":"TX","address":"3126 East Broad Street","name":""},
  {"lat":26.19292,"lon":-98.265342,"city":"McAllen","state":"TX","address":"1800 South Ware Road","name":""},
  {"lat":33.176262,"lon":-96.64138,"city":"McKinney","state":"TX","address":"2660 South Central Expressway","name":""},
  {"lat":31.992727,"lon":-102.160023,"city":"Midland","state":"TX","address":"5716 Deauville Boulevard","name":""},
  {"lat":29.579422,"lon":-95.382299,"city":"Pearland","state":"TX","address":"1820 Country Place Parkway","name":""},
  {"lat":33.092821,"lon":-96.802636,"city":"Plano","state":"TX","address":"8401 Angels Drive","name":""},
  {"lat":32.989735,"lon":-96.666499,"city":"Richardson","state":"TX","address":"3251 E President George Bush Turnpike","name":""},
  {"lat":32.892783,"lon":-96.479192,"city":"Rockwall","state":"TX","address":"2601 Lakefront Trail","name":""},
  {"lat":29.540412,"lon":-95.749525,"city":"Rosenberg","state":"TX","address":"6815 Reading Road","name":""},
  {"lat":30.540399,"lon":-97.692954,"city":"Round Rock","state":"TX","address":"2960 Hoppe Trail","name":""},
  {"lat":31.439676,"lon":-100.496308,"city":"San Angelo","state":"TX","address":"2544 Southwest Boulevard","name":""},
  {"lat":29.493809,"lon":-98.554044,"city":"San Antonio","state":"TX","address":"3636 NW Loop 410","name":""},
  {"lat":29.420362,"lon":-98.490527,"city":"San Antonio","state":"TX","address":"524 South Saint Mary's Street","name":""},
  {"lat":29.518688,"lon":-98.473241,"city":"San Antonio","state":"TX","address":"514 Northeast Loop 410","name":""},
  {"lat":29.618471,"lon":-98.600854,"city":"San Antonio","state":"TX","address":"18119 Talavera Ridge","name":""},
  {"lat":29.425807,"lon":-98.483132,"city":"San Antonio","state":"TX","address":"411 Bowie Street","name":""},
  {"lat":29.439929,"lon":-98.641421,"city":"San Antonio","state":"TX","address":"138 Richland Hills Drive","name":""},
  {"lat":29.562193,"lon":-95.028345,"city":"Seabrook","state":"TX","address":"2120 NASA Parkway","name":""},
  {"lat":29.626017,"lon":-95.598327,"city":"Sugar Land","state":"TX","address":"13434 Southwest Freeway","name":""},
  {"lat":29.426567,"lon":-95.062094,"city":"Texas City","state":"TX","address":"13202 Outlets Boulevard","name":""},
  {"lat":30.21341,"lon":-95.457242,"city":"The Woodlands","state":"TX","address":"16520 Interstate 45 South","name":""},
  {"lat":31.559999,"lon":-97.118281,"city":"Waco","state":"TX","address":"115 South Jack Kultgen Expressway","name":""},
  {"lat":29.524583,"lon":-95.122724,"city":"Webster","state":"TX","address":"1101 Magnolia Avenue","name":""},
  {"lat":32.743011,"lon":-97.657967,"city":"Willow Park","state":"TX","address":"500 Shops Boulevard","name":""},
  {"lat":31.503953,"lon":-97.200719,"city":"Woodway","state":"TX","address":"200 Colonnade Parkway","name":""},
  {"lat":37.698532,"lon":-112.184768,"city":"Bryce","state":"UT","address":"1400 W Jet Dr","name":""},
  {"lat":37.65144,"lon":-113.082136,"city":"Cedar City","state":"UT","address":"1477 South Old Hwy 91","name":""},
  {"lat":40.531033,"lon":-111.890852,"city":"Draper","state":"UT","address":"12111 South State Street","name":""},
  {"lat":37.04425,"lon":-112.51704,"city":"Kanab","state":"UT","address":"635 E 300 S","name":""},
  {"lat":40.427657,"lon":-111.888757,"city":"Lehi","state":"UT","address":"2447 West Executive Parkway","name":""},
  {"lat":41.720431,"lon":-111.835075,"city":"Logan","state":"UT","address":"635 South Riverwoods Parkway","name":""},
  {"lat":38.605615,"lon":-109.582588,"city":"Moab","state":"UT","address":"1865 North Highway 191","name":""},
  {"lat":40.255175,"lon":-111.661705,"city":"Provo","state":"UT","address":"1580 North Freedom Boulevard","name":""},
  {"lat":40.773118,"lon":-112.008983,"city":"Salt Lake City","state":"UT","address":"4955 Wiley Post Way","name":""},
  {"lat":40.722978,"lon":-111.854867,"city":"Salt Lake City","state":"UT","address":"2206 South 1300 East","name":""},
  {"lat":40.755745,"lon":-111.899699,"city":"Salt Lake City","state":"UT","address":"625 South 300 West","name":""},
  {"lat":40.546306,"lon":-111.982517,"city":"South Jordan","state":"UT","address":"11280 South River Heights Drive","name":""},
  {"lat":37.184314,"lon":-113.001786,"city":"Springdale","state":"UT","address":"1141 Canyon Springs Drive","name":""},
  {"lat":40.448858,"lon":-109.551872,"city":"Vernal","state":"UT","address":"1205 West Highway 40","name":""},
  {"lat":37.132697,"lon":-113.525939,"city":"Washington","state":"UT","address":"122 North Green Spring Drive","name":""},
  {"lat":40.695298,"lon":-111.953218,"city":"West Valley City","state":"UT","address":"3662 S. 2400 W.","name":""},
  {"lat":38.785063,"lon":-77.070213,"city":"Alexandria","state":"VA","address":"6065 Richmond Highway","name":""},
  {"lat":38.801923,"lon":-77.079263,"city":"Alexandria","state":"VA","address":"2950 Eisenhower Avenue","name":""},
  {"lat":39.059695,"lon":-77.450711,"city":"Ashburn","state":"VA","address":"20065 Lakeview Center Plaza","name":""},
  {"lat":38.841182,"lon":-77.440617,"city":"Centreville","state":"VA","address":"5920 Trinity Parkway","name":""},
  {"lat":36.778544,"lon":-76.240831,"city":"Chesapeake","state":"VA","address":"1446 Crossways Boulevard","name":""},
  {"lat":37.357611,"lon":-77.407051,"city":"Chester","state":"VA","address":"12301 Redwater Creek Road","name":""},
  {"lat":38.853774,"lon":-77.33789,"city":"Fairfax","state":"VA","address":"11191 Waples Mill Road","name":""},
  {"lat":38.789329,"lon":-77.605363,"city":"Gainesville","state":"VA","address":"7921 Gateway Promenade Place","name":""},
  {"lat":37.664774,"lon":-77.460513,"city":"Glen Allen","state":"VA","address":"9701 Brook Road","name":""},
  {"lat":37.035526,"lon":-76.394341,"city":"Hampton","state":"VA","address":"1997 Power Plant Parkway","name":""},
  {"lat":37.63928,"lon":-77.569522,"city":"Henrico","state":"VA","address":"9960 Independence Park Drive","name":""},
  {"lat":38.959516,"lon":-77.372461,"city":"Herndon","state":"VA","address":"138 Spring Street","name":""},
  {"lat":37.335075,"lon":-79.191357,"city":"Lynchburg","state":"VA","address":"15171 Wards Road","name":""},
  {"lat":36.884896,"lon":-76.302386,"city":"Norfolk","state":"VA","address":"4500 Hampton Boulevard","name":""},
  {"lat":36.842699,"lon":-76.186184,"city":"Norfolk","state":"VA","address":"6350 Newtown Rd","name":""},
  {"lat":37.256028,"lon":-79.946842,"city":"Roanoke","state":"VA","address":"301 Reserve Avenue SW","name":""},
  {"lat":37.358866,"lon":-79.960166,"city":"Roanoke","state":"VA","address":"8171 Gander Way","name":""},
  {"lat":37.51997,"lon":-77.341434,"city":"Sandston","state":"VA","address":"5246 Airport square lane","name":""},
  {"lat":38.991103,"lon":-77.428801,"city":"Sterling","state":"VA","address":"22595 Shaw Road","name":""},
  {"lat":36.838014,"lon":-75.971761,"city":"Virginia Beach","state":"VA","address":"901 Atlantic Avenue","name":""},
  {"lat":37.294571,"lon":-76.725052,"city":"Williamsburg","state":"VA","address":"1644 Richmond Road","name":""},
  {"lat":39.223744,"lon":-78.131614,"city":"Winchester","state":"VA","address":"280 Market Street","name":""},
  {"lat":38.654885,"lon":-77.283934,"city":"Woodbridge","state":"VA","address":"14325 Crossing Place","name":""},
  {"lat":48.788409,"lon":-122.506024,"city":"Bellingham","state":"WA","address":"4040 Northwest Avenue","name":""},
  {"lat":47.54276,"lon":-122.05644,"city":"Issaquah","state":"WA","address":"1185 NW Maple Street","name":""},
  {"lat":46.21775,"lon":-119.217289,"city":"Kennewick","state":"WA","address":"7048 West Grandridge Boulevard","name":""},
  {"lat":47.617681,"lon":-122.329713,"city":"Seattle","state":"WA","address":"1800 Yale Avenue","name":""},
  {"lat":47.619952,"lon":-117.535831,"city":"Spokane","state":"WA","address":"8967 West Airport Drive","name":""},
  {"lat":45.61133,"lon":-122.5023,"city":"Vancouver","state":"WA","address":"1421 SE Tech Center Dr","name":""},
  {"lat":47.44941,"lon":-120.331678,"city":"Wenatchee","state":"WA","address":"1730 N Wenatchee Ave","name":""},
  {"lat":44.79991,"lon":-91.52515,"city":"Eau Claire","state":"WI","address":"1111 Menomonie St.","name":""},
  {"lat":43.011235,"lon":-89.477791,"city":"Fitchburg","state":"WI","address":"6245 Limestone Lane","name":""},
  {"lat":44.49672,"lon":-88.051463,"city":"Green Bay","state":"WI","address":"1011 Tony Canadeo Run","name":""},
  {"lat":42.564699,"lon":-87.959328,"city":"Kenosha","state":"WI","address":"7653 125th Ave","name":""},
  {"lat":43.074061,"lon":-89.454839,"city":"Madison","state":"WI","address":"4601 Frey Street","name":""},
  {"lat":43.183454,"lon":-88.107759,"city":"Menomonee Falls","state":"WI","address":"N 91 W 15901 Falls Parkway","name":""},
  {"lat":43.039563,"lon":-87.915746,"city":"Milwaukee","state":"WI","address":"744 Vel R Phillips Avenue","name":""},
  {"lat":43.044886,"lon":-88.042569,"city":"Wauwatosa","state":"WI","address":"10411 West Watertown Plank Road","name":""},
  {"lat":43.59546,"lon":-89.793891,"city":"Wisconsin Dells","state":"WI","address":"461 Wisconsin Dells Parkway","name":""},
  {"lat":39.280505,"lon":-80.276464,"city":"Bridgeport","state":"WV","address":"97 Platinum Drive","name":""},
  {"lat":39.618578,"lon":-79.923812,"city":"Morgantown","state":"WV","address":"1910 Hunter's Way","name":""},
  {"lat":40.077422,"lon":-80.692679,"city":"Wheeling","state":"WV","address":"908 National Road","name":""},
  {"lat":41.117563,"lon":-104.808675,"city":"Cheyenne","state":"WY","address":"416 W. Fox Farm Road","name":""},
  {"lat":43.477428,"lon":-110.764414,"city":"Jackson","state":"WY","address":"150 West Simpson Avenue","name":""}]}