{"key":"ta","displayName":"TA Travel Center","category":"gas_station","useLocationName":false,"locations":[
  {"lat":37.1101,"lon":-121.0147,"city":"Santa Nella","state":"CA","address":"12310 State Highway 33","name":""},
  {"lat":34.0649,"lon":-117.5599,"city":"Ontario","state":"CA","address":"4265 East Guasti Road","name":""},
  {"lat":35.401,"lon":-119.3961,"city":"Buttonwillow","state":"CA","address":"27769 Lagoon Drive","name":""},
  {"lat":40.5048,"lon":-122.3349,"city":"Redding","state":"CA","address":"19483 Knighton Road","name":""},
  {"lat":33.7139,"lon":-116.1756,"city":"Coachella","state":"CA","address":"46155 Dillon Road","name":""},
  {"lat":34.0647,"lon":-117.5566,"city":"Ontario","state":"CA","address":"4325 E. Guasti Rd.","name":""},
  {"lat":35.22159,"lon":-112.497545,"city":"Ash Fork","state":"AZ","address":"950 W Old Highway 66","name":""},
  {"lat":33.459693,"lon":-112.205513,"city":"Phoenix","state":"AZ","address":"6741 W Latham St","name":""},
  {"lat":36.89331,"lon":-113.93172,"city":"Littlefield","state":"AZ","address":"3225 E Rincon Road","name":""},
  {"lat":35.1779,"lon":-113.7887,"city":"Kingman","state":"AZ","address":"970 South Blake Ranch Road","name":""},
  {"lat":32.8124,"lon":-111.6702,"city":"Casa Grande","state":"AZ","address":"5235 N. Sunland Gin Rd.","name":""},
  {"lat":35.684,"lon":-114.4672,"city":"White Hills","state":"AZ","address":"19210 US Hwy 93","name":""},
  {"lat":34.9054,"lon":-110.2108,"city":"Holbrook","state":"AZ","address":"3747 Express Drive","name":""},
  {"lat":32.2688,"lon":-109.8479,"city":"Willcox","state":"AZ","address":"1501 North Fort Grant Road","name":""},
  {"lat":33.4587,"lon":-112.7823,"city":"Tonopah","state":"AZ","address":"1010 N. 339th Avenue","name":""},
  {"lat":41.6122,"lon":-109.22972,"city":"Rock Springs","state":"WY","address":"1620 Elk Street","name":""},
  {"lat":41.3287,"lon":-105.6194,"city":"Laramie","state":"WY","address":"1855 West Curtis","name":""},
  {"lat":41.7762,"lon":-107.2243,"city":"Rawlins","state":"WY","address":"1400 Higley Blvd., Exit 214","name":""},
  {"lat":41.3144,"lon":-110.5095,"city":"Ft. Bridger","state":"WY","address":"I-80 at Bigelow Road, Exit 30","name":""},
  {"lat":41.1602,"lon":-104.5207,"city":"Burns","state":"WY","address":"4000 I-80 Service Road","name":""},
  {"lat":39.19482,"lon":-81.52601,"city":"Mineral Wells","state":"WV","address":"470 Frontage Road","name":""},
  {"lat":38.4543,"lon":-81.935,"city":"Hurricane","state":"WV","address":"4195 State Route 34","name":""},
  {"lat":40.0694,"lon":-80.5677,"city":"Valley Grove","state":"WV","address":"270 W. Alexander Road","name":""},
  {"lat":44.9655,"lon":-92.6785,"city":"Hudson","state":"WI","address":"713 Hwy 12","name":""},
  {"lat":42.72512,"lon":-87.955725,"city":"Sturtevant","state":"WI","address":"717 S. Sylvania Avenue","name":""},
  {"lat":43.88579,"lon":-90.14664,"city":"New Lisbon","state":"WI","address":"1700 E Bridge Street","name":""},
  {"lat":44.57829,"lon":-91.19926,"city":"Osseo","state":"WI","address":"12613 Gunderson Road","name":""},
  {"lat":43.4864,"lon":-89.498,"city":"Portage","state":"WI","address":"North 5800 Kinney Rd.","name":""},
  {"lat":42.7143,"lon":-88.9793,"city":"Janesville","state":"WI","address":"3222 Hwy. 14 East","name":""},
  {"lat":43.1745,"lon":-89.3255,"city":"DeForest","state":"WI","address":"5901 Highway 51","name":""},
  {"lat":48.99126,"lon":-122.73412,"city":"Blaine","state":"WA","address":"1300 Boblett St","name":""},
  {"lat":47.5906,"lon":-117.5612,"city":"Spokane","state":"WA","address":"10506 West Aero Road","name":""},
  {"lat":47.4683,"lon":-121.7181,"city":"North Bend","state":"WA","address":"46630 North Bend Way","name":""},
  {"lat":36.940594,"lon":-77.735223,"city":"Warfield","state":"VA","address":"12461 Old Stage Rd.","name":""},
  {"lat":36.976941,"lon":-77.394313,"city":"Stony Creek","state":"VA","address":"10396 Blue Star Hwy","name":""},
  {"lat":36.977708,"lon":-77.395497,"city":"Stony Creek","state":"VA","address":"13306 St. John Church Road","name":""},
  {"lat":37.8318,"lon":-79.3779,"city":"Lexington","state":"VA","address":"2516 N. Lee Highway","name":""},
  {"lat":37.929,"lon":-79.2292,"city":"Raphine","state":"VA","address":"2440 Raphine Road","name":""},
  {"lat":36.7708,"lon":-81.7793,"city":"Glade Spring","state":"VA","address":"12433 Maple St.","name":""},
  {"lat":36.9651,"lon":-81.0676,"city":"Wytheville","state":"VA","address":"1025 Peppers Ferry Road","name":""},
  {"lat":37.7237,"lon":-77.4479,"city":"Ashland","state":"VA","address":"10134 Lewistown Road","name":""},
  {"lat":37.7598,"lon":-77.4631,"city":"Ashland","state":"VA","address":"100 North Carter Rd","name":""},
  {"lat":38.95037,"lon":-112.35277,"city":"Fillmore","state":"UT","address":"885 S Park Ave","name":""},
  {"lat":37.8607,"lon":-112.8291,"city":"Parowan","state":"UT","address":"1130 N. 100 W.","name":""},
  {"lat":40.6899,"lon":-112.2629,"city":"Salt Lake City","state":"UT","address":"8836 North Highway 40","name":""},
  {"lat":28.8996,"lon":-99.1158,"city":"Pearsall","state":"TX","address":"110 S. I-35 Frontage Rd.","name":""},
  {"lat":32.0794,"lon":-97.0552,"city":"Hillsboro","state":"TX","address":"101 Cornelius Road","name":""},
  {"lat":27.53175,"lon":-97.84155,"city":"Kingsville","state":"TX","address":"2104 E. Corral Ave","name":""},
  {"lat":33.202658,"lon":-97.568429,"city":"Decatur","state":"TX","address":"3400 S US Highway 287","name":""},
  {"lat":29.93796,"lon":-95.37247,"city":"Houston","state":"TX","address":"1104 N Sam Houston Pkwy E","name":""},
  {"lat":30.41758,"lon":-99.67229,"city":"Junction","state":"TX","address":"115 S Segovia Access Rd","name":""},
  {"lat":30.44618,"lon":-95.03022,"city":"Shepherd","state":"TX","address":"10100 US Highway 59","name":""},
  {"lat":29.80378,"lon":-95.26491,"city":"Houston","state":"TX","address":"4808 N McCarty Street","name":""},
  {"lat":28.995209,"lon":-98.433321,"city":"Pleasanton","state":"TX","address":"109963 Interstate 37","name":""},
  {"lat":30.739137,"lon":-95.591114,"city":"Huntsville","state":"TX","address":"500 I-45","name":""},
  {"lat":32.44859,"lon":-100.44327,"city":"Sweetwater","state":"TX","address":"100 South Hopkins Rd","name":""},
  {"lat":31.9581,"lon":-106.58,"city":"Canutillo","state":"TX","address":"601 Westway Blvd.","name":""},
  {"lat":32.0455,"lon":-97.092,"city":"Hillsboro","state":"TX","address":"160 State Hwy 77","name":""},
  {"lat":35.1917,"lon":-101.7437,"city":"Amarillo","state":"TX","address":"8500 E I-40 @ Lakeside Drive","name":""},
  {"lat":29.4376,"lon":-98.3799,"city":"San Antonio","state":"TX","address":"1112 Ackerman Road","name":""},
  {"lat":30.037,"lon":-94.1561,"city":"Beaumont","state":"TX","address":"5405 Walden Rd","name":""},
  {"lat":32.7389,"lon":-97.7654,"city":"Weatherford","state":"TX","address":"2001 Santa Fe Dr","name":""},
  {"lat":31.6609,"lon":-106.2424,"city":"El Paso","state":"TX","address":"1295 Horizon Blvd.","name":""},
  {"lat":32.12982,"lon":-94.3326,"city":"Carthage","state":"TX","address":"1086 US 59 South","name":""},
  {"lat":31.72559,"lon":-96.17767,"city":"Fairfield","state":"TX","address":"1015 West Commerce St","name":""},
  {"lat":31.65211,"lon":-94.67876,"city":"Nacogdoches","state":"TX","address":"2615 NW Stallings Drive","name":""},
  {"lat":33.14914,"lon":-95.20939,"city":"Mount Vernon","state":"TX","address":"300 SE Access Rd","name":""},
  {"lat":29.6141,"lon":-95.38816,"city":"Almeda","state":"TX","address":"12602 South Freeway","name":""},
  {"lat":32.428842,"lon":-94.864307,"city":"Kilgore","state":"TX","address":"4403 TX - 42","name":""},
  {"lat":29.77736,"lon":-94.91346,"city":"Baytown","state":"TX","address":"5490 N Hwy 146","name":""},
  {"lat":29.7427,"lon":-96.3301,"city":"Sealy","state":"TX","address":"6701 US Hwy 90","name":""},
  {"lat":33.2622,"lon":-97.1767,"city":"Denton","state":"TX","address":"6420 North I-35","name":""},
  {"lat":26.3845,"lon":-98.1435,"city":"Edinburg","state":"TX","address":"8301 N.Hwy. 281","name":""},
  {"lat":32.6908,"lon":-96.2441,"city":"Terrell","state":"TX","address":"1700 Wilson Road","name":""},
  {"lat":29.7489,"lon":-98.0579,"city":"New Braunfels","state":"TX","address":"4817 I-35 North","name":""},
  {"lat":29.0496,"lon":-96.5034,"city":"Ganado","state":"TX","address":"802 E. York, Hwy 59","name":""},
  {"lat":32.2648,"lon":-101.49,"city":"Big Spring","state":"TX","address":"704 West Interstate 20","name":""},
  {"lat":27.6875,"lon":-99.4634,"city":"Laredo","state":"TX","address":"1010 Beltway Parkway","name":""},
  {"lat":32.6534,"lon":-96.7517,"city":"Dallas","state":"TX","address":"7751 Bonnie View Rd","name":""},
  {"lat":29.4433,"lon":-98.3618,"city":"San Antonio","state":"TX","address":"6170 I-10 East","name":""},
  {"lat":35.1915,"lon":-101.7589,"city":"Amarillo","state":"TX","address":"7000 E. Interstate 40","name":""},
  {"lat":32.9074,"lon":-96.45,"city":"Rockwall","state":"TX","address":"2105 South Goliad St.","name":""},
  {"lat":29.7967,"lon":-95.0311,"city":"Baytown","state":"TX","address":"6800 Thompson Road","name":""},
  {"lat":35.8603,"lon":-86.8299,"city":"Franklin","state":"TN","address":"4400 Peytonsville Road","name":""},
  {"lat":36.0824,"lon":-87.0955,"city":"Kingston Springs","state":"TN","address":"162 Luyben Hills Road","name":""},
  {"lat":35.875,"lon":-84.2361,"city":"Knoxville","state":"TN","address":"722 Watt Road","name":""},
  {"lat":36.1305,"lon":-85.4796,"city":"Cookeville","state":"TN","address":"1750 Salem Road","name":""},
  {"lat":35.8731,"lon":-84.2379,"city":"Knoxville","state":"TN","address":"615 Watt Road","name":""},
  {"lat":36.3771,"lon":-84.2463,"city":"Pioneer","state":"TN","address":"305 Howard Baker Hwy","name":""},
  {"lat":35.5955,"lon":-89.0557,"city":"Denmark","state":"TN","address":"155 Hwy. 138, Providence Rd.","name":""},
  {"lat":36.3254,"lon":-82.8354,"city":"Greeneville","state":"TN","address":"195 Van Hill Road","name":""},
  {"lat":36.015,"lon":-86.6184,"city":"Antioch","state":"TN","address":"13011 Old Hickory Blvd.","name":""},
  {"lat":42.785,"lon":-96.797,"city":"Burbank","state":"SD","address":"47051 SD Hwy 50","name":""},
  {"lat":45.3112,"lon":-97.04626,"city":"Summit","state":"SD","address":"45789 US Hwy 12","name":""},
  {"lat":43.3986,"lon":-103.3958,"city":"Hot Springs","state":"SD","address":"27638 US 385","name":""},
  {"lat":34.0747,"lon":-80.9971,"city":"Columbia","state":"SC","address":"99 Plumbers Road","name":""},
  {"lat":35.046879,"lon":-81.812281,"city":"Cowpens","state":"SC","address":"175 Truck Stop Rd","name":""},
  {"lat":34.50464,"lon":-82.96549,"city":"Fair Play","state":"SC","address":"272 Herring Rd","name":""},
  {"lat":34.2665,"lon":-79.7321,"city":"Florence","state":"SC","address":"3001 TV Rd.","name":""},
  {"lat":33.9533,"lon":-80.9896,"city":"Columbia","state":"SC","address":"2154 S. Beltline Blvd.","name":""},
  {"lat":33.7046,"lon":-80.242,"city":"Manning","state":"SC","address":"3014 Paxville Highway","name":""},
  {"lat":34.914,"lon":-82.11,"city":"Duncan","state":"SC","address":"1402 East Main St.","name":""},
  {"lat":41.6081,"lon":-71.6638,"city":"West Greenwich","state":"RI","address":"849 Victory Hwy West","name":""},
  {"lat":40.93879,"lon":-76.03577,"city":"Hazleton","state":"PA","address":"492 Can Do Expressway","name":""},
  {"lat":40.53385,"lon":-76.43174,"city":"Pine Grove","state":"PA","address":"482 Suedberg Road","name":""},
  {"lat":39.998755,"lon":-78.235644,"city":"Breezewood","state":"PA","address":"16520 Lincoln HWY","name":""},
  {"lat":40.0197,"lon":-76.1818,"city":"Ronks","state":"PA","address":"2622 Lincoln Hwy East","name":""},
  {"lat":41.3302,"lon":-75.7417,"city":"DuPont","state":"PA","address":"98 Grove St.","name":""},
  {"lat":40.2319,"lon":-77.1418,"city":"Carlisle","state":"PA","address":"1201 Harrisburg Ave, Route 11","name":""},
  {"lat":42.1409,"lon":-79.9246,"city":"Erie","state":"PA","address":"4050 Depot Road","name":""},
  {"lat":40.9589,"lon":-77.763,"city":"Milesburg","state":"PA","address":"875 N. Eagle Valley Rd.","name":""},
  {"lat":39.7846,"lon":-77.7126,"city":"Greencastle","state":"PA","address":"10835 John Wayne Drive","name":""},
  {"lat":41.0143,"lon":-76.4928,"city":"Bloomsburg","state":"PA","address":"6 Buckhorn Road","name":""},
  {"lat":40.000355,"lon":-78.234077,"city":"Breezewood","state":"PA","address":"16563 Lincoln Hwy","name":""},
  {"lat":41.0275,"lon":-77.521,"city":"Lamar","state":"PA","address":"5600 Nittany Valley Drive","name":""},
  {"lat":41.1992,"lon":-79.9758,"city":"Harrisville","state":"PA","address":"5644 St. Rt. 8","name":""},
  {"lat":40.355,"lon":-76.7241,"city":"Harrisburg","state":"PA","address":"7848 Linglestown Road","name":""},
  {"lat":41.1729,"lon":-79.0992,"city":"Brookville","state":"PA","address":"245 Allegheny Blvd.","name":""},
  {"lat":44.1351,"lon":-123.05491,"city":"Coburg","state":"OR","address":"91039 Coburg Industrial Way","name":""},
  {"lat":42.2795,"lon":-122.8116,"city":"Phoenix","state":"OR","address":"3730 Fern Valley Rd.","name":""},
  {"lat":45.66881,"lon":-120.83487,"city":"Wasco","state":"OR","address":"91464 Biggs-Rufus Hwy","name":""},
  {"lat":44.29342,"lon":-117.22491,"city":"Huntington","state":"OR","address":"5945 US Hwy 30","name":""},
  {"lat":45.5438,"lon":-122.3958,"city":"Troutdale","state":"OR","address":"790 N W Frontage Road","name":""},
  {"lat":44.13637,"lon":-123.05737,"city":"Coburg","state":"OR","address":"32910 E. Pearl St.","name":""},
  {"lat":45.2361,"lon":-122.8072,"city":"Aurora","state":"OR","address":"21856 Bents Road NE","name":""},
  {"lat":36.98543,"lon":-95.62498,"city":"South Coffeyville","state":"OK","address":"111 E. County Road 2","name":""},
  {"lat":34.833383,"lon":-95.83959,"city":"Savanna","state":"OK","address":"9062 US Hwy 69","name":""},
  {"lat":36.69598,"lon":-97.35146,"city":"Tonkawa","state":"OK","address":"16700 W South Ave","name":""},
  {"lat":35.4662,"lon":-97.4755,"city":"Oklahoma City","state":"OK","address":"20 Martin Luther King Blvd","name":""},
  {"lat":35.3355,"lon":-99.5946,"city":"Sayre","state":"OK","address":"11603 N. 1900 Rd.","name":""},
  {"lat":35.4617,"lon":-97.6906,"city":"Oklahoma City","state":"OK","address":"501 South Morgan Road","name":""},
  {"lat":35.458,"lon":-97.6556,"city":"Oklahoma City","state":"OK","address":"801 South Council Road","name":""},
  {"lat":38.99646,"lon":-82.55335,"city":"Jackson","state":"OH","address":"80 Dixon Run Road","name":""},
  {"lat":40.8566,"lon":-82.2623,"city":"Ashland","state":"OH","address":"715 US 250 East","name":""},
  {"lat":41.4178,"lon":-84.1045,"city":"Napoleon","state":"OH","address":"900 American Road","name":""},
  {"lat":39.8346,"lon":-84.8111,"city":"New Paris","state":"OH","address":"9787 US Route 40 West","name":""},
  {"lat":41.1738,"lon":-83.6475,"city":"North Baltimore","state":"OH","address":"12906 Deshler Rd.","name":""},
  {"lat":41.1408,"lon":-80.7172,"city":"Girard","state":"OH","address":"1 Petro Place","name":""},
  {"lat":41.5355,"lon":-83.4664,"city":"Perrysburg","state":"OH","address":"26416 Baker Rd.","name":""},
  {"lat":39.6166,"lon":-83.6038,"city":"Jeffersonville","state":"OH","address":"12403 US Rt 35 NW","name":""},
  {"lat":40.8788,"lon":-81.4295,"city":"Canton","state":"OH","address":"4450 Portage St. NW","name":""},
  {"lat":41.5215,"lon":-83.4624,"city":"Perrysburg","state":"OH","address":"3483 Libbey Road","name":""},
  {"lat":40.5582,"lon":-84.1656,"city":"Wapakoneta","state":"OH","address":"1775 Bellefontaine St.","name":""},
  {"lat":41.1225,"lon":-80.7653,"city":"Youngstown","state":"OH","address":"5400 Seventy Six Drive","name":""},
  {"lat":39.9389,"lon":-82.5349,"city":"Hebron","state":"OH","address":"10679 Lancaster Road, SE","name":""},
  {"lat":41.8765,"lon":-80.6671,"city":"Kingsville","state":"OH","address":"5551 St Rt 193","name":""},
  {"lat":39.9538,"lon":-83.3796,"city":"London","state":"OH","address":"940 US RT 42 NE","name":""},
  {"lat":41.0322,"lon":-81.9078,"city":"Seville","state":"OH","address":"8834 Lake Road","name":""},
  {"lat":39.84,"lon":-84.6282,"city":"Eaton","state":"OH","address":"6762 US Rte 127","name":""},
  {"lat":42.948546,"lon":-74.363064,"city":"Fultonville","state":"NY","address":"40 Riverside Drive","name":""},
  {"lat":42.9653,"lon":-76.8454,"city":"Waterloo","state":"NY","address":"1255 Route 414","name":""},
  {"lat":41.5042,"lon":-74.2207,"city":"Montgomery","state":"NY","address":"125 Neelytown Road","name":""},
  {"lat":42.5662,"lon":-77.7195,"city":"Dansville","state":"NY","address":"9616 Commerce Drive","name":""},
  {"lat":42.1013,"lon":-75.8418,"city":"Binghamton","state":"NY","address":"753 Upper Court Street","name":""},
  {"lat":43.0059,"lon":-78.4056,"city":"Corfu","state":"NY","address":"8420 Alleghany","name":""},
  {"lat":40.7421,"lon":-114.05883,"city":"West Wendover","state":"NV","address":"800 Leppy Hills Blvd","name":""},
  {"lat":40.72071,"lon":-116.10756,"city":"Carlin","state":"NV","address":"932 Fir Street","name":""},
  {"lat":35.971474,"lon":-114.910507,"city":"Henderson","state":"NV","address":"1550 Railroad Pass Casino Road","name":""},
  {"lat":35.967075,"lon":-114.915674,"city":"Henderson","state":"NV","address":"1700 Railroad Pass Casino Road","name":""},
  {"lat":41.101,"lon":-114.9561,"city":"Wells","state":"NV","address":"1440 6th Street","name":""},
  {"lat":39.5233,"lon":-119.7087,"city":"Sparks","state":"NV","address":"1950 East Greg St.","name":""},
  {"lat":36.2797,"lon":-115.0261,"city":"North Las Vegas","state":"NV","address":"6595 North Hollywood Blvd","name":""},
  {"lat":40.6932,"lon":-118.056,"city":"Mill City","state":"NV","address":"6000 E. Frontage Road","name":""},
  {"lat":39.5351,"lon":-119.7361,"city":"Sparks","state":"NV","address":"200 North McCarren","name":""},
  {"lat":36.0433,"lon":-115.1873,"city":"Las Vegas","state":"NV","address":"8050 Dean Martin Drive","name":""},
  {"lat":35.175246,"lon":-103.104073,"city":"Glenrio","state":"NM","address":"1583 Frontage Rd 4132","name":""},
  {"lat":36.449971,"lon":-104.592856,"city":"Springer","state":"NM","address":"18 Old French Rd.","name":""},
  {"lat":32.2386,"lon":-107.9927,"city":"Deming","state":"NM","address":"14150 STE C Hwy 418 SW","name":""},
  {"lat":35.181,"lon":-107.9038,"city":"Milan","state":"NM","address":"1430 Motel Drive","name":""},
  {"lat":35.0095,"lon":-106.065,"city":"Moriarty","state":"NM","address":"1700 U.S. Route 66 West","name":""},
  {"lat":35.1111,"lon":-106.6247,"city":"Albuquerque","state":"NM","address":"2501 University Blvd., NE","name":""},
  {"lat":34.9443,"lon":-104.6407,"city":"Santa Rosa","state":"NM","address":"2634 Historic Route 66","name":""},
  {"lat":32.2977,"lon":-106.8115,"city":"Las Cruces","state":"NM","address":"202 N. Motel Blvd","name":""},
  {"lat":35.5059,"lon":-108.8359,"city":"Gallup","state":"NM","address":"3404 W Historical Highway 66","name":""},
  {"lat":39.819,"lon":-75.2385,"city":"Paulsboro","state":"NJ","address":"171 Berkley Road","name":""},
  {"lat":40.1234,"lon":-74.7131,"city":"Bordentown","state":"NJ","address":"402 Rising Sun Square Road","name":""},
  {"lat":40.6594,"lon":-75.075,"city":"Bloomsbury","state":"NJ","address":"975 State Route 173","name":""},
  {"lat":40.9317,"lon":-75.0969,"city":"Columbia","state":"NJ","address":"2 Simpson Road","name":""},
  {"lat":43.0431,"lon":-70.8182,"city":"Greenland","state":"NH","address":"108 Ocean Road","name":""},
  {"lat":40.8182,"lon":-97.5989,"city":"York","state":"NE","address":"4700 S. Lincoln Ave.","name":""},
  {"lat":40.7998,"lon":-98.496,"city":"Alda","state":"NE","address":"8033 West Holling Rd.","name":""},
  {"lat":41.1138,"lon":-101.7116,"city":"Ogallala","state":"NE","address":"103 Prospector Drive","name":""},
  {"lat":48.34334,"lon":-103.61586,"city":"Williston","state":"ND","address":"13553 64th Street","name":""},
  {"lat":47.9322,"lon":-97.09564,"city":"Grand Forks","state":"ND","address":"1212 North 47th Street","name":""},
  {"lat":46.8503,"lon":-96.8632,"city":"Fargo","state":"ND","address":"4510 19th Ave S.W.","name":""},
  {"lat":46.8618,"lon":-99.9157,"city":"Steele","state":"ND","address":"620 Mitchell Avenue North","name":""},
  {"lat":47.8053,"lon":-103.6452,"city":"Alexander","state":"ND","address":"14256 US-85","name":""},
  {"lat":35.582,"lon":-78.1457,"city":"Kenly","state":"NC","address":"923 Johnston Pkwy.","name":""},
  {"lat":36.0772,"lon":-79.2251,"city":"Mebane","state":"NC","address":"500 Buckhorn Road","name":""},
  {"lat":35.925,"lon":-80.5917,"city":"Mocksville","state":"NC","address":"1670 US Hwy 601 N","name":""},
  {"lat":35.5432,"lon":-82.754,"city":"Candler","state":"NC","address":"153 Wiggins Road","name":""},
  {"lat":36.0635,"lon":-79.5636,"city":"Whitsett","state":"NC","address":"1101 NC Highway 61","name":""},
  {"lat":46.9485,"lon":-114.1298,"city":"Missoula","state":"MT","address":"8018 Hwy 93 N","name":""},
  {"lat":45.6823,"lon":-108.7038,"city":"Laurel","state":"MT","address":"11360 South Frontage Road","name":""},
  {"lat":34.279082,"lon":-88.568724,"city":"Mooreville","state":"MS","address":"590 MS 371","name":""},
  {"lat":32.2787,"lon":-90.1977,"city":"Jackson","state":"MS","address":"970 W Frontage Road","name":""},
  {"lat":31.18949,"lon":-90.48617,"city":"McComb","state":"MS","address":"1120 Airport Fernwood Road","name":""},
  {"lat":32.3962,"lon":-88.5826,"city":"Meridian","state":"MS","address":"2150 Russell Mt. Gilead Road","name":""},
  {"lat":38.9941,"lon":-93.5678,"city":"Concordia","state":"MO","address":"102 N W 4th Street","name":""},
  {"lat":37.090592,"lon":-93.801248,"city":"Mt Vernon","state":"MO","address":"1501 East Mt. Vernon Blvd","name":""},
  {"lat":38.07385,"lon":-91.40694,"city":"Cuba","state":"MO","address":"5922 MO - 19","name":""},
  {"lat":39.015,"lon":-94.131,"city":"Oak Grove","state":"MO","address":"301 SW First Street","name":""},
  {"lat":37.116907,"lon":-92.420092,"city":"Norwood","state":"MO","address":"741 State Hwy E","name":""},
  {"lat":37.0072,"lon":-94.5523,"city":"Joplin","state":"MO","address":"4240 Highway 43","name":""},
  {"lat":38.9405,"lon":-91.9399,"city":"Kingdom City","state":"MO","address":"3304 Gold Road","name":""},
  {"lat":38.8171,"lon":-90.9495,"city":"Foristell","state":"MO","address":"3265 N. Service Road East","name":""},
  {"lat":37.2745,"lon":-93.1152,"city":"Strafford","state":"MO","address":"225 E. Evergreen","name":""},
  {"lat":39.0176,"lon":-94.1302,"city":"Oak Grove","state":"MO","address":"100 North Broadway","name":""},
  {"lat":36.7582,"lon":-89.5346,"city":"Matthews","state":"MO","address":"854 State Hwy 80","name":""},
  {"lat":45.1969,"lon":-93.5492,"city":"Rogers","state":"MN","address":"13400 Rogers Drive","name":""},
  {"lat":44.16971,"lon":-93.92541,"city":"Mankato","state":"MN","address":"3010 Adams St.","name":""},
  {"lat":43.6571,"lon":-93.3174,"city":"Albert Lea","state":"MN","address":"820 Happy Trails Lane","name":""},
  {"lat":45.4126,"lon":-94.0549,"city":"Clearwater","state":"MN","address":"950 State Highway 24","name":""},
  {"lat":42.1065,"lon":-84.9897,"city":"Tekonsha","state":"MI","address":"15587 M-60","name":""},
  {"lat":43.3517,"lon":-83.869,"city":"Bridgeport","state":"MI","address":"6364 Dixie Hwy","name":""},
  {"lat":42.3029,"lon":-85.0811,"city":"Battle Creek","state":"MI","address":"15874 Eleven Mile Rd.","name":""},
  {"lat":41.8845,"lon":-86.6001,"city":"Sawyer","state":"MI","address":"6100 Sawyer Road","name":""},
  {"lat":42.2963,"lon":-83.8764,"city":"Dexter","state":"MI","address":"200 Baker Road","name":""},
  {"lat":41.9267,"lon":-83.3632,"city":"Monroe","state":"MI","address":"1255 N Dixie Hwy","name":""},
  {"lat":39.2775,"lon":-76.5488,"city":"Baltimore","state":"MD","address":"5501 O'Donnell Street","name":""},
  {"lat":39.1667,"lon":-76.7828,"city":"Jessup","state":"MD","address":"7401 Assateague Drive","name":""},
  {"lat":39.6436,"lon":-75.7974,"city":"Elkton","state":"MD","address":"1400 Elkton Road","name":""},
  {"lat":30.2314,"lon":-92.4624,"city":"Egan","state":"LA","address":"114 Jasmin","name":""},
  {"lat":32.5431,"lon":-92.71074,"city":"Grambling","state":"LA","address":"1130 RWE Jones RD","name":""},
  {"lat":30.086244,"lon":-90.444959,"city":"Laplace","state":"LA","address":"4301 Main St.","name":""},
  {"lat":29.973535,"lon":-90.299078,"city":"St. Rose","state":"LA","address":"10405 E. Airline Hwy","name":""},
  {"lat":32.89792,"lon":-93.86484,"city":"Hosston","state":"LA","address":"6411 Hwy 2","name":""},
  {"lat":32.57203,"lon":-93.20295,"city":"Minden","state":"LA","address":"2198 Highway 532","name":""},
  {"lat":30.477,"lon":-90.4579,"city":"Hammond","state":"LA","address":"2100 S.W. Railroad Ave.","name":""},
  {"lat":32.4446,"lon":-93.901,"city":"Shreveport","state":"LA","address":"6910 W. Bert Kouns Industrial Loop","name":""},
  {"lat":32.4461,"lon":-93.9493,"city":"Greenwood","state":"LA","address":"8560 Greenwood Rd","name":""},
  {"lat":30.2864,"lon":-89.7511,"city":"Slidell","state":"LA","address":"1682 Gause Blvd","name":""},
  {"lat":30.2521,"lon":-92.0381,"city":"Lafayette","state":"LA","address":"1701 North University Ave.","name":""},
  {"lat":32.3886,"lon":-91.2006,"city":"Tallulah","state":"LA","address":"224 Highway 65 South","name":""},
  {"lat":38.9172,"lon":-84.6266,"city":"Walton","state":"KY","address":"145 Richwood Road","name":""},
  {"lat":37.045027,"lon":-86.210351,"city":"Smiths Grove","state":"KY","address":"605 S Main St","name":""},
  {"lat":36.7163,"lon":-86.5244,"city":"Franklin","state":"KY","address":"101 Trotter Lane","name":""},
  {"lat":37.5984,"lon":-85.8734,"city":"Glendale","state":"KY","address":"554 W. Glendale Hodgenville Road","name":""},
  {"lat":39.0001,"lon":-84.6447,"city":"Florence","state":"KY","address":"7777 Burlington Pike","name":""},
  {"lat":38.8789,"lon":-97.613,"city":"Salina","state":"KS","address":"2125 N. 9th St.","name":""},
  {"lat":38.00858,"lon":-97.94209,"city":"South Hutchinson","state":"KS","address":"1515 South Main Street","name":""},
  {"lat":39.090626,"lon":-94.682921,"city":"Kansas City","state":"KS","address":"4610 Kansas Ave","name":""},
  {"lat":38.7076,"lon":-95.07404,"city":"Wellsville","state":"KS","address":"1021 Poplar Street","name":""},
  {"lat":39.84123,"lon":-95.73311,"city":"Fairview","state":"KS","address":"801 W. 1st Street","name":""},
  {"lat":38.00534,"lon":-100.88425,"city":"Garden City","state":"KS","address":"1265 Solar Avenue","name":""},
  {"lat":39.3617,"lon":-101.0537,"city":"Colby","state":"KS","address":"700 West Horton","name":""},
  {"lat":38.76281,"lon":-94.96248,"city":"Edgerton","state":"KS","address":"32501 W 200th Street","name":""},
  {"lat":38.4276,"lon":-95.7272,"city":"Lebo","state":"KS","address":"2775 Highway 75","name":""},
  {"lat":39.1188,"lon":-100.811,"city":"Oakley","state":"KS","address":"1001 Hwy 40","name":""},
  {"lat":41.5906,"lon":-87.2393,"city":"Lake Station","state":"IN","address":"1201 Ripley Street","name":""},
  {"lat":40.2772,"lon":-85.5526,"city":"Gaston","state":"IN","address":"14000 West State Road 28","name":""},
  {"lat":41.7483,"lon":-84.9932,"city":"Fremont","state":"IN","address":"7265 North Baker Road","name":""},
  {"lat":38.182217,"lon":-86.986193,"city":"Dale","state":"IN","address":"102 Rocket Way","name":""},
  {"lat":41.11858,"lon":-85.18421,"city":"Fort Wayne","state":"IN","address":"3037 Goshen Road","name":""},
  {"lat":40.767,"lon":-87.1261,"city":"Remington","state":"IN","address":"4230 West Highway 24","name":""},
  {"lat":39.3188,"lon":-85.326,"city":"Greensburg","state":"IN","address":"1409 South County Rd. 850 East","name":""},
  {"lat":39.4455,"lon":-87.127,"city":"Brazil","state":"IN","address":"1035 W. State Road 42","name":""},
  {"lat":41.5638,"lon":-87.3557,"city":"Gary","state":"IN","address":"3001 Grant Street","name":""},
  {"lat":39.6113,"lon":-86.4807,"city":"Clayton","state":"IN","address":"10346 S. State Road 39","name":""},
  {"lat":41.1456,"lon":-87.2597,"city":"DeMotte","state":"IN","address":"11166 West State Road 10","name":""},
  {"lat":41.6125,"lon":-87.0985,"city":"Porter","state":"IN","address":"1600 West US Hwy 20","name":""},
  {"lat":39.9478,"lon":-86.357,"city":"Whitestown","state":"IN","address":"5930 Whitestown Pkwy","name":""},
  {"lat":38.9576,"lon":-85.8366,"city":"Seymour","state":"IN","address":"2636 E. Tipton St.","name":""},
  {"lat":41.573,"lon":-87.4045,"city":"Gary","state":"IN","address":"2510 Burr St.","name":""},
  {"lat":41.827435,"lon":-87.742812,"city":"Cicero","state":"IL","address":"3503 South Cicero Ave","name":""},
  {"lat":41.668289,"lon":-88.064138,"city":"Romeoville","state":"IL","address":"1321 N Joliet Rd","name":""},
  {"lat":39.842377,"lon":-89.521038,"city":"Riverton","state":"IL","address":"2855 Overpass Road","name":""},
  {"lat":41.3454,"lon":-88.1974,"city":"Wilmington","state":"IL","address":"24225 W. Lorenzo Road","name":""},
  {"lat":41.4258,"lon":-87.7549,"city":"Monee","state":"IL","address":"5915 Monee Road","name":""},
  {"lat":41.9356,"lon":-89.0335,"city":"Rochelle","state":"IL","address":"900 Petro Drive","name":""},
  {"lat":39.1197,"lon":-88.5723,"city":"Effingham","state":"IL","address":"1805 West Fayette Ave","name":""},
  {"lat":41.3917,"lon":-88.4203,"city":"Morris","state":"IL","address":"21 Romines Drive","name":""},
  {"lat":38.7338,"lon":-89.9098,"city":"Troy","state":"IL","address":"819 Edwardsville Rd.","name":""},
  {"lat":40.488,"lon":-89.0262,"city":"Bloomington","state":"IL","address":"505 Truckers Lane","name":""},
  {"lat":42.1451,"lon":-88.5095,"city":"Hampshire","state":"IL","address":"19 N. 430 US Hwy 20","name":""},
  {"lat":38.3134,"lon":-88.9594,"city":"Mt. Vernon","state":"IL","address":"4510 Broadway St","name":""},
  {"lat":39.1364,"lon":-88.5662,"city":"Effingham","state":"IL","address":"1702 West Evergreen Ave","name":""},
  {"lat":42.4857,"lon":-87.951,"city":"Zion","state":"IL","address":"16650 W. Russell Road","name":""},
  {"lat":44.17658,"lon":-112.23663,"city":"Dubois","state":"ID","address":"424 W. Main Street","name":""},
  {"lat":43.5656,"lon":-116.1994,"city":"Boise","state":"ID","address":"4115 Broadway Ave","name":""},
  {"lat":42.466575,"lon":-92.7672,"city":"Holland","state":"IA","address":"16250 N Ave","name":""},
  {"lat":42.47408,"lon":-95.544113,"city":"Holstein","state":"IA","address":"2010 Indorf Avenue","name":""},
  {"lat":41.6978,"lon":-92.4459,"city":"Brooklyn","state":"IA","address":"4124 V18 Rd.","name":""},
  {"lat":41.6179,"lon":-90.7815,"city":"Walcott","state":"IA","address":"755 W. Iowa 80 Road","name":""},
  {"lat":41.2287,"lon":-95.8536,"city":"Council Bluffs","state":"IA","address":"3210 South Seven Street","name":""},
  {"lat":33.513212,"lon":-82.445347,"city":"Thomson","state":"GA","address":"2447 Cobbham Rd N.E.","name":""},
  {"lat":32.30307,"lon":-81.872155,"city":"Register","state":"GA","address":"2930 Highway 301 South","name":""},
  {"lat":34.3481,"lon":-83.3199,"city":"Carnesville","state":"GA","address":"10200 Old Federal Rd.","name":""},
  {"lat":30.7942,"lon":-81.6662,"city":"Kingsland","state":"GA","address":"1105 East King Avenue","name":""},
  {"lat":33.7865,"lon":-84.4905,"city":"Atlanta","state":"GA","address":"3181 Donald Lee Hollowell Pkwy.","name":""},
  {"lat":32.93035,"lon":-85.11613,"city":"West Point","state":"GA","address":"300 Kia Blvd","name":""},
  {"lat":33.2065,"lon":-84.0585,"city":"Jackson","state":"GA","address":"122 Truckstop Way","name":""},
  {"lat":31.1381,"lon":-81.5799,"city":"Brunswick","state":"GA","address":"185 S. Port Parkway","name":""},
  {"lat":30.644,"lon":-83.1876,"city":"Lake Park","state":"GA","address":"6901 Bellville Road","name":""},
  {"lat":31.9252,"lon":-81.3327,"city":"Richmond Hill","state":"GA","address":"4401 Hwy. 17","name":""},
  {"lat":34.2528,"lon":-83.4632,"city":"Commerce","state":"GA","address":"30732 Hwy 441 South","name":""},
  {"lat":34.2739,"lon":-84.8075,"city":"Cartersville","state":"GA","address":"981 Cassville-White Road","name":""},
  {"lat":33.5524,"lon":-83.4748,"city":"Madison","state":"GA","address":"2021 Eatonton Road","name":""},
  {"lat":29.409,"lon":-82.2462,"city":"Reddick","state":"FL","address":"7401 West Hwy 318","name":""},
  {"lat":29.99558,"lon":-82.59672,"city":"Lake City","state":"FL","address":"14197 South US HWY 441","name":""},
  {"lat":30.0661,"lon":-81.4961,"city":"Jacksonville","state":"FL","address":"1650 C.R. 210 West","name":""},
  {"lat":30.2855,"lon":-81.9841,"city":"Baldwin","state":"FL","address":"1024 US 301 South","name":""},
  {"lat":27.6381,"lon":-80.511,"city":"Vero Beach","state":"FL","address":"8909 20th Street","name":""},
  {"lat":30.7187,"lon":-85.1837,"city":"Marianna","state":"FL","address":"2112 Highway 71 South","name":""},
  {"lat":28.0099,"lon":-82.301,"city":"Seffner","state":"FL","address":"11706 Tampa Gateway Blvd.","name":""},
  {"lat":28.875,"lon":-82.0939,"city":"Wildwood","state":"FL","address":"556 St. Rt. 44","name":""},
  {"lat":41.2968,"lon":-72.7595,"city":"Branford","state":"CT","address":"3 East Industrial Road","name":""},
  {"lat":41.5647,"lon":-72.9102,"city":"Milldale","state":"CT","address":"1875 Meriden-Waterbury Turnpike","name":""},
  {"lat":41.9177,"lon":-72.2615,"city":"Willington","state":"CT","address":"327 Ruby Road","name":""},
  {"lat":38.34439,"lon":-104.6217,"city":"Pueblo","state":"CO","address":"1275 Drew Dix Parkway","name":""},
  {"lat":39.109,"lon":-108.64079,"city":"Grand Junction","state":"CO","address":"2222 Hightway 6","name":""},
  {"lat":38.09699,"lon":-102.61914,"city":"Lamar","state":"CO","address":"708 N. Main Street","name":""},
  {"lat":37.6537,"lon":-104.7938,"city":"Walsenburg","state":"CO","address":"455 US-85","name":""},
  {"lat":40.2665,"lon":-103.621,"city":"Brush","state":"CO","address":"1041 N. Colorado Avenue","name":""},
  {"lat":40.363,"lon":-104.984,"city":"Johnstown","state":"CO","address":"2842 SE Frontage Road","name":""},
  {"lat":39.271,"lon":-103.7067,"city":"Limon","state":"CO","address":"2200 Ninth Street","name":""},
  {"lat":39.7793,"lon":-105.1349,"city":"Wheat Ridge","state":"CO","address":"12151 West 44th Avenue","name":""},
  {"lat":39.7901,"lon":-104.9043,"city":"Commerce City","state":"CO","address":"5101 Quebec Street","name":""},
  {"lat":36.85236,"lon":-119.9518,"city":"Madera","state":"CA","address":"32603 Avenue 7","name":""},
  {"lat":36.047711,"lon":-117.945387,"city":"Olancha","state":"CA","address":"20 Gills Station Road","name":""},
  {"lat":37.0547,"lon":-121.0155,"city":"Santa Nella","state":"CA","address":"28991 West Gonzaga","name":""},
  {"lat":34.9861,"lon":-118.9481,"city":"Lebec","state":"CA","address":"5821 Dennis McCarthy Dr.","name":""},
  {"lat":39.9059,"lon":-122.1967,"city":"Corning","state":"CA","address":"2151 South Avenue","name":""},
  {"lat":34.992,"lon":-118.9412,"city":"Arvin","state":"CA","address":"5552 South Wheeler Ridge Road","name":""},
  {"lat":34.8537,"lon":-117.0888,"city":"Barstow","state":"CA","address":"2930 Lenwood Road","name":""},
  {"lat":37.3876,"lon":-120.7382,"city":"Livingston","state":"CA","address":"435 Winton Parkway","name":""},
  {"lat":35.1901,"lon":-114.0702,"city":"Kingman","state":"AZ","address":"946 West Beale Street","name":""},
  {"lat":32.7737,"lon":-111.6175,"city":"Eloy","state":"AZ","address":"2949 North Toltec Road","name":""},
  {"lat":35.80805,"lon":-90.62719,"city":"Jonesboro","state":"AR","address":"3021 DR MLK JR DR","name":""},
  {"lat":35.22162,"lon":-92.82594,"city":"Atkins","state":"AR","address":"100 Fish Lake Road","name":""},
  {"lat":34.781,"lon":-92.1298,"city":"North Little Rock","state":"AR","address":"3205 Valentine Road","name":""},
  {"lat":35.1544,"lon":-90.136,"city":"West Memphis","state":"AR","address":"3900 Petro Road","name":""},
  {"lat":33.8112,"lon":-93.427,"city":"Prescott","state":"AR","address":"1806 Hwy 371 West","name":""},
  {"lat":35.1364,"lon":-90.488,"city":"Earle","state":"AR","address":"408 Highway 149 North","name":""},
  {"lat":33.5865,"lon":-86.1248,"city":"Lincoln","state":"AL","address":"75246 Alabama 77","name":""},
  {"lat":32.32746,"lon":-86.33221,"city":"Montgomery","state":"AL","address":"980 West South Blvd","name":""},
  {"lat":32.4056,"lon":-85.9556,"city":"Shorter","state":"AL","address":"428 Main St","name":""},
  {"lat":33.52936,"lon":-86.85116,"city":"Birmingham","state":"AL","address":"901 Bankhead Hwy","name":""},
  {"lat":34.05078,"lon":-86.87234,"city":"Hanceville","state":"AL","address":"426 Alabama Highway 69 S","name":""},
  {"lat":33.9956,"lon":-86.0827,"city":"Gadsden","state":"AL","address":"1724 West Grand Avenue","name":""},
  {"lat":33.2796,"lon":-87.0919,"city":"McCalla","state":"AL","address":"22526 Highway 216","name":""},
  {"lat":33.5865,"lon":-86.1248,"city":"Lincoln","state":"AL","address":"75246 Alabama 77","name":""},
  {"lat":30.4985,"lon":-88.3336,"city":"Grand Bay","state":"AL","address":"9201 Grand Bay","name":""},
  {"lat":33.1759,"lon":-87.4462,"city":"Tuscaloosa","state":"AL","address":"3501 Buttermilk Road","name":""}]}