{"key":"tapestry_collection","displayName":"Tapestry Collection","category":"hotels","useLocationName":false,"locations":[
  {"lat":21.284,"lon":-157.831,"city":"Honolulu","state":"HI","address":"2040 Kuhio Ave","name":""},
  {"lat":20.891,"lon":-156.47,"city":"Kahului","state":"HI","address":"100 W Kaahumanu Ave","name":""},
  {"lat":33.124,"lon":-117.31515,"city":"Carlsbad","state":"CA","address":"5805 Armada Dr","name":""},
  {"lat":33.193943,"lon":-117.378217,"city":"Oceanside","state":"CA","address":"133 South Coast Highway","name":""},
  {"lat":32.725616,"lon":-117.228166,"city":"San Diego","state":"CA","address":"1451 Rosecrans Street","name":""},
  {"lat":34.4414,"lon":-119.82087,"city":"Goleta","state":"CA","address":"5650 Calle Real","name":""},
  {"lat":33.944991,"lon":-118.342312,"city":"Inglewood","state":"CA","address":"3900 W Century Blvd","name":""},
  {"lat":34.047,"lon":-118.261,"city":"Los Angeles","state":"CA","address":"813 S Flower Street","name":""},
  {"lat":33.900313,"lon":-118.396996,"city":"Manhattan Beach","state":"CA","address":"3501 N. Sepulveda Blvd.","name":""},
  {"lat":33.982735,"lon":-118.457728,"city":"Marina del Rey","state":"CA","address":"4175 Admiralty Way","name":""},
  {"lat":35.588342,"lon":-120.697465,"city":"Paso Robles","state":"CA","address":"206 Alexa Ct","name":""},
  {"lat":33.84674,"lon":-118.39336,"city":"Redondo Beach","state":"CA","address":"400 N Harbor Drive","name":""},
  {"lat":35.289631,"lon":-120.65159,"city":"San Luis Obispo","state":"CA","address":"1800 Monterey Street","name":""},
  {"lat":34.41615,"lon":-119.69573,"city":"Santa Barbara","state":"CA","address":"17 W Haley","name":""},
  {"lat":34.595253,"lon":-120.146188,"city":"Solvang","state":"CA","address":"1450 Mission Drive","name":""},
  {"lat":37.79956,"lon":-122.43986,"city":"San Francisco","state":"CA","address":"2322 Lombard St","name":""},
  {"lat":37.7868,"lon":-122.40836,"city":"San Francisco","state":"CA","address":"225 Powell St","name":""},
  {"lat":36.979254,"lon":-121.910741,"city":"Aptos","state":"CA","address":"7500 Old Dominion Court","name":""},
  {"lat":37.39162,"lon":-121.977183,"city":"Santa Clara","state":"CA","address":"4200 Great America Pkwy","name":""},
  {"lat":37.257863,"lon":-122.034419,"city":"Saratoga","state":"CA","address":"20645 Fourth Street","name":""},
  {"lat":38.62537,"lon":-122.87646,"city":"Healdsburg","state":"CA","address":"1261 Grove Street","name":""},
  {"lat":38.23546,"lon":-122.6424,"city":"Petaluma","state":"CA","address":"205 Kentucky Street","name":""},
  {"lat":38.351651,"lon":-122.720732,"city":"Rohnert Park","state":"CA","address":"5870 Labath Ave","name":""},
  {"lat":38.451273,"lon":-122.688417,"city":"Santa Rosa","state":"CA","address":"2777 4th Street","name":""},
  {"lat":38.29153,"lon":-122.46115,"city":"Sonoma","state":"CA","address":"550 2nd Street West","name":""},
  {"lat":38.287348,"lon":-122.27445,"city":"Napa","state":"CA","address":"320 Soscol Ave","name":""},
  {"lat":38.570345,"lon":-121.47097,"city":"Sacramento","state":"CA","address":"1308 28th St","name":""},
  {"lat":38.34807,"lon":-120.77349,"city":"Jackson","state":"CA","address":"2 Water St.","name":""},
  {"lat":39.3164,"lon":-120.1522,"city":"Truckee","state":"CA","address":"11951 State Highway 267","name":""},
  {"lat":33.807666,"lon":-117.908932,"city":"Anaheim","state":"CA","address":"1640 South Clementine St","name":""},
  {"lat":34.121328,"lon":-117.539082,"city":"Rancho Cucamonga","state":"CA","address":"12255 Base Line Road","name":""},
  {"lat":37.167612,"lon":-113.014251,"city":"Springdale","state":"UT","address":"2400 Zion Park Blvd","name":""},
  {"lat":44.0565,"lon":-121.3111,"city":"Bend","state":"OR","address":"300 NW Franklin Avenue","name":""},
  {"lat":39.52792,"lon":-119.81414,"city":"Reno","state":"NV","address":"255 N Virginia St","name":""},
  {"lat":44.939772,"lon":-123.041217,"city":"Salem","state":"OR","address":"195 Commercial St. SE","name":""},
  {"lat":44.519789,"lon":-116.043993,"city":"Cascade","state":"ID","address":"500 N Main St","name":""},
  {"lat":32.290997,"lon":-110.942317,"city":"Tucson","state":"AZ","address":"4626 N Campbell Ave","name":""},
  {"lat":29.5213,"lon":-98.4912,"city":"San Antonio","state":"TX","address":"37 NE Loop 410 at McCullough","name":""},
  {"lat":32.739,"lon":-97.325,"city":"Fort Worth","state":"TX","address":"503 Bryan Ave","name":""},
  {"lat":32.772867,"lon":-96.795453,"city":"Dallas","state":"TX","address":"1011 South Akard Street","name":""},
  {"lat":32.896403,"lon":-96.962958,"city":"Irving","state":"TX","address":"1001 West Royal Lane","name":""},
  {"lat":33.088555,"lon":-96.80626,"city":"Plano","state":"TX","address":"8201 Preston Road","name":""},
  {"lat":29.742,"lon":-95.459,"city":"Houston","state":"TX","address":"2400 W Loop S","name":""},
  {"lat":29.76,"lon":-95.3603,"city":"Houston","state":"TX","address":"1117 Prairie Street","name":""},
  {"lat":29.95104,"lon":-90.06853,"city":"New Orleans","state":"LA","address":"535 Gravier St","name":""},
  {"lat":33.210926,"lon":-92.664194,"city":"El Dorado","state":"AR","address":"210 South Washington Avenue","name":""},
  {"lat":32.502279,"lon":-92.118183,"city":"Monroe","state":"LA","address":"120 Walnut Street","name":""},
  {"lat":36.385647,"lon":-105.585084,"city":"Taos","state":"NM","address":"1005 Paseo Del Pueblo Sur","name":""},
  {"lat":39.389357,"lon":-107.083569,"city":"Basalt","state":"CO","address":"30 Kodiak Drive","name":""},
  {"lat":40.68997,"lon":-111.54929,"city":"Park City","state":"UT","address":"4080 North Cooper Lane","name":""},
  {"lat":40.763241,"lon":-111.894461,"city":"Salt Lake City","state":"UT","address":"110 W Broadway","name":""},
  {"lat":44.660823,"lon":-111.103809,"city":"West Yellowstone","state":"MT","address":"301 Madison Ave","name":""},
  {"lat":39.741164,"lon":-104.994593,"city":"Denver","state":"CO","address":"1250 Welton Street","name":""},
  {"lat":35.52279,"lon":-97.5484,"city":"Oklahoma City","state":"OK","address":"5101 North Pennsylvania Avenue","name":""},
  {"lat":34.514722,"lon":-93.053889,"city":"Hot Springs","state":"AR","address":"340 Central Ave.","name":""},
  {"lat":36.299,"lon":-94.187,"city":"Rogers","state":"AR","address":"4100 South Pinnacle Hills Parkway","name":""},
  {"lat":34.7672,"lon":-92.3988,"city":"Little Rock","state":"AR","address":"1501 Merrill Dr","name":""},
  {"lat":39.103619,"lon":-94.58642,"city":"Kansas City","state":"MO","address":"219 W 9th Street","name":""},
  {"lat":39.050927,"lon":-94.595521,"city":"Kansas City","state":"MO","address":"801 Westport Rd","name":""},
  {"lat":38.962048,"lon":-95.242553,"city":"Lawrence","state":"KS","address":"1200 Oread Ave","name":""},
  {"lat":38.639482,"lon":-90.230553,"city":"St. Louis","state":"MO","address":"3550 Samuel Sheppard Dr","name":""},
  {"lat":41.616387,"lon":-93.773543,"city":"Urbandale","state":"IA","address":"11167 Hickman Road","name":""},
  {"lat":41.616625,"lon":-93.774986,"city":"Urbandale","state":"IA","address":"11211 Hickman Road","name":""},
  {"lat":41.559882,"lon":-93.791531,"city":"West Des Moines","state":"IA","address":"6075 Mills Civic Parkway","name":""},
  {"lat":41.506935,"lon":-90.513831,"city":"Moline","state":"IL","address":"1630 5th Avenue","name":""},
  {"lat":44.979024,"lon":-93.275346,"city":"Minneapolis","state":"MN","address":"601 N 1st Ave","name":""},
  {"lat":42.51818,"lon":-90.645003,"city":"Dubuque","state":"IA","address":"1825 Greyhound Park Road","name":""},
  {"lat":45.489892,"lon":-122.671954,"city":"Portland","state":"OR","address":"455 S Hamilton Court","name":""},
  {"lat":47.612966,"lon":-122.334487,"city":"Seattle","state":"WA","address":"1531 7th Ave","name":""},
  {"lat":47.61435,"lon":-122.341842,"city":"Seattle","state":"WA","address":"2120 4th Avenue","name":""},
  {"lat":46.603391,"lon":-120.501908,"city":"Yakima","state":"WA","address":"321 E Yakima Ave","name":""},
  {"lat":46.867916,"lon":-113.986889,"city":"Missoula","state":"MT","address":"100 Madison","name":""},
  {"lat":26.642903,"lon":-81.870599,"city":"Fort Myers","state":"FL","address":"1520 Broadway","name":""},
  {"lat":28.043961,"lon":-81.954581,"city":"Lakeland","state":"FL","address":"329 E Main St","name":""},
  {"lat":26.193891,"lon":-81.8008,"city":"Naples","state":"FL","address":"4055 Tamiami Trail North","name":""},
  {"lat":27.727187,"lon":-82.742869,"city":"St. Pete Beach","state":"FL","address":"5300 Gulf Boulevard","name":""},
  {"lat":27.945401,"lon":-82.533001,"city":"Tampa","state":"FL","address":"5303 West Kennedy Blvd","name":""},
  {"lat":27.952028,"lon":-82.458567,"city":"Tampa","state":"FL","address":"905 N. Florida Ave","name":""},
  {"lat":25.973125,"lon":-80.145467,"city":"Aventura","state":"FL","address":"2820 NE 214th St","name":""},
  {"lat":26.051307,"lon":-80.143832,"city":"Dania Beach","state":"FL","address":"28 South Federal Highway","name":""},
  {"lat":25.812667,"lon":-80.123277,"city":"Miami Beach","state":"FL","address":"4000 Collins Ave","name":""},
  {"lat":28.079149,"lon":-80.607313,"city":"Melbourne","state":"FL","address":"801 E Strawbridge Ave.","name":""},
  {"lat":30.395732,"lon":-86.604841,"city":"Fort Walton Beach","state":"FL","address":"380 Santa Rosa Blvd","name":""},
  {"lat":33.514796,"lon":-86.804296,"city":"Birmingham","state":"AL","address":"2027 1ST Avenue North","name":""},
  {"lat":29.850981,"lon":-81.266971,"city":"St. Augustine","state":"FL","address":"530 A1A Beach Blvd","name":""},
  {"lat":31.070429,"lon":-81.40468,"city":"Jekyll Island","state":"GA","address":"721 North Beachview Dr","name":""},
  {"lat":32.083927,"lon":-81.100578,"city":"Savannah","state":"GA","address":"630 West Bay Street","name":""},
  {"lat":32.082041,"lon":-81.093056,"city":"Savannah","state":"GA","address":"126 W. Bay Street","name":""},
  {"lat":31.19877,"lon":-81.366719,"city":"St. Simons Island","state":"GA","address":"515 N Windward Dr.","name":""},
  {"lat":33.659181,"lon":-78.918979,"city":"Myrtle Beach","state":"SC","address":"3200 South Ocean Boulevard","name":""},
  {"lat":33.759338,"lon":-84.390091,"city":"Atlanta","state":"GA","address":"160 Ted Turner Dr NW","name":""},
  {"lat":35.047285,"lon":-85.310148,"city":"Chattanooga","state":"TN","address":"736 Broad Street","name":""},
  {"lat":34.253634,"lon":-85.174844,"city":"Rome","state":"GA","address":"100-110 West 2nd Avenue NW","name":""},
  {"lat":36.165252,"lon":-86.77781,"city":"Nashville","state":"TN","address":"221 2ND AVE N","name":""},
  {"lat":36.15612,"lon":-86.77257,"city":"Nashville","state":"TN","address":"501 3rd Avenue South","name":""},
  {"lat":38.048662,"lon":-84.495051,"city":"Lexington","state":"KY","address":"120 West Second Street","name":""},
  {"lat":38.242622,"lon":-85.726415,"city":"Louisville","state":"KY","address":"900 Baxter Ave","name":""},
  {"lat":33.773377,"lon":-84.368851,"city":"Atlanta","state":"GA","address":"551 Ponce De Leon Ave NE","name":""},
  {"lat":35.960534,"lon":-83.925763,"city":"Knoxville","state":"TN","address":"1109 White Avenue","name":""},
  {"lat":35.795,"lon":-83.560575,"city":"Pigeon Forge","state":"TN","address":"3171 Parkway","name":""},
  {"lat":35.470021,"lon":-83.000387,"city":"Waynesville","state":"NC","address":"176 Country Club Dr.","name":""},
  {"lat":35.587523,"lon":-82.567314,"city":"Asheville","state":"NC","address":"95 Roberts Street","name":""},
  {"lat":34.197085,"lon":-79.766937,"city":"Florence","state":"SC","address":"126 W. Evans Street","name":""},
  {"lat":39.224393,"lon":-84.355262,"city":"Montgomery","state":"OH","address":"7711 Roosa Street","name":""},
  {"lat":37.135464,"lon":-80.55305,"city":"Radford","state":"VA","address":"604 Tyler Avenue","name":""},
  {"lat":40.111204,"lon":-88.208211,"city":"Urbana","state":"IL","address":"210 S Race St","name":""},
  {"lat":41.905239,"lon":-87.6304,"city":"Chicago","state":"IL","address":"1244 N Dearborn Pkwy","name":""},
  {"lat":41.932902,"lon":-87.645557,"city":"Chicago","state":"IL","address":"644 West Diversey Pkwy","name":""},
  {"lat":41.974329,"lon":-87.870454,"city":"Rosemont","state":"IL","address":"5200 Pearl Street","name":""},
  {"lat":39.956524,"lon":-86.015796,"city":"Fishers","state":"IN","address":"8651 E 116th Street","name":""},
  {"lat":39.40004,"lon":-84.56468,"city":"Hamilton","state":"OH","address":"10 South Monument Ave","name":""},
  {"lat":41.683427,"lon":-85.970302,"city":"Elkhart","state":"IN","address":"500 South Main Street","name":""},
  {"lat":42.791553,"lon":-86.104808,"city":"Holland","state":"MI","address":"61 E 7th Street","name":""},
  {"lat":39.7621,"lon":-84.192896,"city":"Dayton","state":"OH","address":"137 N Main St","name":""},
  {"lat":39.631018,"lon":-79.956379,"city":"Morgantown","state":"WV","address":"345 Chestnut Street","name":""},
  {"lat":43.268182,"lon":-82.531221,"city":"Lexington","state":"MI","address":"5502 Main St","name":""},
  {"lat":42.959655,"lon":-78.758885,"city":"Williamsville","state":"NY","address":"5195 Main Street","name":""},
  {"lat":34.021151,"lon":-77.897048,"city":"Carolina Beach","state":"NC","address":"1211 S. Lake Park Blvd.","name":""},
  {"lat":35.103294,"lon":-77.039794,"city":"New Bern","state":"NC","address":"100 Craven St.","name":""},
  {"lat":34.238707,"lon":-77.950653,"city":"Wilmington","state":"NC","address":"301 N. Water Street","name":""},
  {"lat":34.244017,"lon":-77.884326,"city":"Wilmington","state":"NC","address":"5001 Market Street","name":""},
  {"lat":37.664428,"lon":-77.444612,"city":"Glen Allen","state":"VA","address":"1000 Virginia Center Pkwy.","name":""},
  {"lat":37.230022,"lon":-77.404962,"city":"Petersburg","state":"VA","address":"20 West Tabb Street","name":""},
  {"lat":37.024627,"lon":-76.341771,"city":"Hampton","state":"VA","address":"700 Settlers Landing Road","name":""},
  {"lat":36.803627,"lon":-76.191642,"city":"Virginia Beach","state":"VA","address":"5641 Indian River Road","name":""},
  {"lat":39.281937,"lon":-76.593591,"city":"Baltimore","state":"MD","address":"888 S. Broadway","name":""},
  {"lat":38.99123,"lon":-77.09623,"city":"Bethesda","state":"MD","address":"8120 Wisconsin Avenue","name":""},
  {"lat":38.904338,"lon":-77.048054,"city":"Washington","state":"DC","address":"1121 New Hampshire Ave NW","name":""},
  {"lat":38.46503,"lon":-75.051551,"city":"Fenwick Island","state":"DE","address":"1501 Coastal Highway","name":""},
  {"lat":38.716702,"lon":-75.082337,"city":"Rehoboth Beach","state":"DE","address":"123 Second Street Sussex","name":""},
  {"lat":40.158697,"lon":-76.307669,"city":"Lititz","state":"PA","address":"50 North Broad Street","name":""},
  {"lat":40.794864,"lon":-77.859136,"city":"State College","state":"PA","address":"205 East Beaver Avenue","name":""},
  {"lat":39.962841,"lon":-76.726148,"city":"York","state":"PA","address":"48 East Market Street","name":""},
  {"lat":40.072422,"lon":-75.3072,"city":"Conshohocken","state":"PA","address":"46 Fayette Street","name":""},
  {"lat":40.654095,"lon":-74.574857,"city":"Warren","state":"NJ","address":"200 Liberty Corner Road","name":""},
  {"lat":40.751573,"lon":-73.984524,"city":"New York City","state":"NY","address":"321 West 38th Street","name":""},
  {"lat":40.750535,"lon":-73.983668,"city":"New York City","state":"NY","address":"4-6 West 37th Street","name":""},
  {"lat":40.756676,"lon":-73.992808,"city":"New York City","state":"NY","address":"342 West 40th Street","name":""},
  {"lat":40.754334,"lon":-73.972727,"city":"New York City","state":"NY","address":"145 - 147 East 47th Street","name":""},
  {"lat":40.606037,"lon":-74.275589,"city":"Rahway","state":"NJ","address":"1403 Irving Street","name":""},
  {"lat":40.812407,"lon":-73.954427,"city":"Harlem","state":"NY","address":"412 West 126th Street","name":""},
  {"lat":41.220143,"lon":-73.72369,"city":"Mount Kisco","state":"NY","address":"One Pat Reilly Way","name":""},
  {"lat":40.801579,"lon":-73.652302,"city":"Roslyn","state":"NY","address":"1221 Old Northern Blvd","name":""},
  {"lat":41.052345,"lon":-73.541867,"city":"Stamford","state":"CT","address":"909 Washington Blvd.","name":""},
  {"lat":43.514474,"lon":-76.00469,"city":"Altmar","state":"NY","address":"52 Pulaski Street","name":""},
  {"lat":42.874533,"lon":-77.260828,"city":"Canandaigua","state":"NY","address":"205 Lakeshore Drive","name":""},
  {"lat":43.043964,"lon":-76.136355,"city":"Syracuse","state":"NY","address":"601 South Crouse Avenue","name":""},
  {"lat":42.729607,"lon":-73.796178,"city":"Latham","state":"NY","address":"254 Wolf Road","name":""},
  {"lat":41.296692,"lon":-72.919436,"city":"New Haven","state":"CT","address":"500 Sargent Drive","name":""},
  {"lat":41.726444,"lon":-71.472216,"city":"Warwick","state":"RI","address":"400 Knight Street","name":""},
  {"lat":42.388572,"lon":-71.142258,"city":"Cambridge","state":"MA","address":"220 Alewife Brook Pkwy","name":""},
  {"lat":43.636077,"lon":-72.788941,"city":"Killington","state":"VT","address":"2617 Killington Road","name":""},
  {"lat":44.260626,"lon":-72.57892,"city":"Montpelier","state":"VT","address":"100 State Street","name":""},
  {"lat":42.298216,"lon":-71.388831,"city":"Natick","state":"MA","address":"1360 Worcester Street","name":""}]}