{"key":"towneplace_suites","displayName":"TownePlace Suites","category":"hotels","useLocationName":false,"locations":[
  {"lat":61.191969,"lon":-149.872254,"city":"Anchorage","state":"AK","address":"600 E. 32nd Avenue","name":""},
  {"lat":32.583817,"lon":-85.490128,"city":"Auburn","state":"AL","address":"1117 South College Street","name":""},
  {"lat":33.44078,"lon":-86.832672,"city":"Birmingham","state":"AL","address":"400 Commons Drive","name":""},
  {"lat":31.255506,"lon":-85.428622,"city":"Dothan","state":"AL","address":"201 Retail Drive","name":""},
  {"lat":30.372383,"lon":-87.653606,"city":"Foley","state":"AL","address":"1070 North OWA Boulevard","name":""},
  {"lat":34.695105,"lon":-86.674177,"city":"Huntsville","state":"AL","address":"6500 Redstone Gateway SW","name":""},
  {"lat":34.743218,"lon":-86.684925,"city":"Huntsville","state":"AL","address":"1125 McMurtrie Drive","name":""},
  {"lat":32.45916,"lon":-86.38461,"city":"Millbrook","state":"AL","address":"34 Hospitality Lane","name":""},
  {"lat":30.668512,"lon":-88.13325,"city":"Mobile","state":"AL","address":"1075 Montlimar Drive","name":""},
  {"lat":32.358919,"lon":-86.158069,"city":"Montgomery","state":"AL","address":"2845 EastChase Lane","name":""},
  {"lat":32.613467,"lon":-85.397336,"city":"Opelika","state":"AL","address":"1625 Capps Drive","name":""},
  {"lat":33.609241,"lon":-85.787634,"city":"Oxford","state":"AL","address":"267 Hospitality Way","name":""},
  {"lat":33.609428,"lon":-86.275618,"city":"Pell City","state":"AL","address":"265 Vaughan Lane","name":""},
  {"lat":30.79967,"lon":-88.109776,"city":"Saraland","state":"AL","address":"2954 Township Boulevard","name":""},
  {"lat":33.183228,"lon":-87.526684,"city":"Tuscaloosa","state":"AL","address":"2816 McFarland Boulevard East","name":""},
  {"lat":36.356298,"lon":-94.176083,"city":"Bentonville","state":"AR","address":"3100 S.E. 14th Street","name":""},
  {"lat":35.037305,"lon":-90.797297,"city":"Forrest City","state":"AR","address":"375 Eldridge Road","name":""},
  {"lat":34.454778,"lon":-93.072764,"city":"Hot Springs","state":"AR","address":"120 Desai-Patel Court","name":""},
  {"lat":34.727087,"lon":-92.399441,"city":"Little Rock","state":"AR","address":"12 Crossings Court","name":""},
  {"lat":34.7874,"lon":-92.2106,"city":"North Little Rock","state":"AR","address":"3900 Vali Court","name":""},
  {"lat":36.136714,"lon":-94.178935,"city":"Springdale","state":"AR","address":"5437 South 48th Street","name":""},
  {"lat":34.26435,"lon":-92.10763,"city":"White Hall","state":"AR","address":"8531 Sheridan Road","name":""},
  {"lat":33.465683,"lon":-112.506125,"city":"Buckeye","state":"AZ","address":"1550 N Verrado Way","name":""},
  {"lat":32.88011,"lon":-111.67767,"city":"Casa Grande","state":"AZ","address":"742 North Mission Parkway","name":""},
  {"lat":33.304761,"lon":-111.904983,"city":"Chandler","state":"AZ","address":"3635 West Chandler Boulevard","name":""},
  {"lat":33.541521,"lon":-112.259694,"city":"Glendale","state":"AZ","address":"7271 North Zanjero Boulevard","name":""},
  {"lat":33.452396,"lon":-112.3615,"city":"Goodyear","state":"AZ","address":"13971 Celebrate Life Way","name":""},
  {"lat":33.571671,"lon":-112.116811,"city":"Phoenix","state":"AZ","address":"9425 N. Black Canyon Highway","name":""},
  {"lat":34.6053,"lon":-112.259,"city":"Prescott Valley","state":"AZ","address":"7300 East Florentine Road","name":""},
  {"lat":34.23343,"lon":-110.025318,"city":"Show Low","state":"AZ","address":"1401 E. Woolford Rd.","name":""},
  {"lat":31.532434,"lon":-110.26044,"city":"Sierra Vista","state":"AZ","address":"3399 Rodeo Drive","name":""},
  {"lat":33.60633,"lon":-112.41174,"city":"Surprise","state":"AZ","address":"13430 N 163rd Dr","name":""},
  {"lat":33.428823,"lon":-111.903625,"city":"Tempe","state":"AZ","address":"1929 East Rio Salado Parkway","name":""},
  {"lat":33.375919,"lon":-111.96286,"city":"Tempe","state":"AZ","address":"5223 South Priest Drive","name":""},
  {"lat":32.845929,"lon":-109.745196,"city":"Thatcher","state":"AZ","address":"2777 W. Hwy. 70","name":""},
  {"lat":32.132568,"lon":-110.930514,"city":"Tucson","state":"AZ","address":"6595 South Bay Colony Drive","name":""},
  {"lat":32.216294,"lon":-110.88116,"city":"Tucson","state":"AZ","address":"384 South Williams Boulevard","name":""},
  {"lat":32.315708,"lon":-110.975916,"city":"Tucson","state":"AZ","address":"405 West Rudasill Road","name":""},
  {"lat":32.695948,"lon":-114.603102,"city":"Yuma","state":"AZ","address":"1726 S Sunridge Drive","name":""},
  {"lat":34.145539,"lon":-118.769111,"city":"Agoura Hills","state":"CA","address":"29505 Agoura Road","name":""},
  {"lat":33.804635,"lon":-117.889161,"city":"Anaheim","state":"CA","address":"1730 South State College Boulevard","name":""},
  {"lat":35.387332,"lon":-119.094636,"city":"Bakersfield","state":"CA","address":"8300 Granite Falls Drive","name":""},
  {"lat":34.847659,"lon":-117.081535,"city":"Barstow","state":"CA","address":"2551 Mercantile Way","name":""},
  {"lat":37.287023,"lon":-121.937422,"city":"Campbell","state":"CA","address":"700 E. Campbell Avenue","name":""},
  {"lat":33.965456,"lon":-117.689597,"city":"Chino Hills","state":"CA","address":"15881 Pomona Rincon Road","name":""},
  {"lat":36.807183,"lon":-119.721972,"city":"Clovis","state":"CA","address":"580 West Shaw Avenue","name":""},
  {"lat":32.767788,"lon":-115.535218,"city":"El Centro","state":"CA","address":"3003 South Dogwood Avenue","name":""},
  {"lat":38.419031,"lon":-121.392683,"city":"Elk Grove","state":"CA","address":"9320 East Stockton Boulevard","name":""},
  {"lat":37.561175,"lon":-122.278911,"city":"Foster City","state":"CA","address":"1299 Chess Drive","name":""},
  {"lat":36.840555,"lon":-119.782066,"city":"Fresno","state":"CA","address":"7127 North Fresno Street","name":""},
  {"lat":33.91772,"lon":-118.354114,"city":"Hawthorne","state":"CA","address":"4427 West El Segundo Boulevard","name":""},
  {"lat":33.90046,"lon":-118.378515,"city":"Hawthorne","state":"CA","address":"14400 Aviation Boulevard","name":""},
  {"lat":33.62645,"lon":-117.716228,"city":"Lake Forest","state":"CA","address":"23150 Lake Center Drive","name":""},
  {"lat":34.682067,"lon":-118.166571,"city":"Lancaster","state":"CA","address":"2024 West Avenue J 8","name":""},
  {"lat":34.065364,"lon":-117.253456,"city":"Loma Linda","state":"CA","address":"10336 Richardson Street","name":""},
  {"lat":37.285067,"lon":-120.452183,"city":"Merced","state":"CA","address":"229 South Parsons Avenue","name":""},
  {"lat":37.411501,"lon":-121.893427,"city":"Milpitas","state":"CA","address":"1428 Falcon Drive","name":""},
  {"lat":34.14035,"lon":-118.0009,"city":"Monrovia","state":"CA","address":"102 West Huntington Drive","name":""},
  {"lat":34.241158,"lon":-119.182074,"city":"Oxnard","state":"CA","address":"701 Town Center Drive","name":""},
  {"lat":34.5972,"lon":-118.1432,"city":"Palmdale","state":"CA","address":"39330 Trade Center Drive","name":""},
  {"lat":37.691964,"lon":-121.917243,"city":"Pleasanton","state":"CA","address":"7260 Johnson Drive","name":""},
  {"lat":38.607887,"lon":-121.266814,"city":"Rancho Cordova","state":"CA","address":"11212 Point East Drive","name":""},
  {"lat":34.078676,"lon":-117.55817,"city":"Rancho Cucamonga","state":"CA","address":"9625 Milliken Ave","name":""},
  {"lat":40.576393,"lon":-122.35611,"city":"Redding","state":"CA","address":"2180 Larkspur Lane","name":""},
  {"lat":35.644013,"lon":-117.661234,"city":"Ridgecrest","state":"CA","address":"109 East Ward Avenue","name":""},
  {"lat":38.794607,"lon":-121.291729,"city":"Roseville","state":"CA","address":"10569 Fairway Drive","name":""},
  {"lat":38.596891,"lon":-121.447062,"city":"Sacramento","state":"CA","address":"1784 Tribute Road","name":""},
  {"lat":38.644199,"lon":-121.518823,"city":"Sacramento","state":"CA","address":"4090 East Commerce Way","name":""},
  {"lat":32.720697,"lon":-117.159169,"city":"San Diego","state":"CA","address":"1445 Sixth Avenue","name":""},
  {"lat":32.730267,"lon":-117.210913,"city":"San Diego","state":"CA","address":"2311 Lee Court","name":""},
  {"lat":32.824394,"lon":-117.138947,"city":"San Diego","state":"CA","address":"8650 Tech Way","name":""},
  {"lat":37.326054,"lon":-121.898372,"city":"San Jose","state":"CA","address":"495 West San Carlos Street","name":""},
  {"lat":37.319515,"lon":-121.973026,"city":"San Jose","state":"CA","address":"440 Saratoga Avenue","name":""},
  {"lat":35.250716,"lon":-120.680279,"city":"San Luis Obispo","state":"CA","address":"1301 Calle Joaquin","name":""},
  {"lat":37.956665,"lon":-122.331191,"city":"San Pablo","state":"CA","address":"2525 San Pablo Dam Road","name":""},
  {"lat":37.383278,"lon":-121.978767,"city":"Santa Clara","state":"CA","address":"2877 Lakeside Drive","name":""},
  {"lat":37.372797,"lon":-122.056349,"city":"Sunnyvale","state":"CA","address":"606 South Bernardo Avenue","name":""},
  {"lat":35.143298,"lon":-118.449186,"city":"Tehachapi","state":"CA","address":"1052 Magellan Drive","name":""},
  {"lat":34.183936,"lon":-118.916298,"city":"Thousand Oaks","state":"CA","address":"1712 Newbury Road","name":""},
  {"lat":37.7772,"lon":-121.4359,"city":"Tracy","state":"CA","address":"3500 North MacArthur Drive","name":""},
  {"lat":33.147523,"lon":-117.241522,"city":"Vista","state":"CA","address":"2201 South Melrose Drive","name":""},
  {"lat":39.628677,"lon":-106.494094,"city":"Avon","state":"CO","address":"1782 Swift Gulch Road, PO Box 8970","name":""},
  {"lat":39.926445,"lon":-105.130511,"city":"Broomfield","state":"CO","address":"480 FlatIron Blvd.","name":""},
  {"lat":38.808701,"lon":-104.728301,"city":"Colorado Springs","state":"CO","address":"1530 N. Newport Road","name":""},
  {"lat":38.901076,"lon":-104.853765,"city":"Colorado Springs","state":"CO","address":"4760 Centennial Blvd.","name":""},
  {"lat":39.72715,"lon":-104.98862,"city":"Denver","state":"CO","address":"685 Speer Boulevard","name":""},
  {"lat":39.774222,"lon":-104.801619,"city":"Denver","state":"CO","address":"4100 N. Kittredge Street","name":""},
  {"lat":39.729529,"lon":-105.129591,"city":"Golden","state":"CO","address":"800 Tabor Street","name":""},
  {"lat":39.559984,"lon":-105.117301,"city":"Littleton","state":"CO","address":"10902 W. Toller Drive","name":""},
  {"lat":39.522547,"lon":-104.872217,"city":"Lone Tree","state":"CO","address":"10664 Cabela Drive","name":""},
  {"lat":40.393225,"lon":-105.073511,"city":"Loveland","state":"CO","address":"256 East 2nd Street","name":""},
  {"lat":38.266349,"lon":-104.606767,"city":"Pueblo","state":"CO","address":"170 South Santa Fe Avenue","name":""},
  {"lat":40.461,"lon":-106.82,"city":"Steamboat Springs","state":"CO","address":"1901 Pine Grove Rd","name":""},
  {"lat":39.918222,"lon":-104.984482,"city":"Thornton","state":"CO","address":"12135 Grant Circle","name":""},
  {"lat":41.767908,"lon":-72.620505,"city":"East Hartford","state":"CT","address":"363 Roberts street","name":""},
  {"lat":39.673014,"lon":-75.668681,"city":"Newark","state":"DE","address":"410 Eagle Run Road","name":""},
  {"lat":28.663319,"lon":-81.389786,"city":"Altamonte Springs","state":"FL","address":"151 Douglas Avenue","name":""},
  {"lat":26.394622,"lon":-80.098107,"city":"Boca Raton","state":"FL","address":"5110 NW 8th Avenue","name":""},
  {"lat":26.548511,"lon":-80.086717,"city":"Boynton Beach","state":"FL","address":"2450 Quantum Boulevard","name":""},
  {"lat":27.459522,"lon":-82.617436,"city":"Bradenton","state":"FL","address":"5451 Cortez Road West","name":""},
  {"lat":28.395944,"lon":-80.61325,"city":"Cape Canaveral","state":"FL","address":"605 West Central Boulevard","name":""},
  {"lat":27.964235,"lon":-82.73039,"city":"Clearwater","state":"FL","address":"21090 U.S. Highway 19 North","name":""},
  {"lat":29.242593,"lon":-81.015404,"city":"Daytona Beach","state":"FL","address":"1000 North Atlantic Ave","name":""},
  {"lat":26.400172,"lon":-81.805372,"city":"Estero","state":"FL","address":"23161 Via Coconut Point","name":""},
  {"lat":26.194942,"lon":-80.189392,"city":"Fort Lauderdale","state":"FL","address":"3100 West Prospect Road","name":""},
  {"lat":26.612021,"lon":-81.806402,"city":"Fort Myers","state":"FL","address":"8445 Dani Drive","name":""},
  {"lat":26.4947,"lon":-81.79775,"city":"Fort Myers","state":"FL","address":"16975 Vintage Commerce Blvd","name":""},
  {"lat":30.441139,"lon":-86.594263,"city":"Fort Walton Beach","state":"FL","address":"843 Eglin Parkway","name":""},
  {"lat":29.659449,"lon":-82.422088,"city":"Gainesville","state":"FL","address":"7451 West Newberry Road","name":""},
  {"lat":25.478956,"lon":-80.433731,"city":"Homestead","state":"FL","address":"935 NE 30th Terrace","name":""},
  {"lat":30.483825,"lon":-81.650991,"city":"Jacksonville","state":"FL","address":"1287 Airport Road","name":""},
  {"lat":30.288798,"lon":-81.456247,"city":"Jacksonville","state":"FL","address":"13741 Beach Boulevard","name":""},
  {"lat":30.248029,"lon":-81.601506,"city":"Jacksonville","state":"FL","address":"4801 Lenoir Ave","name":""},
  {"lat":30.358616,"lon":-81.413304,"city":"Jacksonville","state":"FL","address":"2580 Mayport Road","name":""},
  {"lat":30.18144,"lon":-82.68664,"city":"Lake City","state":"FL","address":"178 NW Commerce Dr","name":""},
  {"lat":28.084997,"lon":-81.973158,"city":"Lakeland","state":"FL","address":"3370 US Highway 98 North","name":""},
  {"lat":28.80516,"lon":-81.86526,"city":"Leesburg","state":"FL","address":"238 Eagles Watch Street","name":""},
  {"lat":25.682667,"lon":-80.456836,"city":"Miami","state":"FL","address":"9055 SW 162nd Avenue","name":""},
  {"lat":25.782956,"lon":-80.262431,"city":"Miami","state":"FL","address":"4021 NW 11th Street","name":""},
  {"lat":30.113156,"lon":-81.829529,"city":"Middleburg","state":"FL","address":"1625 Jeremiah St","name":""},
  {"lat":30.3753,"lon":-86.349533,"city":"Miramar Beach","state":"FL","address":"39 Scenic Gulf Drive","name":""},
  {"lat":26.271075,"lon":-81.747986,"city":"Naples","state":"FL","address":"5425 Juliet Boulevard","name":""},
  {"lat":30.52434,"lon":-86.493992,"city":"Niceville","state":"FL","address":"100 Niceville Avenue","name":""},
  {"lat":29.084168,"lon":-82.252732,"city":"Ocala","state":"FL","address":"8125 SW Highway 200","name":""},
  {"lat":28.599742,"lon":-81.214941,"city":"Orlando","state":"FL","address":"11801 High Tech Avenue","name":""},
  {"lat":28.469016,"lon":-81.450832,"city":"Orlando","state":"FL","address":"5433 Altamira Drive","name":""},
  {"lat":28.4656,"lon":-81.31361,"city":"Orlando","state":"FL","address":"5530 Butler National Drive","name":""},
  {"lat":28.392169,"lon":-81.495564,"city":"Orlando","state":"FL","address":"8040 Palm Parkway","name":""},
  {"lat":28.410969,"lon":-81.454619,"city":"Orlando","state":"FL","address":"10731 International Drive","name":""},
  {"lat":28.528247,"lon":-81.378786,"city":"Orlando","state":"FL","address":"51 Columbia Street","name":""},
  {"lat":30.191283,"lon":-85.645359,"city":"Panama City","state":"FL","address":"903 East 23rd Place","name":""},
  {"lat":30.22609,"lon":-85.87433,"city":"Panama City Beach","state":"FL","address":"16000 Panama City Beach Parkway","name":""},
  {"lat":30.496064,"lon":-87.225477,"city":"Pensacola","state":"FL","address":"481 Creighton Road","name":""},
  {"lat":30.51678,"lon":-87.31273,"city":"Pensacola","state":"FL","address":"7915 Pine Forest Road","name":""},
  {"lat":28.025729,"lon":-82.153386,"city":"Plant City","state":"FL","address":"2709 Thonotosassa Road","name":""},
  {"lat":27.274742,"lon":-80.430019,"city":"Port St. Lucie","state":"FL","address":"10460 SW Village Parkway","name":""},
  {"lat":27.958377,"lon":-82.53187,"city":"Tampa","state":"FL","address":"5302 Avion Park Drive","name":""},
  {"lat":27.902622,"lon":-82.506597,"city":"Tampa","state":"FL","address":"4505 South Dale Mabry Highway","name":""},
  {"lat":27.982259,"lon":-82.387003,"city":"Tampa","state":"FL","address":"6202 East Dr. Martin Luther King Jr. Blvd","name":""},
  {"lat":28.941134,"lon":-81.951615,"city":"The Villages","state":"FL","address":"1141 Alonzo Ave.","name":""},
  {"lat":28.549252,"lon":-80.853521,"city":"Titusville","state":"FL","address":"4815 Helen Hauser Boulevard","name":""},
  {"lat":27.107271,"lon":-82.383039,"city":"Venice","state":"FL","address":"2986 Executive Drive","name":""},
  {"lat":26.098825,"lon":-80.379631,"city":"Weston","state":"FL","address":"1545 Three Village Road","name":""},
  {"lat":28.379794,"lon":-81.614234,"city":"Winter Garden","state":"FL","address":"13295 Hartzog Road","name":""},
  {"lat":31.62005,"lon":-84.229392,"city":"Albany","state":"GA","address":"3014 Kensington Court","name":""},
  {"lat":34.061361,"lon":-84.287181,"city":"Alpharetta","state":"GA","address":"7925 Westside Parkway","name":""},
  {"lat":33.825839,"lon":-84.363129,"city":"Atlanta","state":"GA","address":"820 Sidney Marcus Boulevard NE","name":""},
  {"lat":31.238939,"lon":-81.499514,"city":"Brunswick","state":"GA","address":"149 Gateway Center Blvd","name":""},
  {"lat":34.47147,"lon":-84.915964,"city":"Calhoun","state":"GA","address":"1200 Lovers Lane Road","name":""},
  {"lat":34.252922,"lon":-84.479877,"city":"Canton","state":"GA","address":"120 Reinhardt College Parkway","name":""},
  {"lat":32.510786,"lon":-84.951267,"city":"Columbus","state":"GA","address":"4534 Armour Road","name":""},
  {"lat":33.546241,"lon":-84.574124,"city":"Fairburn","state":"GA","address":"7777 Ella Lane","name":""},
  {"lat":34.282258,"lon":-83.845222,"city":"Gainesville","state":"GA","address":"1745 Browns Bridge Road","name":""},
  {"lat":33.48191,"lon":-82.200146,"city":"Grovetown","state":"GA","address":"893 Husk Box Way","name":""},
  {"lat":33.659407,"lon":-84.428382,"city":"Hapeville","state":"GA","address":"3424 Norman Berry Drive","name":""},
  {"lat":34.001558,"lon":-84.586624,"city":"Kennesaw","state":"GA","address":"1074 Cobb Place Boulevard N.W.","name":""},
  {"lat":33.962936,"lon":-84.058672,"city":"Lawrenceville","state":"GA","address":"1740 Lakes Parkway","name":""},
  {"lat":33.350897,"lon":-84.128217,"city":"Locust Grove","state":"GA","address":"1025 Bandy Parkway","name":""},
  {"lat":32.825686,"lon":-83.654506,"city":"Macon","state":"GA","address":"1550 Mercer University Drive","name":""},
  {"lat":33.38303,"lon":-84.765386,"city":"Newnan","state":"GA","address":"4001 McIntosh Parkway","name":""},
  {"lat":32.441511,"lon":-83.754726,"city":"Perry","state":"GA","address":"100 General Courtney Hodges Boulevard","name":""},
  {"lat":32.0813,"lon":-81.283,"city":"Pooler","state":"GA","address":"100 Half Moon Way","name":""},
  {"lat":32.140434,"lon":-81.233833,"city":"Savannah","state":"GA","address":"4 Jay R Turner Drive","name":""},
  {"lat":31.980056,"lon":-81.143829,"city":"Savannah","state":"GA","address":"11309 Abercorn Street","name":""},
  {"lat":32.007631,"lon":-81.286873,"city":"Savannah","state":"GA","address":"11 West Gateway Boulevard","name":""},
  {"lat":32.07027,"lon":-81.15748,"city":"Savannah","state":"GA","address":"2002 Chatham Center Drive","name":""},
  {"lat":42.0104,"lon":-93.5867,"city":"Ames","state":"IA","address":"1523 South Dayton Place","name":""},
  {"lat":42.504997,"lon":-90.663961,"city":"Dubuque","state":"IA","address":"1151 Washington Street","name":""},
  {"lat":41.653477,"lon":-93.739701,"city":"Johnston","state":"IA","address":"8800 Northpark Drive","name":""},
  {"lat":42.032892,"lon":-91.581719,"city":"Marion","state":"IA","address":"2823 7th Avenue","name":""},
  {"lat":41.5681,"lon":-93.8001,"city":"West Des Moines","state":"IA","address":"125 South 68th Street","name":""},
  {"lat":43.604286,"lon":-116.212841,"city":"Boise","state":"ID","address":"1455 South Capitol Boulevard","name":""},
  {"lat":47.69858,"lon":-116.805983,"city":"Coeur D'Alene","state":"ID","address":"1381 North Northwood Center Court","name":""},
  {"lat":43.592028,"lon":-116.356528,"city":"Meridian","state":"ID","address":"1415 South Eagle Road","name":""},
  {"lat":43.598245,"lon":-116.509403,"city":"Nampa","state":"ID","address":"4975 East Commerce St","name":""},
  {"lat":42.878919,"lon":-112.416951,"city":"Pocatello","state":"ID","address":"2376 Via Caporatti","name":""},
  {"lat":42.592117,"lon":-114.477411,"city":"Twin Falls","state":"ID","address":"175 Avenida del Rio","name":""},
  {"lat":40.110294,"lon":-88.231005,"city":"Champaign","state":"IL","address":"603 South Sixth Street","name":""},
  {"lat":40.121614,"lon":-87.544392,"city":"Danville","state":"IL","address":"330 Eastgate Drive","name":""},
  {"lat":38.787694,"lon":-89.978642,"city":"Edwardsville","state":"IL","address":"6101 Center Grove Road","name":""},
  {"lat":41.494909,"lon":-88.165762,"city":"Joliet","state":"IL","address":"1515 Riverboat Center Dr","name":""},
  {"lat":41.845775,"lon":-88.005205,"city":"Lombard","state":"IL","address":"455 East 22nd Street","name":""},
  {"lat":41.456119,"lon":-88.273336,"city":"Minooka","state":"IL","address":"630 Bob Blair Road","name":""},
  {"lat":41.802179,"lon":-88.206969,"city":"Naperville","state":"IL","address":"1843 West Diehl Road","name":""},
  {"lat":38.578358,"lon":-89.930994,"city":"O'Fallon","state":"IL","address":"445 Regency Park Drive","name":""},
  {"lat":41.662865,"lon":-88.123764,"city":"Romeoville","state":"IL","address":"1280 Windham Parkway","name":""},
  {"lat":42.041742,"lon":-88.050772,"city":"Schaumburg","state":"IL","address":"700 National Parkway","name":""},
  {"lat":42.34429,"lon":-87.904513,"city":"Waukegan","state":"IL","address":"404 Lakehurst Road","name":""},
  {"lat":39.168304,"lon":-86.570913,"city":"Bloomington","state":"IN","address":"105 S Franklin","name":""},
  {"lat":41.42008,"lon":-87.32768,"city":"Crown Point","state":"IN","address":"801 E 109th Place","name":""},
  {"lat":41.113017,"lon":-85.1479,"city":"Fort Wayne","state":"IN","address":"3949 Ice Way Drive","name":""},
  {"lat":39.678573,"lon":-86.31929,"city":"Indianapolis","state":"IN","address":"8850 Hatfield Dr.","name":""},
  {"lat":39.758208,"lon":-86.15953,"city":"Indianapolis","state":"IN","address":"629 Russell Avenue","name":""},
  {"lat":38.271094,"lon":-85.744369,"city":"Jeffersonville","state":"IN","address":"301 West Maple Street","name":""},
  {"lat":40.419181,"lon":-86.819429,"city":"Lafayette","state":"IN","address":"163 Frontage Road","name":""},
  {"lat":37.978483,"lon":-87.431089,"city":"Newburgh","state":"IN","address":"9922 Pointe View Drive","name":""},
  {"lat":38.664437,"lon":-87.533307,"city":"Vincennes","state":"IN","address":"1320 Willow Street","name":""},
  {"lat":40.46211,"lon":-86.93552,"city":"West Lafayette","state":"IN","address":"1750 Sachem Boulevard","name":""},
  {"lat":37.754696,"lon":-100.056402,"city":"Dodge City","state":"KS","address":"2800 West Wyatt Earp Boulevard","name":""},
  {"lat":37.989179,"lon":-100.830954,"city":"Garden City","state":"KS","address":"3510 East Kansas Avenue","name":""},
  {"lat":38.898992,"lon":-99.315142,"city":"Hays","state":"KS","address":"4001 General Hays Road","name":""},
  {"lat":38.967078,"lon":-95.234494,"city":"Lawrence","state":"KS","address":"900 New Hampshire Street","name":""},
  {"lat":39.327069,"lon":-94.916317,"city":"Leavenworth","state":"KS","address":"1001 North 4th Street","name":""},
  {"lat":38.88746,"lon":-94.666345,"city":"Overland Park","state":"KS","address":"7020 W. 133rd Street","name":""},
  {"lat":37.737564,"lon":-97.228016,"city":"Wichita","state":"KS","address":"9444 East 29th Street North","name":""},
  {"lat":36.943322,"lon":-86.431814,"city":"Bowling Green","state":"KY","address":"1818 Cave Mill Road","name":""},
  {"lat":36.91623,"lon":-84.1233,"city":"Corbin","state":"KY","address":"157 Arena Drive","name":""},
  {"lat":39.019233,"lon":-84.636846,"city":"Florence","state":"KY","address":"7488 Turfway Road","name":""},
  {"lat":38.230091,"lon":-84.531751,"city":"Georgetown","state":"KY","address":"150 Ikebana Drive","name":""},
  {"lat":36.822047,"lon":-87.477017,"city":"Hopkinsville","state":"KY","address":"220 Richard Mills Drive","name":""},
  {"lat":38.018083,"lon":-84.556994,"city":"Lexington","state":"KY","address":"980 Midnight Pass","name":""},
  {"lat":38.018032,"lon":-84.424646,"city":"Lexington","state":"KY","address":"1790 Vendor Way","name":""},
  {"lat":38.297799,"lon":-85.562239,"city":"Louisville","state":"KY","address":"10110 Champions Farm Drive","name":""},
  {"lat":38.153214,"lon":-85.712378,"city":"Louisville","state":"KY","address":"6601 Paramount Park Drive","name":""},
  {"lat":38.255083,"lon":-85.763922,"city":"Louisville","state":"KY","address":"801 West Jefferson Street","name":""},
  {"lat":37.768908,"lon":-87.058936,"city":"Owensboro","state":"KY","address":"3365 Hayden Road","name":""},
  {"lat":37.733933,"lon":-84.325275,"city":"Richmond","state":"KY","address":"2018 Colby Taylor Drive","name":""},
  {"lat":31.271884,"lon":-92.461633,"city":"Alexandria","state":"LA","address":"3810 Alexandria Mall Drive","name":""},
  {"lat":30.39648,"lon":-91.095387,"city":"Baton Rouge","state":"LA","address":"8735 Summa Avenue","name":""},
  {"lat":32.517752,"lon":-93.710872,"city":"Bossier City","state":"LA","address":"1009 Gould Drive","name":""},
  {"lat":30.207553,"lon":-90.94905,"city":"Gonzales","state":"LA","address":"2823 South Outfitters Drive","name":""},
  {"lat":29.965131,"lon":-90.191711,"city":"Harahan","state":"LA","address":"5424 Citrus Boulevard","name":""},
  {"lat":29.87843,"lon":-90.05214,"city":"Harvey","state":"LA","address":"1800 Central Boulevard","name":""},
  {"lat":30.161056,"lon":-92.046203,"city":"Lafayette","state":"LA","address":"119 Lake Farm Road","name":""},
  {"lat":30.084133,"lon":-90.445831,"city":"Laplace","state":"LA","address":"4281 Highway 51","name":""},
  {"lat":32.496083,"lon":-92.055483,"city":"Monroe","state":"LA","address":"4919 Pecanland Mall Drive","name":""},
  {"lat":29.958394,"lon":-90.077208,"city":"New Orleans","state":"LA","address":"1600 Canal Street","name":""},
  {"lat":30.448372,"lon":-91.238881,"city":"Port Allen","state":"LA","address":"2665 Office Park Drive","name":""},
  {"lat":32.442779,"lon":-93.726575,"city":"Shreveport","state":"LA","address":"1419 East 70th Street","name":""},
  {"lat":30.271753,"lon":-89.756092,"city":"Slidell","state":"LA","address":"1840 Lindberg Drive","name":""},
  {"lat":31.559567,"lon":-91.427544,"city":"Vidalia","state":"LA","address":"215 Front Street","name":""},
  {"lat":42.38742,"lon":-71.023925,"city":"Chelsea","state":"MA","address":"30 Eastern Avenue","name":""},
  {"lat":42.297852,"lon":-71.480296,"city":"Framingham","state":"MA","address":"1659 Worcester Road","name":""},
  {"lat":42.347045,"lon":-72.571937,"city":"Hadley","state":"MA","address":"237 Russell Street","name":""},
  {"lat":42.77433,"lon":-71.11634,"city":"Haverhill","state":"MA","address":"401 Lowell Avenue","name":""},
  {"lat":42.402589,"lon":-71.081743,"city":"Medford","state":"MA","address":"85 Station Landing","name":""},
  {"lat":41.80051,"lon":-71.329595,"city":"Seekonk","state":"MA","address":"928 Fall River Avenue","name":""},
  {"lat":41.773319,"lon":-70.733286,"city":"Wareham","state":"MA","address":"50 Rosebrook Place","name":""},
  {"lat":41.679337,"lon":-71.11273,"city":"Westport","state":"MA","address":"41 Old Bedford Road","name":""},
  {"lat":42.039568,"lon":-71.310332,"city":"Wrentham","state":"MA","address":"65 Ledgeview Way","name":""},
  {"lat":38.97506,"lon":-76.55128,"city":"Annapolis","state":"MD","address":"120 Admiral Cochrane Drive","name":""},
  {"lat":39.122367,"lon":-76.77802,"city":"Annapolis Junction","state":"MD","address":"120 National Business Parkway","name":""},
  {"lat":39.483244,"lon":-76.246818,"city":"Belcamp","state":"MD","address":"1357 Belcamp Road","name":""},
  {"lat":38.941016,"lon":-76.734025,"city":"Bowie","state":"MD","address":"3700 Town Center Boulevard","name":""},
  {"lat":38.783334,"lon":-76.885339,"city":"Clinton","state":"MD","address":"7800 Ferry Avenue","name":""},
  {"lat":39.0122,"lon":-76.928719,"city":"College Park","state":"MD","address":"9620 Baltimore Avenue","name":""},
  {"lat":39.370892,"lon":-77.413466,"city":"Frederick","state":"MD","address":"5050 Westview Drive","name":""},
  {"lat":39.140863,"lon":-77.20951,"city":"Gaithersburg","state":"MD","address":"212 Perry Parkway","name":""},
  {"lat":39.1602,"lon":-76.722538,"city":"Hanover","state":"MD","address":"7021 Arundel Mills Circle","name":""},
  {"lat":38.287317,"lon":-76.475916,"city":"Lexington Park","state":"MD","address":"22520 Three Notch Road","name":""},
  {"lat":39.202732,"lon":-76.678393,"city":"Linthicum Heights","state":"MD","address":"1171 Winterson Road","name":""},
  {"lat":44.825651,"lon":-68.751204,"city":"Bangor","state":"ME","address":"240 Sylvan Road","name":""},
  {"lat":43.642768,"lon":-70.331768,"city":"South Portland","state":"ME","address":"70 Maine Mall Rd","name":""},
  {"lat":42.264181,"lon":-83.218984,"city":"Allen Park","state":"MI","address":"16850 Southfield Road","name":""},
  {"lat":42.238408,"lon":-83.748816,"city":"Ann Arbor","state":"MI","address":"1301 Briarwood Circle","name":""},
  {"lat":42.697022,"lon":-83.306046,"city":"Auburn Hills","state":"MI","address":"3900 Baldwin Road","name":""},
  {"lat":42.266456,"lon":-85.171894,"city":"Battle Creek","state":"MI","address":"12917 Harper Village Drive","name":""},
  {"lat":42.220686,"lon":-83.492411,"city":"Belleville","state":"MI","address":"46418 N I-94 Service Dr","name":""},
  {"lat":42.324569,"lon":-83.446972,"city":"Canton","state":"MI","address":"5780 N Haggerty Road","name":""},
  {"lat":42.632383,"lon":-82.855277,"city":"Chesterfield","state":"MI","address":"45255 Marketplace Boulevard","name":""},
  {"lat":42.529511,"lon":-83.444378,"city":"Commerce Township","state":"MI","address":"199 Loop Road","name":""},
  {"lat":42.333816,"lon":-83.212038,"city":"Dearborn","state":"MI","address":"6141 Mercury Drive","name":""},
  {"lat":42.719025,"lon":-84.454784,"city":"East Lansing","state":"MI","address":"2855 Hannah Boulevard","name":""},
  {"lat":42.916322,"lon":-85.534536,"city":"Grand Rapids","state":"MI","address":"5430 28th Street Court SE","name":""},
  {"lat":42.861102,"lon":-85.544874,"city":"Grand Rapids","state":"MI","address":"4850 Town Center Dr SE","name":""},
  {"lat":42.811555,"lon":-86.08138,"city":"Holland","state":"MI","address":"12132 James Street","name":""},
  {"lat":45.820528,"lon":-88.066111,"city":"Iron Mountain","state":"MI","address":"200 S. Stephenson Ave","name":""},
  {"lat":42.274914,"lon":-84.429864,"city":"Jackson","state":"MI","address":"2002 Bondsteel Drive","name":""},
  {"lat":42.234618,"lon":-85.677212,"city":"Kalamazoo","state":"MI","address":"5683 S. 9th Street","name":""},
  {"lat":42.76381,"lon":-84.52208,"city":"Lansing","state":"MI","address":"3010 Wood Street","name":""},
  {"lat":42.412347,"lon":-83.429142,"city":"Livonia","state":"MI","address":"17450 Fox Drive","name":""},
  {"lat":41.926834,"lon":-83.356855,"city":"Monroe","state":"MI","address":"1440 North Dixie Highway","name":""},
  {"lat":43.484446,"lon":-83.968838,"city":"Saginaw","state":"MI","address":"5368 Cardinal Square Boulevard","name":""},
  {"lat":42.624098,"lon":-82.981138,"city":"Sterling Heights","state":"MI","address":"14800 Lakeside Circle","name":""},
  {"lat":42.19646,"lon":-83.23743,"city":"Taylor","state":"MI","address":"20777 Eureka Road","name":""},
  {"lat":42.535978,"lon":-83.120956,"city":"Troy","state":"MI","address":"325 Stephenson Highway","name":""},
  {"lat":42.523959,"lon":-83.031038,"city":"Warren","state":"MI","address":"7601 Chicago Road","name":""},
  {"lat":42.857248,"lon":-85.683452,"city":"Wyoming","state":"MI","address":"5880 Clyde Park Ave. S.W.","name":""},
  {"lat":44.857163,"lon":-93.236579,"city":"Bloomington","state":"MN","address":"2500 Lindau Lane","name":""},
  {"lat":46.81157,"lon":-92.16401,"city":"Duluth","state":"MN","address":"1520 Sundby Road","name":""},
  {"lat":44.826002,"lon":-93.168445,"city":"Eagan","state":"MN","address":"3615 Crestridge Drive","name":""},
  {"lat":44.859825,"lon":-93.424755,"city":"Eden Prairie","state":"MN","address":"11588 Leona Road","name":""},
  {"lat":44.175014,"lon":-93.958059,"city":"Mankato","state":"MN","address":"911 Raintree Road","name":""},
  {"lat":44.987123,"lon":-93.27378,"city":"Minneapolis","state":"MN","address":"525 North 2nd Street","name":""},
  {"lat":44.021701,"lon":-92.471075,"city":"Rochester","state":"MN","address":"601 2nd Street SW","name":""},
  {"lat":44.067964,"lon":-92.505268,"city":"Rochester","state":"MN","address":"2829 43rd Street NW","name":""},
  {"lat":44.96875,"lon":-93.355306,"city":"St. Louis Park","state":"MN","address":"1400 Zarthan Avenue South","name":""},
  {"lat":38.62422,"lon":-90.336964,"city":"Brentwood","state":"MO","address":"1695 South Hanley Road","name":""},
  {"lat":38.673208,"lon":-90.663378,"city":"Chesterfield","state":"MO","address":"748 Premium Way","name":""},
  {"lat":38.900729,"lon":-92.28679,"city":"Columbia","state":"MO","address":"4400 Nocona Parkway","name":""},
  {"lat":37.044063,"lon":-94.48144,"city":"Joplin","state":"MO","address":"4026 S. Arizona Avenue","name":""},
  {"lat":39.30786,"lon":-94.684625,"city":"Kansas City","state":"MO","address":"11812 NW Plaza Circle","name":""},
  {"lat":39.166297,"lon":-94.594358,"city":"Kansas City","state":"MO","address":"3950 North Mulberry Drive","name":""},
  {"lat":39.243645,"lon":-94.454359,"city":"Liberty","state":"MO","address":"130 South Stewart Road","name":""},
  {"lat":36.855599,"lon":-89.587956,"city":"Sikeston","state":"MO","address":"1239 Commerce Drive","name":""},
  {"lat":37.177844,"lon":-93.277328,"city":"Springfield","state":"MO","address":"2009 South National Avenue","name":""},
  {"lat":38.804784,"lon":-90.855682,"city":"Wentzville","state":"MO","address":"20 Cliff View Drive","name":""},
  {"lat":32.3365,"lon":-90.064558,"city":"Flowood","state":"MS","address":"160 East Metro Parkway","name":""},
  {"lat":31.330864,"lon":-89.35155,"city":"Hattiesburg","state":"MS","address":"235 Thornhill Drive","name":""},
  {"lat":34.972032,"lon":-89.858418,"city":"Olive Branch","state":"MS","address":"7840 Craft-Goodman Frontage Road","name":""},
  {"lat":34.370736,"lon":-89.498234,"city":"Oxford","state":"MS","address":"105 Ed Perry Boulevard","name":""},
  {"lat":32.442149,"lon":-90.15073,"city":"Ridgeland","state":"MS","address":"310 Southlake Avenue","name":""},
  {"lat":34.965286,"lon":-89.998385,"city":"Southaven","state":"MS","address":"7191 Sleepy Hollow Drive","name":""},
  {"lat":45.752231,"lon":-108.578981,"city":"Billings","state":"MT","address":"2480 Grant Road","name":""},
  {"lat":45.717758,"lon":-111.072083,"city":"Bozeman","state":"MT","address":"2679 Honor Lane","name":""},
  {"lat":47.512889,"lon":-111.314248,"city":"Great Falls","state":"MT","address":"525 3rd Street NW","name":""},
  {"lat":46.902127,"lon":-114.037357,"city":"Missoula","state":"MT","address":"3055 Stockyard Road","name":""},
  {"lat":48.392019,"lon":-114.334664,"city":"Whitefish","state":"MT","address":"300 Akers Lane","name":""},
  {"lat":35.156108,"lon":-79.421344,"city":"Aberdeen","state":"NC","address":"205 Columbus Drive","name":""},
  {"lat":35.558368,"lon":-82.599238,"city":"Asheville","state":"NC","address":"141 South Bear Creek Road","name":""},
  {"lat":35.600879,"lon":-82.552275,"city":"Asheville","state":"NC","address":"39 Elm Street","name":""},
  {"lat":36.193747,"lon":-81.653214,"city":"Boone","state":"NC","address":"1110 Meadowview Drive","name":""},
  {"lat":35.827221,"lon":-78.805022,"city":"Cary","state":"NC","address":"120 Sage Commons Way","name":""},
  {"lat":35.178625,"lon":-80.892888,"city":"Charlotte","state":"NC","address":"4920 South Tryon Street","name":""},
  {"lat":35.083923,"lon":-78.955455,"city":"Fayetteville","state":"NC","address":"1464 Skibo Road","name":""},
  {"lat":35.389212,"lon":-77.944079,"city":"Goldsboro","state":"NC","address":"2603 North Park Drive","name":""},
  {"lat":36.043714,"lon":-79.846686,"city":"Greensboro","state":"NC","address":"3304 Isler Street","name":""},
  {"lat":35.703914,"lon":-81.292535,"city":"Hickory","state":"NC","address":"1540 23rd Street Lane","name":""},
  {"lat":34.798376,"lon":-77.418535,"city":"Jacksonville","state":"NC","address":"400 Northwest Circle","name":""},
  {"lat":36.091405,"lon":-80.065164,"city":"Kernersville","state":"NC","address":"1009 Stafford Centre Dr.","name":""},
  {"lat":35.995447,"lon":-75.646322,"city":"Kill Devil Hills","state":"NC","address":"2028 South Virginia Dare Trail","name":""},
  {"lat":35.555762,"lon":-80.856141,"city":"Mooresville","state":"NC","address":"139 Gateway Boulevard","name":""},
  {"lat":35.857759,"lon":-78.841143,"city":"Morrisville","state":"NC","address":"1021 Carrington Mill Boulevard","name":""},
  {"lat":35.755814,"lon":-78.699316,"city":"Raleigh","state":"NC","address":"3771 Thistledown Drive","name":""},
  {"lat":34.244639,"lon":-77.862469,"city":"Wilmington","state":"NC","address":"305 Eastwood Rd","name":""},
  {"lat":46.911812,"lon":-102.787173,"city":"Dickinson","state":"ND","address":"240 29th Street West","name":""},
  {"lat":48.19701,"lon":-101.3042,"city":"Minot","state":"ND","address":"800 37th Ave SW","name":""},
  {"lat":41.45195,"lon":-97.40174,"city":"Columbus","state":"NE","address":"5912 Howard Boulevard","name":""},
  {"lat":40.885549,"lon":-96.679172,"city":"Lincoln","state":"NE","address":"7353 Husker Circle","name":""},
  {"lat":42.016716,"lon":-97.424933,"city":"Norfolk","state":"NE","address":"1302 Cyhawk Loop","name":""},
  {"lat":41.261283,"lon":-96.083833,"city":"Omaha","state":"NE","address":"10865 West Dodge Road","name":""},
  {"lat":43.531815,"lon":-71.439694,"city":"Gilford","state":"NH","address":"14 Sawmill Road","name":""},
  {"lat":42.950371,"lon":-71.431833,"city":"Manchester","state":"NH","address":"686 Huse Road","name":""},
  {"lat":40.564058,"lon":-74.698011,"city":"Branchburg","state":"NJ","address":"1050 Route 202 South","name":""},
  {"lat":40.643594,"lon":-74.907208,"city":"Clinton","state":"NJ","address":"1638 Highway 31 North","name":""},
  {"lat":40.342139,"lon":-74.501244,"city":"Cranbury","state":"NJ","address":"2535 US Highway 130","name":""},
  {"lat":40.899358,"lon":-74.556222,"city":"Dover","state":"NJ","address":"4 Commerce Center Drive","name":""},
  {"lat":40.8057,"lon":-74.1006,"city":"Lyndhurst","state":"NJ","address":"1201 Wall Street","name":""},
  {"lat":39.760278,"lon":-75.361047,"city":"Swedesboro","state":"NJ","address":"3 Pureland Drive","name":""},
  {"lat":35.058805,"lon":-106.619968,"city":"Albuquerque","state":"NM","address":"2400 Centre Ave SE","name":""},
  {"lat":35.10059,"lon":-106.56168,"city":"Albuquerque","state":"NM","address":"2160 Louisiana Blvd NE","name":""},
  {"lat":35.110959,"lon":-106.656172,"city":"Albuquerque","state":"NM","address":"2510 12th Street NW","name":""},
  {"lat":35.141808,"lon":-106.599403,"city":"Albuquerque","state":"NM","address":"5511 Office Boulevard NE","name":""},
  {"lat":32.412119,"lon":-104.229136,"city":"Carlsbad","state":"NM","address":"311 Pompa St.","name":""},
  {"lat":34.445153,"lon":-103.197225,"city":"Clovis","state":"NM","address":"4612 North Prince Street","name":""},
  {"lat":36.767284,"lon":-108.145233,"city":"Farmington","state":"NM","address":"4200 Sierra Vista Drive","name":""},
  {"lat":35.530253,"lon":-108.665008,"city":"Gallup","state":"NM","address":"3920 E Historic Highway 66","name":""},
  {"lat":32.740378,"lon":-103.150289,"city":"Hobbs","state":"NM","address":"3811 North Central Avenue","name":""},
  {"lat":32.344791,"lon":-106.764073,"city":"Las Cruces","state":"NM","address":"2143 Telshor Court","name":""},
  {"lat":33.415941,"lon":-104.521299,"city":"Roswell","state":"NM","address":"180 East 19th Street","name":""},
  {"lat":40.855086,"lon":-115.75051,"city":"Elko","state":"NV","address":"2625 East Jennings Way","name":""},
  {"lat":36.026311,"lon":-115.048772,"city":"Henderson","state":"NV","address":"1471 Paseo Verde Parkway","name":""},
  {"lat":36.056714,"lon":-115.156331,"city":"Las Vegas","state":"NV","address":"355 East Warm Springs Road","name":""},
  {"lat":36.262217,"lon":-115.077989,"city":"Las Vegas","state":"NV","address":"4360 Nexus Way","name":""},
  {"lat":36.100072,"lon":-115.181942,"city":"Las Vegas","state":"NV","address":"4920 Dean Martin Drive","name":""},
  {"lat":42.646018,"lon":-73.772142,"city":"Albany","state":"NY","address":"22 Holland Avenue","name":""},
  {"lat":40.67731,"lon":-73.98424,"city":"Brooklyn","state":"NY","address":"561 President Street","name":""},
  {"lat":42.930269,"lon":-78.729059,"city":"Cheektowaga","state":"NY","address":"4265 Genesee Street","name":""},
  {"lat":40.728305,"lon":-73.42175,"city":"Farmingdale","state":"NY","address":"1 Marriott Plaza","name":""},
  {"lat":42.75671,"lon":-73.7729,"city":"Latham","state":"NY","address":"5 Forts Ferry Road","name":""},
  {"lat":43.183122,"lon":-76.237803,"city":"Liverpool","state":"NY","address":"8505 Pepperidge Way","name":""},
  {"lat":40.757336,"lon":-73.942764,"city":"Long Island City","state":"NY","address":"38-42 11th Street","name":""},
  {"lat":40.758953,"lon":-73.990008,"city":"New York City","state":"NY","address":"324 West 44th Street","name":""},
  {"lat":40.74679,"lon":-73.99241,"city":"New York City","state":"NY","address":"140 West 28th Street","name":""},
  {"lat":43.061443,"lon":-77.641741,"city":"Rochester","state":"NY","address":"350 Kenneth Dr","name":""},
  {"lat":43.095278,"lon":-75.315778,"city":"Whitesboro","state":"NY","address":"4760 Middle Settlement Road","name":""},
  {"lat":39.76481,"lon":-84.05517,"city":"Beavercreek","state":"OH","address":"2677 Fairfield Commons Blvd","name":""},
  {"lat":41.02125,"lon":-80.72729,"city":"Canfield","state":"OH","address":"4100 Westford Pl","name":""},
  {"lat":39.103768,"lon":-84.515681,"city":"Cincinnati","state":"OH","address":"106 West 7th Street","name":""},
  {"lat":39.158791,"lon":-84.430592,"city":"Cincinnati","state":"OH","address":"4609 Factory Colony Lane","name":""},
  {"lat":40.058867,"lon":-82.907111,"city":"Columbus","state":"OH","address":"4048 Morse Road","name":""},
  {"lat":40.003329,"lon":-82.858261,"city":"Columbus","state":"OH","address":"695 Taylor Road","name":""},
  {"lat":40.007746,"lon":-83.054084,"city":"Columbus","state":"OH","address":"1640 West Lane Avenue","name":""},
  {"lat":39.85161,"lon":-84.193966,"city":"Dayton","state":"OH","address":"3642 Maxton Rd","name":""},
  {"lat":40.097655,"lon":-83.127492,"city":"Dublin","state":"OH","address":"5155 Upper Metro Place","name":""},
  {"lat":39.317661,"lon":-84.491584,"city":"Fairfield","state":"OH","address":"6705 Fairfield Business Center Drive","name":""},
  {"lat":41.054357,"lon":-83.594612,"city":"Findlay","state":"OH","address":"2501 Tiffin Avenue","name":""},
  {"lat":41.7726,"lon":-80.9441,"city":"Geneva","state":"OH","address":"5327 Spire Circle","name":""},
  {"lat":41.157538,"lon":-80.668409,"city":"Girard","state":"OH","address":"1610 Motor Inn Dr.","name":""},
  {"lat":40.036212,"lon":-83.129351,"city":"Hilliard","state":"OH","address":"4079 Lyman Drive","name":""},
  {"lat":38.535883,"lon":-82.678218,"city":"Ironton","state":"OH","address":"802 Washington Street","name":""},
  {"lat":40.728441,"lon":-84.079509,"city":"Lima","state":"OH","address":"906 S. Leonard Avenue","name":""},
  {"lat":40.782594,"lon":-82.586469,"city":"Mansfield","state":"OH","address":"1125 Guest Court","name":""},
  {"lat":39.334916,"lon":-84.285642,"city":"Mason","state":"OH","address":"7100 Stress Engineering Way","name":""},
  {"lat":40.492801,"lon":-81.474906,"city":"New Philadelphia","state":"OH","address":"1298 West High Ave","name":""},
  {"lat":41.638086,"lon":-83.479422,"city":"Oregon","state":"OH","address":"2851 Navarre Avenue","name":""},
  {"lat":41.712029,"lon":-81.297029,"city":"Painesville","state":"OH","address":"1000 Parkside Dr.","name":""},
  {"lat":41.52349,"lon":-83.64084,"city":"Perrysburg","state":"OH","address":"5501 S Wilkinson Way","name":""},
  {"lat":40.290746,"lon":-84.184358,"city":"Sidney","state":"OH","address":"420 Folkerth Avenue","name":""},
  {"lat":41.394461,"lon":-81.465053,"city":"Solon","state":"OH","address":"6040 Enterprise Parkway","name":""},
  {"lat":41.249141,"lon":-81.374088,"city":"Streetsboro","state":"OH","address":"795 Mondial Parkway","name":""},
  {"lat":41.473838,"lon":-81.898394,"city":"Westlake","state":"OH","address":"25052 Sperry Drive","name":""},
  {"lat":39.452567,"lon":-83.797011,"city":"Wilmington","state":"OH","address":"175 Holiday Lane","name":""},
  {"lat":36.073316,"lon":-95.79632,"city":"Broken Arrow","state":"OK","address":"2251 N. Stone Wood Circle","name":""},
  {"lat":35.4427,"lon":-97.4255,"city":"Del City","state":"OK","address":"5450 Main Street","name":""},
  {"lat":35.4728,"lon":-97.74465,"city":"Oklahoma City","state":"OK","address":"617 North Czech Hall Road","name":""},
  {"lat":35.447944,"lon":-97.607061,"city":"Oklahoma City","state":"OK","address":"4601 SW 15th Street","name":""},
  {"lat":36.289266,"lon":-95.838715,"city":"Owasso","state":"OK","address":"9355 North Owasso Expressway","name":""},
  {"lat":45.491725,"lon":-122.793089,"city":"Beaverton","state":"OR","address":"3900 SW 114th Ave.","name":""},
  {"lat":44.042668,"lon":-121.330524,"city":"Bend","state":"OR","address":"755 SW 13th Place","name":""},
  {"lat":44.06564,"lon":-123.10122,"city":"Eugene","state":"OR","address":"1020 Valley River Way","name":""},
  {"lat":45.535239,"lon":-122.912615,"city":"Hillsboro","state":"OR","address":"6550 NE Brighton Street","name":""},
  {"lat":42.309616,"lon":-122.853074,"city":"Medford","state":"OR","address":"1395 Center Drive","name":""},
  {"lat":45.568611,"lon":-122.543222,"city":"Portland","state":"OR","address":"11518 NE Glenn Widing Drive","name":""},
  {"lat":40.59174,"lon":-75.59063,"city":"Allentown","state":"PA","address":"5828 Memorial Rd","name":""},
  {"lat":40.486958,"lon":-78.396947,"city":"Altoona","state":"PA","address":"2915 Pleasant Valley Boulevard","name":""},
  {"lat":40.689025,"lon":-80.093164,"city":"Cranberry Township","state":"PA","address":"2020 Cool Springs Drive","name":""},
  {"lat":40.719373,"lon":-75.288086,"city":"Easton","state":"PA","address":"3800 Easton/Nazareth Highway","name":""},
  {"lat":42.070991,"lon":-80.10549,"city":"Erie","state":"PA","address":"2090 Interchange Road","name":""},
  {"lat":40.251135,"lon":-76.825946,"city":"Harrisburg","state":"PA","address":"450 Friendship Road","name":""},
  {"lat":40.190906,"lon":-75.154457,"city":"Horsham","state":"PA","address":"198 Precision Drive","name":""},
  {"lat":40.081749,"lon":-76.343012,"city":"Lancaster","state":"PA","address":"720 Enterprise Way","name":""},
  {"lat":40.20368,"lon":-76.95903,"city":"Mechanicsburg","state":"PA","address":"4915 Ritter Road","name":""},
  {"lat":41.141786,"lon":-80.159789,"city":"Mercer","state":"PA","address":"231 Westside Square Drive","name":""},
  {"lat":41.363204,"lon":-75.682694,"city":"Moosic","state":"PA","address":"26 Radcliffe Drive","name":""},
  {"lat":40.538717,"lon":-79.832572,"city":"Pittsburgh","state":"PA","address":"2785 Freeport Road","name":""},
  {"lat":40.732765,"lon":-76.297451,"city":"Pottsville","state":"PA","address":"10 Travel Plaza Rd","name":""},
  {"lat":40.456825,"lon":-80.170122,"city":"Robinson Township","state":"PA","address":"1006 Sutherland Drive","name":""},
  {"lat":41.240419,"lon":-77.000786,"city":"Williamsport","state":"PA","address":"10 West Church Street","name":""},
  {"lat":39.982312,"lon":-76.670216,"city":"York","state":"PA","address":"2789 Concord Road","name":""},
  {"lat":41.605572,"lon":-71.450775,"city":"North Kingstown","state":"RI","address":"55 Gate Road","name":""},
  {"lat":33.517856,"lon":-81.715244,"city":"Aiken","state":"SC","address":"1008 Monterey Drive","name":""},
  {"lat":32.792728,"lon":-80.028314,"city":"Charleston","state":"SC","address":"805 Orleans Road","name":""},
  {"lat":33.967375,"lon":-80.952662,"city":"Columbia","state":"SC","address":"250 East Exchange Blvd.","name":""},
  {"lat":34.087592,"lon":-81.164539,"city":"Columbia","state":"SC","address":"438 Columbiana Drive","name":""},
  {"lat":34.186458,"lon":-79.832642,"city":"Florence","state":"SC","address":"2650 Hospitality Boulevard","name":""},
  {"lat":35.094932,"lon":-80.937762,"city":"Fort Mill","state":"SC","address":"3519 Lakemont Boulevard","name":""},
  {"lat":35.006411,"lon":-80.852706,"city":"Fort Mill","state":"SC","address":"1047 Red Ventures Drive","name":""},
  {"lat":32.809664,"lon":-79.849367,"city":"Mount Pleasant","state":"SC","address":"1350 Stuart Engals Boulevard","name":""},
  {"lat":32.871972,"lon":-80.022108,"city":"North Charleston","state":"SC","address":"5001 Fashion Avenue","name":""},
  {"lat":32.939536,"lon":-80.052156,"city":"North Charleston","state":"SC","address":"7535 Northside Drive","name":""},
  {"lat":34.943179,"lon":-80.971237,"city":"Rock Hill","state":"SC","address":"2135 Tabor Drive","name":""},
  {"lat":33.959748,"lon":-80.396037,"city":"Sumter","state":"SC","address":"2515 Broad Street","name":""},
  {"lat":34.005215,"lon":-81.119195,"city":"West Columbia","state":"SC","address":"2915 Sunset Blvd","name":""},
  {"lat":45.460218,"lon":-98.444979,"city":"Aberdeen","state":"SD","address":"402 Norwood Street South","name":""},
  {"lat":43.487,"lon":-96.7699,"city":"Sioux Falls","state":"SD","address":"6400 South Connie Avenue","name":""},
  {"lat":43.52938,"lon":-96.784402,"city":"Sioux Falls","state":"SD","address":"4545 W. Homefield Dr.","name":""},
  {"lat":34.98884,"lon":-85.18953,"city":"Chattanooga","state":"TN","address":"6801 Ringgold Road","name":""},
  {"lat":35.046551,"lon":-85.157196,"city":"Chattanooga","state":"TN","address":"7010 McCutcheon Road","name":""},
  {"lat":36.597083,"lon":-87.288894,"city":"Clarksville","state":"TN","address":"120 Fair Brook Place","name":""},
  {"lat":35.212227,"lon":-84.87086,"city":"Cleveland","state":"TN","address":"160 Bernham Drive","name":""},
  {"lat":36.132961,"lon":-85.506617,"city":"Cookeville","state":"TN","address":"1250 Sams Street","name":""},
  {"lat":35.187065,"lon":-89.798912,"city":"Cordova","state":"TN","address":"2220 Market Farms Drive","name":""},
  {"lat":35.953284,"lon":-86.814633,"city":"Franklin","state":"TN","address":"7153 South Springs Drive","name":""},
  {"lat":35.101465,"lon":-89.803664,"city":"Germantown","state":"TN","address":"7800 Neshoba Road","name":""},
  {"lat":36.317269,"lon":-86.700601,"city":"Goodlettsville","state":"TN","address":"830 Conference Drive","name":""},
  {"lat":35.125931,"lon":-85.240231,"city":"Hixson","state":"TN","address":"5248 Highway 153","name":""},
  {"lat":35.913705,"lon":-84.102182,"city":"Knoxville","state":"TN","address":"205 Langley Place","name":""},
  {"lat":36.190352,"lon":-83.359926,"city":"Moristown","state":"TN","address":"4363 Green Plaza","name":""},
  {"lat":35.862718,"lon":-86.442306,"city":"Murfreesboro","state":"TN","address":"2708 Roby Corlew Lane","name":""},
  {"lat":36.160229,"lon":-86.795399,"city":"Nashville","state":"TN","address":"1500 Charlotte Avenue","name":""},
  {"lat":36.15103,"lon":-86.670511,"city":"Nashville","state":"TN","address":"2700 Elm Hill Pike","name":""},
  {"lat":36.169108,"lon":-86.780985,"city":"Nashville","state":"TN","address":"310 Gay Street","name":""},
  {"lat":36.013092,"lon":-84.251924,"city":"Oak Ridge","state":"TN","address":"300 South Rutgers Avenue","name":""},
  {"lat":35.793443,"lon":-83.556682,"city":"Pigeon Forge","state":"TN","address":"3076 Teaster Lane","name":""},
  {"lat":35.973989,"lon":-86.576261,"city":"Smyrna","state":"TN","address":"990 Colonnade Drive","name":""},
  {"lat":35.389364,"lon":-86.23649,"city":"Tullahoma","state":"TN","address":"112 Hoover Lane","name":""},
  {"lat":32.404046,"lon":-99.76932,"city":"Abilene","state":"TX","address":"3838 John Knox Drive","name":""},
  {"lat":32.472467,"lon":-99.688466,"city":"Abilene","state":"TX","address":"2141 Scottish Road","name":""},
  {"lat":35.185381,"lon":-101.915522,"city":"Amarillo","state":"TX","address":"6807 Interstate 40 West","name":""},
  {"lat":32.763225,"lon":-97.083428,"city":"Arlington","state":"TX","address":"1709 East Lamar Boulevard","name":""},
  {"lat":30.477655,"lon":-97.680428,"city":"Austin","state":"TX","address":"541 Parker Drive","name":""},
  {"lat":30.196178,"lon":-97.768608,"city":"Austin","state":"TX","address":"901 Little Texas Lane Building #G","name":""},
  {"lat":30.474858,"lon":-97.782519,"city":"Austin","state":"TX","address":"13501 Lyndhurst Street","name":""},
  {"lat":30.391802,"lon":-97.712999,"city":"Austin","state":"TX","address":"2237 West Braker Lane","name":""},
  {"lat":30.398525,"lon":-97.667021,"city":"Austin","state":"TX","address":"12427 Tech Ridge Boulevard","name":""},
  {"lat":29.807022,"lon":-94.981933,"city":"Baytown","state":"TX","address":"7238 Garth Road","name":""},
  {"lat":32.839464,"lon":-97.131396,"city":"Bedford","state":"TX","address":"2301 Plaza Parkway","name":""},
  {"lat":32.2611,"lon":-101.490083,"city":"Big Spring","state":"TX","address":"1011 North San Antonio Street","name":""},
  {"lat":25.9651,"lon":-97.5156,"city":"Brownsville","state":"TX","address":"201 Heart Drive","name":""},
  {"lat":29.010308,"lon":-95.410013,"city":"Clute","state":"TX","address":"1003 TX-332","name":""},
  {"lat":30.6369,"lon":-96.31822,"city":"College Station","state":"TX","address":"1300 University Drive East","name":""},
  {"lat":30.3465,"lon":-95.4859,"city":"Conroe","state":"TX","address":"1017 Outpost Drive","name":""},
  {"lat":27.695831,"lon":-97.350722,"city":"Corpus Christi","state":"TX","address":"6701 South Padre Island Drive","name":""},
  {"lat":32.777925,"lon":-96.794881,"city":"Dallas","state":"TX","address":"555 Evergreen Street","name":""},
  {"lat":32.645523,"lon":-96.884689,"city":"DeSoto","state":"TX","address":"2700 Travis Street","name":""},
  {"lat":28.716372,"lon":-100.476582,"city":"Eagle Pass","state":"TX","address":"2033 North Veterans Boulevard","name":""},
  {"lat":26.261159,"lon":-98.176501,"city":"Edinburg","state":"TX","address":"502 West Trenton Road","name":""},
  {"lat":31.734642,"lon":-106.318175,"city":"El Paso","state":"TX","address":"11521 Gateway Boulevard West","name":""},
  {"lat":31.785115,"lon":-106.397181,"city":"El Paso","state":"TX","address":"6601 Edgemere Blvd.","name":""},
  {"lat":31.886625,"lon":-106.585971,"city":"El Paso","state":"TX","address":"6381 Berringer Street","name":""},
  {"lat":31.895711,"lon":-106.435972,"city":"El Paso","state":"TX","address":"4670 Woodrow Bean Dr","name":""},
  {"lat":32.744715,"lon":-96.456153,"city":"Forney","state":"TX","address":"503 East US Highway 80","name":""},
  {"lat":32.730464,"lon":-97.368167,"city":"Fort Worth","state":"TX","address":"3450 West Vickery Boulevard","name":""},
  {"lat":32.760364,"lon":-97.328126,"city":"Fort Worth","state":"TX","address":"805 East Belknap Street","name":""},
  {"lat":32.685638,"lon":-97.401213,"city":"Fort Worth","state":"TX","address":"4200 International Plaza","name":""},
  {"lat":29.248973,"lon":-94.860591,"city":"Galveston","state":"TX","address":"9540 Seawall Boulevard","name":""},
  {"lat":32.956186,"lon":-97.050692,"city":"Grapevine","state":"TX","address":"2200 Bass Pro Court","name":""},
  {"lat":29.722284,"lon":-95.558936,"city":"Houston","state":"TX","address":"10610 Westpark Drive","name":""},
  {"lat":29.774803,"lon":-95.243092,"city":"Houston","state":"TX","address":"10507 East Freeway","name":""},
  {"lat":29.724343,"lon":-95.467977,"city":"Houston","state":"TX","address":"5315 South Rice Avenue","name":""},
  {"lat":29.998028,"lon":-95.584037,"city":"Houston","state":"TX","address":"11040 Louetta Road","name":""},
  {"lat":29.936197,"lon":-95.330021,"city":"Houston","state":"TX","address":"4015 Interwood North Parkway","name":""},
  {"lat":29.902503,"lon":-95.544105,"city":"Houston","state":"TX","address":"8845 West Road","name":""},
  {"lat":29.659,"lon":-95.254819,"city":"Houston","state":"TX","address":"9101 Gulf Freeway","name":""},
  {"lat":30.002694,"lon":-95.283194,"city":"Humble","state":"TX","address":"19711 Townsen Boulevard","name":""},
  {"lat":30.545647,"lon":-97.561964,"city":"Hutto","state":"TX","address":"411 Ed Schmidt Blvd","name":""},
  {"lat":32.884706,"lon":-96.961242,"city":"Irving","state":"TX","address":"900 West Walnut Hill Lane","name":""},
  {"lat":32.916244,"lon":-97.017219,"city":"Irving","state":"TX","address":"4800 Plaza Drive","name":""},
  {"lat":31.097578,"lon":-97.742254,"city":"Killeen","state":"TX","address":"2401 Florence Road","name":""},
  {"lat":27.492425,"lon":-97.844281,"city":"Kingsville","state":"TX","address":"2574 South US Highway 77","name":""},
  {"lat":32.802675,"lon":-97.433119,"city":"Lake Worth","state":"TX","address":"2925 Royalty Lane","name":""},
  {"lat":27.559152,"lon":-99.450833,"city":"Laredo","state":"TX","address":"6519 Arena Boulevard","name":""},
  {"lat":32.998875,"lon":-96.968796,"city":"Lewisville","state":"TX","address":"731 East Vista Ridge Mall Drive","name":""},
  {"lat":32.5436,"lon":-94.73797,"city":"Longview","state":"TX","address":"411 Porter Lane","name":""},
  {"lat":33.544711,"lon":-101.936342,"city":"Lubbock","state":"TX","address":"5310 West Loop 289","name":""},
  {"lat":33.168296,"lon":-96.637203,"city":"McKinney","state":"TX","address":"1832 Marketplace Drive","name":""},
  {"lat":32.764033,"lon":-96.622282,"city":"Mesquite","state":"TX","address":"500 Rodeo Center Boulevard","name":""},
  {"lat":31.973503,"lon":-102.077272,"city":"Midland","state":"TX","address":"912 Crump Street","name":""},
  {"lat":31.991611,"lon":-102.156016,"city":"Midland","state":"TX","address":"5508 Deauville Boulevard","name":""},
  {"lat":31.896085,"lon":-102.343111,"city":"Odessa","state":"TX","address":"4412 Tanglewood Lane","name":""},
  {"lat":33.69326,"lon":-95.55551,"city":"Paris","state":"TX","address":"3005 N MAIN ST","name":""},
  {"lat":33.005992,"lon":-96.699808,"city":"Plano","state":"TX","address":"545 K Avenue","name":""},
  {"lat":33.058372,"lon":-96.79613,"city":"Plano","state":"TX","address":"5005 Whitestone Lane","name":""},
  {"lat":29.93813,"lon":-93.985969,"city":"Port Arthur","state":"TX","address":"2700 Port Plaza Drive","name":""},
  {"lat":27.887062,"lon":-97.311515,"city":"Portland","state":"TX","address":"109 Esplanade Drive","name":""},
  {"lat":32.902457,"lon":-96.457243,"city":"Rockwall","state":"TX","address":"908 East Interstate 30 Frontage Road","name":""},
  {"lat":29.519166,"lon":-98.48114,"city":"San Antonio","state":"TX","address":"214 N.E. Loop 410","name":""},
  {"lat":29.464758,"lon":-98.689669,"city":"San Antonio","state":"TX","address":"10015 Westover Hills Boulevard","name":""},
  {"lat":29.426518,"lon":-98.48848,"city":"San Antonio","state":"TX","address":"409 East Houston Street","name":""},
  {"lat":29.612303,"lon":-98.594086,"city":"San Antonio","state":"TX","address":"17934 La Cantera Parkway","name":""},
  {"lat":29.5437,"lon":-98.582265,"city":"San Antonio","state":"TX","address":"5014 Prue Rd","name":""},
  {"lat":29.601188,"lon":-97.950378,"city":"Seguin","state":"TX","address":"2732 Jay Road","name":""},
  {"lat":29.580072,"lon":-98.311278,"city":"Selma","state":"TX","address":"15510 North I-35","name":""},
  {"lat":30.191375,"lon":-95.4557,"city":"Shenandoah","state":"TX","address":"107 Vision Park Blvd","name":""},
  {"lat":29.639855,"lon":-95.588096,"city":"Stafford","state":"TX","address":"11031 Fountain Lake Drive","name":""},
  {"lat":31.085114,"lon":-97.399975,"city":"Temple","state":"TX","address":"2612 Gillmeister Lane","name":""},
  {"lat":33.46204,"lon":-94.078916,"city":"Texarkana","state":"TX","address":"5020 North Cowhorn Creek Loop","name":""},
  {"lat":30.078479,"lon":-95.55952,"city":"Tomball","state":"TX","address":"9120 FM 2920","name":""},
  {"lat":31.607694,"lon":-97.106394,"city":"Waco","state":"TX","address":"4505 North Interstate 35 Frontage Road","name":""},
  {"lat":31.494041,"lon":-97.16088,"city":"Waco","state":"TX","address":"5621 Legend Lake Parkway","name":""},
  {"lat":32.72698,"lon":-97.79177,"city":"Weatherford","state":"TX","address":"215 Alford Drive","name":""},
  {"lat":40.503983,"lon":-111.888617,"city":"Draper","state":"UT","address":"13690 South 100 East","name":""},
  {"lat":41.085664,"lon":-111.984168,"city":"Layton","state":"UT","address":"1743 Woodland Park Drive","name":""},
  {"lat":41.722518,"lon":-111.834731,"city":"Logan","state":"UT","address":"488 South Main Street","name":""},
  {"lat":40.6554,"lon":-111.887079,"city":"Murray","state":"UT","address":"148 East 5300 South","name":""},
  {"lat":40.313563,"lon":-111.724485,"city":"Orem","state":"UT","address":"873 North 1200 West","name":""},
  {"lat":40.764842,"lon":-111.894764,"city":"Salt Lake City","state":"UT","address":"135 West 200 South","name":""},
  {"lat":37.103971,"lon":-113.551717,"city":"St. George","state":"UT","address":"251 South 1470 East","name":""},
  {"lat":40.448856,"lon":-109.550888,"city":"Vernal","state":"UT","address":"1219 West Highway 40","name":""},
  {"lat":40.712226,"lon":-112.023814,"city":"West Valley City","state":"UT","address":"5473 West High Market Drive","name":""},
  {"lat":38.722219,"lon":-77.123642,"city":"Alexandria","state":"VA","address":"8632 Woodlawn Court","name":""},
  {"lat":37.244329,"lon":-77.389248,"city":"Colonial Heights","state":"VA","address":"937 South Avenue","name":""},
  {"lat":38.243489,"lon":-77.493469,"city":"Fredericksburg","state":"VA","address":"4700 Market Street (Route 1489)","name":""},
  {"lat":38.965867,"lon":-78.187131,"city":"Front Royal","state":"VA","address":"5 Caroline Drive","name":""},
  {"lat":38.783532,"lon":-77.181807,"city":"Springfield","state":"VA","address":"6245 Brandon Avenue","name":""},
  {"lat":38.455823,"lon":-77.406179,"city":"Stafford","state":"VA","address":"2772 Jefferson Davis Highway","name":""},
  {"lat":38.986856,"lon":-77.428964,"city":"Sterling","state":"VA","address":"22744 Holiday Park Drive","name":""},
  {"lat":36.894872,"lon":-76.432535,"city":"Suffolk","state":"VA","address":"8050 Harbour View Blvd","name":""},
  {"lat":39.187886,"lon":-78.131067,"city":"Winchester","state":"VA","address":"170 Getty Lane","name":""},
  {"lat":38.648957,"lon":-77.29893,"city":"Woodbridge","state":"VA","address":"14090 Shoppers Best Way","name":""},
  {"lat":37.109204,"lon":-76.465556,"city":"Yorktown","state":"VA","address":"511 Commonwealth Drive","name":""},
  {"lat":44.449728,"lon":-73.106962,"city":"Williston","state":"VT","address":"281 Holland Lane","name":""},
  {"lat":48.788788,"lon":-122.506555,"city":"Bellingham","state":"WA","address":"4050 Northwest Avenue","name":""},
  {"lat":46.975599,"lon":-120.544494,"city":"Ellensburg","state":"WA","address":"1709 South Opportunity Street","name":""},
  {"lat":47.439803,"lon":-122.24372,"city":"Kent","state":"WA","address":"18123 72nd Avenue South","name":""},
  {"lat":47.150117,"lon":-122.500903,"city":"Lakewood","state":"WA","address":"11725 Pacific Highway SW","name":""},
  {"lat":47.920406,"lon":-122.299716,"city":"Mukilteo","state":"WA","address":"8521 Mukilteo Speedway","name":""},
  {"lat":47.040526,"lon":-122.900771,"city":"Olympia","state":"WA","address":"900 Capitol Way South","name":""},
  {"lat":46.261665,"lon":-119.250587,"city":"Richland","state":"WA","address":"591 Columbia Point Drive","name":""},
  {"lat":46.993274,"lon":-122.92116,"city":"Tumwater","state":"WA","address":"1401 Kingswood Drive Southwest","name":""},
  {"lat":45.615429,"lon":-122.491743,"city":"Vancouver","state":"WA","address":"17717 SE Mill Plain Boulevard","name":""},
  {"lat":43.038094,"lon":-88.126721,"city":"Brookfield","state":"WI","address":"600 North Calhoun Road","name":""},
  {"lat":43.315086,"lon":-87.91885,"city":"Grafton","state":"WI","address":"1601 Gateway Drive","name":""},
  {"lat":42.717211,"lon":-88.988831,"city":"Janesville","state":"WI","address":"2706 Pontiac Place","name":""},
  {"lat":43.106827,"lon":-89.519797,"city":"MIddleton","state":"WI","address":"3055 Deming Way","name":""},
  {"lat":42.89945,"lon":-87.916689,"city":"Oak Creek","state":"WI","address":"7980 South Market Street","name":""},
  {"lat":43.07463,"lon":-88.47264,"city":"Oconomowoc","state":"WI","address":"1242 Corporate Center Drive","name":""},
  {"lat":44.033687,"lon":-88.574998,"city":"Oshkosh","state":"WI","address":"1365 North Westfield Street","name":""},
  {"lat":43.42301,"lon":-88.18047,"city":"West Bend","state":"WI","address":"175 East Water Street","name":""},
  {"lat":39.279893,"lon":-80.275459,"city":"Bridgeport","state":"WV","address":"101 Platinum Drive","name":""},
  {"lat":38.396212,"lon":-82.419722,"city":"Huntington","state":"WV","address":"157 Kinetic Drive","name":""},
  {"lat":39.265653,"lon":-81.5567,"city":"Parkersburg","state":"WV","address":"415 7th Street","name":""},
  {"lat":41.126276,"lon":-104.832081,"city":"Cheyenne","state":"WY","address":"1710 West Lincolnway","name":""},
  {"lat":44.293425,"lon":-105.526267,"city":"Gillette","state":"WY","address":"1715 West 2nd Street","name":""}]}