{"key":"trademark_collection","displayName":"Trademark Collection","category":"hotels","useLocationName":false,"locations":[
  {"lat":19.728309,"lon":-155.066693,"city":"Hilo","state":"HI","address":"71 Banyan Drive","name":""},
  {"lat":21.336595,"lon":-157.916924,"city":"Honolulu","state":"HI","address":"3401 N. Nimitz Hwy","name":""},
  {"lat":39.301138,"lon":-76.618841,"city":"Baltimore","state":"MD","address":"868 Park Ave","name":""},
  {"lat":35.803944,"lon":-83.579164,"city":"Pigeon Forge","state":"TN","address":"124 Waldens Main St.","name":""},
  {"lat":45.673341,"lon":-118.786451,"city":"Pendleton","state":"OR","address":"105 SE Court Ave.","name":""},
  {"lat":41.449074,"lon":-71.899886,"city":"North Stonington","state":"CT","address":"411 Norwich Westerly Rd","name":""},
  {"lat":42.880836,"lon":-73.204627,"city":"Bennington","state":"VT","address":"141 Main St.","name":""},
  {"lat":35.25719,"lon":-97.48724,"city":"Norman","state":"OK","address":"3100 Medical Park Place","name":""},
  {"lat":41.66503,"lon":-70.194255,"city":"South Yarmouth","state":"MA","address":"1199 Route 28","name":""},
  {"lat":42.403482,"lon":-73.267079,"city":"Lenox","state":"MA","address":"461 Pittsfield Rd","name":""},
  {"lat":33.671865,"lon":-78.90387,"city":"Myrtle Beach","state":"SC","address":"1804 South Ocean Blvd","name":""},
  {"lat":39.798102,"lon":-105.48358,"city":"Black Hawk","state":"CO","address":"401 Main St.","name":""},
  {"lat":38.959129,"lon":-119.941987,"city":"Stateline","state":"NV","address":"15 US Highway 50","name":""},
  {"lat":36.110056,"lon":-115.168154,"city":"Las Vegas","state":"NV","address":"3667 S Las Vegas Blvd","name":""},
  {"lat":36.11735,"lon":-115.171894,"city":"Las Vegas","state":"NV","address":"3555 Las Vegas Blvd South","name":""},
  {"lat":36.11766,"lon":-115.172787,"city":"Las Vegas","state":"NV","address":"3535 S. Las Vegas Blvd","name":""},
  {"lat":36.119859,"lon":-115.17238,"city":"Las Vegas","state":"NV","address":"3475 Las Vegas Boulevard South","name":""},
  {"lat":36.11353,"lon":-115.168408,"city":"Las Vegas","state":"NV","address":"3645 S. Las Vegas Blvd.","name":""},
  {"lat":35.14424,"lon":-114.57744,"city":"Laughlin","state":"NV","address":"2900 S Casino Drive","name":""},
  {"lat":39.531473,"lon":-119.816138,"city":"Reno","state":"NV","address":"500 North Sierra Street","name":""},
  {"lat":35.1585,"lon":-114.57486,"city":"Laughlin","state":"NV","address":"2121 South Casino Dr","name":""},
  {"lat":39.531144,"lon":-119.814639,"city":"Reno","state":"NV","address":"407 N. Virginia St.","name":""},
  {"lat":39.529868,"lon":-119.814229,"city":"Reno","state":"NV","address":"345 N Virginia St.","name":""},
  {"lat":32.324341,"lon":-90.889374,"city":"Vicksburg","state":"MS","address":"3990 Washington Street","name":""},
  {"lat":34.841951,"lon":-90.358952,"city":"Tunica Resorts","state":"MS","address":"711 Lucky Lane.","name":""},
  {"lat":34.84647,"lon":-90.331076,"city":"Robinsonville","state":"MS","address":"1021 Casino Center Drive","name":""},
  {"lat":30.392398,"lon":-88.867192,"city":"Biloxi","state":"MS","address":"280 Beach Boulevard","name":""},
  {"lat":41.394606,"lon":-92.951484,"city":"Pella","state":"IA","address":"2508 Bos Landen Dr","name":""},
  {"lat":42.448711,"lon":-92.309355,"city":"Waterloo","state":"IA","address":"777 Isle of Capri Blvd.","name":""},
  {"lat":41.522517,"lon":-90.506399,"city":"Bettendorf","state":"IA","address":"1777 Isle Parkway","name":""},
  {"lat":41.251291,"lon":-95.911349,"city":"Council Bluffs","state":"IA","address":"1 Harrahs Blvd.","name":""},
  {"lat":44.090324,"lon":-103.230631,"city":"Rapid City","state":"SD","address":"950 North St","name":""},
  {"lat":39.052262,"lon":-95.763342,"city":"Topeka","state":"KS","address":"924 SW Henderson Road","name":""},
  {"lat":38.978321,"lon":-95.328959,"city":"Lawrence","state":"KS","address":"6101 Rock Chalk Dr","name":""},
  {"lat":40.050657,"lon":-77.519649,"city":"Shippensburg","state":"PA","address":"32 E King Street","name":""},
  {"lat":39.828824,"lon":-77.903553,"city":"Mercersburg","state":"PA","address":"15 N. Main St.","name":""},
  {"lat":40.253305,"lon":-76.914829,"city":"Camp Hill","state":"PA","address":"1150 Camp Hill Bypass","name":""},
  {"lat":40.602817,"lon":-75.469537,"city":"Allentown","state":"PA","address":"555 Hamilton St","name":""},
  {"lat":37.793263,"lon":-80.300324,"city":"White Sulphur Springs","state":"WV","address":"125 Schoolhouse Wy","name":""},
  {"lat":38.416148,"lon":-79.997009,"city":"Snowshoe","state":"WV","address":"5811 Snowshoe Drive","name":""},
  {"lat":42.382006,"lon":-87.954715,"city":"Gurnee","state":"IL","address":"6161 W Grand Ave","name":""},
  {"lat":39.801097,"lon":-89.654443,"city":"Springfield","state":"IL","address":"101 E Adams Street","name":""},
  {"lat":40.483806,"lon":-88.948894,"city":"Bloomington","state":"IL","address":"1801 Eastland Drive","name":""},
  {"lat":37.1465,"lon":-88.736,"city":"Metropolis","state":"IL","address":"100 East Front Street","name":""},
  {"lat":46.379045,"lon":-94.255326,"city":"Baxter","state":"MN","address":"6967 Lake Forest Rd","name":""},
  {"lat":47.464001,"lon":-94.867588,"city":"Bemidji","state":"MN","address":"1019 Paul Bunyan Dr. S.","name":""},
  {"lat":45.279093,"lon":-94.944858,"city":"Spicer","state":"MN","address":"15982 HWY 23 NE","name":""},
  {"lat":45.244747,"lon":-93.034061,"city":"Columbus","state":"MN","address":"15215 Running Aces Blvd","name":""},
  {"lat":44.022537,"lon":-92.462585,"city":"Rochester","state":"MN","address":"15 1st St SE","name":""},
  {"lat":48.614681,"lon":-93.348306,"city":"Ranier","state":"MN","address":"2078 Spruce St","name":""},
  {"lat":44.497739,"lon":-88.051961,"city":"Green Bay","state":"WI","address":"1004 Brett Favre Pass","name":""},
  {"lat":43.039117,"lon":-87.941801,"city":"Milwaukee","state":"WI","address":"2308 W Wisconsin Avenue","name":""},
  {"lat":43.663956,"lon":-89.7824,"city":"Wisconsin Dells","state":"WI","address":"1000 Chula Vista Parkway","name":""},
  {"lat":43.778971,"lon":-88.446967,"city":"Fond du Lac","state":"WI","address":"1 N Main St","name":""},
  {"lat":38.541745,"lon":-90.466779,"city":"Fenton","state":"MO","address":"1088 S Hwy Drive","name":""},
  {"lat":38.977138,"lon":-92.749872,"city":"Boonville","state":"MO","address":"100 Isle of Capri Blvd","name":""},
  {"lat":39.048767,"lon":-94.586112,"city":"Kansas City","state":"MO","address":"4309 Main St","name":""},
  {"lat":38.632434,"lon":-90.184042,"city":"St. Louis","state":"MO","address":"999 N 2nd St","name":""},
  {"lat":39.14204,"lon":-94.544983,"city":"North Kansas City","state":"MO","address":"1 Riverboat Drive","name":""},
  {"lat":48.990262,"lon":-122.77348,"city":"Blaine","state":"WA","address":"9565 Semiahmoo Parkway","name":""},
  {"lat":33.759174,"lon":-84.383288,"city":"Atlanta","state":"GA","address":"165 Courtland Street NE","name":""},
  {"lat":38.987331,"lon":-74.816571,"city":"Wildwood","state":"NJ","address":"3900 Atlantic Ave","name":""},
  {"lat":39.3936,"lon":-74.4276,"city":"Atlantic City","state":"NJ","address":"777 Harrah's Blvd","name":""},
  {"lat":39.35693,"lon":-74.43611,"city":"Atlantic City","state":"NJ","address":"2100 Pacific Avenue","name":""},
  {"lat":39.351834,"lon":-74.444434,"city":"Atlantic City","state":"NJ","address":"2831 Boardwalk","name":""},
  {"lat":64.84394,"lon":-147.7253,"city":"Fairbanks","state":"AK","address":"723 1st Ave","name":""},
  {"lat":55.34249,"lon":-131.6478,"city":"Ketchikan","state":"AK","address":"326 Front St","name":""},
  {"lat":35.191743,"lon":-111.624591,"city":"Flagstaff","state":"AZ","address":"2285 E. Butler Ave","name":""},
  {"lat":33.465143,"lon":-111.929945,"city":"Scottsdale","state":"AZ","address":"7017 East McDowell Road","name":""},
  {"lat":34.781576,"lon":-111.762624,"city":"Sedona","state":"AZ","address":"6465 Highway 179","name":""},
  {"lat":46.500834,"lon":-84.347792,"city":"Sault Sainte Marie","state":"MI","address":"240 West Portage Avenue","name":""},
  {"lat":29.521283,"lon":-98.482736,"city":"San Antonio","state":"TX","address":"143 NE Loop 410","name":""},
  {"lat":30.172021,"lon":-95.452458,"city":"Spring","state":"TX","address":"28099 Interstate 45 N","name":""},
  {"lat":29.623291,"lon":-95.601343,"city":"Sugar Land","state":"TX","address":"13770 Southwest Fwy","name":""},
  {"lat":30.286799,"lon":-98.887809,"city":"Fredericksburg","state":"TX","address":"1220 N US Highway 87","name":""},
  {"lat":26.205489,"lon":-98.237146,"city":"McAllen","state":"TX","address":"101 N Main St","name":""},
  {"lat":32.73998,"lon":-97.06023,"city":"Arlington","state":"TX","address":"117 S Watson Rd","name":""},
  {"lat":37.959943,"lon":-84.386893,"city":"Lexington","state":"KY","address":"5532 Athens Boonsboro Rd","name":""},
  {"lat":38.202614,"lon":-84.878293,"city":"Frankfort","state":"KY","address":"405 Wilkinson Blvd","name":""},
  {"lat":38.258256,"lon":-85.757126,"city":"Louisville","state":"KY","address":"140 N 4th St","name":""},
  {"lat":35.115278,"lon":-83.992347,"city":"Murphy","state":"NC","address":"777 Casino Parkway","name":""},
  {"lat":35.47,"lon":-83.3003,"city":"Cherokee","state":"NC","address":"777 Casino Drive","name":""},
  {"lat":35.91426,"lon":-75.67749,"city":"Manteo","state":"NC","address":"814 US-64","name":""},
  {"lat":36.034268,"lon":-80.382789,"city":"Clemmons","state":"NC","address":"6205 Ramada Dr","name":""},
  {"lat":35.96988,"lon":-80.015141,"city":"High Point","state":"NC","address":"1108 N. Main St","name":""},
  {"lat":36.090608,"lon":-80.245683,"city":"Winston-Salem","state":"NC","address":"200 Brookstown Ave","name":""},
  {"lat":37.637689,"lon":-79.549187,"city":"Natural Bridge","state":"VA","address":"15 Appledore Ln","name":""},
  {"lat":40.52497,"lon":-111.48965,"city":"Midway","state":"UT","address":"784 Resort Drive","name":""},
  {"lat":41.899965,"lon":-80.798504,"city":"Ashtabula","state":"OH","address":"533 Goodwill Drive","name":""},
  {"lat":41.419559,"lon":-81.852852,"city":"Fairview Park","state":"OH","address":"21500 Brookpark Rd","name":""},
  {"lat":41.33438,"lon":-81.36371,"city":"Aurora","state":"OH","address":"600 N Aurora Rd","name":""},
  {"lat":30.23241,"lon":-93.24943,"city":"Westlake","state":"LA","address":"100 Westlake Ave","name":""},
  {"lat":29.948302,"lon":-90.064478,"city":"New Orleans","state":"LA","address":"228 Poydras St","name":""},
  {"lat":32.515286,"lon":-93.737111,"city":"Bossier City","state":"LA","address":"711 Horseshoe Blvd","name":""},
  {"lat":35.379819,"lon":-119.045767,"city":"Bakersfield","state":"CA","address":"2400 Camino Del Rio Ct.","name":""},
  {"lat":38.784444,"lon":-121.225,"city":"Rocklin","state":"CA","address":"5450 China Garden Rd","name":""},
  {"lat":34.046898,"lon":-118.260699,"city":"Los Angeles","state":"CA","address":"819 S Flower St","name":""},
  {"lat":34.045334,"lon":-118.252956,"city":"Los Angeles","state":"CA","address":"219 West 7th St","name":""},
  {"lat":37.972558,"lon":-120.651966,"city":"Copperopolis","state":"CA","address":"105 Stone St","name":""},
  {"lat":33.774495,"lon":-117.908309,"city":"Garden Grove","state":"CA","address":"12867 Garden Grove Blvd","name":""},
  {"lat":37.777811,"lon":-122.414295,"city":"San Francisco","state":"CA","address":"50 8th Street","name":""},
  {"lat":37.61014,"lon":-122.49632,"city":"Pacifica","state":"CA","address":"105 Rockaway Beach Ave","name":""},
  {"lat":40.80004,"lon":-124.1651,"city":"Eureka","state":"CA","address":"518 7th St.","name":""},
  {"lat":34.064093,"lon":-117.609507,"city":"Ontario","state":"CA","address":"1945 E Holt Blvd","name":""},
  {"lat":26.109762,"lon":-80.107927,"city":"Fort Lauderdale","state":"FL","address":"3030 Harbor Dr","name":""},
  {"lat":26.187674,"lon":-80.097258,"city":"Lauderdale-By-The-Sea","state":"FL","address":"4245 North Ocean Drive","name":""},
  {"lat":28.447425,"lon":-81.471907,"city":"Orlando","state":"FL","address":"8222 Jamaican Ct.","name":""},
  {"lat":25.808629,"lon":-80.273104,"city":"Miami Springs","state":"FL","address":"656 East Drive","name":""},
  {"lat":30.320942,"lon":-81.487783,"city":"Jacksonville","state":"FL","address":"45 Kernan Boulevard North","name":""},
  {"lat":25.04023,"lon":-80.49293,"city":"Key Largo","state":"FL","address":"147 Seaside Avenue","name":""},
  {"lat":29.035085,"lon":-80.894203,"city":"New Smyrna Beach","state":"FL","address":"611 S Atlantic Ave","name":""},
  {"lat":25.84862,"lon":-80.11985,"city":"Miami Beach","state":"FL","address":"6525 Collins Ave","name":""},
  {"lat":26.17006,"lon":-80.23611,"city":"Lauderhill","state":"FL","address":"3501 Inverrary Blvd","name":""},
  {"lat":28.26743,"lon":-81.590385,"city":"Kissimmee","state":"FL","address":"7430 Brooklyn Drive","name":""},
  {"lat":28.342336,"lon":-81.592932,"city":"Kissimmee","state":"FL","address":"3151 Pantanal Ln","name":""},
  {"lat":27.990822,"lon":-82.687864,"city":"Safety Harbor","state":"FL","address":"105 N Bayshore Drive","name":""},
  {"lat":43.102571,"lon":-76.188438,"city":"Liverpool","state":"NY","address":"441 Electronics Pkwy","name":""},
  {"lat":42.067867,"lon":-79.740119,"city":"Clymer","state":"NY","address":"1405B Old Rd","name":""},
  {"lat":40.91403,"lon":-73.777641,"city":"New Rochelle","state":"NY","address":"1 Radisson Plaza","name":""},
  {"lat":40.753224,"lon":-73.966278,"city":"New York City","state":"NY","address":"3 Mitchell Place","name":""},
  {"lat":42.86671,"lon":-76.97942,"city":"Geneva","state":"NY","address":"41 Lakefront Drive","name":""},
  {"lat":40.77644,"lon":-73.558906,"city":"Westbury","state":"NY","address":"3998 Brush Hollow Rd","name":""},
  {"lat":43.046817,"lon":-76.135428,"city":"Syracuse","state":"NY","address":"1060 E Genesee St","name":""},
  {"lat":42.063423,"lon":-79.729286,"city":"Clymer","state":"NY","address":"1405 Old Rd","name":""},
  {"lat":40.753711,"lon":-73.949537,"city":"Long Island City","state":"NY","address":"8-08 Queens Plaza South","name":""},
  {"lat":42.88453,"lon":-78.87347,"city":"Buffalo","state":"NY","address":"391 Washington Street","name":""},
  {"lat":48.166021,"lon":-103.637725,"city":"Williston","state":"ND","address":"1001 24th ST W","name":""}]}