{"key":"trader_joes","displayName":"Trader Joe's","category":"grocery","useLocationName":false,"locations":[
  {"lat":33.90047,"lon":-118.38043,"city":"Manhattan Beach","state":"CA","address":"1800 Rosecrans Blvd","name":""},
  {"lat":39.47879,"lon":-119.78399,"city":"Reno","state":"NV","address":"5035 S McCarran Blvd","name":""},
  {"lat":37.55454,"lon":-122.30251,"city":"San Mateo","state":"CA","address":"1820-22 S Grant Street","name":""},
  {"lat":38.00913,"lon":-121.32282,"city":"Stockton","state":"CA","address":"6535 Pacific Ave","name":""},
  {"lat":33.82344,"lon":-117.83655,"city":"Orange","state":"CA","address":"2114 N Tustin St","name":""},
  {"lat":37.80552,"lon":-122.41374,"city":"San Francisco","state":"CA","address":"401 Bay St","name":""},
  {"lat":37.69679,"lon":-121.87689,"city":"Pleasanton","state":"CA","address":"3903 Santa Rita Road","name":""},
  {"lat":37.89891,"lon":-122.29982,"city":"El Cerrito","state":"CA","address":"225 El Cerrito Plaza","name":""},
  {"lat":37.28796,"lon":-121.93328,"city":"Campbell","state":"CA","address":"1875 Bascom Ave","name":""},
  {"lat":32.23717,"lon":-110.85892,"city":"Tucson","state":"AZ","address":"1101 N Wilmot Rd, Ste 147","name":""},
  {"lat":33.63586,"lon":-111.91713,"city":"Scottsdale","state":"AZ","address":"7555 E Frank Lloyd Wright","name":""},
  {"lat":37.8231,"lon":-122.00323,"city":"Danville","state":"CA","address":"85 Railroad Ave","name":""},
  {"lat":37.75778,"lon":-122.25148,"city":"Alameda","state":"CA","address":"2217 South Shore Ctr","name":""},
  {"lat":38.66207,"lon":-121.27387,"city":"Fair Oaks","state":"CA","address":"5309 Sunrise Blvd","name":""},
  {"lat":37.40208,"lon":-122.11076,"city":"Mountain View","state":"CA","address":"590 Showers Dr","name":""},
  {"lat":33.79064,"lon":-118.33019,"city":"Torrance","state":"CA","address":"2545 Pacific Coast Hwy","name":""},
  {"lat":38.6186,"lon":-121.40017,"city":"Sacramento","state":"CA","address":"2625 Marconi Ave","name":""},
  {"lat":32.7793,"lon":-117.00561,"city":"La Mesa","state":"CA","address":"5495 Grossmont Center Dr","name":""},
  {"lat":33.36181,"lon":-111.91225,"city":"Tempe","state":"AZ","address":"6460 S McClintock Dr","name":""},
  {"lat":37.7,"lon":-122.48224,"city":"Daly City","state":"CA","address":"417 Westlake Center","name":""},
  {"lat":38.74629,"lon":-121.27489,"city":"Roseville","state":"CA","address":"1117 Roseville Square","name":""},
  {"lat":33.6425,"lon":-117.59535,"city":"Rancho Santa Margarita","state":"CA","address":"30652 Santa Margarita Pkwy","name":""},
  {"lat":33.64006,"lon":-112.23115,"city":"Glendale","state":"AZ","address":"8078 W Bell Rd","name":""},
  {"lat":37.45122,"lon":-122.18352,"city":"Menlo Park","state":"CA","address":"720 Menlo Ave","name":""},
  {"lat":37.83698,"lon":-122.29423,"city":"Emeryville","state":"CA","address":"5700 Christie Ave","name":""},
  {"lat":38.24804,"lon":-122.62801,"city":"Petaluma","state":"CA","address":"169 N McDowell Blvd","name":""},
  {"lat":33.38097,"lon":-111.78708,"city":"Mesa","state":"AZ","address":"2050 E Baseline Rd","name":""},
  {"lat":36.97854,"lon":-121.97015,"city":"Capitola","state":"CA","address":"3555 Clares St, #D","name":""},
  {"lat":36.06958,"lon":-115.08112,"city":"Henderson","state":"NV","address":"2716 N Green Valley Pkwy","name":""},
  {"lat":38.47355,"lon":-122.7323,"city":"Santa Rosa","state":"CA","address":"3225 Cleveland Ave","name":""},
  {"lat":34.44069,"lon":-119.82524,"city":"Goleta","state":"CA","address":"5767 Calle Real","name":""},
  {"lat":33.65047,"lon":-117.83751,"city":"Irvine","state":"CA","address":"4225 Campus Dr","name":""},
  {"lat":34.13985,"lon":-118.01223,"city":"Monrovia","state":"CA","address":"604 W Huntington Dr","name":""},
  {"lat":33.70118,"lon":-117.88421,"city":"Santa Ana","state":"CA","address":"3329 S Bristol St","name":""},
  {"lat":34.21985,"lon":-119.05322,"city":"Camarillo","state":"CA","address":"363 Carmen Dr","name":""},
  {"lat":33.7892,"lon":-116.48305,"city":"Cathedral City","state":"CA","address":"67720 E Palm Canyon Dr","name":""},
  {"lat":32.65132,"lon":-116.97039,"city":"Chula Vista","state":"CA","address":"878 Eastlake Pkwy, Ste 810","name":""},
  {"lat":34.02048,"lon":-118.42211,"city":"Los Angeles","state":"CA","address":"3456 S Sepulveda Blvd","name":""},
  {"lat":37.89024,"lon":-122.12697,"city":"Lafayette","state":"CA","address":"3649 Mt Diablo Blvd","name":""},
  {"lat":35.1257,"lon":-120.59405,"city":"Arroyo Grande","state":"CA","address":"955 Rancho Pkwy","name":""},
  {"lat":33.85225,"lon":-118.35329,"city":"Torrance","state":"CA","address":"19720 Hawthorne Blvd","name":""},
  {"lat":37.89314,"lon":-122.06057,"city":"Walnut Creek","state":"CA","address":"1372 S California Blvd","name":""},
  {"lat":34.14294,"lon":-118.39303,"city":"Studio City","state":"CA","address":"11976 Ventura Blvd","name":""},
  {"lat":37.33671,"lon":-122.06705,"city":"Los Altos","state":"CA","address":"2310 Homestead Rd","name":""},
  {"lat":33.56818,"lon":-117.83242,"city":"Newport Beach","state":"CA","address":"8086 E Pacific Coast Hwy","name":""},
  {"lat":38.3228,"lon":-122.30584,"city":"Napa","state":"CA","address":"3654 Bel Aire Plaza","name":""},
  {"lat":34.17496,"lon":-118.29886,"city":"Burbank","state":"CA","address":"214 E Alameda Ave","name":""},
  {"lat":33.59305,"lon":-117.65843,"city":"Mission Viejo","state":"CA","address":"25410 Marguerite Pkwy","name":""},
  {"lat":44.10115,"lon":-121.30225,"city":"Bend","state":"OR","address":"63455 N Hwy 97","name":""},
  {"lat":47.22306,"lon":-122.53818,"city":"University Place","state":"WA","address":"3800 Bridgeport Way W","name":""},
  {"lat":45.45586,"lon":-122.58074,"city":"Clackamas","state":"OR","address":"9345 SE 82nd Ave","name":""},
  {"lat":44.06627,"lon":-123.07526,"city":"Eugene","state":"OR","address":"85 Oakway Center","name":""},
  {"lat":47.81963,"lon":-122.31377,"city":"Lynnwood","state":"WA","address":"19715 Highway 99, Suite 101","name":""},
  {"lat":47.31693,"lon":-122.31094,"city":"Federal Way","state":"WA","address":"1758 S 320th St","name":""},
  {"lat":45.53472,"lon":-122.62082,"city":"Portland","state":"OR","address":"4121 NE Halsey St","name":""},
  {"lat":47.66261,"lon":-122.37425,"city":"Seattle","state":"WA","address":"4609 14th Ave NW","name":""},
  {"lat":45.53662,"lon":-122.86961,"city":"Hillsboro","state":"OR","address":"2285 NW 185th Ave","name":""},
  {"lat":45.5261,"lon":-122.69516,"city":"Portland","state":"OR","address":"2122 NW Glisan St","name":""},
  {"lat":47.61601,"lon":-122.3097,"city":"Seattle","state":"WA","address":"1700 Madison St","name":""},
  {"lat":35.67297,"lon":-105.95337,"city":"Santa Fe","state":"NM","address":"530 W Cordova Rd","name":""},
  {"lat":45.48797,"lon":-122.7976,"city":"Beaverton","state":"OR","address":"11753 SW Beaverton Hillsdale Hwy","name":""},
  {"lat":45.48882,"lon":-122.62355,"city":"Portland","state":"OR","address":"4715 SE Cesar E. Chavez Blvd","name":""},
  {"lat":47.91072,"lon":-122.22139,"city":"Everett","state":"WA","address":"1302 SE Everett Mall Way","name":""},
  {"lat":47.46007,"lon":-122.33139,"city":"Burien","state":"WA","address":"15868 1st Ave S","name":""},
  {"lat":45.61953,"lon":-122.5532,"city":"Vancouver","state":"WA","address":"305 SE Chkalov Dr","name":""},
  {"lat":34.21899,"lon":-118.86907,"city":"Thousand Oaks","state":"CA","address":"451 Avenida De Los Arboles","name":""},
  {"lat":47.66269,"lon":-122.31774,"city":"Seattle","state":"WA","address":"4555 Roosevelt Way NE","name":""},
  {"lat":37.34087,"lon":-121.90918,"city":"San Jose","state":"CA","address":"635 Coleman Ave","name":""},
  {"lat":37.13114,"lon":-121.6382,"city":"Morgan Hill","state":"CA","address":"17035 Laurel Rd","name":""},
  {"lat":37.80974,"lon":-122.24425,"city":"Oakland","state":"CA","address":"3250 Lakeshore Ave","name":""},
  {"lat":33.81149,"lon":-117.50656,"city":"Corona","state":"CA","address":"2790 Cabot Dr","name":""},
  {"lat":37.96115,"lon":-121.75011,"city":"Brentwood","state":"CA","address":"5451 Lone Tree Way","name":""},
  {"lat":37.68035,"lon":-121.78169,"city":"Livermore","state":"CA","address":"1122 A East Stanley Blvd","name":""},
  {"lat":39.75933,"lon":-121.84651,"city":"Chico","state":"CA","address":"801 East Ave, Ste 110","name":""},
  {"lat":36.59656,"lon":-121.89435,"city":"Monterey","state":"CA","address":"570 Munras Ave, Ste 20","name":""},
  {"lat":34.16726,"lon":-118.59231,"city":"Woodland Hills","state":"CA","address":"21055 Ventura Blvd","name":""},
  {"lat":35.54193,"lon":-120.71519,"city":"Templeton","state":"CA","address":"1111 Rossi Road","name":""},
  {"lat":38.11185,"lon":-122.56812,"city":"Novato","state":"CA","address":"7514 Redwood Blvd","name":""},
  {"lat":33.79678,"lon":-118.1229,"city":"Long Beach","state":"CA","address":"2222 North Bellflower Blvd","name":""},
  {"lat":34.60031,"lon":-118.1493,"city":"Palmdale","state":"CA","address":"39507 10th St W","name":""},
  {"lat":45.41381,"lon":-122.74329,"city":"Lake Oswego","state":"OR","address":"15391 SW Bangy Rd","name":""},
  {"lat":47.71145,"lon":-122.17999,"city":"Kirkland","state":"WA","address":"12520 Totem Lake Blvd NE, Suite 116","name":""},
  {"lat":34.43896,"lon":-119.72895,"city":"Santa Barbara","state":"CA","address":"3025 De La Vina St","name":""},
  {"lat":36.84933,"lon":-119.72804,"city":"Clovis","state":"CA","address":"1077 N Willow Ave","name":""},
  {"lat":37.24412,"lon":-121.95793,"city":"Los Gatos","state":"CA","address":"15466 Los Gatos Blvd","name":""},
  {"lat":41.65955,"lon":-70.27501,"city":"Hyannis","state":"MA","address":"655 Iyannough Road Rt 132, Unit 4-A","name":""},
  {"lat":35.17513,"lon":-106.54266,"city":"Albuquerque","state":"NM","address":"8928 Holly Ave NE","name":""},
  {"lat":38.4066,"lon":-121.42053,"city":"Elk Grove","state":"CA","address":"9670 Bruceville Road","name":""},
  {"lat":33.71199,"lon":-116.29427,"city":"La Quinta","state":"CA","address":"46400 Washington St","name":""},
  {"lat":33.30313,"lon":-111.99487,"city":"Phoenix","state":"AZ","address":"4025 E Chandler Blvd, Ste 38","name":""},
  {"lat":42.29274,"lon":-71.23489,"city":"Needham","state":"MA","address":"958 Highland Ave","name":""},
  {"lat":33.88973,"lon":-117.79217,"city":"Yorba Linda","state":"CA","address":"19655 Yorba Linda Blvd","name":""},
  {"lat":42.48321,"lon":-71.41528,"city":"Acton","state":"MA","address":"145 Great Rd","name":""},
  {"lat":34.14005,"lon":-118.13291,"city":"Pasadena","state":"CA","address":"345 S Lake Ave","name":""},
  {"lat":38.67244,"lon":-121.15591,"city":"Folsom","state":"CA","address":"850 East Bidwell","name":""},
  {"lat":34.1537,"lon":-118.0782,"city":"Pasadena","state":"CA","address":"467 N Rosemead Blvd","name":""},
  {"lat":29.73541,"lon":-95.58249,"city":"Houston","state":"TX","address":"11683 Westheimer Rd","name":""},
  {"lat":37.68536,"lon":-122.073,"city":"Castro Valley","state":"CA","address":"22224 Redwood Road","name":""},
  {"lat":41.71347,"lon":-72.59982,"city":"Glastonbury","state":"CT","address":"400 Hebron Ave","name":""},
  {"lat":33.83554,"lon":-118.18844,"city":"Long Beach","state":"CA","address":"4210 Long Beach Blvd","name":""},
  {"lat":39.61172,"lon":-105.08881,"city":"Littleton","state":"CO","address":"8055 West Bowles Ave, Unit 3A","name":""},
  {"lat":33.86388,"lon":-118.39157,"city":"Hermosa Beach","state":"CA","address":"1100 Pacific Coast Hwy","name":""},
  {"lat":41.46331,"lon":-81.47913,"city":"Woodmere","state":"OH","address":"28425 Chagrin Blvd","name":""},
  {"lat":33.98801,"lon":-118.39285,"city":"Culver City","state":"CA","address":"6150 Slauson Ave","name":""},
  {"lat":45.40366,"lon":-122.79657,"city":"Tigard","state":"OR","address":"16200 SW Pacific Hwy","name":""},
  {"lat":34.02608,"lon":-118.28466,"city":"Los Angeles","state":"CA","address":"3131 S Hoover Street, Suite 1920","name":""},
  {"lat":39.55632,"lon":-104.77762,"city":"Parker","state":"CO","address":"18374 Cottonwood Drive, #150","name":""},
  {"lat":38.88529,"lon":-76.99523,"city":"Washington","state":"DC","address":"750 Pennsylvania Ave SE","name":""},
  {"lat":38.90757,"lon":-77.0008,"city":"Washington","state":"DC","address":"350 Florida Ave. NE","name":""},
  {"lat":41.82044,"lon":-71.4036,"city":"Providence","state":"RI","address":"425 S Main St","name":""},
  {"lat":32.77202,"lon":-117.07035,"city":"San Diego","state":"CA","address":"5140 College Ave, Ste 119","name":""},
  {"lat":42.39562,"lon":-71.08282,"city":"Somerville","state":"MA","address":"145 Middlesex Ave","name":""},
  {"lat":42.36352,"lon":-71.12984,"city":"Allston","state":"MA","address":"199 N Harvard St","name":""},
  {"lat":40.54288,"lon":-111.89005,"city":"Draper","state":"UT","address":"11477 S. State St.","name":""},
  {"lat":40.72567,"lon":-74.00473,"city":"New York City","state":"NY","address":"233 Spring Street","name":""},
  {"lat":38.97844,"lon":-76.93753,"city":"College Park","state":"MD","address":"4429 Calvert Road","name":""},
  {"lat":40.75367,"lon":-74.02995,"city":"Hoboken","state":"NJ","address":"1350 Willow Ave.","name":""},
  {"lat":34.42503,"lon":-119.68151,"city":"Santa Barbara","state":"CA","address":"222 North Milpas Street","name":""},
  {"lat":35.35562,"lon":-119.0935,"city":"Bakersfield","state":"CA","address":"8200 Stockdale Hwy, #C21","name":""},
  {"lat":34.1153,"lon":-118.16297,"city":"S. Pasadena","state":"CA","address":"613 Mission St","name":""},
  {"lat":36.8588,"lon":-119.78265,"city":"Fresno","state":"CA","address":"8478 N. Friant Road","name":""},
  {"lat":34.10764,"lon":-118.27157,"city":"Los Angeles","state":"CA","address":"2738 Hyperion Ave","name":""},
  {"lat":33.45743,"lon":-117.65174,"city":"San Clemente","state":"CA","address":"638 Camino de Los Mares","name":""},
  {"lat":33.95593,"lon":-117.38848,"city":"Riverside","state":"CA","address":"6225 Riverside Plaza","name":""},
  {"lat":37.68717,"lon":-121.04941,"city":"Modesto","state":"CA","address":"3250 Dale Road","name":""},
  {"lat":33.91057,"lon":-117.87002,"city":"Brea","state":"CA","address":"2500 E Imperial Hwy","name":""},
  {"lat":34.02636,"lon":-118.45577,"city":"Santa Monica","state":"CA","address":"3212 Pico Blvd","name":""},
  {"lat":41.68332,"lon":-91.56472,"city":"Coralville","state":"IA","address":"920 Ponseti Way","name":""},
  {"lat":40.46286,"lon":-74.45925,"city":"North Brunswick","state":"NJ","address":"869 US-1","name":""},
  {"lat":33.72746,"lon":-116.39661,"city":"Palm Desert","state":"CA","address":"44250 Town Center Way","name":""},
  {"lat":34.13926,"lon":-118.20044,"city":"Eagle Rock","state":"CA","address":"1566 Colorado Blvd","name":""},
  {"lat":34.16391,"lon":-118.82587,"city":"Westlake Village","state":"CA","address":"3835 E Thousand Oaks Blvd","name":""},
  {"lat":37.25156,"lon":-121.87923,"city":"San Jose","state":"CA","address":"5353 Almaden Expressway #J-38","name":""},
  {"lat":37.78337,"lon":-122.44787,"city":"San Francisco","state":"CA","address":"3 Masonic Ave","name":""},
  {"lat":34.17179,"lon":-118.51777,"city":"Encino","state":"CA","address":"17640 Burbank Blvd","name":""},
  {"lat":37.97922,"lon":-122.0564,"city":"Concord","state":"CA","address":"1150 Concord Ave","name":""},
  {"lat":37.29297,"lon":-121.99415,"city":"San Jose","state":"CA","address":"5269 Prospect","name":""},
  {"lat":33.49605,"lon":-117.66362,"city":"San Juan Capistrano","state":"CA","address":"32151 Camino Capistrano","name":""},
  {"lat":33.75595,"lon":-118.31076,"city":"Rancho Palos Verdes","state":"CA","address":"28901 S Western Ave","name":""},
  {"lat":42.27013,"lon":-85.64999,"city":"Kalamazoo","state":"MI","address":"5099 Century Ave","name":""},
  {"lat":37.96954,"lon":-122.51647,"city":"San Rafael","state":"CA","address":"337 3rd St","name":""},
  {"lat":34.15191,"lon":-118.35193,"city":"Toluca","state":"CA","address":"10130 Riverside Dr","name":""},
  {"lat":33.69253,"lon":-117.99272,"city":"Huntington Beach","state":"CA","address":"18681 Main St","name":""},
  {"lat":33.86924,"lon":-118.05813,"city":"Cerritos","state":"CA","address":"12861 Towne Center Dr","name":""},
  {"lat":35.27891,"lon":-120.6645,"city":"San Luis Obispo","state":"CA","address":"3977 Higuera Street","name":""},
  {"lat":34.06915,"lon":-118.34442,"city":"Los Angeles","state":"CA","address":"263 S La Brea Ave","name":""},
  {"lat":33.0471,"lon":-117.25581,"city":"Encinitas","state":"CA","address":"115 N El Camino Real, Ste A","name":""},
  {"lat":38.26415,"lon":-122.05223,"city":"Fairfield","state":"CA","address":"1350 Gateway Blvd, Ste A1-A7","name":""},
  {"lat":34.06063,"lon":-117.18117,"city":"Redlands","state":"CA","address":"552 Orange St","name":""},
  {"lat":33.95874,"lon":-118.39666,"city":"Westchester","state":"CA","address":"8645 S Sepulveda","name":""},
  {"lat":34.12789,"lon":-118.08948,"city":"Pasadena","state":"CA","address":"3035 E Huntington Dr","name":""},
  {"lat":33.88764,"lon":-118.37989,"city":"Manhattan Beach","state":"CA","address":"1821 Manhattan Beach Blvd","name":""},
  {"lat":33.52882,"lon":-117.15615,"city":"Temecula","state":"CA","address":"40665 Winchester Rd","name":""},
  {"lat":33.63679,"lon":-117.92458,"city":"Costa Mesa","state":"CA","address":"640 W 17th St","name":""},
  {"lat":33.81856,"lon":-118.38614,"city":"Redondo Bch.","state":"CA","address":"1761 S Elena Ave","name":""},
  {"lat":33.10002,"lon":-117.07483,"city":"Escondido","state":"CA","address":"1885 S Centre City Pkwy","name":""},
  {"lat":33.60986,"lon":-117.703,"city":"Laguna Hills","state":"CA","address":"24231 Avenida De La Carlota, Suite 100","name":""},
  {"lat":33.94936,"lon":-118.00539,"city":"Whittier","state":"CA","address":"15025 E Whittier Blvd","name":""},
  {"lat":33.49297,"lon":-117.69665,"city":"Laguna Niguel","state":"CA","address":"32351 Street of the Golden Lantern","name":""},
  {"lat":36.26311,"lon":-115.25674,"city":"Las Vegas","state":"NV","address":"5639 Centennial Ctr Blvd","name":""},
  {"lat":33.75766,"lon":-118.10893,"city":"Long Beach","state":"CA","address":"6451 E Pacific Coast Hwy","name":""},
  {"lat":34.2572,"lon":-119.21183,"city":"Ventura","state":"CA","address":"1795 S. Victoria Ave","name":""},
  {"lat":33.70616,"lon":-117.78842,"city":"Irvine","state":"CA","address":"14443 Culver Dr","name":""},
  {"lat":34.02523,"lon":-118.39299,"city":"Culver City","state":"CA","address":"9290 Culver Blvd","name":""},
  {"lat":34.27266,"lon":-118.50161,"city":"Granada Hills","state":"CA","address":"11114 Balboa Blvd","name":""},
  {"lat":34.20004,"lon":-118.18842,"city":"La Canada","state":"CA","address":"475 Foothill Blvd","name":""},
  {"lat":33.50712,"lon":-112.03781,"city":"Phoenix","state":"AZ","address":"4821 N 20th St","name":""},
  {"lat":34.10349,"lon":-117.82121,"city":"San Dimas","state":"CA","address":"856 W Arrow Hwy","name":""},
  {"lat":32.24978,"lon":-110.89094,"city":"Tucson","state":"AZ","address":"4766 E Grant Rd","name":""},
  {"lat":33.65138,"lon":-112.3674,"city":"Surprise","state":"AZ","address":"14095 W Grand Ave","name":""},
  {"lat":32.80054,"lon":-117.24065,"city":"San Diego","state":"CA","address":"1640 Garnet Ave","name":""},
  {"lat":33.52944,"lon":-111.92758,"city":"Scottsdale","state":"AZ","address":"6202 N Scottsdale Rd","name":""},
  {"lat":34.2809,"lon":-118.73848,"city":"Simi Valley","state":"CA","address":"2975-A Cochran St","name":""},
  {"lat":34.13514,"lon":-118.14687,"city":"Pasadena","state":"CA","address":"610 S Arroyo Pkwy","name":""},
  {"lat":37.93683,"lon":-122.02474,"city":"Concord","state":"CA","address":"785 Oak Grove Rd","name":""},
  {"lat":34.15797,"lon":-118.44081,"city":"Sherman Oaks","state":"CA","address":"14119 Riverside Dr","name":""},
  {"lat":32.86575,"lon":-117.23173,"city":"La Jolla","state":"CA","address":"8657 Villa la Jolla Dr","name":""},
  {"lat":36.1806,"lon":-115.2579,"city":"Las Vegas","state":"NV","address":"7575 W Washington","name":""},
  {"lat":32.74988,"lon":-117.15382,"city":"San Diego","state":"CA","address":"1090 University Avenue, Ste G100-107","name":""},
  {"lat":33.18411,"lon":-117.33194,"city":"Oceanside","state":"CA","address":"2570 Vista Way","name":""},
  {"lat":32.35051,"lon":-110.97318,"city":"Oro Valley","state":"AZ","address":"7912 N Oracle","name":""},
  {"lat":32.98211,"lon":-117.07505,"city":"San Diego","state":"CA","address":"11955 Carmel Mountain Rd","name":""},
  {"lat":34.19221,"lon":-118.62581,"city":"West Hills","state":"CA","address":"6751 Fallbrook Ave","name":""},
  {"lat":37.49639,"lon":-122.24857,"city":"San Carlos","state":"CA","address":"1482 El Camino Real","name":""},
  {"lat":38.41752,"lon":-122.71205,"city":"Santa Rosa","state":"CA","address":"2100 Santa Rosa Ave","name":""},
  {"lat":34.08799,"lon":-118.37956,"city":"West Hollywood","state":"CA","address":"8611 Santa Monica Blvd","name":""},
  {"lat":34.25826,"lon":-118.5788,"city":"Chatsworth","state":"CA","address":"10330 Mason Ave","name":""},
  {"lat":32.2835,"lon":-110.9448,"city":"Tucson","state":"AZ","address":"4209 N Campbell Ave","name":""},
  {"lat":42.34985,"lon":-71.21944,"city":"West Newton","state":"MA","address":"1121 Washington St","name":""},
  {"lat":42.48349,"lon":-71.01755,"city":"Saugus","state":"MA","address":"358 Broadway","name":""},
  {"lat":32.73596,"lon":-117.21729,"city":"San Diego","state":"CA","address":"2401 Truxtun Rd","name":""},
  {"lat":37.66474,"lon":-122.4461,"city":"South San Francisco","state":"CA","address":"301 MC Lellan Dr","name":""},
  {"lat":36.97454,"lon":-122.0247,"city":"Santa Cruz","state":"CA","address":"700 Front St","name":""},
  {"lat":42.1225,"lon":-70.83161,"city":"Hanover","state":"MA","address":"1775 Washington St","name":""},
  {"lat":42.42542,"lon":-71.18882,"city":"Arlington","state":"MA","address":"1427 Massachusetts Ave","name":""},
  {"lat":42.27535,"lon":-71.75122,"city":"Shrewsbury","state":"MA","address":"77 Boston Turnpike","name":""},
  {"lat":33.58331,"lon":-111.97903,"city":"Phoenix","state":"AZ","address":"4726 East Shea Blvd","name":""},
  {"lat":37.84556,"lon":-122.25281,"city":"Oakland","state":"CA","address":"5727 College Ave","name":""},
  {"lat":36.00087,"lon":-115.10933,"city":"Henderson","state":"NV","address":"10345 S Eastern Ave","name":""},
  {"lat":37.60365,"lon":-122.39603,"city":"Millbrae","state":"CA","address":"765 Broadway","name":""},
  {"lat":42.34846,"lon":-71.08409,"city":"Boston","state":"MA","address":"899 Boylston St","name":""},
  {"lat":33.65184,"lon":-117.95413,"city":"Huntington Beach","state":"CA","address":"21431 Brookhurst St","name":""},
  {"lat":42.342,"lon":-71.12054,"city":"Brookline","state":"MA","address":"1317 Beacon St","name":""},
  {"lat":42.47343,"lon":-71.21067,"city":"Burlington","state":"MA","address":"51 Middlesex Turnpike","name":""},
  {"lat":39.11176,"lon":-119.77663,"city":"Carson City","state":"NV","address":"3790 US Hwy 395 S","name":""},
  {"lat":42.35826,"lon":-71.11417,"city":"Cambridge","state":"MA","address":"748 Memorial Dr","name":""},
  {"lat":41.13984,"lon":-73.35194,"city":"Westport","state":"CT","address":"400 Post Road E","name":""},
  {"lat":34.06227,"lon":-118.44377,"city":"Los Angeles","state":"CA","address":"1000 Glendon Ave","name":""},
  {"lat":41.71242,"lon":-71.48717,"city":"Warwick","state":"RI","address":"1000 Bald Hill Rd","name":""},
  {"lat":41.18314,"lon":-73.25317,"city":"Fairfield","state":"CT","address":"2258 Black Rock Turnpike","name":""},
  {"lat":42.54975,"lon":-70.95654,"city":"Peabody","state":"MA","address":"300 Andover St","name":""},
  {"lat":41.25081,"lon":-73.01887,"city":"Orange","state":"CT","address":"560 Boston Post Rd","name":""},
  {"lat":42.29912,"lon":-71.42523,"city":"Framingham","state":"MA","address":"659 Worcester Rd","name":""},
  {"lat":40.65336,"lon":-73.55877,"city":"Merrick","state":"NY","address":"1714 Merrick Rd","name":""},
  {"lat":37.99527,"lon":-122.28674,"city":"Pinole","state":"CA","address":"2742 Pinole Valley Rd","name":""},
  {"lat":34.00054,"lon":-117.73211,"city":"Chino Hills","state":"CA","address":"13911 Peyton Drive","name":""},
  {"lat":40.62681,"lon":-73.6411,"city":"Oceanside","state":"NY","address":"3418 Long Beach Rd","name":""},
  {"lat":34.93802,"lon":-120.42133,"city":"Santa Maria","state":"CA","address":"1303 S Bradley Rd","name":""},
  {"lat":34.13774,"lon":-117.57414,"city":"Rancho Cucamonga","state":"CA","address":"6401 Haven Ave","name":""},
  {"lat":34.0976,"lon":-118.36523,"city":"Los Angeles","state":"CA","address":"8000 W Sunset Blvd","name":""},
  {"lat":33.12659,"lon":-117.25307,"city":"Carlsbad","state":"CA","address":"2629 Gateway Rd","name":""},
  {"lat":34.10739,"lon":-117.72203,"city":"Claremont","state":"CA","address":"475 W Foothill Blvd","name":""},
  {"lat":41.08446,"lon":-73.46171,"city":"Darien","state":"CT","address":"436 Boston Post Rd","name":""},
  {"lat":37.31179,"lon":-122.03091,"city":"San Jose","state":"CA","address":"7250 Bollinger Rd","name":""},
  {"lat":40.97234,"lon":-73.80487,"city":"Scarsdale","state":"NY","address":"727 White Plains Rd","name":""},
  {"lat":41.72347,"lon":-72.75805,"city":"West Hartford","state":"CT","address":"1489 New Britain Ave","name":""},
  {"lat":40.73337,"lon":-73.9879,"city":"New York City","state":"NY","address":"142 E 14th St","name":""},
  {"lat":38.5604,"lon":-121.44481,"city":"Sacramento","state":"CA","address":"5000 Folsom Blvd","name":""},
  {"lat":40.93836,"lon":-73.74645,"city":"Larchmont","state":"NY","address":"1260 Boston Post Rd","name":""},
  {"lat":41.39321,"lon":-73.5215,"city":"Danbury","state":"CT","address":"113 Mill Plain Rd","name":""},
  {"lat":41.02554,"lon":-73.79347,"city":"Hartsdale","state":"NY","address":"215 N Central Ave","name":""},
  {"lat":37.72665,"lon":-122.47631,"city":"San Francisco","state":"CA","address":"265 Winston Dr","name":""},
  {"lat":40.94832,"lon":-74.07059,"city":"Paramus","state":"NJ","address":"404 Rt 17 N","name":""},
  {"lat":40.99317,"lon":-74.03598,"city":"Westwood","state":"NJ","address":"20 Irvington St","name":""},
  {"lat":40.95928,"lon":-74.23041,"city":"Wayne","state":"NJ","address":"910 Hamburg Turnpike","name":""},
  {"lat":40.65222,"lon":-74.35,"city":"Westfield","state":"NJ","address":"155 Elm St","name":""},
  {"lat":40.71092,"lon":-73.85826,"city":"Queens","state":"NY","address":"9030 Metropolitan Ave","name":""},
  {"lat":40.81967,"lon":-73.97759,"city":"Edgewater","state":"NJ","address":"715 River Rd","name":""},
  {"lat":39.89038,"lon":-74.92417,"city":"Marlton","state":"NJ","address":"300 P Route 73 S","name":""},
  {"lat":40.07343,"lon":-75.43364,"city":"Wayne","state":"PA","address":"171 E Swedesford Rd","name":""},
  {"lat":40.84033,"lon":-73.30749,"city":"Commack","state":"NY","address":"5900 Jericho Turnpike","name":""},
  {"lat":39.95418,"lon":-75.17597,"city":"Philadelphia","state":"PA","address":"2121 Market St","name":""},
  {"lat":40.68958,"lon":-73.99287,"city":"Brooklyn","state":"NY","address":"130 Court St","name":""},
  {"lat":42.35776,"lon":-72.54937,"city":"Hadley","state":"MA","address":"375 Russell St","name":""},
  {"lat":40.78171,"lon":-73.5015,"city":"Plainview","state":"NY","address":"425 S Oyster Bay Rd","name":""},
  {"lat":40.10841,"lon":-75.1222,"city":"Jenkintown","state":"PA","address":"933 Old York Rd","name":""},
  {"lat":40.00728,"lon":-75.2866,"city":"Ardmore","state":"PA","address":"112 Coulter Ave","name":""},
  {"lat":39.83383,"lon":-75.54173,"city":"Wilmington","state":"DE","address":"5605 Concord Pike","name":""},
  {"lat":39.91756,"lon":-75.3889,"city":"Media","state":"PA","address":"12 E State St","name":""},
  {"lat":40.45924,"lon":-79.91918,"city":"Pittsburgh","state":"PA","address":"6343 Penn Ave","name":""},
  {"lat":38.90435,"lon":-77.20369,"city":"Falls Church","state":"VA","address":"7514 Leesburg Turnpike","name":""},
  {"lat":39.05705,"lon":-77.12235,"city":"Rockville","state":"MD","address":"12268-H Rockville Pike","name":""},
  {"lat":40.20784,"lon":-75.22357,"city":"North Wales","state":"PA","address":"1460 Bethlehem Pike","name":""},
  {"lat":38.84272,"lon":-77.27037,"city":"Fairfax","state":"VA","address":"9464 Main St","name":""},
  {"lat":38.98892,"lon":-76.54024,"city":"Annapolis","state":"MD","address":"160 F Jennifer Rd, Ste F","name":""},
  {"lat":39.03133,"lon":-77.0035,"city":"Silver Spring","state":"MD","address":"10741 Columbia Pike","name":""},
  {"lat":37.27713,"lon":-76.74778,"city":"Williamsburg","state":"VA","address":"5000 Settlers Market Blvd","name":""},
  {"lat":37.13094,"lon":-76.51648,"city":"Newport News","state":"VA","address":"12551 Jefferson Ave","name":""},
  {"lat":38.78164,"lon":-77.18945,"city":"Springfield","state":"VA","address":"6394 Springfield Plaza","name":""},
  {"lat":38.84042,"lon":-77.43277,"city":"Centreville","state":"VA","address":"14100 Lee Hwy","name":""},
  {"lat":39.38813,"lon":-76.73609,"city":"Pikesville","state":"MD","address":"1809 Reisterstown Rd","name":""},
  {"lat":39.41146,"lon":-76.61923,"city":"Towson","state":"MD","address":"800 Kenilworth Drive","name":""},
  {"lat":39.18832,"lon":-76.79564,"city":"Elkridge","state":"MD","address":"6610 Marie Curie Dr","name":""},
  {"lat":38.81078,"lon":-77.04479,"city":"Alexandria","state":"VA","address":"612 N Saint Asaph St","name":""},
  {"lat":38.97826,"lon":-77.09053,"city":"Bethesda","state":"MD","address":"6831 Wisconsin Ave","name":""},
  {"lat":39.09654,"lon":-77.20679,"city":"Rockville","state":"MD","address":"10076 Darnestown Rd","name":""},
  {"lat":33.77875,"lon":-84.36702,"city":"Atlanta","state":"GA","address":"931 Monroe Dr","name":""},
  {"lat":38.85103,"lon":-77.13279,"city":"Bailey's Crossroads","state":"VA","address":"5847 Leesburg Pike","name":""},
  {"lat":43.11893,"lon":-87.91629,"city":"Milwaukee","state":"WI","address":"5600 N Port Washington Rd","name":""},
  {"lat":38.96724,"lon":-77.35905,"city":"Reston","state":"VA","address":"11958 Killingsworth Ave","name":""},
  {"lat":33.92624,"lon":-84.3781,"city":"Sandy Springs","state":"GA","address":"6277 Roswell Road NE","name":""},
  {"lat":43.06499,"lon":-89.41754,"city":"Madison","state":"WI","address":"1810 Monroe St","name":""},
  {"lat":42.15344,"lon":-88.33983,"city":"Algonquin","state":"IL","address":"1800 S Randall Rd","name":""},
  {"lat":42.01272,"lon":-87.83236,"city":"Park Ridge","state":"IL","address":"190 N NW Highway","name":""},
  {"lat":41.91449,"lon":-87.65498,"city":"Chicago","state":"IL","address":"1840 N Clybourn Ave","name":""},
  {"lat":41.81732,"lon":-87.86936,"city":"La Grange","state":"IL","address":"25 N La Grange Rd","name":""},
  {"lat":41.61804,"lon":-87.85462,"city":"Orland Park","state":"IL","address":"14924 S La Grange Rd","name":""},
  {"lat":41.86387,"lon":-88.33849,"city":"Batavia","state":"IL","address":"1942 W Fabyan Pkwy","name":""},
  {"lat":48.79556,"lon":-122.4878,"city":"Bellingham","state":"WA","address":"4255 Meridian St, Suite 200","name":""},
  {"lat":35.85786,"lon":-86.43702,"city":"Murfreesboro","state":"TN","address":"2305 Medical Center Parkway","name":""},
  {"lat":34.17034,"lon":-118.54105,"city":"Tarzana","state":"CA","address":"18700 Ventura Blvd","name":""},
  {"lat":40.04716,"lon":-75.43734,"city":"Berwyn","state":"PA","address":"550 Lancaster Ave","name":""},
  {"lat":40.52211,"lon":-74.21529,"city":"Staten Island","state":"NY","address":"6400 Amboy Rd","name":""},
  {"lat":33.3783,"lon":-86.80402,"city":"Hoover","state":"AL","address":"1769 Montgomery Hwy","name":""},
  {"lat":38.96015,"lon":-77.08512,"city":"Washington","state":"DC","address":"5335 Wisconsin Ave NW","name":""},
  {"lat":38.93217,"lon":-76.99591,"city":"Washington","state":"DC","address":"701 Monroe St NE","name":""},
  {"lat":39.08646,"lon":-77.15256,"city":"Rockville","state":"MD","address":"225 N Washington St","name":""},
  {"lat":37.75636,"lon":-121.46023,"city":"Tracy","state":"CA","address":"2530 Naglee Rd","name":""},
  {"lat":34.02802,"lon":-117.11844,"city":"Yucaipa","state":"CA","address":"31545 Yucaipa Boulevard","name":""},
  {"lat":29.96095,"lon":-90.08787,"city":"New Orleans","state":"LA","address":"2501 Tulane Ave","name":""},
  {"lat":40.55978,"lon":-74.3076,"city":"Iselin","state":"NJ","address":"675 US-1","name":""},
  {"lat":42.59989,"lon":-73.7943,"city":"Glenmont","state":"NY","address":"388 Feura Bush Rd","name":""},
  {"lat":42.28203,"lon":-71.15783,"city":"Boston","state":"MA","address":"1999 Centre St","name":""},
  {"lat":39.86678,"lon":-105.05118,"city":"Westminster","state":"CO","address":"9350 Sheridan Blvd","name":""},
  {"lat":40.02825,"lon":-75.62922,"city":"Exton","state":"PA","address":"125 West Lincoln Hwy","name":""},
  {"lat":35.55552,"lon":-97.63617,"city":"Oklahoma City","state":"OK","address":"6920 Northwest Expy","name":""},
  {"lat":33.65238,"lon":-78.98399,"city":"Myrtle Beach","state":"SC","address":"115 SayeBrook Pkwy","name":""},
  {"lat":29.54915,"lon":-98.58351,"city":"San Antonio","state":"TX","address":"11745 I-10 W","name":""},
  {"lat":33.17542,"lon":-96.72329,"city":"McKinney","state":"TX","address":"8101 Eldorado Pkwy","name":""},
  {"lat":33.46454,"lon":-112.37541,"city":"Goodyear","state":"AZ","address":"N Bullard Ave & McDowell Rd","name":""},
  {"lat":34.11054,"lon":-117.76157,"city":"La Verne","state":"CA","address":"2330 Foothill Blvd","name":""},
  {"lat":36.06436,"lon":-95.77303,"city":"Broken Arrow","state":"OK","address":"1525 E Hillside Dr","name":""},
  {"lat":30.30663,"lon":-97.94218,"city":"Bee Cave","state":"TX","address":"12812 Shops Pkwy, Bee Cave","name":""},
  {"lat":45.50046,"lon":-122.40989,"city":"Gresham","state":"OR","address":"2083 NE Burnside Rd","name":""},
  {"lat":41.27166,"lon":-73.12726,"city":"Shelton","state":"CT","address":"775 Bridgeport Ave","name":""},
  {"lat":33.3958,"lon":-84.59379,"city":"Peachtree City","state":"GA","address":"258 City Circle","name":""},
  {"lat":38.95826,"lon":-92.37319,"city":"Columbia","state":"MO","address":"201 N Stadium Blvd","name":""},
  {"lat":29.21986,"lon":-81.09539,"city":"Daytona Beach","state":"FL","address":"1511 Cornerstone Blvd","name":""},
  {"lat":41.18937,"lon":-111.97964,"city":"Riverdale","state":"UT","address":"4060 Riverdale Rd, Suite B","name":""},
  {"lat":29.9349,"lon":-90.10395,"city":"New Orleans","state":"LA","address":"2428 Napoleon Ave","name":""},
  {"lat":36.84158,"lon":-76.12964,"city":"Virginia Beach","state":"VA","address":"220 Constitution Drive","name":""},
  {"lat":42.31215,"lon":-71.21382,"city":"Newton","state":"MA","address":"165 Needham St","name":""},
  {"lat":40.94095,"lon":-72.99024,"city":"Miller Place","state":"NY","address":"300 Rte 25A Miller Place","name":""},
  {"lat":40.66455,"lon":-111.83728,"city":"Holladay","state":"UT","address":"1895 East Rodeo Walk Dr","name":""},
  {"lat":47.04156,"lon":-122.83437,"city":"Lacey","state":"WA","address":"691 Sleater Kinney Rd SE","name":""},
  {"lat":30.0498,"lon":-95.246,"city":"Kingwood","state":"TX","address":"600 Kingwood Dr","name":""},
  {"lat":42.98387,"lon":-78.69628,"city":"Williamsville","state":"NY","address":"5017 Transit Rd","name":""},
  {"lat":28.2413,"lon":-80.72811,"city":"Melbourne","state":"FL","address":"2221 Town Center Ave, Ste 101","name":""},
  {"lat":41.3752,"lon":-72.91363,"city":"Hamden","state":"CT","address":"46 Skiff St","name":""},
  {"lat":33.65326,"lon":-117.9191,"city":"Costa Mesa","state":"CA","address":"2170 Harbor Blvd, Ste 100","name":""},
  {"lat":34.07316,"lon":-81.16045,"city":"Columbia","state":"SC","address":"275 Harbison Blvd","name":""},
  {"lat":29.91862,"lon":-95.69083,"city":"Cypress","state":"TX","address":"9715 Towne Lake Pkwy","name":""},
  {"lat":33.02923,"lon":-96.79282,"city":"Plano","state":"TX","address":"2400 Preston Rd, Ste 200","name":""},
  {"lat":42.25504,"lon":-87.94672,"city":"Libertyville","state":"IL","address":"1600 S Milwaukee Ave","name":""},
  {"lat":35.92718,"lon":-84.04598,"city":"Knoxville","state":"TN","address":"8001 Kingston Pike","name":""},
  {"lat":42.08662,"lon":-71.26927,"city":"Foxborough","state":"MA","address":"350 Patriot Place","name":""},
  {"lat":42.99805,"lon":-78.82126,"city":"Buffalo","state":"NY","address":"1565 Niagara Falls Blvd","name":""},
  {"lat":34.07221,"lon":-118.36178,"city":"Los Angeles","state":"CA","address":"175 South Fairfax Ave","name":""},
  {"lat":41.1069,"lon":-73.54731,"city":"Stamford","state":"CT","address":"1041 High Ridge Rd","name":""},
  {"lat":34.02003,"lon":-80.97268,"city":"Columbia","state":"SC","address":"4516 Forest Drive","name":""},
  {"lat":29.74034,"lon":-95.77484,"city":"Katy","state":"TX","address":"2717 Commercial Center Blvd","name":""},
  {"lat":30.27013,"lon":-97.78981,"city":"Austin","state":"TX","address":"2805 Bee Cave Rd","name":""},
  {"lat":47.63076,"lon":-122.13343,"city":"Bellevue","state":"WA","address":"15563 NE 24th St","name":""},
  {"lat":33.97956,"lon":-118.44123,"city":"Marina Del Rey","state":"CA","address":"4675 Admiralty Way","name":""},
  {"lat":33.30605,"lon":-111.75164,"city":"Gilbert","state":"AZ","address":"1779 E. Williams Field Rd.","name":""},
  {"lat":38.91605,"lon":-77.03219,"city":"Washington","state":"DC","address":"1914 14th St NW","name":""},
  {"lat":34.03337,"lon":-118.48047,"city":"Santa Monica","state":"CA","address":"2300 Wilshire Blvd, Ste 101","name":""},
  {"lat":40.56437,"lon":-74.55543,"city":"Bridgewater","state":"NJ","address":"315 Promenade Blvd","name":""},
  {"lat":38.90728,"lon":-104.81728,"city":"Colorado Springs","state":"CO","address":"5342 N Nevada Ave","name":""},
  {"lat":40.71614,"lon":-73.98677,"city":"New York City","state":"NY","address":"400 Grand St. (Cellar)","name":""},
  {"lat":37.76416,"lon":-121.95211,"city":"San Ramon","state":"CA","address":"300 Market Place","name":""},
  {"lat":40.83653,"lon":-74.15131,"city":"Clifton","state":"NJ","address":"259 Allwood Road","name":""},
  {"lat":30.42241,"lon":-91.1536,"city":"Baton Rouge","state":"LA","address":"3535 Perkins Rd","name":""},
  {"lat":39.72686,"lon":-104.98279,"city":"Denver","state":"CO","address":"661 Logan Street","name":""},
  {"lat":39.95419,"lon":-75.16243,"city":"Philadelphia","state":"PA","address":"1324 Arch St.","name":""},
  {"lat":34.15567,"lon":-118.64498,"city":"Calabasas","state":"CA","address":"23741 Calabasas Rd.","name":""},
  {"lat":43.6321,"lon":-116.35189,"city":"Meridian","state":"ID","address":"2986 N. Eagle RD.","name":""},
  {"lat":30.2675,"lon":-97.75279,"city":"Austin","state":"TX","address":"211 Walter Seaholm Dr, Ste 100","name":""},
  {"lat":41.7964,"lon":-87.58838,"city":"Chicago","state":"IL","address":"1528 E 55th Street","name":""},
  {"lat":30.39558,"lon":-97.75177,"city":"Austin","state":"TX","address":"9722 Great Hills Trail, Ste 200","name":""},
  {"lat":40.27625,"lon":-111.68526,"city":"Orem","state":"UT","address":"440 East Park Avenue","name":""},
  {"lat":40.02027,"lon":-105.25784,"city":"Boulder","state":"CO","address":"1906 28th St","name":""},
  {"lat":40.86618,"lon":-74.50632,"city":"Denville","state":"NJ","address":"3056 State Route 10 West","name":""},
  {"lat":32.88057,"lon":-96.77228,"city":"Dallas","state":"TX","address":"7939 Walnut Hill Lane","name":""},
  {"lat":35.09078,"lon":-89.80117,"city":"Germantown","state":"TN","address":"2130 Exeter Rd., Suite 101","name":""},
  {"lat":38.06298,"lon":-78.49149,"city":"Charlottesville","state":"VA","address":"2025 Bond St.","name":""},
  {"lat":39.72883,"lon":-104.94025,"city":"Denver","state":"CO","address":"750 N Colorado Blvd","name":""},
  {"lat":32.76616,"lon":-117.15517,"city":"San Diego","state":"CA","address":"1072 Camino Del Rio North","name":""},
  {"lat":37.71637,"lon":-97.24341,"city":"Wichita","state":"KS","address":"1800 N. Rock Road, Suite 120","name":""},
  {"lat":40.73045,"lon":-73.981,"city":"New York City","state":"NY","address":"436 East 14th St","name":""},
  {"lat":42.54413,"lon":-83.28676,"city":"Bloomfield Hills","state":"MI","address":"6536 Telegraph Rd","name":""},
  {"lat":32.84955,"lon":-96.81944,"city":"Dallas","state":"TX","address":"5550 W Lovers Lane, Ste 168","name":""},
  {"lat":37.79065,"lon":-122.41799,"city":"San Francisco","state":"CA","address":"1095 Hyde St","name":""},
  {"lat":47.63698,"lon":-122.35667,"city":"Seattle","state":"WA","address":"1916 Queen Anne Ave N","name":""},
  {"lat":39.72904,"lon":-104.94029,"city":"Denver","state":"CO","address":"790 N Colorado Blvd","name":""},
  {"lat":47.35959,"lon":-122.16694,"city":"Kent","state":"WA","address":"12966 SE Kent-Kangley Rd","name":""},
  {"lat":43.03568,"lon":-88.07015,"city":"Brookfield","state":"WI","address":"12665 W. Bluemound Rd","name":""},
  {"lat":32.94133,"lon":-97.12942,"city":"Southlake","state":"TX","address":"1492 E Southlake Blvd","name":""},
  {"lat":42.24907,"lon":-70.9238,"city":"Hingham","state":"MA","address":"5 Essington Drive","name":""},
  {"lat":43.04624,"lon":-76.07065,"city":"Syracuse","state":"NY","address":"3422 Erie Blvd E","name":""},
  {"lat":34.21077,"lon":-77.88576,"city":"Wilmington","state":"NC","address":"1437 S College Rd","name":""},
  {"lat":40.57041,"lon":-80.02231,"city":"Pittsburgh","state":"PA","address":"9020 Covenant Ave","name":""},
  {"lat":40.62411,"lon":-111.85373,"city":"Cottonwood Heights","state":"UT","address":"6989 S 1300 E","name":""},
  {"lat":39.92896,"lon":-75.03218,"city":"Cherry Hill","state":"NJ","address":"775 Haddonfield Rd","name":""},
  {"lat":37.41241,"lon":-121.89969,"city":"Milpitas","state":"CA","address":"1306 Great Mall Pkwy","name":""},
  {"lat":41.68046,"lon":-81.29961,"city":"Mentor","state":"OH","address":"9474 Mentor Ave","name":""},
  {"lat":40.79071,"lon":-73.96951,"city":"New York City","state":"NY","address":"670 Columbus Ave","name":""},
  {"lat":40.28181,"lon":-74.29222,"city":"Freehold","state":"NJ","address":"4331 Route 9, Unit 3","name":""},
  {"lat":41.07174,"lon":-85.19536,"city":"Fort Wayne","state":"IN","address":"4110 W. Jefferson Blvd., Suite D-2","name":""},
  {"lat":34.18217,"lon":-118.39578,"city":"North Hollywood","state":"CA","address":"6130 Laurel Canyon Bl, Suite 100","name":""},
  {"lat":48.76213,"lon":-122.46392,"city":"Bellingham","state":"WA","address":"2410 James St","name":""},
  {"lat":32.82254,"lon":-96.78975,"city":"Dallas","state":"TX","address":"4525 Cole Ave","name":""},
  {"lat":40.40305,"lon":-74.12248,"city":"Middletown Township","state":"NJ","address":"1447 NJ-35","name":""},
  {"lat":33.56288,"lon":-117.62755,"city":"Ladera Ranch","state":"CA","address":"27542 Antonio Pkwy","name":""},
  {"lat":45.46617,"lon":-122.75088,"city":"Portland","state":"OR","address":"7215 SW Garden Home Road","name":""},
  {"lat":38.98962,"lon":-77.0957,"city":"Bethesda","state":"MD","address":"7900 Wisconsin Ave","name":""},
  {"lat":42.35037,"lon":-71.07447,"city":"Boston","state":"MA","address":"500 Boylston St","name":""},
  {"lat":40.75966,"lon":-73.96154,"city":"New York City","state":"NY","address":"405 E. 59th Street","name":""},
  {"lat":25.80688,"lon":-80.19266,"city":"Miami","state":"FL","address":"3191 NE 1st Ave","name":""},
  {"lat":38.80287,"lon":-121.20924,"city":"Rocklin","state":"CA","address":"5116 Commons Dr., #103","name":""},
  {"lat":40.22452,"lon":-76.93716,"city":"Camp Hill","state":"PA","address":"3545 Gettysburg Road","name":""},
  {"lat":29.58443,"lon":-95.64842,"city":"Sugar Land","state":"TX","address":"13550 University Blvd","name":""},
  {"lat":42.85915,"lon":-73.76531,"city":"Halfmoon","state":"NY","address":"3 Halfmoon Crossing Blvd","name":""},
  {"lat":45.41129,"lon":-122.62667,"city":"Milwaukie","state":"OR","address":"15574 SE McLoughlin Blvd","name":""},
  {"lat":38.90716,"lon":-104.8169,"city":"Colorado Springs","state":"CO","address":"5338 N Nevada Avenue","name":""},
  {"lat":39.40245,"lon":-119.75224,"city":"Reno","state":"NV","address":"13945 S Virginia St, Suite 640","name":""},
  {"lat":37.78533,"lon":-122.40567,"city":"San Francisco","state":"CA","address":"10 4th Street","name":""},
  {"lat":33.87969,"lon":-84.38159,"city":"Sandy Springs","state":"GA","address":"4600 Roswell Rd","name":""},
  {"lat":34.23803,"lon":-118.5357,"city":"Northridge","state":"CA","address":"9224 Reseda Blvd","name":""},
  {"lat":33.25605,"lon":-111.64026,"city":"Queen Creek","state":"AZ","address":"21186 S. Ellsworth Loop Rd","name":""},
  {"lat":32.96822,"lon":-96.99223,"city":"Coppell","state":"TX","address":"120 S Denton Tap Rd.","name":""},
  {"lat":40.74584,"lon":-73.9462,"city":"Queens","state":"NY","address":"22-43 Jackson Ave","name":""},
  {"lat":47.6879,"lon":-116.78145,"city":"Coeur d'Alene","state":"ID","address":"303 E Spokane Ave","name":""},
  {"lat":40.74399,"lon":-73.97908,"city":"New York City","state":"NY","address":"200 E 32nd St","name":""},
  {"lat":32.95795,"lon":-117.03546,"city":"Poway","state":"CA","address":"13644 Poway Rd","name":""},
  {"lat":41.68811,"lon":-86.23352,"city":"South Bend","state":"IN","address":"1140 East Howard","name":""},
  {"lat":47.61373,"lon":-122.18482,"city":"Bellevue","state":"WA","address":"416 116th Ave NE","name":""},
  {"lat":34.15733,"lon":-118.44132,"city":"Sherman Oaks","state":"CA","address":"14140 Riverside Dr","name":""},
  {"lat":40.69099,"lon":-73.98292,"city":"Brooklyn","state":"NY","address":"445 Gold St","name":""},
  {"lat":32.83043,"lon":-79.82584,"city":"Mt. Pleasant","state":"SC","address":"1909 Hwy 17 N","name":""},
  {"lat":32.95087,"lon":-96.80282,"city":"Dallas","state":"TX","address":"14856 Preston Rd","name":""},
  {"lat":39.10788,"lon":-77.53001,"city":"Leesburg","state":"VA","address":"504 Fort Evans Rd NE","name":""},
  {"lat":35.89795,"lon":-78.68279,"city":"Raleigh","state":"NC","address":"8111 Creedmoor Rd","name":""},
  {"lat":39.67101,"lon":-75.64727,"city":"Newark","state":"DE","address":"2500 Fashion Center Blvd.","name":""},
  {"lat":34.39565,"lon":-118.46222,"city":"Santa Clarita","state":"CA","address":"19037 Golden Valley Rd","name":""},
  {"lat":34.1129,"lon":-118.15149,"city":"South Pasadena","state":"CA","address":"1129 Fair Oaks Ave","name":""},
  {"lat":42.0511,"lon":-88.04189,"city":"Schaumburg","state":"IL","address":"1426 E Golf Rd","name":""},
  {"lat":38.77964,"lon":-77.23425,"city":"West Springfield","state":"VA","address":"8402 Old Keene Mill Rd","name":""},
  {"lat":40.09457,"lon":-75.36752,"city":"King of Prussia","state":"PA","address":"224 W Dekalb Pike","name":""},
  {"lat":45.61625,"lon":-122.50002,"city":"Vancouver","state":"WA","address":"16701 Mill Plain Blvd","name":""},
  {"lat":42.91197,"lon":-85.57669,"city":"Kentwood","state":"MI","address":"3684 28th St SE","name":""},
  {"lat":38.78762,"lon":-121.28168,"city":"Roseville","state":"CA","address":"10261 Fairway Dr","name":""},
  {"lat":41.29172,"lon":-73.82481,"city":"Yorktown","state":"NY","address":"3240 Crompond Road","name":""},
  {"lat":42.16055,"lon":-71.50191,"city":"Milford","state":"MA","address":"230 Fortune Blvd","name":""},
  {"lat":32.96114,"lon":-117.1914,"city":"San Diego","state":"CA","address":"13480 Highlands Place","name":""},
  {"lat":36.66459,"lon":-121.81169,"city":"Marina","state":"CA","address":"150 10th St","name":""},
  {"lat":34.10897,"lon":-84.21863,"city":"Alpharetta","state":"GA","address":"1605 Halcyon Days Trail","name":""},
  {"lat":33.17016,"lon":-117.21837,"city":"Vista","state":"CA","address":"1861 University Dr","name":""},
  {"lat":47.69313,"lon":-122.35535,"city":"Seattle","state":"WA","address":"8726 Greenwood Ave","name":""},
  {"lat":26.26813,"lon":-81.80053,"city":"Naples","state":"FL","address":"10600 Tamiami Trail N","name":""},
  {"lat":30.50323,"lon":-84.24986,"city":"Tallahassee","state":"FL","address":"3425 Thomasville Rd, Unit 19","name":""},
  {"lat":29.62328,"lon":-82.37998,"city":"Gainesville","state":"FL","address":"3724 SW Archer Rd","name":""},
  {"lat":28.59831,"lon":-81.36556,"city":"Winter Park","state":"FL","address":"131 Orlando Ave.","name":""},
  {"lat":27.93727,"lon":-82.50633,"city":"Tampa","state":"FL","address":"3808 W Swann Ave","name":""},
  {"lat":27.7974,"lon":-82.63883,"city":"St. Petersburg","state":"FL","address":"2742 4th St N","name":""},
  {"lat":28.4503,"lon":-81.49659,"city":"Orlando","state":"FL","address":"8323 Sand Lake Rd","name":""},
  {"lat":30.17393,"lon":-81.6302,"city":"Jacksonville","state":"FL","address":"11112 San Jose Blvd","name":""},
  {"lat":37.54347,"lon":-121.98615,"city":"Fremont","state":"CA","address":"39324 Argonaut Way","name":""},
  {"lat":25.68441,"lon":-80.31256,"city":"Miami","state":"FL","address":"9205 S Dixie Hwy","name":""},
  {"lat":26.43892,"lon":-80.0701,"city":"Delray Beach","state":"FL","address":"1851 S Federal Hwy, Ste 500","name":""},
  {"lat":26.84378,"lon":-80.07418,"city":"Palm Beach Gardens","state":"FL","address":"2560 PGA Blvd","name":""},
  {"lat":26.34225,"lon":-80.08658,"city":"Boca Raton","state":"FL","address":"855 S Federal Hwy","name":""},
  {"lat":26.63776,"lon":-80.20411,"city":"Wellington","state":"FL","address":"2877 South State Rd 7","name":""},
  {"lat":26.00585,"lon":-80.31078,"city":"Pembroke Pines","state":"FL","address":"11960 Pines Blvd","name":""},
  {"lat":26.14812,"lon":-80.119,"city":"Fort Lauderdale","state":"FL","address":"1560 N Federal Hwy","name":""},
  {"lat":26.09284,"lon":-80.252,"city":"Davie","state":"FL","address":"2296 S University Dr","name":""},
  {"lat":25.79179,"lon":-80.14216,"city":"Miami Beach","state":"FL","address":"1683 West Ave","name":""},
  {"lat":37.77111,"lon":-122.40738,"city":"San Francisco","state":"CA","address":"555 9th St","name":""},
  {"lat":27.39126,"lon":-82.45387,"city":"Bradenton","state":"FL","address":"8111 Cooper Creek Blvd","name":""},
  {"lat":25.72926,"lon":-80.25809,"city":"Coral Gables","state":"FL","address":"211 S. Dixie Highway","name":""},
  {"lat":26.26505,"lon":-80.25016,"city":"Coral Springs","state":"FL","address":"2796 N. University Drive","name":""},
  {"lat":26.58717,"lon":-81.86964,"city":"Fort Myers","state":"FL","address":"4983 S. Cleveland Avenue","name":""},
  {"lat":34.74014,"lon":-86.66557,"city":"Huntsville","state":"AL","address":"1100 Mid City Dr NW","name":""},
  {"lat":37.5389,"lon":-77.56427,"city":"Richmond","state":"VA","address":"3000 Stony Point Rd","name":""},
  {"lat":35.03285,"lon":-85.1547,"city":"Chattanooga","state":"TN","address":"2111 Gunbarrel Road","name":""},
  {"lat":39.0288,"lon":-84.57711,"city":"Crestview Hills","state":"KY","address":"2780 Dixie Highway","name":""},
  {"lat":39.02611,"lon":-84.57732,"city":"Crestview Hills","state":"KY","address":"2785 Dixie Highway","name":""},
  {"lat":36.60558,"lon":-121.92193,"city":"Pacific Grove","state":"CA","address":"1170 Forest Ave","name":""},
  {"lat":35.57266,"lon":-77.38394,"city":"Greenville","state":"NC","address":"3160 B Evans St","name":""},
  {"lat":35.80947,"lon":-78.81765,"city":"Morrisville","state":"NC","address":"951 Morrisville Parkway","name":""},
  {"lat":35.94974,"lon":-86.82148,"city":"Franklin","state":"TN","address":"545 Cool Springs Blvd","name":""},
  {"lat":38.67195,"lon":-90.43642,"city":"Creve Coeur","state":"MO","address":"11505 Olive Blvd","name":""},
  {"lat":41.94989,"lon":-87.67514,"city":"Chicago","state":"IL","address":"3745 N Lincoln Ave","name":""},
  {"lat":38.62733,"lon":-90.34123,"city":"Brentwood","state":"MO","address":"48 Brentwood Promenade Court","name":""},
  {"lat":42.11293,"lon":-87.98267,"city":"Arlington Heights","state":"IL","address":"17 W Rand Rd","name":""},
  {"lat":41.75454,"lon":-88.1405,"city":"Naperville","state":"IL","address":"44 W Gartner Rd","name":""},
  {"lat":41.89343,"lon":-87.62631,"city":"Chicago","state":"IL","address":"44 E Ontario St","name":""},
  {"lat":38.60104,"lon":-90.46716,"city":"Des Peres","state":"MO","address":"13343 Manchester Rd","name":""},
  {"lat":41.89028,"lon":-87.80479,"city":"Oak Park","state":"IL","address":"483 N Harlem Ave","name":""},
  {"lat":38.6449,"lon":-90.56656,"city":"Chesterfield","state":"MO","address":"1679 Clarkson Rd","name":""},
  {"lat":34.42857,"lon":-118.53828,"city":"Santa Clarita","state":"CA","address":"26517 Bouquet Canyon Rd","name":""},
  {"lat":40.5917,"lon":-122.35711,"city":"Redding","state":"CA","address":"845 Browning St","name":""},
  {"lat":36.10508,"lon":-86.81563,"city":"Nashville","state":"TN","address":"3909 Hillsboro Pike","name":""},
  {"lat":40.723,"lon":-74.29615,"city":"Millburn","state":"NJ","address":"187 Millburn Ave","name":""},
  {"lat":35.10223,"lon":-106.56546,"city":"Albuquerque","state":"NM","address":"2200 Uptown Loop NE","name":""},
  {"lat":39.19733,"lon":-84.3817,"city":"Cincinnati","state":"OH","address":"7788 Montgomery Rd","name":""},
  {"lat":42.42277,"lon":-83.43376,"city":"Northville","state":"MI","address":"18771 Traditions Drive","name":""},
  {"lat":42.25841,"lon":-83.71302,"city":"Ann Arbor","state":"MI","address":"2398 East Stadium Blvd","name":""},
  {"lat":47.67582,"lon":-122.12799,"city":"Redmond","state":"WA","address":"15932 Redmond Way","name":""},
  {"lat":35.7589,"lon":-78.78154,"city":"Cary","state":"NC","address":"1393 Kildaire Farm Rd","name":""},
  {"lat":42.38977,"lon":-82.91589,"city":"Grosse Pointe","state":"MI","address":"17028 Kercheval Ave","name":""},
  {"lat":35.21178,"lon":-80.83563,"city":"Charlotte","state":"NC","address":"1133 Metropolitan Ave","name":""},
  {"lat":41.86053,"lon":-88.05866,"city":"Glen Ellyn","state":"IL","address":"680 Roosevelt Rd","name":""},
  {"lat":33.9833,"lon":-84.42633,"city":"Marietta","state":"GA","address":"4250 Roswell Road","name":""},
  {"lat":37.64889,"lon":-77.6068,"city":"Glen Allen","state":"VA","address":"11331 W Broad St","name":""},
  {"lat":41.45679,"lon":-81.9513,"city":"Westlake","state":"OH","address":"175 Market St","name":""},
  {"lat":39.68844,"lon":-84.16628,"city":"Kettering","state":"OH","address":"328 East Stroop Rd","name":""},
  {"lat":42.18877,"lon":-88.10901,"city":"Lake Zurich","state":"IL","address":"735 W Route 22","name":""},
  {"lat":42.15026,"lon":-87.79831,"city":"Northbrook","state":"IL","address":"127 Skokie Blvd","name":""},
  {"lat":42.49541,"lon":-83.16369,"city":"Royal Oak","state":"MI","address":"27880 Woodward Ave","name":""},
  {"lat":35.33681,"lon":-80.75453,"city":"Charlotte","state":"NC","address":"1820 E Arbors Dr","name":""},
  {"lat":33.84095,"lon":-84.37499,"city":"Atlanta","state":"GA","address":"3183 Peachtree Rd","name":""},
  {"lat":41.81106,"lon":-87.98909,"city":"Downers Grove","state":"IL","address":"122 Ogden Ave","name":""},
  {"lat":42.6807,"lon":-83.19411,"city":"Rochester Hills","state":"MI","address":"3044 Walton Blvd","name":""},
  {"lat":35.07886,"lon":-80.81793,"city":"Charlotte","state":"NC","address":"6418 Rea Rd","name":""},
  {"lat":35.93693,"lon":-79.02508,"city":"Chapel Hill","state":"NC","address":"1800 E Franklin St","name":""},
  {"lat":33.97918,"lon":-84.21956,"city":"Norcross","state":"GA","address":"5185 Peachtree Pkwy, Ste 101","name":""},
  {"lat":40.0493,"lon":-82.91801,"city":"Columbus","state":"OH","address":"3888 Townsfair Way","name":""},
  {"lat":36.84861,"lon":-76.02478,"city":"Virginia Beach","state":"VA","address":"503 Hilltop Plaza","name":""},
  {"lat":42.08097,"lon":-87.79719,"city":"Glenview","state":"IL","address":"1407 Waukegan Rd","name":""},
  {"lat":32.91449,"lon":-117.11517,"city":"San Diego","state":"CA","address":"9850 Hibert St","name":""},
  {"lat":39.91257,"lon":-86.2118,"city":"Indianapolis","state":"IN","address":"2902 W 86th St","name":""},
  {"lat":40.0965,"lon":-83.09309,"city":"Dublin","state":"OH","address":"6355 Sawmill Rd","name":""},
  {"lat":33.71752,"lon":-118.05145,"city":"Huntington Beach","state":"CA","address":"16821 Algonquin St","name":""},
  {"lat":39.90371,"lon":-86.07518,"city":"Indianapolis","state":"IN","address":"5473 E 82nd St","name":""},
  {"lat":34.05934,"lon":-84.37963,"city":"Roswell","state":"GA","address":"635 W Crossville Rd","name":""},
  {"lat":40.3106,"lon":-74.66118,"city":"Princeton","state":"NJ","address":"3528 Brunswick Pike","name":""},
  {"lat":34.82905,"lon":-82.30567,"city":"Greenville","state":"SC","address":"59 Woodruff Industrial Ln","name":""},
  {"lat":37.93786,"lon":-122.51496,"city":"Greenbrae","state":"CA","address":"2052 Redwood Hwy","name":""},
  {"lat":47.03353,"lon":-122.93723,"city":"Olympia","state":"WA","address":"1530 Black Lake Blvd SW","name":""},
  {"lat":33.57749,"lon":-117.72478,"city":"Aliso Viejo","state":"CA","address":"26541 Aliso Creek Rd","name":""},
  {"lat":35.82324,"lon":-78.62171,"city":"Raleigh","state":"NC","address":"3000 Wake Forest Rd","name":""},
  {"lat":34.18009,"lon":-118.95383,"city":"Thousand Oaks","state":"CA","address":"125 N Reino Road","name":""},
  {"lat":38.54673,"lon":-121.76149,"city":"Davis","state":"CA","address":"885 Russell Blvd","name":""},
  {"lat":41.56156,"lon":-93.79336,"city":"West Des Moines","state":"IA","address":"6305 Mills Civic Pkwy, Ste 2111","name":""},
  {"lat":34.14644,"lon":-118.75665,"city":"Agoura Hills","state":"CA","address":"28941 Canwood St","name":""},
  {"lat":41.24829,"lon":-96.07397,"city":"Omaha","state":"NE","address":"10305 Pacific St","name":""},
  {"lat":33.9156,"lon":-83.44368,"city":"Athens","state":"GA","address":"1850 Epps Bridge Pkwy, Ste 331","name":""},
  {"lat":34.03372,"lon":-118.44931,"city":"Los Angeles","state":"CA","address":"11755 Olympic Blvd","name":""},
  {"lat":40.74209,"lon":-73.99412,"city":"New York City","state":"NY","address":"675 6th Ave","name":""},
  {"lat":34.10038,"lon":-118.32606,"city":"Los Angeles","state":"CA","address":"1600 N Vine St","name":""},
  {"lat":42.39002,"lon":-71.14359,"city":"Cambridge","state":"MA","address":"211 Alewife Brook Pkwy","name":""},
  {"lat":44.58226,"lon":-123.25997,"city":"Corvallis","state":"OR","address":"1550 NW 9th St, Ste 100","name":""},
  {"lat":33.74933,"lon":-118.40668,"city":"Rancho Palos Verdes","state":"CA","address":"31176 Hawthorne Blvd","name":""},
  {"lat":37.43843,"lon":-122.15775,"city":"Palo Alto","state":"CA","address":"855 El Camino Real","name":""},
  {"lat":43.66181,"lon":-70.26462,"city":"Portland","state":"ME","address":"87 Marginal Way","name":""},
  {"lat":40.77855,"lon":-73.98226,"city":"New York City","state":"NY","address":"2073 Broadway","name":""},
  {"lat":38.97067,"lon":-94.60684,"city":"Kansas City","state":"MO","address":"8600 Ward Pkwy","name":""},
  {"lat":40.7426,"lon":-96.67455,"city":"Lincoln","state":"NE","address":"3120 Pine Lake Rd, Ste R","name":""},
  {"lat":38.91243,"lon":-94.63575,"city":"Leawood","state":"KS","address":"4201 W 119th St","name":""},
  {"lat":47.62897,"lon":-117.36664,"city":"Spokane","state":"WA","address":"2975 East 29th Ave","name":""},
  {"lat":44.88961,"lon":-123.03255,"city":"Salem","state":"OR","address":"4450 Commercial St SE","name":""},
  {"lat":37.53543,"lon":-122.29828,"city":"San Mateo","state":"CA","address":"45 W Hillsdale Blvd","name":""},
  {"lat":37.87193,"lon":-122.27331,"city":"Berkeley","state":"CA","address":"1885 University Ave","name":""},
  {"lat":40.86864,"lon":-73.1281,"city":"Lake Grove","state":"NY","address":"2085 Smith Haven Plaza","name":""},
  {"lat":40.31679,"lon":-74.06159,"city":"Shrewsbury","state":"NJ","address":"1031 Broad St","name":""},
  {"lat":40.78913,"lon":-74.39137,"city":"Florham Park","state":"NJ","address":"176 Columbia Turnpike","name":""},
  {"lat":41.93242,"lon":-87.64626,"city":"Chicago","state":"IL","address":"667 W Diversey Pkwy","name":""},
  {"lat":34.27167,"lon":-119.24918,"city":"Ventura","state":"CA","address":"103 S Mills Rd, Ste 104","name":""},
  {"lat":32.80479,"lon":-79.88717,"city":"Mt. Pleasant","state":"SC","address":"401 Johnnie Dodds Blvd","name":""},
  {"lat":41.86775,"lon":-87.62539,"city":"Chicago","state":"IL","address":"1147 S Wabash Ave","name":""},
  {"lat":40.58966,"lon":-74.16574,"city":"Staten Island","state":"NY","address":"2385 Richmond Ave","name":""},
  {"lat":43.10221,"lon":-77.5417,"city":"Rochester","state":"NY","address":"3349 Monroe Ave","name":""},
  {"lat":47.65543,"lon":-122.68316,"city":"Silverdale","state":"WA","address":"9991 Mickelberry Rd","name":""},
  {"lat":40.35135,"lon":-80.05172,"city":"Pittsburgh","state":"PA","address":"1630 Washington Rd","name":""},
  {"lat":38.88668,"lon":-77.09464,"city":"Arlington","state":"VA","address":"1109 N Highland St","name":""},
  {"lat":47.56193,"lon":-122.38103,"city":"Seattle","state":"WA","address":"4545 Fauntleroy Way SW","name":""},
  {"lat":40.81034,"lon":-77.90224,"city":"State College","state":"PA","address":"243 Patriot Lane","name":""},
  {"lat":38.25009,"lon":-85.63137,"city":"Louisville","state":"KY","address":"4600 Shelbyville Rd, Ste 111","name":""},
  {"lat":34.20699,"lon":-118.23315,"city":"Montrose","state":"CA","address":"2462 Honolulu Ave","name":""},
  {"lat":42.71416,"lon":-73.81204,"city":"Colonie","state":"NY","address":"79 Wolf Rd","name":""},
  {"lat":27.29476,"lon":-82.53002,"city":"Sarasota","state":"FL","address":"4101 S Tamiami Trail","name":""},
  {"lat":38.24927,"lon":-85.63,"city":"Louisville","state":"KY","address":"4600 Shelbyville Rd Ste 112, Ste 112","name":""},
  {"lat":29.4967,"lon":-98.47803,"city":"San Antonio","state":"TX","address":"350 East Basse Road","name":""},
  {"lat":36.09276,"lon":-80.2816,"city":"Winston Salem","state":"NC","address":"252 South Stratford Road","name":""},
  {"lat":29.73921,"lon":-95.41132,"city":"Houston","state":"TX","address":"2922 S Shepherd Drive","name":""},
  {"lat":43.09451,"lon":-70.79955,"city":"Portsmouth","state":"NH","address":"45 Gosling Rd","name":""},
  {"lat":42.95373,"lon":-71.47722,"city":"Bedford","state":"NH","address":"2 Market Street","name":""},
  {"lat":32.81483,"lon":-96.77056,"city":"Dallas","state":"TX","address":"2001 Greenville Ave","name":""},
  {"lat":30.1756,"lon":-95.5354,"city":"The Woodlands","state":"TX","address":"10868 Kuykendahl Road","name":""},
  {"lat":42.03978,"lon":-87.68003,"city":"Evanston","state":"IL","address":"1211 Chicago Avenue","name":""},
  {"lat":38.91771,"lon":-77.06833,"city":"Washington","state":"DC","address":"2101 Wisconsin Ave NW, Suite A","name":""},
  {"lat":47.54398,"lon":-122.05224,"city":"Issaquah","state":"WA","address":"975 NW Gilman Blvd","name":""},
  {"lat":40.74439,"lon":-73.6039,"city":"Garden City","state":"NY","address":"910 Old Country Rd","name":""},
  {"lat":37.36789,"lon":-122.03588,"city":"Sunnyvale","state":"CA","address":"316 West El Camino Real","name":""},
  {"lat":38.00493,"lon":-84.51836,"city":"Lexington","state":"KY","address":"2326 Nicholasville Rd","name":""},
  {"lat":29.75272,"lon":-95.50167,"city":"Houston","state":"TX","address":"1440 South Voss Road","name":""},
  {"lat":34.74829,"lon":-92.40185,"city":"Little Rock","state":"AR","address":"11500 Financial Centre Pky","name":""},
  {"lat":42.34349,"lon":-122.88224,"city":"Medford","state":"OR","address":"55 Rossanley Dr","name":""},
  {"lat":36.13073,"lon":-86.85223,"city":"Nashville","state":"TN","address":"90 White Bridge Rd","name":""},
  {"lat":42.70801,"lon":-71.43842,"city":"Nashua","state":"NH","address":"262 Daniel Webster HWY","name":""},
  {"lat":33.1737,"lon":-96.64287,"city":"McKinney","state":"TX","address":"2851 Craig Dr, Ste 100","name":""},
  {"lat":36.13129,"lon":-79.85777,"city":"Greensboro","state":"NC","address":"3721 Battleground Ave.","name":""},
  {"lat":39.05038,"lon":-77.45273,"city":"Ashburn","state":"VA","address":"44755 Brimfield Dr","name":""},
  {"lat":44.46364,"lon":-73.1804,"city":"South Burlington","state":"VT","address":"200 Dorset St","name":""},
  {"lat":43.61303,"lon":-116.20371,"city":"Boise","state":"ID","address":"300 S Capitol Blvd","name":""},
  {"lat":32.71198,"lon":-97.38513,"city":"Fort Worth","state":"TX","address":"2701 S Hulen St","name":""},
  {"lat":38.00493,"lon":-84.51851,"city":"Lexington","state":"KY","address":"2320 Nicholasville Road","name":""},
  {"lat":39.6092,"lon":-104.95735,"city":"Greenwood Village","state":"CO","address":"5910 S University Blvd, Suite E1","name":""},
  {"lat":35.60305,"lon":-82.55357,"city":"Asheville","state":"NC","address":"120 Merrimon Ave","name":""},
  {"lat":33.91869,"lon":-117.96902,"city":"La Habra","state":"CA","address":"2101 W. Imperial Hwy, Suite A","name":""},
  {"lat":42.35186,"lon":-71.04727,"city":"Boston","state":"MA","address":"44 Thomson Place","name":""},
  {"lat":47.61385,"lon":-122.03388,"city":"Sammamish","state":"WA","address":"490 228th Ave NE","name":""},
  {"lat":40.75967,"lon":-111.8726,"city":"Salt Lake City","state":"UT","address":"634 East 400 South","name":""},
  {"lat":29.60945,"lon":-98.4991,"city":"San Antonio","state":"TX","address":"403 N Loop 1604 W","name":""},
  {"lat":34.07117,"lon":-118.37707,"city":"Los Angeles","state":"CA","address":"8500 Burton Way","name":""},
  {"lat":33.42239,"lon":-111.92502,"city":"Tempe","state":"AZ","address":"940 E. University Drive","name":""},
  {"lat":41.80675,"lon":-72.55765,"city":"Manchester","state":"CT","address":"1510 Pleasant Valley Road","name":""},
  {"lat":30.25699,"lon":-81.38981,"city":"Jacksonville Beach","state":"FL","address":"4180 S 3rd St","name":""},
  {"lat":40.05724,"lon":-74.14088,"city":"Brick","state":"NJ","address":"110 Brick Plaza","name":""},
  {"lat":40.73004,"lon":-73.85037,"city":"Queens","state":"NY","address":"69-65 Yellowstone Blvd","name":""},
  {"lat":47.75491,"lon":-122.34331,"city":"Shoreline","state":"WA","address":"1201 N 175th St","name":""},
  {"lat":33.80321,"lon":-118.04149,"city":"Cypress","state":"CA","address":"5245 Katella Ave.","name":""},
  {"lat":36.14553,"lon":-115.33549,"city":"Las Vegas","state":"NV","address":"2315 Summa Dr, Ste 100","name":""},
  {"lat":34.54866,"lon":-112.40535,"city":"Prescott","state":"AZ","address":"252 N Lee Blvd","name":""},
  {"lat":34.01577,"lon":-118.49197,"city":"Santa Monica","state":"CA","address":"500 Broadway","name":""},
  {"lat":37.77816,"lon":-122.42611,"city":"San Francisco","state":"CA","address":"555 Fulton St","name":""},
  {"lat":45.7229,"lon":-122.66074,"city":"Vancouver","state":"WA","address":"14007 NE 10th Ave","name":""},
  {"lat":40.71772,"lon":-73.96468,"city":"Brooklyn","state":"NY","address":"200 Kent Ave","name":""},
  {"lat":42.72622,"lon":-84.45256,"city":"East Lansing","state":"MI","address":"2755 E Grand River Ave","name":""},
  {"lat":40.81389,"lon":-73.96243,"city":"New York City","state":"NY","address":"123 W 125th St","name":""},
  {"lat":33.55393,"lon":-117.17601,"city":"Murrieta","state":"CA","address":"40388 Murrieta Hot Springs Rd","name":""},
  {"lat":33.24914,"lon":-111.83819,"city":"Chandler","state":"AZ","address":"3961 S Arizona Ave","name":""},
  {"lat":39.58091,"lon":-119.74125,"city":"Sparks","state":"NV","address":"185 Los Altos Pkwy","name":""},
  {"lat":36.10961,"lon":-95.97593,"city":"Tulsa","state":"OK","address":"3702 S Peoria Ave","name":""},
  {"lat":33.74647,"lon":-117.80962,"city":"Tustin","state":"CA","address":"1198 Irvine Blvd.","name":""},
  {"lat":47.7089,"lon":-117.4093,"city":"Spokane","state":"WA","address":"5520 N Division St","name":""},
  {"lat":40.72395,"lon":-111.87223,"city":"Salt Lake City","state":"UT","address":"2160 S 700 E","name":""},
  {"lat":34.15984,"lon":-118.25454,"city":"Glendale","state":"CA","address":"103 E Glenoaks Blvd","name":""},
  {"lat":32.83978,"lon":-116.98621,"city":"Santee","state":"CA","address":"9680 Mission Gorge Rd","name":""},
  {"lat":35.53769,"lon":-97.53106,"city":"Nichols Hills","state":"OK","address":"6409 Avondale Dr","name":""},
  {"lat":33.44651,"lon":-86.72929,"city":"Birmingham","state":"AL","address":"205 Summit Blvd, Suite 100","name":""},
  {"lat":34.09059,"lon":-118.34921,"city":"West Hollywood","state":"CA","address":"7310 Santa Monica Blvd","name":""},
  {"lat":28.07817,"lon":-82.73845,"city":"Palm Harbor","state":"FL","address":"33597 US Hwy 19 N","name":""},
  {"lat":42.42878,"lon":-76.51047,"city":"Ithaca","state":"NY","address":"744 S Meadow Street","name":""},
  {"lat":30.00441,"lon":-90.15206,"city":"Metairie","state":"LA","address":"2949 Veterans Blvd","name":""},
  {"lat":40.53934,"lon":-105.07529,"city":"Fort Collins","state":"CO","address":"3500 S College Ave, Ste 110","name":""},
  {"lat":44.93459,"lon":-93.3374,"city":"St. Louis Park","state":"MN","address":"4500 Excelsior Blvd","name":""},
  {"lat":33.69987,"lon":-117.74186,"city":"Irvine","state":"CA","address":"6222 Irvine Blvd","name":""},
  {"lat":38.90409,"lon":-77.05302,"city":"Washington","state":"DC","address":"1101 25th Street NW","name":""},
  {"lat":40.6392,"lon":-73.70172,"city":"Hewlett","state":"NY","address":"1280 West Broadway","name":""},
  {"lat":34.03006,"lon":-118.42148,"city":"Los Angeles","state":"CA","address":"10850 National Blvd","name":""},
  {"lat":45.09219,"lon":-93.43409,"city":"Maple Grove","state":"MN","address":"12105 Elm Creek Blvd N","name":""},
  {"lat":44.97349,"lon":-93.42276,"city":"Minnetonka","state":"MN","address":"11220 Wayzata Blvd","name":""},
  {"lat":44.9267,"lon":-93.14589,"city":"St. Paul","state":"MN","address":"484 Lexington Pkwy S","name":""},
  {"lat":44.94573,"lon":-92.92267,"city":"Woodbury","state":"MN","address":"8960 Hudson Rd., Ste. 801","name":""},
  {"lat":44.97646,"lon":-93.2582,"city":"Minneapolis","state":"MN","address":"721 Washington Ave S, Suite 101","name":""},
  {"lat":44.85924,"lon":-93.33277,"city":"Bloomington","state":"MN","address":"4270 W 78th St","name":""},
  {"lat":44.00036,"lon":-92.48126,"city":"Rochester","state":"MN","address":"1200 16th St SW","name":""},
  {"lat":44.79023,"lon":-93.21282,"city":"Eagan","state":"MN","address":"2065 Cliff Road","name":""},
  {"lat":45.05799,"lon":-93.14473,"city":"Shoreview","state":"MN","address":"1041 Red Fox Rd","name":""}]}