{"key":"tru_by_hilton","displayName":"Tru by Hilton","category":"hotels","useLocationName":false,"locations":[
  {"lat":32.719629,"lon":-117.159938,"city":"San Diego","state":"CA","address":"1357 5th Ave.","name":""},
  {"lat":37.812386,"lon":-121.292712,"city":"Lathrop","state":"CA","address":"161 East Louise Ave","name":""},
  {"lat":37.799328,"lon":-121.192601,"city":"Manteca","state":"CA","address":"180 Northwoods Ave","name":""},
  {"lat":38.1171,"lon":-121.24953,"city":"Lodi","state":"CA","address":"1337 E Kettleman Lane","name":""},
  {"lat":33.93248,"lon":-117.55764,"city":"Norco","state":"CA","address":"3481 Hamner Ave","name":""},
  {"lat":36.064647,"lon":-115.162563,"city":"Las Vegas","state":"NV","address":"6862 Gilespie Street","name":""},
  {"lat":37.086476,"lon":-113.57937,"city":"St George","state":"UT","address":"1251 South Sunland Drive","name":""},
  {"lat":44.044187,"lon":-123.047674,"city":"Eugene","state":"OR","address":"3111 Franklin Blvd.","name":""},
  {"lat":43.592234,"lon":-116.355126,"city":"Meridian","state":"ID","address":"1401 South Eagle Road","name":""},
  {"lat":33.314991,"lon":-111.744165,"city":"Gilbert","state":"AZ","address":"1950 S Santan Village Parkway","name":""},
  {"lat":33.530879,"lon":-112.265498,"city":"Glendale","state":"AZ","address":"6610 N. 95th Ave","name":""},
  {"lat":33.462626,"lon":-112.376882,"city":"Goodyear","state":"AZ","address":"1430 N Bullard Ave","name":""},
  {"lat":33.4851,"lon":-112.074403,"city":"Phoenix","state":"AZ","address":"3150 N Central Avenue","name":""},
  {"lat":33.556249,"lon":-111.881936,"city":"Scottsdale","state":"AZ","address":"8401 N Pima Center Pkwy","name":""},
  {"lat":31.787,"lon":-106.41,"city":"El Paso","state":"TX","address":"6210 Montana Ave.","name":""},
  {"lat":31.800173,"lon":-106.266492,"city":"El Paso","state":"TX","address":"3620 Joe Battle Blvd","name":""},
  {"lat":33.537362,"lon":-101.956481,"city":"Lubbock","state":"TX","address":"6407 62nd Street","name":""},
  {"lat":31.990461,"lon":-102.158682,"city":"Midland","state":"TX","address":"1101 Windhaven Dr","name":""},
  {"lat":32.038282,"lon":-102.086063,"city":"Midland","state":"TX","address":"4100 North Big Spring Street","name":""},
  {"lat":27.718195,"lon":-97.393598,"city":"Corpus Christi","state":"TX","address":"4325 S Padre Island Drive","name":""},
  {"lat":26.263179,"lon":-98.172013,"city":"Edinburg","state":"TX","address":"407 West Trenton Rd.","name":""},
  {"lat":27.56013,"lon":-99.447191,"city":"Laredo","state":"TX","address":"7120 Rosson Ln","name":""},
  {"lat":29.60286,"lon":-98.596882,"city":"San Antonio","state":"TX","address":"5639 Rim Pass","name":""},
  {"lat":29.425788,"lon":-98.482646,"city":"San Antonio","state":"TX","address":"901 E. Houston St.","name":""},
  {"lat":29.438043,"lon":-98.660581,"city":"San Antonio","state":"TX","address":"9911 Ingram Road","name":""},
  {"lat":29.647133,"lon":-98.44905,"city":"San Antonio","state":"TX","address":"2214 TPC Parkway","name":""},
  {"lat":30.220774,"lon":-97.687839,"city":"Austin","state":"TX","address":"7900 E. Ben White Blvd","name":""},
  {"lat":30.417555,"lon":-97.749244,"city":"Austin","state":"TX","address":"11603 Jollyville Rd","name":""},
  {"lat":30.280305,"lon":-97.741861,"city":"Austin","state":"TX","address":"1715 Guadalupe Street","name":""},
  {"lat":30.670534,"lon":-96.333455,"city":"Bryan","state":"TX","address":"1933 Austins Colony Parkway","name":""},
  {"lat":29.982736,"lon":-95.722121,"city":"Cypress","state":"TX","address":"27204 US HWY 290","name":""},
  {"lat":29.782916,"lon":-95.785525,"city":"Katy","state":"TX","address":"200 Ernstes Road","name":""},
  {"lat":30.466994,"lon":-97.600544,"city":"Pflugerville","state":"TX","address":"18700 Hilltop Commercial Dr","name":""},
  {"lat":30.539928,"lon":-97.694095,"city":"Round Rock","state":"TX","address":"2900 Hoppe Trail","name":""},
  {"lat":31.500941,"lon":-97.158554,"city":"Waco","state":"TX","address":"2408 Marketplace Drive","name":""},
  {"lat":32.875185,"lon":-97.098653,"city":"Euless","state":"TX","address":"2570 State Highway 121","name":""},
  {"lat":32.802,"lon":-97.434,"city":"Fort Worth","state":"TX","address":"6730 Northwest Loop 820","name":""},
  {"lat":32.859083,"lon":-97.315163,"city":"Fort Worth","state":"TX","address":"6200 Old Denton Road","name":""},
  {"lat":32.772166,"lon":-97.061661,"city":"Grand Prairie","state":"TX","address":"1520 N HWY 360","name":""},
  {"lat":32.839532,"lon":-97.194691,"city":"North Richland Hills","state":"TX","address":"1500 Weyland Dr.","name":""},
  {"lat":33.024038,"lon":-97.271939,"city":"Northlake","state":"TX","address":"13451 Raceway Dr.","name":""},
  {"lat":32.927883,"lon":-96.997131,"city":"Coppell","state":"TX","address":"1560 Point West Blvd","name":""},
  {"lat":32.799502,"lon":-96.821663,"city":"Dallas","state":"TX","address":"1949 N Stemmons Fwy","name":""},
  {"lat":32.960807,"lon":-96.638592,"city":"Garland","state":"TX","address":"5055 N President George Bush Hwy","name":""},
  {"lat":32.835,"lon":-97.023,"city":"Irving","state":"TX","address":"2100 Valley View Lane","name":""},
  {"lat":33.001683,"lon":-96.967072,"city":"Lewisville","state":"TX","address":"795 E. Vista Ridge Mall Drive","name":""},
  {"lat":33.046471,"lon":-96.702059,"city":"Plano","state":"TX","address":"3501 Premier Drive","name":""},
  {"lat":32.892626,"lon":-96.473893,"city":"Rockwall","state":"TX","address":"2600 Summer Lee Drive","name":""},
  {"lat":32.718417,"lon":-96.319486,"city":"Terrell","state":"TX","address":"200 Olivia Drive","name":""},
  {"lat":33.120664,"lon":-96.668962,"city":"Allen","state":"TX","address":"1553 N. Central Expressway","name":""},
  {"lat":33.097556,"lon":-96.816489,"city":"Frisco","state":"TX","address":"2310 Parkwood Blvd.","name":""},
  {"lat":33.170023,"lon":-96.644093,"city":"McKinney","state":"TX","address":"3100 Craig Drive","name":""},
  {"lat":33.072468,"lon":-96.88089,"city":"The Colony","state":"TX","address":"5252 Memorial Drive","name":""},
  {"lat":29.276948,"lon":-94.808681,"city":"Galveston","state":"TX","address":"4302 Seawall Blvd","name":""},
  {"lat":29.749851,"lon":-95.364075,"city":"Houston","state":"TX","address":"1540 Leeland St","name":""},
  {"lat":29.536455,"lon":-95.141642,"city":"Webster","state":"TX","address":"901 Rogers Court","name":""},
  {"lat":30.198965,"lon":-93.239994,"city":"Lake Charles","state":"LA","address":"1220 W. Prien Lake Rd.","name":""},
  {"lat":30.423513,"lon":-91.13011,"city":"Baton Rouge","state":"LA","address":"2562 Citiplace Court","name":""},
  {"lat":30.39318,"lon":-91.061544,"city":"Baton Rouge","state":"LA","address":"10960 Siegen Holiday Circle","name":""},
  {"lat":30.165471,"lon":-92.035722,"city":"Lafayette","state":"LA","address":"1310 Camellia Blvd","name":""},
  {"lat":32.542029,"lon":-94.726212,"city":"Longview","state":"TX","address":"3037 N. Eastman Rd.","name":""},
  {"lat":33.136471,"lon":-91.939039,"city":"Crossett","state":"AR","address":"920 Unity Road","name":""},
  {"lat":33.349169,"lon":-91.04419,"city":"Greenville","state":"MS","address":"600 Rayner Road","name":""},
  {"lat":32.435161,"lon":-90.139008,"city":"Ridgeland","state":"MS","address":"NWQ near I-55 and I-105","name":""},
  {"lat":35.16709,"lon":-111.66538,"city":"Flagstaff","state":"AZ","address":"3451 S Lake Mary Road","name":""},
  {"lat":39.066156,"lon":-108.568128,"city":"Grand Junction","state":"CO","address":"243 Colorado Ave.","name":""},
  {"lat":35.139633,"lon":-106.59497,"city":"Albuquerque","state":"NM","address":"4949 Jefferson Street Northeast","name":""},
  {"lat":35.189453,"lon":-101.938954,"city":"Amarillo","state":"TX","address":"2202 S. Soncy Road","name":""},
  {"lat":38.790114,"lon":-104.725595,"city":"Colorado Springs","state":"CO","address":"2845 Zeppelin Road Suite B","name":""},
  {"lat":41.122944,"lon":-112.020642,"city":"Clearfield","state":"UT","address":"640 North Falcon Hill Drive","name":""},
  {"lat":43.498412,"lon":-112.045485,"city":"Idaho Falls","state":"ID","address":"680 Lindsay Blvd.","name":""},
  {"lat":40.418946,"lon":-111.87819,"city":"Lehi","state":"UT","address":"1776 Ashton blvd","name":""},
  {"lat":40.623642,"lon":-111.912732,"city":"Midvale","state":"UT","address":"6962 S Bingham Junction Blvd","name":""},
  {"lat":41.222148,"lon":-111.976411,"city":"Ogden","state":"UT","address":"2405 Lincoln Ave","name":""},
  {"lat":40.77226,"lon":-112.019393,"city":"Salt Lake City","state":"UT","address":"206 N Jimmy Doolittle Road","name":""},
  {"lat":41.11649,"lon":-104.807757,"city":"Cheyenne","state":"WY","address":"423 West Fox Farm Road","name":""},
  {"lat":44.384792,"lon":-103.721182,"city":"Deadwood","state":"SD","address":"372 Main Street","name":""},
  {"lat":39.823258,"lon":-104.775168,"city":"Denver","state":"CO","address":"6951 Yampa St. Suite B","name":""},
  {"lat":39.745325,"lon":-104.994382,"city":"Denver","state":"CO","address":"1501 Stout St","name":""},
  {"lat":39.554983,"lon":-104.877167,"city":"Lone Tree","state":"CO","address":"9741 Park Meadows Dr","name":""},
  {"lat":44.100111,"lon":-103.198517,"city":"Rapid City","state":"SD","address":"825 Eglin St, Bldg B","name":""},
  {"lat":33.866146,"lon":-98.527447,"city":"Wichita Falls","state":"TX","address":"2681 Plaza Parkway","name":""},
  {"lat":35.458576,"lon":-97.599041,"city":"Oklahoma City","state":"OK","address":"802 South Meridian Ave.","name":""},
  {"lat":35.53717,"lon":-97.592325,"city":"Oklahoma City","state":"OK","address":"4100 NW Expressway","name":""},
  {"lat":37.705987,"lon":-97.206357,"city":"Wichita","state":"KS","address":"1236 North Greenwich Rd.","name":""},
  {"lat":36.332711,"lon":-94.181009,"city":"Rogers","state":"AR","address":"310 S 45th St","name":""},
  {"lat":35.875954,"lon":-94.974126,"city":"Tahlequah","state":"OK","address":"3457 Cherokee Springs Rd","name":""},
  {"lat":34.660202,"lon":-92.411021,"city":"Little Rock","state":"AR","address":"11320 Bass Pro Parkway","name":""},
  {"lat":34.786171,"lon":-92.218098,"city":"North Little Rock","state":"AR","address":"4221 Stockton Drive","name":""},
  {"lat":34.479703,"lon":-91.55456,"city":"Stuttgart","state":"AR","address":"204 W 22nd Street","name":""},
  {"lat":35.159502,"lon":-90.163167,"city":"West Memphis","state":"AR","address":"1400 N.18th St.","name":""},
  {"lat":39.290074,"lon":-94.680084,"city":"Kansas City","state":"MO","address":"10900 N Ambassador Drive","name":""},
  {"lat":38.973713,"lon":-95.306054,"city":"Lawrence","state":"KS","address":"510 Wakarusa Drive","name":""},
  {"lat":39.269663,"lon":-94.440577,"city":"Liberty","state":"MO","address":"1820 N Church Rd","name":""},
  {"lat":37.205753,"lon":-93.287438,"city":"Springfield","state":"MO","address":"517 E. Elm Street","name":""},
  {"lat":38.899792,"lon":-92.285646,"city":"Columbia","state":"MO","address":"4401 S Ponderosa Street","name":""},
  {"lat":38.764574,"lon":-90.494948,"city":"St. Charles","state":"MO","address":"333 Camelback Road","name":""},
  {"lat":38.631124,"lon":-90.198536,"city":"St. Louis","state":"MO","address":"1221 Locust Street","name":""},
  {"lat":40.67415,"lon":-99.096743,"city":"Kearney","state":"NE","address":"230 11th Ave","name":""},
  {"lat":40.815417,"lon":-96.652446,"city":"Lincoln","state":"NE","address":"305 N 50th Street","name":""},
  {"lat":41.108007,"lon":-100.733471,"city":"North Platte","state":"NE","address":"2400 Halligan Drive","name":""},
  {"lat":41.228946,"lon":-96.023662,"city":"Omaha","state":"NE","address":"7011 Hascall St.","name":""},
  {"lat":41.712275,"lon":-93.615179,"city":"Ankeny","state":"IA","address":"1230 S.W. District Drive","name":""},
  {"lat":41.692082,"lon":-93.776917,"city":"Grimes","state":"IA","address":"701 NE Gateway Drive","name":""},
  {"lat":41.487478,"lon":-93.676373,"city":"Norwalk","state":"IA","address":"1401 Chatham Avenue","name":""},
  {"lat":41.953684,"lon":-91.721118,"city":"Cedar Rapids","state":"IA","address":"3900 Westdale Parkway SW","name":""},
  {"lat":44.851373,"lon":-93.236125,"city":"Bloomington","state":"MN","address":"2415 East Old Shakopee Rd.","name":""},
  {"lat":44.978708,"lon":-93.266126,"city":"Minneapolis","state":"MN","address":"317 2nd Avenue South","name":""},
  {"lat":45.493468,"lon":-122.85603,"city":"Beaverton","state":"OR","address":"17363 SW Tualatin Valley Hwy","name":""},
  {"lat":45.574337,"lon":-122.57968,"city":"Portland","state":"OR","address":"7077 NE 82nd Ave","name":""},
  {"lat":47.448858,"lon":-122.254992,"city":"Tukwila","state":"WA","address":"395 Corporate Drive South","name":""},
  {"lat":46.584039,"lon":-120.542601,"city":"Yakima","state":"WA","address":"2424 West Nob Hill Blvd","name":""},
  {"lat":47.677257,"lon":-117.223663,"city":"Spokane Valley","state":"WA","address":"13509 E. Mansfield Ave.","name":""},
  {"lat":46.799781,"lon":-92.120934,"city":"Duluth","state":"MN","address":"503 Clearwood Drive","name":""},
  {"lat":27.442516,"lon":-82.467511,"city":"Bradenton","state":"FL","address":"5510 Manor Hill Lane","name":""},
  {"lat":27.770831,"lon":-82.656142,"city":"St. Petersburg","state":"FL","address":"20 17th Street S","name":""},
  {"lat":25.450377,"lon":-80.476811,"city":"Florida City","state":"FL","address":"217 N. Krome Avenue","name":""},
  {"lat":25.781471,"lon":-80.286892,"city":"Miami","state":"FL","address":"5560 Blue Lagoon Drive","name":""},
  {"lat":25.75872,"lon":-80.202614,"city":"Miami","state":"FL","address":"1931 SW 3rd Avenue","name":""},
  {"lat":25.985041,"lon":-80.340972,"city":"Miramar","state":"FL","address":"14577 SW 27th Way","name":""},
  {"lat":26.052853,"lon":-80.143021,"city":"Dania Beach","state":"FL","address":"44 N Federal Highway","name":""},
  {"lat":26.125659,"lon":-80.144574,"city":"Fort Lauderdale","state":"FL","address":"315 NW 1st Avenue","name":""},
  {"lat":26.235333,"lon":-80.089881,"city":"Pompano Beach","state":"FL","address":"200 North Ocean Blvd.","name":""},
  {"lat":27.256945,"lon":-80.42665,"city":"Port Saint Lucie","state":"FL","address":"11560 SW Village Pkwy","name":""},
  {"lat":27.470663,"lon":-81.460258,"city":"Sebring","state":"FL","address":"1775 US Highway 27 S","name":""},
  {"lat":30.647226,"lon":-88.115444,"city":"Mobile","state":"AL","address":"1492 Satchel Paige Drive","name":""},
  {"lat":30.473993,"lon":-87.215412,"city":"Pensacola","state":"FL","address":"5109 Bayou Blvd.","name":""},
  {"lat":30.497881,"lon":-87.221359,"city":"Pensacola","state":"FL","address":"7100 N. Davis Highway","name":""},
  {"lat":30.389472,"lon":-86.446522,"city":"Destin","state":"FL","address":"150 Henderson Beach Road","name":""},
  {"lat":30.405784,"lon":-86.626425,"city":"Ft. Walton Beach","state":"FL","address":"207 Miracle Strip Pkwy SW","name":""},
  {"lat":30.501677,"lon":-86.439063,"city":"Niceville","state":"FL","address":"4382 Ansley Drive","name":""},
  {"lat":30.18772,"lon":-85.78108,"city":"Panama City Beach","state":"FL","address":"1585 North Urban Blu Drive","name":""},
  {"lat":30.375172,"lon":-86.291244,"city":"Santa Rosa Beach","state":"FL","address":"6789 US HWY 98 West","name":""},
  {"lat":32.366149,"lon":-88.66771,"city":"Meridian","state":"MS","address":"519 Azalea Drive","name":""},
  {"lat":32.557605,"lon":-85.504545,"city":"Auburn","state":"AL","address":"2411 W Pace Blvd","name":""},
  {"lat":33.644353,"lon":-84.458889,"city":"College Park","state":"GA","address":"2101 Convention Center Concourse A","name":""},
  {"lat":32.458362,"lon":-86.401724,"city":"Prattville","state":"AL","address":"2633 Legends Parkway","name":""},
  {"lat":30.482357,"lon":-81.647346,"city":"Jacksonville","state":"FL","address":"1265 Airport Road","name":""},
  {"lat":30.183971,"lon":-81.630978,"city":"Jacksonville","state":"FL","address":"2970 Hartley Road","name":""},
  {"lat":30.372897,"lon":-81.759545,"city":"Jacksonville","state":"FL","address":"4142 Perimeter Industrial Pkwy W","name":""},
  {"lat":30.182588,"lon":-82.691431,"city":"Lake City","state":"FL","address":"284 NW Centurion Court","name":""},
  {"lat":30.428009,"lon":-84.236111,"city":"Tallahassee","state":"FL","address":"2814 Apalachee Parkway","name":""},
  {"lat":28.418905,"lon":-81.469786,"city":"Orlando","state":"FL","address":"6461 Westwood Boulevard","name":""},
  {"lat":30.259632,"lon":-81.530413,"city":"Jacksonville","state":"FL","address":"4640 Tropea Way","name":""},
  {"lat":29.917717,"lon":-81.415234,"city":"St. Augustine","state":"FL","address":"2505 County Road 208","name":""},
  {"lat":33.51218,"lon":-82.037735,"city":"Augusta","state":"GA","address":"2853 Washington Road","name":""},
  {"lat":31.13662,"lon":-81.573615,"city":"Brunswick","state":"GA","address":"310 Frontage Rd Brunswick, GA 31523","name":""},
  {"lat":33.539335,"lon":-83.209126,"city":"Greensboro","state":"GA","address":"1030 Hospitality Drive","name":""},
  {"lat":32.926879,"lon":-83.738945,"city":"Macon","state":"GA","address":"107 Providence Boulevard","name":""},
  {"lat":33.4241,"lon":-84.179318,"city":"McDonough","state":"GA","address":"251 Avalon Court","name":""},
  {"lat":33.564922,"lon":-81.940499,"city":"North Augusta","state":"SC","address":"190 Austin Graybill Road","name":""},
  {"lat":33.503069,"lon":-84.224647,"city":"Stockbridge","state":"GA","address":"2725 Patrick Henry Parkway","name":""},
  {"lat":32.13643,"lon":-81.239101,"city":"Savannah","state":"GA","address":"90 Stephen S Green Drive","name":""},
  {"lat":32.001119,"lon":-81.125424,"city":"Savannah","state":"GA","address":"77 W Fairmont Ave","name":""},
  {"lat":32.441672,"lon":-80.723648,"city":"Beaufort","state":"SC","address":"3664 Trask Parkway","name":""},
  {"lat":33.554472,"lon":-80.82432,"city":"Orangeburg","state":"SC","address":"739 Citadel Road","name":""},
  {"lat":33.484848,"lon":-80.475141,"city":"Santee","state":"SC","address":"273 Britain St.","name":""},
  {"lat":32.819532,"lon":-79.838974,"city":"Mt. Pleasant","state":"SC","address":"1651 Midtown Avenue","name":""},
  {"lat":32.863317,"lon":-80.019452,"city":"North Charleston","state":"SC","address":"3331 W Montague Avenue","name":""},
  {"lat":32.932464,"lon":-80.048899,"city":"North Charleston","state":"SC","address":"2475 Prospect Drive","name":""},
  {"lat":35.658885,"lon":-88.872057,"city":"Jackson","state":"TN","address":"1136 Rushmeade Road","name":""},
  {"lat":34.372458,"lon":-89.498513,"city":"Oxford","state":"MS","address":"97 Ed Perry Blvd","name":""},
  {"lat":34.282593,"lon":-88.71734,"city":"Tupelo","state":"MS","address":"1003 Landmark Blvd","name":""},
  {"lat":34.7087,"lon":-86.678659,"city":"Huntsville","state":"AL","address":"7026 Cabela Dr NW","name":""},
  {"lat":33.89815,"lon":-84.475309,"city":"Atlanta","state":"GA","address":"4511 Circle 75 Parkway","name":""},
  {"lat":34.176702,"lon":-84.754076,"city":"Cartersville","state":"GA","address":"25 Overlook Parkway","name":""},
  {"lat":35.043402,"lon":-85.159236,"city":"Chattanooga","state":"TN","address":"7008 Shallowford Rd","name":""},
  {"lat":34.01965,"lon":-84.567287,"city":"Kennesaw","state":"GA","address":"2975 Ring Road NW","name":""},
  {"lat":33.769641,"lon":-84.600769,"city":"Lithia Springs","state":"GA","address":"1270 Thornton Road","name":""},
  {"lat":34.910927,"lon":-85.12459,"city":"Ringgold","state":"GA","address":"5509 Alabama Highway","name":""},
  {"lat":35.922891,"lon":-86.812691,"city":"Franklin","state":"TN","address":"1001 Knoll Top Lane","name":""},
  {"lat":36.317048,"lon":-86.698992,"city":"Goodlettsville","state":"TN","address":"831 Conference Drive","name":""},
  {"lat":36.165606,"lon":-86.517766,"city":"Mount Juliet","state":"TN","address":"1977 Providence Parkway","name":""},
  {"lat":35.861253,"lon":-86.432045,"city":"Murfreesboro","state":"TN","address":"909 North Thompson Lane Bldg B","name":""},
  {"lat":36.155592,"lon":-86.774575,"city":"Nashville","state":"TN","address":"500 Rep John Lewis Way South","name":""},
  {"lat":35.974614,"lon":-86.577387,"city":"Smyrna","state":"TN","address":"950 Colonnade Drive","name":""},
  {"lat":35.733879,"lon":-86.888056,"city":"Spring Hill","state":"TN","address":"2014 Market Creek Drive","name":""},
  {"lat":35.214939,"lon":-84.869266,"city":"Cleveland","state":"TN","address":"4352 Frontage Road NW","name":""},
  {"lat":37.349538,"lon":-89.598056,"city":"Cape Girardeau","state":"MO","address":"2520 Veterans Memorial Dr","name":""},
  {"lat":36.593795,"lon":-87.286019,"city":"Clarksville","state":"TN","address":"3030 Mr. C. Drive","name":""},
  {"lat":36.944689,"lon":-86.429524,"city":"Bowling Green","state":"KY","address":"1864 Cave Mill Road","name":""},
  {"lat":39.273615,"lon":-84.439161,"city":"Cincinnati","state":"OH","address":"11155 Dowlin Drive","name":""},
  {"lat":39.012024,"lon":-84.653446,"city":"Florence","state":"KY","address":"1080 Vandercar Way","name":""},
  {"lat":38.017782,"lon":-84.424347,"city":"Lexington","state":"KY","address":"1770 Vendor Way","name":""},
  {"lat":38.032626,"lon":-84.522231,"city":"Lexington","state":"KY","address":"535 Waller Avenue","name":""},
  {"lat":38.191642,"lon":-85.742608,"city":"Louisville","state":"KY","address":"810 Phillips Lane","name":""},
  {"lat":38.220192,"lon":-85.542453,"city":"Louisville","state":"KY","address":"11505 Bluegrass Parkway","name":""},
  {"lat":38.065721,"lon":-85.694788,"city":"Shepherdsville","state":"KY","address":"191 Centre Drive","name":""},
  {"lat":33.852197,"lon":-84.253158,"city":"Atlanta","state":"GA","address":"3274 Northlake Pkwy","name":""},
  {"lat":34.252405,"lon":-83.460932,"city":"Commerce","state":"GA","address":"157 Hampton Court","name":""},
  {"lat":33.979771,"lon":-84.085031,"city":"Lawrenceville","state":"GA","address":"2050 North Brown Road","name":""},
  {"lat":34.824432,"lon":-82.308044,"city":"Greenville","state":"SC","address":"122 Carolina Point Parkway","name":""},
  {"lat":34.689066,"lon":-82.862408,"city":"Seneca","state":"SC","address":"13050 Clemson Blvd","name":""},
  {"lat":34.936795,"lon":-82.002622,"city":"Spartanburg","state":"SC","address":"103 Franklin Avenue","name":""},
  {"lat":35.810319,"lon":-83.982412,"city":"Alcoa","state":"TN","address":"125 Furrow Way","name":""},
  {"lat":36.015585,"lon":-83.970881,"city":"Knoxville","state":"TN","address":"5418 Pratt Road","name":""},
  {"lat":35.90591,"lon":-84.141949,"city":"Knoxville","state":"TN","address":"380 Lovell Road","name":""},
  {"lat":35.802525,"lon":-83.564918,"city":"Pigeon Forge","state":"TN","address":"2815 Teaster Lane","name":""},
  {"lat":35.584683,"lon":-82.461486,"city":"Asheville","state":"NC","address":"1500 Tunnel Road","name":""},
  {"lat":35.13663,"lon":-80.931764,"city":"Charlotte","state":"NC","address":"9233 Kings Parade Boulevard","name":""},
  {"lat":33.996892,"lon":-81.045771,"city":"Columbia","state":"SC","address":"400 Gervais Street","name":""},
  {"lat":34.015098,"lon":-81.074381,"city":"Columbia","state":"SC","address":"185 Stoneridge Drive","name":""},
  {"lat":34.080364,"lon":-81.160352,"city":"Columbia","state":"SC","address":"271 Columbiana Drive","name":""},
  {"lat":35.061756,"lon":-80.952953,"city":"Fort Mill","state":"SC","address":"120 Crisanto Ave","name":""},
  {"lat":34.936567,"lon":-80.970092,"city":"Rock Hill","state":"SC","address":"800 Galleria Blvd.","name":""},
  {"lat":33.962995,"lon":-80.399468,"city":"Sumter","state":"SC","address":"2607 Broad Street","name":""},
  {"lat":35.074444,"lon":-78.954167,"city":"Fayetteville","state":"NC","address":"507 N McPherson Church Rd.","name":""},
  {"lat":35.008161,"lon":-78.817212,"city":"Fayetteville","state":"NC","address":"2055 Cedar Creek Road","name":""},
  {"lat":34.233283,"lon":-79.80552,"city":"Florence","state":"SC","address":"2140 West Lucas Street","name":""},
  {"lat":34.666099,"lon":-79.006568,"city":"Lumberton","state":"NC","address":"220 Jackson Ct","name":""},
  {"lat":35.195617,"lon":-80.915167,"city":"Charlotte","state":"NC","address":"2227 Cascade Point Blvd, Suite B","name":""},
  {"lat":35.164667,"lon":-80.894163,"city":"Charlotte","state":"NC","address":"6125 Nations Ford Road","name":""},
  {"lat":35.363455,"lon":-80.700907,"city":"Concord","state":"NC","address":"5355 John Q. Hammons Drive","name":""},
  {"lat":35.27139,"lon":-81.14882,"city":"Gastonia","state":"NC","address":"534 North New Hope Road","name":""},
  {"lat":35.52961,"lon":-80.866517,"city":"Mooresville","state":"NC","address":"117 Alcove Road","name":""},
  {"lat":36.063924,"lon":-79.497779,"city":"Burlington","state":"NC","address":"982 Kirkpatrick Road","name":""},
  {"lat":35.939608,"lon":-79.019628,"city":"Chapel Hill","state":"NC","address":"1742 Fordham Blvd.","name":""},
  {"lat":36.052634,"lon":-79.888741,"city":"Greensboro","state":"NC","address":"1706 S. 40 Drive","name":""},
  {"lat":35.866113,"lon":-78.815448,"city":"Morrisville","state":"NC","address":"350 Airgate Drive","name":""},
  {"lat":36.595309,"lon":-82.241192,"city":"Bristol","state":"TN","address":"51 Centre Point Drive","name":""},
  {"lat":39.359471,"lon":-84.266043,"city":"Mason","state":"OH","address":"2720 Waterpark Drive","name":""},
  {"lat":39.157943,"lon":-84.272756,"city":"Milford","state":"OH","address":"951 Chamber Drive","name":""},
  {"lat":37.733441,"lon":-84.327538,"city":"Richmond","state":"KY","address":"1020 Amberly Way","name":""},
  {"lat":37.79574,"lon":-81.216069,"city":"Beckley","state":"WV","address":"162 Neptune Drive","name":""},
  {"lat":37.139418,"lon":-80.351964,"city":"Christiansburg","state":"VA","address":"55 Hampton Blvd. NE","name":""},
  {"lat":37.102241,"lon":-80.51607,"city":"Christiansburg","state":"VA","address":"2300 Tyler Road","name":""},
  {"lat":38.40538,"lon":-78.906485,"city":"Harrisonburg","state":"VA","address":"111 Pleasant Valley Road","name":""},
  {"lat":37.798326,"lon":-79.417796,"city":"Lexington","state":"VA","address":"22 Hotel Dr","name":""},
  {"lat":37.33968,"lon":-79.198059,"city":"Lynchburg","state":"VA","address":"650 Simons Run","name":""},
  {"lat":37.364891,"lon":-81.040521,"city":"Princeton","state":"WV","address":"105 Halls Ridge Road","name":""},
  {"lat":37.357889,"lon":-79.959555,"city":"Roanoke","state":"VA","address":"8161 Gander Way","name":""},
  {"lat":38.131087,"lon":-79.037115,"city":"Staunton","state":"VA","address":"120 Crossing Way","name":""},
  {"lat":36.965761,"lon":-81.074099,"city":"Wytheville","state":"VA","address":"245 Boyd Ave","name":""},
  {"lat":41.823178,"lon":-89.472107,"city":"Dixon","state":"IL","address":"1806 S. Galena Ave","name":""},
  {"lat":41.577422,"lon":-88.169768,"city":"Joliet","state":"IL","address":"3051 Ring Road","name":""},
  {"lat":41.465241,"lon":-87.318113,"city":"Merrillville","state":"IN","address":"8410 Indiana St.","name":""},
  {"lat":41.801909,"lon":-88.20714,"city":"Naperville","state":"IL","address":"1809 West Diehl Rd","name":""},
  {"lat":39.758855,"lon":-86.159126,"city":"Indianapolis","state":"IN","address":"601 Russell Avenue","name":""},
  {"lat":39.856389,"lon":-86.006573,"city":"Indianapolis","state":"IN","address":"5660 Lawrence Village Parkway","name":""},
  {"lat":40.052782,"lon":-85.649793,"city":"Anderson","state":"IN","address":"2410 E 64th St","name":""},
  {"lat":41.73789,"lon":-85.973219,"city":"Elkhart","state":"IN","address":"3500 Cassopolis Street","name":""},
  {"lat":42.030078,"lon":-86.517907,"city":"Stevensville","state":"MI","address":"2683 West Marquette Woods Road","name":""},
  {"lat":41.239297,"lon":-85.812522,"city":"Warsaw","state":"IN","address":"200 Prosperity Drive","name":""},
  {"lat":41.368424,"lon":-85.090918,"city":"Auburn","state":"IN","address":"303 Peckhart Ct","name":""},
  {"lat":41.127295,"lon":-85.155133,"city":"Fort Wayne","state":"IN","address":"5345 Distribution Drive","name":""},
  {"lat":42.716217,"lon":-88.987611,"city":"Janesville","state":"WI","address":"2702 Pontiac Place","name":""},
  {"lat":43.13069,"lon":-89.29597,"city":"Madison","state":"WI","address":"2403 East Springs Drive","name":""},
  {"lat":43.05545,"lon":-89.520867,"city":"Madison","state":"WI","address":"8102 Watts Road","name":""},
  {"lat":43.036813,"lon":-87.905417,"city":"Milwaukee","state":"WI","address":"515 N Jefferson St","name":""},
  {"lat":44.032957,"lon":-88.578366,"city":"Oshkosh","state":"WI","address":"1810 Oshkosh Ave","name":""},
  {"lat":42.922218,"lon":-89.254042,"city":"Stoughton","state":"WI","address":"2500 Jackson St","name":""},
  {"lat":43.039238,"lon":-88.173394,"city":"Waukesha","state":"WI","address":"20925 Watertown Road","name":""},
  {"lat":43.578874,"lon":-89.777376,"city":"Wisconsin Dells","state":"WI","address":"981 Wisconsin Dells Parkway S.","name":""},
  {"lat":42.266052,"lon":-85.171697,"city":"Battle Creek","state":"MI","address":"12854 Harper Village Dr","name":""},
  {"lat":43.046986,"lon":-85.661155,"city":"Comstock Park","state":"MI","address":"340 Dodge Rd NE","name":""},
  {"lat":42.826489,"lon":-86.089113,"city":"Holland","state":"MI","address":"12400 Riley Street","name":""},
  {"lat":42.276999,"lon":-84.428997,"city":"Jackson","state":"MI","address":"2401 Shirley Dr.","name":""},
  {"lat":42.259755,"lon":-85.527045,"city":"Kalamazoo","state":"MI","address":"5185 E Cork Street","name":""},
  {"lat":42.911626,"lon":-85.554505,"city":"Kentwood","state":"MI","address":"4570 28th Street SE","name":""},
  {"lat":44.738422,"lon":-85.642288,"city":"Traverse City","state":"MI","address":"3572 N US31 S","name":""},
  {"lat":39.775413,"lon":-84.072421,"city":"Fairborn","state":"OH","address":"3813 Colonel Glenn Hwy","name":""},
  {"lat":39.875189,"lon":-83.049805,"city":"Grove City","state":"OH","address":"1750 Buckeye Place","name":""},
  {"lat":39.871619,"lon":-84.099872,"city":"Huber Heights","state":"OH","address":"7000 Executive Boulevard","name":""},
  {"lat":39.441338,"lon":-84.328351,"city":"Monroe","state":"OH","address":"300 Orton Drive","name":""},
  {"lat":39.99883,"lon":-82.932504,"city":"Columbus","state":"OH","address":"2845 Airport Drive","name":""},
  {"lat":39.981169,"lon":-82.830707,"city":"Columbus","state":"OH","address":"6440 East Broad Street","name":""},
  {"lat":41.930151,"lon":-83.347686,"city":"Monroe","state":"MI","address":"1731 North Dixie Highway","name":""},
  {"lat":41.565718,"lon":-83.579173,"city":"Rossford","state":"OH","address":"9735 Clark Drive","name":""},
  {"lat":41.591011,"lon":-84.150017,"city":"Wauseon","state":"OH","address":"8165 SR-108","name":""},
  {"lat":41.504626,"lon":-81.641791,"city":"Cleveland","state":"OH","address":"6955 Euclid Avenue","name":""},
  {"lat":41.374823,"lon":-81.821843,"city":"Middleburg Heights","state":"OH","address":"17500 Rosbough Dr.","name":""},
  {"lat":41.396081,"lon":-82.651205,"city":"Sandusky","state":"OH","address":"6110 Milan Rd.","name":""},
  {"lat":42.632941,"lon":-82.855423,"city":"Chesterfield","state":"MI","address":"45301 Marketplace Blvd","name":""},
  {"lat":42.509891,"lon":-83.44509,"city":"Novi","state":"MI","address":"40255 West 13 Mile","name":""},
  {"lat":42.563099,"lon":-83.031564,"city":"Sterling Heights","state":"MI","address":"36599 Van Dyke","name":""},
  {"lat":42.549435,"lon":-83.1184,"city":"Troy","state":"MI","address":"1575 E Maple Rd","name":""},
  {"lat":35.699713,"lon":-78.590411,"city":"Garner","state":"NC","address":"565 US Hwy 70","name":""},
  {"lat":34.220398,"lon":-78.019499,"city":"Leland","state":"NC","address":"1462 Olde Waterford Way","name":""},
  {"lat":35.97124,"lon":-77.843503,"city":"Rocky Mount","state":"NC","address":"255 Gateway Blvd","name":""},
  {"lat":35.508095,"lon":-78.323022,"city":"Smithfield","state":"NC","address":"167 S. Equity Drive","name":""},
  {"lat":35.980444,"lon":-78.543487,"city":"Wake Forest","state":"NC","address":"12315 Hampton Way Drive","name":""},
  {"lat":34.244201,"lon":-77.884589,"city":"Wilmington","state":"NC","address":"5001-A Market St","name":""},
  {"lat":34.24046,"lon":-77.826102,"city":"Wilmington","state":"NC","address":"1010 Ashes Drive","name":""},
  {"lat":35.7387,"lon":-77.9625,"city":"Wilson","state":"NC","address":"3319 Heritage Drive W.","name":""},
  {"lat":37.760565,"lon":-77.461148,"city":"Ashland","state":"VA","address":"101 North Carter Road","name":""},
  {"lat":37.275918,"lon":-78.40074,"city":"Farmville","state":"VA","address":"1913 South Main Street","name":""},
  {"lat":37.638226,"lon":-77.57094,"city":"Richmond","state":"VA","address":"9950 Independence Park Drive","name":""},
  {"lat":36.779595,"lon":-76.233079,"city":"Chesapeake","state":"VA","address":"1570 Crossways Blvd.","name":""},
  {"lat":36.880028,"lon":-76.194825,"city":"Norfolk","state":"VA","address":"1571 Premium Outlets Blvd.","name":""},
  {"lat":39.054283,"lon":-77.453121,"city":"Ashburn","state":"VA","address":"44732 Endicott Drive","name":""},
  {"lat":38.74,"lon":-77.512219,"city":"Manassas","state":"VA","address":"10550 Gateway Blvd","name":""},
  {"lat":39.21846,"lon":-78.140716,"city":"Winchester","state":"VA","address":"118 Mercedes Court","name":""},
  {"lat":38.131809,"lon":-77.5083,"city":"Woodford","state":"VA","address":"6524 Dominion Raceway Ave","name":""},
  {"lat":39.286026,"lon":-76.599017,"city":"Baltimore","state":"MD","address":"411 S Central Avenue","name":""},
  {"lat":38.700597,"lon":-75.401965,"city":"Georgetown","state":"DE","address":"301 College Park Lane","name":""},
  {"lat":38.362671,"lon":-75.073646,"city":"Ocean City","state":"MD","address":"3401 Coastal Highway","name":""},
  {"lat":40.882611,"lon":-77.779424,"city":"Bellefonte","state":"PA","address":"143 Leahey Drive","name":""},
  {"lat":39.930629,"lon":-77.636988,"city":"Chambersburg","state":"PA","address":"101 Walker Road","name":""},
  {"lat":40.221695,"lon":-76.095945,"city":"Denver","state":"PA","address":"400 North Reamstown Road","name":""},
  {"lat":40.37821,"lon":-76.656505,"city":"Grantville","state":"PA","address":"248 Bow Creek Road","name":""},
  {"lat":39.630291,"lon":-77.769839,"city":"Hagerstown","state":"MD","address":"220 Railway Lane","name":""},
  {"lat":40.941,"lon":-76.026,"city":"Hazleton","state":"PA","address":"51 Station Circle","name":""},
  {"lat":40.278505,"lon":-76.661017,"city":"Hershey","state":"PA","address":"204 Hillcrest Road","name":""},
  {"lat":40.025425,"lon":-76.210614,"city":"Lancaster","state":"PA","address":"2320 Lincoln Highway East","name":""},
  {"lat":39.452125,"lon":-77.983758,"city":"Martinsburg","state":"WV","address":"801 Snapp Street","name":""},
  {"lat":42.096168,"lon":-75.987772,"city":"Vestal","state":"NY","address":"3512 Vestal Parkway East","name":""},
  {"lat":39.982612,"lon":-76.727892,"city":"York","state":"PA","address":"1520 Toronita Street","name":""},
  {"lat":40.127197,"lon":-75.408138,"city":"Audubon","state":"PA","address":"825 Forge Avenue","name":""},
  {"lat":40.03872,"lon":-74.824062,"city":"Burlington","state":"NJ","address":"251 Bromley Blvd","name":""},
  {"lat":40.720285,"lon":-75.293499,"city":"Easton","state":"PA","address":"3882 Eastgate Boulevard Bldg 1","name":""},
  {"lat":40.67769,"lon":-73.98515,"city":"Brooklyn","state":"NY","address":"529 President Street","name":""},
  {"lat":41.447651,"lon":-74.381194,"city":"Middletown","state":"NY","address":"41 Dunning Road","name":""},
  {"lat":42.950391,"lon":-78.694688,"city":"Buffalo","state":"NY","address":"48 Freeman Rd.","name":""},
  {"lat":43.0577,"lon":-76.266513,"city":"Camillus","state":"NY","address":"116 Township Blvd.","name":""},
  {"lat":43.091447,"lon":-76.170824,"city":"Liverpool","state":"NY","address":"417 7th North Street","name":""},
  {"lat":42.745984,"lon":-73.820259,"city":"Albany","state":"NY","address":"798 Albany Shaker Road","name":""},
  {"lat":42.687317,"lon":-73.852742,"city":"Albany","state":"NY","address":"1651 Western Avenue","name":""},
  {"lat":42.096932,"lon":-71.049395,"city":"Brockton","state":"MA","address":"245 Westgate Drive","name":""},
  {"lat":42.170392,"lon":-72.578623,"city":"Chicopee","state":"MA","address":"440 Memorial Drive","name":""},
  {"lat":43.17729,"lon":-71.531111,"city":"Concord","state":"NH","address":"406 South Main Street","name":""},
  {"lat":42.993345,"lon":-71.46601,"city":"Manchester","state":"NH","address":"135 Spring Street","name":""},
  {"lat":43.634701,"lon":-70.337732,"city":"South Portland","state":"ME","address":"369 Maine Mall Road","name":""},
  {"lat":45.028326,"lon":-84.69201,"city":"Gaylord","state":"MI","address":"1048 West Main Street","name":""}]}