{"key":"whole_foods","displayName":"Whole Foods","category":"grocery","useLocationName":false,"locations":[
  {"lat":38.648693,"lon":-121.118,"city":"Folsom","state":"CA","address":"270 Palladio Pkwy","name":""},
  {"lat":45.54906,"lon":-122.651114,"city":"Portland","state":"OR","address":"3535 NE 15th Ave","name":""},
  {"lat":34.070373,"lon":-118.36057,"city":"Los Angeles","state":"CA","address":"6350 W 3rd St","name":""},
  {"lat":39.588533,"lon":-106.10043,"city":"Frisco","state":"CO","address":"261 Lusher Ct","name":""},
  {"lat":41.158234,"lon":-73.240134,"city":"Fairfield","state":"CT","address":"350 Grasmere Ave","name":""},
  {"lat":40.006595,"lon":-83.052623,"city":"Upper Arlington","state":"OH","address":"1555 W Lane Ave","name":""},
  {"lat":42.047623,"lon":-87.679494,"city":"Evanston","state":"IL","address":"1640 Chicago Ave","name":""},
  {"lat":40.824835,"lon":-73.973742,"city":"Edgewater","state":"NJ","address":"905 River Rd","name":""},
  {"lat":44.867687,"lon":-93.328011,"city":"Edina","state":"MN","address":"7401 France Ave S","name":""},
  {"lat":34.013142,"lon":-84.183577,"city":"Duluth","state":"GA","address":"5945 State Bridge Rd","name":""},
  {"lat":40.098628,"lon":-83.086634,"city":"Columbus","state":"OH","address":"3670 W Dublin-Granville Rd","name":""},
  {"lat":36.007046,"lon":-78.920644,"city":"Durham","state":"NC","address":"621 Broad St","name":""},
  {"lat":42.166232,"lon":-87.848029,"city":"Deerfield","state":"IL","address":"760 Waukegan Rd","name":""},
  {"lat":30.406373,"lon":-97.720025,"city":"Austin","state":"TX","address":"11920 Domain Dr","name":""},
  {"lat":32.981202,"lon":-117.251957,"city":"Del Mar","state":"CA","address":"2600 Via De La Valle","name":""},
  {"lat":40.7377,"lon":-74.030478,"city":"Hoboken","state":"NJ","address":"101 Washington St","name":""},
  {"lat":39.73758,"lon":-105.16001,"city":"Lakewood","state":"CO","address":"14225 W Colfax Ave","name":""},
  {"lat":28.264487,"lon":-80.723783,"city":"Rockledge","state":"FL","address":"2035 Viera Blvd","name":""},
  {"lat":39.559366,"lon":-104.775502,"city":"Parker","state":"CO","address":"8665 Kings Point Way","name":""},
  {"lat":33.21753,"lon":-96.73025,"city":"McKinney","state":"TX","address":"8701 W University Dr","name":""},
  {"lat":38.961533,"lon":-77.355648,"city":"Reston","state":"VA","address":"1861 Fountain Drive","name":""},
  {"lat":41.91073,"lon":-88.31437,"city":"St. Charles","state":"IL","address":"300 S 2nd Street","name":""},
  {"lat":25.805113,"lon":-80.189626,"city":"Miami","state":"FL","address":"2910 Biscayne Blvd","name":""},
  {"lat":40.763217,"lon":-73.986343,"city":"New York City","state":"NY","address":"301 W. 50th St.","name":""},
  {"lat":36.145239,"lon":-115.328041,"city":"Las Vegas","state":"NV","address":"2475 S. Town Center Drive","name":""},
  {"lat":40.731082,"lon":-73.980841,"city":"New York City","state":"NY","address":"409 E. 14th St.","name":""},
  {"lat":38.859531,"lon":-77.049413,"city":"Arlington","state":"VA","address":"1550 Crystal Dr","name":""},
  {"lat":40.27264,"lon":-75.12686,"city":"Doylestown","state":"PA","address":"1745 South Easton Road","name":""},
  {"lat":38.882217,"lon":-77.170655,"city":"Falls Church","state":"VA","address":"103 E Broad St","name":""},
  {"lat":41.075134,"lon":-73.550306,"city":"Stamford","state":"CT","address":"110 High Ridge Road","name":""},
  {"lat":42.706763,"lon":-71.440183,"city":"Nashua","state":"NH","address":"272 Daniel Webster Hwy","name":""},
  {"lat":26.52917,"lon":-80.16303,"city":"Boynton Beach","state":"FL","address":"7395 Boynton Beach Blvd","name":""},
  {"lat":33.601236,"lon":-111.981301,"city":"Phoenix","state":"AZ","address":"12500 N Tatum Blvd","name":""},
  {"lat":41.670222,"lon":-70.297652,"city":"Hyannis","state":"MA","address":"790 Iyannough Road","name":""},
  {"lat":40.76765,"lon":-73.962016,"city":"New York City","state":"NY","address":"1175 3rd Ave","name":""},
  {"lat":40.816666,"lon":-73.408291,"city":"Huntington Station","state":"NY","address":"350 Walt Whitman Road","name":""},
  {"lat":27.808863,"lon":-82.636143,"city":"St. Petersburg","state":"FL","address":"201 38th Ave N","name":""},
  {"lat":35.10267,"lon":-106.602808,"city":"Albuquerque","state":"NM","address":"2100 Carlisle Blvd NE","name":""},
  {"lat":41.815636,"lon":-72.556027,"city":"South Windsor","state":"CT","address":"800 Evergreen Way","name":""},
  {"lat":43.07461,"lon":-89.45844,"city":"Madison","state":"WI","address":"4710 Madison Yards Way","name":""},
  {"lat":38.91208,"lon":-94.66837,"city":"Overland Park","state":"KS","address":"11900 Metcalf Ave","name":""},
  {"lat":40.71789,"lon":-74.03715,"city":"Jersey City","state":"NJ","address":"135 Greene St.","name":""},
  {"lat":38.779984,"lon":-77.190082,"city":"Springfield","state":"VA","address":"6426 Springfield Plaza","name":""},
  {"lat":38.976574,"lon":-77.028135,"city":"Washington","state":"DC","address":"7130 12th Street NW","name":""},
  {"lat":43.114125,"lon":-77.550309,"city":"Rochester","state":"NY","address":"2740 Monroe Ave","name":""},
  {"lat":45.671794,"lon":-111.078791,"city":"Bozeman","state":"MT","address":"2905 West Main Street","name":""},
  {"lat":40.70705,"lon":-74.0122,"city":"New York City","state":"NY","address":"66 Broadway","name":""},
  {"lat":40.4622,"lon":-79.9286,"city":"Pittsburgh","state":"PA","address":"5700 Penn Ave","name":""},
  {"lat":34.027058,"lon":-118.372746,"city":"Los Angeles","state":"CA","address":"3377 S. La Cienega Blvd","name":""},
  {"lat":42.911088,"lon":-85.592794,"city":"Kentwood","state":"MI","address":"2897 Radcliff Ave SE","name":""},
  {"lat":41.042836,"lon":-74.071483,"city":"Woodcliff","state":"NJ","address":"500 Chestnut Ridge Road","name":""},
  {"lat":40.743691,"lon":-73.985527,"city":"New York City","state":"NY","address":"63 Madison Ave","name":""},
  {"lat":41.89665,"lon":-87.62864,"city":"Chicago","state":"IL","address":"3 West Chicago Ave","name":""},
  {"lat":34.157986,"lon":-118.414101,"city":"Sherman Oaks","state":"CA","address":"12905 Riverside Dr","name":""},
  {"lat":39.399162,"lon":-76.603879,"city":"Towson","state":"MD","address":"300 Towson Row","name":""},
  {"lat":37.728,"lon":-122.4771,"city":"San Francisco","state":"CA","address":"3251 20th Ave","name":""},
  {"lat":38.920936,"lon":-77.071286,"city":"Washington","state":"DC","address":"2323 Wisconsin Ave, NW","name":""},
  {"lat":27.952455,"lon":-82.504749,"city":"Tampa","state":"FL","address":"3740 Midtown Dr","name":""},
  {"lat":43.463666,"lon":-110.79409,"city":"Jackson","state":"WY","address":"1155 S Highway 89","name":""},
  {"lat":39.733292,"lon":-104.97578,"city":"Denver","state":"CO","address":"900 E 11th Ave","name":""},
  {"lat":39.983106,"lon":-105.248489,"city":"Boulder","state":"CO","address":"695 S Broadway","name":""},
  {"lat":40.930789,"lon":-74.226614,"city":"Wayne","state":"NJ","address":"560 Valley Rd","name":""},
  {"lat":35.023851,"lon":-85.156119,"city":"Chattanooga","state":"TN","address":"1814 Gunbarrel Rd","name":""},
  {"lat":41.811769,"lon":-72.838305,"city":"Avon","state":"CT","address":"50 Climax Rd","name":""},
  {"lat":35.501038,"lon":-82.521395,"city":"Asheville","state":"NC","address":"1856 Hendersonville Rd","name":""},
  {"lat":43.089217,"lon":-70.793659,"city":"Portsmouth","state":"NH","address":"1600 Woodbury Ave","name":""},
  {"lat":40.654445,"lon":-74.011742,"city":"Brooklyn","state":"NY","address":"167 41st St","name":""},
  {"lat":37.557842,"lon":-77.461533,"city":"Richmond","state":"VA","address":"2024 W Broad St","name":""},
  {"lat":33.673401,"lon":-117.952253,"city":"Huntington Beach","state":"CA","address":"10081 Adams Ave","name":""},
  {"lat":40.675976,"lon":-73.443629,"city":"Massapequa Park","state":"NY","address":"5214 Sunrise Hwy","name":""},
  {"lat":39.205289,"lon":-84.373899,"city":"Cincinnati","state":"OH","address":"5901 E Galbraith Rd","name":""},
  {"lat":33.7864,"lon":-84.389,"city":"Atlanta","state":"GA","address":"22 14th St NW","name":""},
  {"lat":34.038516,"lon":-118.686429,"city":"Malibu","state":"CA","address":"23401 Civic Center Way","name":""},
  {"lat":47.560745,"lon":-122.381926,"city":"Seattle","state":"WA","address":"4755 Fauntleroy Way SW","name":""},
  {"lat":26.439288,"lon":-80.079591,"city":"Delray Beach","state":"FL","address":"680 Linton Blvd","name":""},
  {"lat":33.4224,"lon":-111.943,"city":"Tempe","state":"AZ","address":"750 S Ash Ave","name":""},
  {"lat":39.42338,"lon":-104.87755,"city":"Castle Rock","state":"CO","address":"6384 Promenade Pkwy","name":""},
  {"lat":41.177948,"lon":-73.75497,"city":"Chappaqua","state":"NY","address":"20 The Crossing","name":""},
  {"lat":30.26396,"lon":-97.73363,"city":"Austin","state":"TX","address":"901 E 5th St","name":""},
  {"lat":41.717723,"lon":-87.684647,"city":"Evergreen Park","state":"IL","address":"9600 S Western Ave","name":""},
  {"lat":47.711523,"lon":-122.179711,"city":"Kirkland","state":"WA","address":"12501 120th Ave NE","name":""},
  {"lat":38.88026,"lon":-77.005132,"city":"Washington","state":"DC","address":"101 H St SE","name":""},
  {"lat":39.034274,"lon":-94.583348,"city":"Kansas City","state":"MO","address":"301 E 51st St","name":""},
  {"lat":34.154293,"lon":-118.337861,"city":"Burbank","state":"CA","address":"3401 W Olive Ave","name":""},
  {"lat":29.625708,"lon":-82.375989,"city":"Gainesville","state":"FL","address":"3490 SW Archer Rd","name":""},
  {"lat":39.768591,"lon":-86.152368,"city":"Indianapolis","state":"IN","address":"320 E Market St","name":""},
  {"lat":29.8139,"lon":-95.3981,"city":"Houston","state":"TX","address":"101 N Loop W","name":""},
  {"lat":40.188211,"lon":-75.227542,"city":"Spring House","state":"PA","address":"1111 N Bethlehem Pike","name":""},
  {"lat":40.0303,"lon":-75.627998,"city":"Exton","state":"PA","address":"175 N Pottstown Pike","name":""},
  {"lat":40.761809,"lon":-74.022937,"city":"Weehawken","state":"NJ","address":"1400 Waterfront Terrace","name":""},
  {"lat":37.837658,"lon":-122.261576,"city":"Oakland","state":"CA","address":"5110 Telegraph Ave","name":""},
  {"lat":26.100564,"lon":-80.137952,"city":"Fort Lauderdale","state":"FL","address":"501 SE 17th St","name":""},
  {"lat":40.752762,"lon":-73.999959,"city":"New York City","state":"NY","address":"450 W 33rd St","name":""},
  {"lat":42.979048,"lon":-78.816984,"city":"Amherst","state":"NY","address":"3139 Sheridan Dr","name":""},
  {"lat":40.5398,"lon":-74.366,"city":"Metuchen","state":"NJ","address":"645 Middlesex Ave","name":""},
  {"lat":33.997529,"lon":-84.589564,"city":"Kennesaw","state":"GA","address":"1300 Ernest Barrett Pkwy","name":""},
  {"lat":38.9472,"lon":-119.959176,"city":"South Lake Tahoe","state":"CA","address":"3600 Lake Tahoe Blvd.","name":""},
  {"lat":40.686609,"lon":-73.97841,"city":"Brooklyn","state":"NY","address":"292 Ashland Pl","name":""},
  {"lat":33.757522,"lon":-118.111403,"city":"Long Beach","state":"CA","address":"6400 E Pacific Coast Hwy","name":""},
  {"lat":34.122944,"lon":-117.692489,"city":"Upland","state":"CA","address":"2153 W Baseline Rd","name":""},
  {"lat":37.373982,"lon":-122.030499,"city":"Sunnyvale","state":"CA","address":"150 E McKinley Ave","name":""},
  {"lat":40.7428,"lon":-73.60778,"city":"Garden City","state":"NY","address":"867 East Gate Blvd","name":""},
  {"lat":37.977588,"lon":-84.528616,"city":"Lexington","state":"KY","address":"4059 Finn Way","name":""},
  {"lat":32.782649,"lon":-79.996381,"city":"Charleston","state":"SC","address":"1125 Savannah Hwy","name":""},
  {"lat":38.969186,"lon":-76.936683,"city":"Riverdale","state":"MD","address":"6621-B Baltimore Ave","name":""},
  {"lat":35.053229,"lon":-80.767317,"city":"Charlotte","state":"NC","address":"7221 Waverly Walk Ave","name":""},
  {"lat":40.970688,"lon":-73.956345,"city":"Closter","state":"NJ","address":"45 Vervalen St","name":""},
  {"lat":38.900447,"lon":-76.998054,"city":"Washington","state":"DC","address":"600 H St NE","name":""},
  {"lat":33.850181,"lon":-84.429551,"city":"Atlanta","state":"GA","address":"3535 Northside Pkwy","name":""},
  {"lat":34.275797,"lon":-118.574702,"city":"Porter Ranch","state":"CA","address":"20209 W Rinaldi St","name":""},
  {"lat":40.740059,"lon":-74.17011,"city":"Newark","state":"NJ","address":"633 Broad St","name":""},
  {"lat":40.807597,"lon":-73.946138,"city":"New York City","state":"NY","address":"100 W 125th St","name":""},
  {"lat":40.346032,"lon":-80.05813,"city":"Upper St. Clair","state":"PA","address":"111 Siena Dr","name":""},
  {"lat":42.3612,"lon":-71.4318,"city":"Sudbury","state":"MA","address":"536 Boston Post Rd","name":""},
  {"lat":40.754632,"lon":-73.984832,"city":"New York City","state":"NY","address":"1095 6th Ave","name":""},
  {"lat":36.1563,"lon":-86.7886,"city":"Nashville","state":"TN","address":"1202 Broadway","name":""},
  {"lat":40.838117,"lon":-73.284123,"city":"Commack","state":"NY","address":"120 Veterans Memorial Hwy #34","name":""},
  {"lat":41.830218,"lon":-88.101825,"city":"Wheaton","state":"IL","address":"89 Danada Square East","name":""},
  {"lat":33.792778,"lon":-84.28424,"city":"Decatur","state":"GA","address":"1555 Church St","name":""},
  {"lat":33.829837,"lon":-118.144204,"city":"Long Beach","state":"CA","address":"3881 Lakewood Blvd","name":""},
  {"lat":25.6734,"lon":-80.3233,"city":"Miami","state":"FL","address":"7930 SW 104th St","name":""},
  {"lat":42.241203,"lon":-87.943845,"city":"Vernon Hills","state":"IL","address":"851 N Milwaukee Ave","name":""},
  {"lat":39.963185,"lon":-75.174306,"city":"Philadelphia","state":"PA","address":"2101 Pennsylvania Ave","name":""},
  {"lat":40.001952,"lon":-75.275587,"city":"Wynnewood","state":"PA","address":"15 E Wynnewood Rd","name":""},
  {"lat":37.925907,"lon":-122.015352,"city":"Walnut Creek","state":"CA","address":"2941 Ygnacio Valley Rd","name":""},
  {"lat":41.110953,"lon":-81.571348,"city":"Akron","state":"OH","address":"1745 W Market St","name":""},
  {"lat":34.02194,"lon":-118.465394,"city":"Santa Monica","state":"CA","address":"2121 Cloverfield Blvd","name":""},
  {"lat":34.102897,"lon":-118.258569,"city":"Los Angeles","state":"CA","address":"2520 Glendale Blvd","name":""},
  {"lat":40.564406,"lon":-75.566865,"city":"Allentown","state":"PA","address":"750 N Krocks Rd","name":""},
  {"lat":32.44397,"lon":-93.726983,"city":"Shreveport","state":"LA","address":"1380 E 70th St","name":""},
  {"lat":45.415776,"lon":-122.662241,"city":"Lake Oswego","state":"OR","address":"11 S State St","name":""},
  {"lat":34.15067,"lon":-118.44504,"city":"Sherman Oaks","state":"CA","address":"14311 Ventura Blvd","name":""},
  {"lat":37.974136,"lon":-122.058839,"city":"Concord","state":"CA","address":"2085 Diamond Blvd","name":""},
  {"lat":32.700021,"lon":-97.41296,"city":"Fort Worth","state":"TX","address":"3720 Vision Dr","name":""},
  {"lat":41.802025,"lon":-87.588171,"city":"Chicago","state":"IL","address":"5118 S Lake Park Ave","name":""},
  {"lat":28.606846,"lon":-81.363309,"city":"Winter Park","state":"FL","address":"1030 N Orlando Ave","name":""},
  {"lat":40.154645,"lon":-74.056864,"city":"Wall","state":"NJ","address":"1933 NJ-35","name":""},
  {"lat":32.998794,"lon":-96.698733,"city":"Richardson","state":"TX","address":"1411 E Renner Rd","name":""},
  {"lat":38.641988,"lon":-90.261655,"city":"St. Louis","state":"MO","address":"4577 W Pine Blvd","name":""},
  {"lat":42.728207,"lon":-84.453004,"city":"East Lansing","state":"MI","address":"2750 E Grand River Ave","name":""},
  {"lat":41.45009,"lon":-81.484869,"city":"Orange","state":"OH","address":"50 Wall St","name":""},
  {"lat":38.862695,"lon":-77.054583,"city":"Arlington","state":"VA","address":"520 12th St South","name":""},
  {"lat":26.547953,"lon":-81.842444,"city":"Fort Myers","state":"FL","address":"6891 Daniels Pkwy","name":""},
  {"lat":30.535739,"lon":-97.817678,"city":"Cedar Park","state":"TX","address":"5001 183 Toll Rd","name":""},
  {"lat":43.075442,"lon":-88.05151,"city":"Wauwatosa","state":"WI","address":"11100 W Burleigh St","name":""},
  {"lat":44.946689,"lon":-93.166733,"city":"St. Paul","state":"MN","address":"1575 Selby Ave","name":""},
  {"lat":33.91008,"lon":-117.851382,"city":"Brea","state":"CA","address":"3301 E Imperial Hwy","name":""},
  {"lat":28.664256,"lon":-81.381454,"city":"Altamonte Springs","state":"FL","address":"305 E Altamonte Dr","name":""},
  {"lat":40.145192,"lon":-105.129446,"city":"Longmont","state":"CO","address":"1250 South Hover Rd","name":""},
  {"lat":34.712156,"lon":-86.589911,"city":"Huntsville","state":"AL","address":"2501 Memorial Pkwy SW","name":""},
  {"lat":37.103897,"lon":-76.489564,"city":"Newport News","state":"VA","address":"12080 Jefferson Ave","name":""},
  {"lat":41.51928,"lon":-87.470609,"city":"Schererville","state":"IN","address":"199 US-41","name":""},
  {"lat":40.056875,"lon":-82.909634,"city":"Columbus","state":"OH","address":"4100 Easton Gateway Dr","name":""},
  {"lat":36.1136,"lon":-94.1462,"city":"Fayetteville","state":"AR","address":"3425 N College Ave","name":""},
  {"lat":38.9196,"lon":-77.0247,"city":"Washington","state":"DC","address":"967 Florida Avenue NW","name":""},
  {"lat":33.88506,"lon":-84.314124,"city":"Atlanta","state":"GA","address":"5001 Peachtree Blvd","name":""},
  {"lat":30.270282,"lon":-81.390046,"city":"Jacksonville Beach","state":"FL","address":"2050 3rd St S","name":""},
  {"lat":41.9399,"lon":-87.6684,"city":"Chicago","state":"IL","address":"3201 N. Ashland Ave","name":""},
  {"lat":42.546736,"lon":-83.194466,"city":"Birmingham","state":"MI","address":"2100 E Maple Rd","name":""},
  {"lat":41.773077,"lon":-87.949487,"city":"Willowbrook","state":"IL","address":"6300 Kingery Hwy","name":""},
  {"lat":40.631524,"lon":-74.304266,"city":"Clark","state":"NJ","address":"1255 Raritan Rd","name":""},
  {"lat":38.9251,"lon":-77.2331,"city":"McLean","state":"VA","address":"1635 Boro Place","name":""},
  {"lat":40.727189,"lon":-111.546933,"city":"Park City","state":"UT","address":"6598 N Landmark Dr","name":""},
  {"lat":35.2212,"lon":-80.8465,"city":"Charlotte","state":"NC","address":"400 East Brooklyn Village Ave","name":""},
  {"lat":42.067922,"lon":-87.702023,"city":"Evanston","state":"IL","address":"2748 Green Bay Rd","name":""},
  {"lat":27.386894,"lon":-82.464528,"city":"Sarasota","state":"FL","address":"5298 University Pkwy","name":""},
  {"lat":35.089064,"lon":-89.802124,"city":"Germantown","state":"TN","address":"7825 US Highway 72","name":""},
  {"lat":40.576239,"lon":-74.562346,"city":"Bound Brook","state":"NJ","address":"319 Chimney Rock Rd","name":""},
  {"lat":34.045919,"lon":-118.257533,"city":"Los Angeles","state":"CA","address":"788 S Grand Ave","name":""},
  {"lat":39.068415,"lon":-77.484275,"city":"Ashburn","state":"VA","address":"19800 Belmont Chase Dr","name":""},
  {"lat":39.2829,"lon":-76.5985,"city":"Baltimore","state":"MD","address":"711 S Central Ave","name":""},
  {"lat":39.626787,"lon":-84.190303,"city":"Dayton","state":"OH","address":"1050 Miamisburg Centerville Rd","name":""},
  {"lat":48.743633,"lon":-122.461261,"city":"Bellingham","state":"WA","address":"1030 Lakeway Dr","name":""},
  {"lat":40.799238,"lon":-74.488784,"city":"Morristown","state":"NJ","address":"110 Washington St","name":""},
  {"lat":41.893908,"lon":-87.960497,"city":"Elmhurst","state":"IL","address":"215 S IL Rte 83","name":""},
  {"lat":41.99122,"lon":-87.660049,"city":"Chicago","state":"IL","address":"6009 N Broadway","name":""},
  {"lat":37.3808,"lon":-121.976,"city":"Santa Clara","state":"CA","address":"2732 Augustine Dr","name":""},
  {"lat":30.390537,"lon":-90.085872,"city":"Mandeville","state":"LA","address":"3450 Hwy 190","name":""},
  {"lat":47.227235,"lon":-122.536071,"city":"University Place","state":"WA","address":"3515 Bridgeport Way W","name":""},
  {"lat":32.79542,"lon":-96.801691,"city":"Dallas","state":"TX","address":"2510 McKinney Ave","name":""},
  {"lat":35.933145,"lon":-84.01555,"city":"Knoxville","state":"TN","address":"6730 Papermill Dr NW","name":""},
  {"lat":38.911464,"lon":-94.756574,"city":"Olathe","state":"KS","address":"14615 W 119th St","name":""},
  {"lat":37.705648,"lon":-121.889777,"city":"Dublin","state":"CA","address":"5200 Dublin Blvd","name":""},
  {"lat":40.779742,"lon":-73.95295,"city":"New York City","state":"NY","address":"1551 3rd Ave","name":""},
  {"lat":44.943133,"lon":-92.930428,"city":"Woodbury","state":"MN","address":"305 Radio Dr","name":""},
  {"lat":32.901281,"lon":-96.960361,"city":"Irving","state":"TX","address":"6741 N MacArthur Blvd","name":""},
  {"lat":39.754583,"lon":-105.001449,"city":"Denver","state":"CO","address":"1701 Wewatta St","name":""},
  {"lat":39.987825,"lon":-75.403903,"city":"Newtown Square","state":"PA","address":"3737 West Chester Pike","name":""},
  {"lat":40.065349,"lon":-76.313169,"city":"Lancaster","state":"PA","address":"1563 Fruitville Pike","name":""},
  {"lat":42.345462,"lon":-71.063018,"city":"Boston","state":"MA","address":"348 Harrison Ave","name":""},
  {"lat":41.891671,"lon":-87.620864,"city":"Chicago","state":"IL","address":"255 E Grand Ave","name":""},
  {"lat":41.88192,"lon":-87.6471,"city":"Chicago","state":"IL","address":"1 N Halsted St","name":""},
  {"lat":30.39024,"lon":-86.420038,"city":"Destin","state":"FL","address":"4402 Legendary Dr","name":""},
  {"lat":31.834063,"lon":-106.548039,"city":"El Paso","state":"TX","address":"100 Pitt St","name":""},
  {"lat":39.913407,"lon":-105.044668,"city":"Westminster","state":"CO","address":"4451 Main St","name":""},
  {"lat":35.833593,"lon":-78.882466,"city":"Cary","state":"NC","address":"5055 Arco St","name":""},
  {"lat":34.750282,"lon":-92.405594,"city":"Little Rock","state":"AR","address":"501 S Bowman Rd","name":""},
  {"lat":42.573537,"lon":-70.87945,"city":"Beverly","state":"MA","address":"150 Brimbal Ave","name":""},
  {"lat":42.275403,"lon":-71.746577,"city":"Shrewsbury","state":"MA","address":"193 Boston Turnpike","name":""},
  {"lat":42.567798,"lon":-71.420638,"city":"Westford","state":"MA","address":"160 Littleton Rd","name":""},
  {"lat":42.954646,"lon":-71.47654,"city":"Bedford","state":"NH","address":"121 S River Rd","name":""},
  {"lat":36.030659,"lon":-95.923373,"city":"Tulsa","state":"OK","address":"9136 S Yale Ave","name":""},
  {"lat":29.613119,"lon":-98.510941,"city":"San Antonio","state":"TX","address":"18403 Blanco Rd","name":""},
  {"lat":36.104769,"lon":-95.97313,"city":"Tulsa","state":"OK","address":"1401 E 41st St","name":""},
  {"lat":29.493296,"lon":-98.480574,"city":"San Antonio","state":"TX","address":"255 E Basse Rd","name":""},
  {"lat":32.766919,"lon":-97.098904,"city":"Arlington","state":"TX","address":"801 E Lamar","name":""},
  {"lat":32.867995,"lon":-96.767962,"city":"Dallas","state":"TX","address":"8190 Park Ln","name":""},
  {"lat":35.534037,"lon":-97.530387,"city":"Oklahoma City","state":"OK","address":"6001 North Western Ave","name":""},
  {"lat":32.815669,"lon":-96.752321,"city":"Dallas","state":"TX","address":"2118 Abrams Rd","name":""},
  {"lat":33.131003,"lon":-96.656603,"city":"Fairview","state":"TX","address":"105 Stacy Rd","name":""},
  {"lat":29.998395,"lon":-95.562013,"city":"Houston","state":"TX","address":"10133 Louetta Rd","name":""},
  {"lat":33.072621,"lon":-97.084357,"city":"Highland Village","state":"TX","address":"4041 Waller Creek","name":""},
  {"lat":30.432115,"lon":-91.111194,"city":"Baton Rouge","state":"LA","address":"7529 Corporate Blvd","name":""},
  {"lat":30.16091,"lon":-92.051945,"city":"Lafayette","state":"LA","address":"4247 Ambassador Caffery Pkwy","name":""},
  {"lat":33.029281,"lon":-96.796754,"city":"Plano","state":"TX","address":"2201 Preston Rd","name":""},
  {"lat":21.294663,"lon":-157.852284,"city":"Honolulu","state":"HI","address":"388 Kamakee St","name":""},
  {"lat":33.646163,"lon":-117.744356,"city":"Irvine","state":"CA","address":"8525 Irvine Center Dr","name":""},
  {"lat":29.735068,"lon":-95.570521,"city":"Houston","state":"TX","address":"11041 Westheimer Rd","name":""},
  {"lat":30.169391,"lon":-95.470834,"city":"The Woodlands","state":"TX","address":"1925 Hughes Landing Blvd","name":""},
  {"lat":44.050111,"lon":-123.087863,"city":"Eugene","state":"OR","address":"353 E Broadway","name":""},
  {"lat":26.720682,"lon":-80.08923,"city":"West Palm Beach","state":"FL","address":"1845 Palm Beach Lakes Blvd","name":""},
  {"lat":29.75252,"lon":-95.499911,"city":"Houston","state":"TX","address":"1407 S Voss Rd","name":""},
  {"lat":37.332295,"lon":-121.904991,"city":"San Jose","state":"CA","address":"777 The Alameda","name":""},
  {"lat":37.880873,"lon":-122.297552,"city":"Berkeley","state":"CA","address":"1025 Gilman St","name":""},
  {"lat":26.096719,"lon":-80.251953,"city":"Davie","state":"FL","address":"1903 S University Dr","name":""},
  {"lat":25.772077,"lon":-80.189606,"city":"Miami","state":"FL","address":"299 SE 3rd Ave","name":""},
  {"lat":42.77957,"lon":-71.496514,"city":"Nashua","state":"NH","address":"255 Amherst St","name":""},
  {"lat":28.016949,"lon":-82.73576,"city":"Clearwater","state":"FL","address":"27001 US 19 N","name":""},
  {"lat":35.444104,"lon":-80.871661,"city":"Huntersville","state":"NC","address":"9129 Sam Furr Rd","name":""},
  {"lat":35.582387,"lon":-82.523124,"city":"Asheville","state":"NC","address":"4 S Tunnel Rd","name":""},
  {"lat":35.250638,"lon":-120.687432,"city":"San Luis Obispo","state":"CA","address":"1531 Froom Ranch Way","name":""},
  {"lat":34.863536,"lon":-111.784974,"city":"Sedona","state":"AZ","address":"1420 W State Rte 89A","name":""},
  {"lat":35.191661,"lon":-111.641167,"city":"Flagstaff","state":"AZ","address":"320 S Cambridge Ln","name":""},
  {"lat":33.976931,"lon":-118.418243,"city":"Playa Vista","state":"CA","address":"12746 W Jefferson Blvd","name":""},
  {"lat":33.725591,"lon":-116.399894,"city":"Palm Desert","state":"CA","address":"44-459 Town Center Way","name":""},
  {"lat":40.351915,"lon":-74.309322,"city":"Marlboro","state":"NJ","address":"113 Route 9 South","name":""},
  {"lat":45.442495,"lon":-122.801781,"city":"Tigard","state":"OR","address":"12220 SW Scholls Ferry Rd","name":""},
  {"lat":39.915878,"lon":-75.011384,"city":"Cherry Hill","state":"NJ","address":"1558 Kings Hwy N","name":""},
  {"lat":29.749298,"lon":-95.46192,"city":"Houston","state":"TX","address":"1700 Post Oak Blvd","name":""},
  {"lat":32.879212,"lon":-97.155465,"city":"Colleyville","state":"TX","address":"4801 Colleyvile Blvd","name":""},
  {"lat":40.961716,"lon":-73.856497,"city":"Yonkers","state":"NY","address":"1 Ridge Hill Blvd","name":""},
  {"lat":34.061192,"lon":-118.446981,"city":"Los Angeles","state":"CA","address":"1050 S Gayley Ave","name":""},
  {"lat":39.695988,"lon":-104.979965,"city":"Denver","state":"CO","address":"1111 S Washington St","name":""},
  {"lat":47.618249,"lon":-122.337898,"city":"Seattle","state":"WA","address":"2210 Westlake Ave","name":""},
  {"lat":41.128085,"lon":-73.379973,"city":"Westport","state":"CT","address":"399 Post Rd W","name":""},
  {"lat":33.840841,"lon":-84.381148,"city":"Atlanta","state":"GA","address":"77 West Paces Ferry Rd NW","name":""},
  {"lat":40.804218,"lon":-74.248906,"city":"West Orange","state":"NJ","address":"235 Prospect Ave","name":""},
  {"lat":34.213686,"lon":-77.900814,"city":"Wilmington","state":"NC","address":"3804 Oleander Dr","name":""},
  {"lat":42.460479,"lon":-71.163527,"city":"Woburn","state":"MA","address":"400 Cambridge Rd","name":""},
  {"lat":42.302591,"lon":-71.285609,"city":"Wellesley","state":"MA","address":"442 Washington St","name":""},
  {"lat":26.64126,"lon":-80.206286,"city":"Wellington","state":"FL","address":"2635 FL-7","name":""},
  {"lat":36.09418,"lon":-80.273814,"city":"Winston-Salem","state":"NC","address":"41 Miller St","name":""},
  {"lat":37.708984,"lon":-97.227929,"city":"Wichita","state":"KS","address":"1423 N Webb Rd","name":""},
  {"lat":41.028294,"lon":-73.758904,"city":"White Plains","state":"NY","address":"110 Bloomingdale Rd","name":""},
  {"lat":41.760963,"lon":-72.738932,"city":"West Hartford","state":"CT","address":"50 Raymond Rd","name":""},
  {"lat":40.612252,"lon":-80.052875,"city":"Wexford","state":"PA","address":"10576 Perry Hwy","name":""},
  {"lat":41.59808,"lon":-93.760997,"city":"West Des Moines","state":"IA","address":"4100 University Ave","name":""},
  {"lat":34.168227,"lon":-118.596933,"city":"Woodland Hills","state":"CA","address":"21347 Ventura Blvd","name":""},
  {"lat":34.825521,"lon":-82.300837,"city":"Greenville","state":"SC","address":"1140 Woodruff Rd","name":""},
  {"lat":40.716168,"lon":-73.959802,"city":"Brooklyn","state":"NY","address":"238 Bedford Ave","name":""},
  {"lat":42.529241,"lon":-83.362861,"city":"West Bloomfield","state":"MI","address":"7350 Orchard Lake Rd","name":""},
  {"lat":37.892732,"lon":-122.055304,"city":"Walnut Creek","state":"CA","address":"1333 Newell Ave","name":""},
  {"lat":38.902421,"lon":-77.262963,"city":"Vienna","state":"VA","address":"143 Maple Ave E","name":""},
  {"lat":30.002001,"lon":-90.158973,"city":"Metairie","state":"LA","address":"3420 Veterans Memorial Blvd","name":""},
  {"lat":34.001301,"lon":-118.46977,"city":"Venice","state":"CA","address":"225 Lincoln Blvd","name":""},
  {"lat":34.41244,"lon":-118.555862,"city":"Santa Clarita","state":"CA","address":"24130 Valencia Blvd","name":""},
  {"lat":36.85069,"lon":-76.027984,"city":"Virginia Beach","state":"VA","address":"1800 Laskin Rd","name":""},
  {"lat":40.79417,"lon":-73.9668,"city":"New York City","state":"NY","address":"808 Columbus Ave","name":""},
  {"lat":40.734741,"lon":-73.991243,"city":"New York City","state":"NY","address":"4 Union Square S","name":""},
  {"lat":41.83714,"lon":-71.408307,"city":"Providence","state":"RI","address":"601 N Main St","name":""},
  {"lat":36.19757,"lon":-115.250074,"city":"Las Vegas","state":"NV","address":"7250 W Lake Mead Blvd","name":""},
  {"lat":40.757926,"lon":-111.871839,"city":"Salt Lake City","state":"UT","address":"544 S 700 E","name":""},
  {"lat":40.715619,"lon":-74.011563,"city":"New York City","state":"NY","address":"270 Greenwich St","name":""},
  {"lat":33.792447,"lon":-118.330984,"city":"Torrance","state":"CA","address":"2655 Pacific Coast Hwy","name":""},
  {"lat":39.652019,"lon":-104.901844,"city":"Denver","state":"CO","address":"7400 E Hampden Ave","name":""},
  {"lat":30.462981,"lon":-84.269918,"city":"Tallahassee","state":"FL","address":"1817 Thomasville Rd","name":""},
  {"lat":38.949055,"lon":-77.079298,"city":"Washington","state":"DC","address":"4530 40th St NW","name":""},
  {"lat":45.533776,"lon":-122.877102,"city":"Hillsboro","state":"OR","address":"9940 NE Cornell Rd","name":""},
  {"lat":38.622092,"lon":-90.515871,"city":"Town and Country","state":"MO","address":"1160 Town and Country Crossing Dr","name":""},
  {"lat":42.343962,"lon":-71.087272,"city":"Boston","state":"MA","address":"15 Westland Ave","name":""},
  {"lat":42.172074,"lon":-70.95358,"city":"South Weymouth","state":"MA","address":"35 Pleasant St","name":""},
  {"lat":42.479178,"lon":-70.905107,"city":"Swampscott","state":"MA","address":"331 Paradise Rd","name":""},
  {"lat":39.956547,"lon":-105.167914,"city":"Superior","state":"CO","address":"303 Marshall Rd","name":""},
  {"lat":40.723719,"lon":-111.85894,"city":"Salt Lake City","state":"UT","address":"1131 E Wilmington Ave","name":""},
  {"lat":36.978839,"lon":-122.014567,"city":"Santa Cruz","state":"CA","address":"911 Soquel Ave","name":""},
  {"lat":37.769562,"lon":-122.45278,"city":"San Francisco","state":"CA","address":"690 Stanyan St","name":""},
  {"lat":37.323498,"lon":-122.039662,"city":"Cupertino","state":"CA","address":"20955 Stevens Creek Blvd","name":""},
  {"lat":38.996059,"lon":-77.024091,"city":"Silver Spring","state":"MD","address":"833 Wayne Ave","name":""},
  {"lat":25.887864,"lon":-80.165262,"city":"North Miami","state":"FL","address":"12150 Biscayne Blvd","name":""},
  {"lat":38.442409,"lon":-122.674509,"city":"Santa Rosa","state":"CA","address":"1181 Yulupa Ave","name":""},
  {"lat":37.971236,"lon":-122.516766,"city":"San Rafael","state":"CA","address":"340 3rd St","name":""},
  {"lat":37.647895,"lon":-77.599583,"city":"Glen Allen","state":"VA","address":"11173 W Broad St","name":""},
  {"lat":32.235584,"lon":-110.921476,"city":"Tucson","state":"AZ","address":"3360 E Speedway Blvd","name":""},
  {"lat":39.942897,"lon":-75.157883,"city":"Philadelphia","state":"PA","address":"929 South St","name":""},
  {"lat":37.781155,"lon":-122.399626,"city":"San Francisco","state":"CA","address":"399 4th St","name":""},
  {"lat":38.291326,"lon":-122.462716,"city":"Sonoma","state":"CA","address":"201 W Napa St","name":""},
  {"lat":42.375849,"lon":-71.103179,"city":"Somerville","state":"MA","address":"45 Beacon St","name":""},
  {"lat":37.543935,"lon":-122.291697,"city":"San Mateo","state":"CA","address":"1010 Park Pl","name":""},
  {"lat":34.033353,"lon":-118.481209,"city":"Santa Monica","state":"CA","address":"2201 Wilshire Blvd","name":""},
  {"lat":41.868502,"lon":-87.638494,"city":"Chicago","state":"IL","address":"1101 S Canal St","name":""},
  {"lat":34.151881,"lon":-118.466601,"city":"Sherman Oaks","state":"CA","address":"4520 N Sepulveda Blvd","name":""},
  {"lat":39.592051,"lon":-104.962116,"city":"Centennial","state":"CO","address":"6853 S York","name":""},
  {"lat":29.600051,"lon":-95.623382,"city":"Sugar Land","state":"TX","address":"15900 Southwest Fwy","name":""},
  {"lat":38.403778,"lon":-122.824105,"city":"Sebastopol","state":"CA","address":"6910 McKinley St","name":""},
  {"lat":33.918073,"lon":-84.379946,"city":"Atlanta","state":"GA","address":"5930 Roswell Rd","name":""},
  {"lat":33.653791,"lon":-111.927193,"city":"Phoenix","state":"AZ","address":"7111 E Mayo Blvd","name":""},
  {"lat":42.04245,"lon":-88.036448,"city":"Schaumburg","state":"IL","address":"750 N Martingale Rd","name":""},
  {"lat":34.439346,"lon":-119.745513,"city":"Santa Barbara","state":"CA","address":"3761 State St","name":""},
  {"lat":41.699025,"lon":-86.185709,"city":"Mishawaka","state":"IN","address":"4230 Grape Rd","name":""},
  {"lat":25.780968,"lon":-80.14119,"city":"Miami Beach","state":"FL","address":"1020 Alton Rd","name":""},
  {"lat":32.043193,"lon":-81.071326,"city":"Savannah","state":"GA","address":"1815 E Victory Dr","name":""},
  {"lat":27.337654,"lon":-82.541217,"city":"Sarasota","state":"FL","address":"1451 1st St","name":""},
  {"lat":39.042978,"lon":-77.112956,"city":"Rockville","state":"MD","address":"11355 Woodglen Dr","name":""},
  {"lat":42.361094,"lon":-71.114159,"city":"Cambridge","state":"MA","address":"340 River St","name":""},
  {"lat":41.887286,"lon":-87.806366,"city":"River Forest","state":"IL","address":"7245 Lake St","name":""},
  {"lat":47.675254,"lon":-122.316555,"city":"Seattle","state":"WA","address":"1026 NE 64th St","name":""},
  {"lat":41.478792,"lon":-81.840031,"city":"Rocky River","state":"OH","address":"19607 Detroit Rd","name":""},
  {"lat":32.274929,"lon":-110.874378,"city":"Tucson","state":"AZ","address":"5555 E River Rd","name":""},
  {"lat":38.767339,"lon":-121.267261,"city":"Roseville","state":"CA","address":"1001 Galleria Blvd","name":""},
  {"lat":39.46884,"lon":-119.786878,"city":"Reno","state":"NV","address":"6139 S Virginia St","name":""},
  {"lat":47.666262,"lon":-122.101703,"city":"Redmond","state":"WA","address":"17991 NE Redmond Way","name":""},
  {"lat":41.261903,"lon":-96.068483,"city":"Omaha","state":"NE","address":"10020 Regency Cir","name":""},
  {"lat":37.482311,"lon":-122.231638,"city":"Redwood City","state":"CA","address":"1250 Jefferson Ave","name":""},
  {"lat":40.978372,"lon":-74.122564,"city":"Ridgewood","state":"NJ","address":"44 Godwin Ave","name":""},
  {"lat":33.847366,"lon":-118.389355,"city":"Redondo Beach","state":"CA","address":"405 N Pacific Coast Hwy","name":""},
  {"lat":40.753479,"lon":-74.405429,"city":"Madison","state":"NJ","address":"222 Main St","name":""},
  {"lat":42.68214,"lon":-83.191685,"city":"Rochester Hills","state":"MI","address":"2918 Walton Blvd","name":""},
  {"lat":37.761759,"lon":-121.961301,"city":"San Ramon","state":"CA","address":"100 Sunset Dr","name":""},
  {"lat":35.802456,"lon":-78.686355,"city":"Raleigh","state":"NC","address":"3540 Wade Ave","name":""},
  {"lat":43.663298,"lon":-70.258754,"city":"Portland","state":"ME","address":"2 Somerset St","name":""},
  {"lat":37.764634,"lon":-122.402825,"city":"San Francisco","state":"CA","address":"450 Rhode Island St","name":""},
  {"lat":38.909371,"lon":-77.033419,"city":"Washington","state":"DC","address":"1440 P Street NW","name":""},
  {"lat":40.875332,"lon":-74.431896,"city":"Parsippany","state":"NJ","address":"60 Waterview Blvd","name":""},
  {"lat":45.523508,"lon":-122.683434,"city":"Portland","state":"OR","address":"1210 NW Couch St","name":""},
  {"lat":41.827787,"lon":-71.386189,"city":"Providence","state":"RI","address":"261 Waterman St","name":""},
  {"lat":40.023856,"lon":-105.25593,"city":"Boulder","state":"CO","address":"2905 Pearl St","name":""},
  {"lat":40.308146,"lon":-74.668208,"city":"Princeton","state":"NJ","address":"3495 US Rt 1 S","name":""},
  {"lat":35.113149,"lon":-89.894177,"city":"Memphis","state":"TN","address":"5014 Poplar Ave","name":""},
  {"lat":38.942016,"lon":-104.797551,"city":"Colorado Springs","state":"CO","address":"7635 N Academy Blvd","name":""},
  {"lat":26.261521,"lon":-80.101005,"city":"Pompano Beach","state":"FL","address":"2411 N Federal Hwy","name":""},
  {"lat":40.992541,"lon":-73.675454,"city":"Port Chester","state":"NY","address":"575 Boston Post Road","name":""},
  {"lat":33.774805,"lon":-84.365756,"city":"Atlanta","state":"GA","address":"650 Ponce de Leon Ave NE","name":""},
  {"lat":40.114182,"lon":-75.281109,"city":"Plymouth Meeting","state":"PA","address":"500 W Germantown Pike","name":""},
  {"lat":42.010708,"lon":-87.824619,"city":"Park Ridge","state":"IL","address":"225 W Touhy Ave","name":""},
  {"lat":26.848234,"lon":-80.094333,"city":"Palm Beach Gardens","state":"FL","address":"11701 Lake Victoria Gardens Ave","name":""},
  {"lat":38.241187,"lon":-122.634423,"city":"Petaluma","state":"CA","address":"621 E Washington St","name":""},
  {"lat":26.006511,"lon":-80.349722,"city":"Pembroke Pines","state":"FL","address":"14956 Pines Blvd","name":""},
  {"lat":33.906319,"lon":-118.392801,"city":"El Segundo","state":"CA","address":"760 S Sepulveda Blvd","name":""},
  {"lat":34.151105,"lon":-118.072185,"city":"Pasadena","state":"CA","address":"3751 E Foothill Blvd","name":""},
  {"lat":40.913843,"lon":-74.057345,"city":"Paramus","state":"NJ","address":"300 Bergen Town Center","name":""},
  {"lat":37.442281,"lon":-122.159372,"city":"Palo Alto","state":"CA","address":"774 Emerson St","name":""},
  {"lat":34.240257,"lon":-119.179398,"city":"Oxnard","state":"CA","address":"650 Town Center Dr","name":""},
  {"lat":38.804089,"lon":-77.059969,"city":"Alexandria","state":"VA","address":"1700 Duke St","name":""},
  {"lat":32.336556,"lon":-110.978349,"city":"Tucson","state":"AZ","address":"7133 N Oracle Rd","name":""},
  {"lat":41.6127,"lon":-87.854975,"city":"Orland Park","state":"IL","address":"15260 South La Grange Road","name":""},
  {"lat":34.187709,"lon":-118.873257,"city":"Thousand Oaks","state":"CA","address":"740 North Moorpark Rd","name":""},
  {"lat":37.723701,"lon":-122.454367,"city":"San Francisco","state":"CA","address":"1150 Ocean Ave","name":""},
  {"lat":42.354128,"lon":-71.200137,"city":"Newton","state":"MA","address":"647 Washington St","name":""},
  {"lat":35.899273,"lon":-78.650549,"city":"Raleigh","state":"NC","address":"8710 Six Forks Rd","name":""},
  {"lat":41.748895,"lon":-88.200002,"city":"Naperville","state":"IL","address":"2607 W 75th St","name":""},
  {"lat":33.616626,"lon":-117.87381,"city":"Newport Beach","state":"CA","address":"415 Newport Center Dr","name":""},
  {"lat":26.254626,"lon":-81.800214,"city":"Naples","state":"FL","address":"9101 Strada Pl","name":""},
  {"lat":38.323501,"lon":-122.30663,"city":"Napa","state":"CA","address":"3682 Bel Aire Plaza","name":""},
  {"lat":38.105881,"lon":-122.565444,"city":"Novato","state":"CA","address":"790 De Long Ave","name":""},
  {"lat":37.751914,"lon":-122.430835,"city":"San Francisco","state":"CA","address":"3950 24th St","name":""},
  {"lat":42.330017,"lon":-71.206404,"city":"Newton","state":"MA","address":"916 Walnut St","name":""},
  {"lat":42.106629,"lon":-87.800822,"city":"Northbrook","state":"IL","address":"840 Willow Rd","name":""},
  {"lat":39.368299,"lon":-76.649505,"city":"Baltimore","state":"MD","address":"1330 Smith Ave","name":""},
  {"lat":29.758033,"lon":-95.397559,"city":"Houston","state":"TX","address":"701 Waugh Dr","name":""},
  {"lat":44.973958,"lon":-93.44569,"city":"Minnetonka","state":"MN","address":"1001 Plymouth Rd","name":""},
  {"lat":40.75958,"lon":-73.966348,"city":"New York City","state":"NY","address":"226 E 57th St","name":""},
  {"lat":39.307607,"lon":-84.316586,"city":"Mason","state":"OH","address":"5805 Deerfield Blvd","name":""},
  {"lat":36.58338,"lon":-121.90037,"city":"Monterey","state":"CA","address":"800 Del Monte Center","name":""},
  {"lat":39.908072,"lon":-74.937997,"city":"Marlton","state":"NJ","address":"940 Rt 73 N","name":""},
  {"lat":34.0328,"lon":-118.4947,"city":"Santa Monica","state":"CA","address":"1425 Montana Ave","name":""},
  {"lat":40.818472,"lon":-74.223046,"city":"Montclair","state":"NJ","address":"701 Bloomfield Ave","name":""},
  {"lat":20.891489,"lon":-156.464368,"city":"Kahului","state":"HI","address":"70 E Kaahumanu Ave","name":""},
  {"lat":43.060324,"lon":-87.883762,"city":"Milwaukee","state":"WI","address":"2305 N Prospect Ave","name":""},
  {"lat":42.464746,"lon":-71.062445,"city":"Melrose","state":"MA","address":"880 Main St","name":""},
  {"lat":44.982511,"lon":-93.269054,"city":"Minneapolis","state":"MN","address":"222 Hennepin Ave","name":""},
  {"lat":41.248251,"lon":-73.025162,"city":"Milford","state":"CT","address":"1686 Boston Post Road","name":""},
  {"lat":40.375373,"lon":-74.087337,"city":"Red Bank","state":"NJ","address":"471 St Rt 35 N","name":""},
  {"lat":40.797214,"lon":-73.670765,"city":"Manhasset","state":"NY","address":"2101 Northern Blvd","name":""},
  {"lat":45.091528,"lon":-93.435945,"city":"Maple Grove","state":"MN","address":"12201 Elm Creek Blvd N","name":""},
  {"lat":33.980993,"lon":-84.427771,"city":"Marietta","state":"GA","address":"1311 Johnson Ferry Rd NE","name":""},
  {"lat":42.348493,"lon":-83.056681,"city":"Detroit","state":"MI","address":"115 Mack Ave","name":""},
  {"lat":42.417132,"lon":-71.126707,"city":"Medford","state":"MA","address":"2151 Mystic Valley Pkwy","name":""},
  {"lat":35.934445,"lon":-86.824652,"city":"Franklin","state":"TN","address":"1566 W McEwen Dr","name":""},
  {"lat":40.717038,"lon":-74.286826,"city":"Vauxhall","state":"NJ","address":"2245 Springfield Ave","name":""},
  {"lat":33.460088,"lon":-86.752324,"city":"Birmingham","state":"AL","address":"3100 Cahaba Village Plaza","name":""},
  {"lat":36.067449,"lon":-115.174385,"city":"Las Vegas","state":"NV","address":"6689 Las Vegas Blvd","name":""},
  {"lat":39.623154,"lon":-105.092234,"city":"Littleton","state":"CO","address":"5155 S Wadsworth Blvd","name":""},
  {"lat":38.248506,"lon":-85.627028,"city":"Louisville","state":"KY","address":"4944 Shelbyville Rd","name":""},
  {"lat":47.819814,"lon":-122.272471,"city":"Lynnwood","state":"WA","address":"2800 SW 196th St","name":""},
  {"lat":42.514184,"lon":-71.032241,"city":"Lynnfield","state":"MA","address":"427 Walnut St","name":""},
  {"lat":30.270598,"lon":-97.753388,"city":"Austin","state":"TX","address":"525 N Lamar Blvd","name":""},
  {"lat":45.523118,"lon":-122.63672,"city":"Portland","state":"OR","address":"2825 East Burnside St","name":""},
  {"lat":40.81291,"lon":-96.638998,"city":"Lincoln","state":"NE","address":"6055 O St","name":""},
  {"lat":40.869705,"lon":-73.12585,"city":"Lake Grove","state":"NY","address":"120 New Moriches Rd","name":""},
  {"lat":37.23612,"lon":-121.961389,"city":"Los Gatos","state":"CA","address":"15980 Los Gatos Blvd","name":""},
  {"lat":33.554457,"lon":-117.712557,"city":"Laguna Niguel","state":"CA","address":"23932 Aliso Creek Rd","name":""},
  {"lat":37.398989,"lon":-122.110571,"city":"Los Altos","state":"CA","address":"4800 El Camino Real","name":""},
  {"lat":32.868764,"lon":-117.230611,"city":"La Jolla","state":"CA","address":"8825 Villa La Jolla Dr","name":""},
  {"lat":33.543856,"lon":-117.783815,"city":"Laguna Beach","state":"CA","address":"283 Broadway St","name":""},
  {"lat":37.893267,"lon":-122.117112,"city":"Lafayette","state":"CA","address":"3502 Mt Diablo Blvd","name":""},
  {"lat":29.712195,"lon":-95.771282,"city":"Katy","state":"TX","address":"6601 S Fry Rd","name":""},
  {"lat":39.122641,"lon":-77.237729,"city":"Gaithersburg","state":"MD","address":"316 Kentlands Blvd","name":""},
  {"lat":39.213938,"lon":-76.855891,"city":"Columbia","state":"MD","address":"10275 Little Patuxent Pkwy","name":""},
  {"lat":21.277528,"lon":-157.786736,"city":"Honolulu","state":"HI","address":"4211 Wai'alae Ave","name":""},
  {"lat":42.15935,"lon":-88.044053,"city":"Kildeer","state":"IL","address":"20281 Rand Rd","name":""},
  {"lat":29.739315,"lon":-95.418147,"city":"Houston","state":"TX","address":"2955 Kirby Dr","name":""},
  {"lat":41.909128,"lon":-87.653113,"city":"Chicago","state":"IL","address":"1550 N Kingsbury St","name":""},
  {"lat":21.393653,"lon":-157.743038,"city":"Kailua","state":"HI","address":"629 Kailua Rd","name":""},
  {"lat":42.321389,"lon":-71.110961,"city":"Jamaica Plain","state":"MA","address":"413 Centre St","name":""},
  {"lat":32.354698,"lon":-90.149828,"city":"Jackson","state":"MS","address":"4500 I-55 North","name":""},
  {"lat":40.788943,"lon":-73.534703,"city":"Jericho","state":"NY","address":"429 North Broadway","name":""},
  {"lat":40.107871,"lon":-75.116061,"city":"Jenkintown","state":"PA","address":"1575 The Fairway","name":""},
  {"lat":30.184975,"lon":-81.625973,"city":"Jacksonville","state":"FL","address":"10601 San Jose Blvd","name":""},
  {"lat":33.6963,"lon":-117.8256,"city":"Tustin","state":"CA","address":"2847 Park Ave","name":""},
  {"lat":47.636969,"lon":-122.376822,"city":"Seattle","state":"WA","address":"2001 15th Ave W","name":""},
  {"lat":39.91418,"lon":-86.137108,"city":"Indianapolis","state":"IN","address":"1300 E 86th St","name":""},
  {"lat":40.026016,"lon":-105.28081,"city":"Boulder","state":"CO","address":"1275 Alpine Ave","name":""},
  {"lat":45.536961,"lon":-122.61867,"city":"Portland","state":"OR","address":"4301 NE Sandy Blvd","name":""},
  {"lat":33.731209,"lon":-117.990514,"city":"Huntington Beach","state":"CA","address":"7881 Edinger Ave","name":""},
  {"lat":32.82044,"lon":-96.81471,"city":"Highland Park","state":"TX","address":"4100 Lomo Alto Dr","name":""},
  {"lat":40.723779,"lon":-73.992409,"city":"New York City","state":"NY","address":"95 East Houston St","name":""},
  {"lat":34.091753,"lon":-118.360767,"city":"West Hollywood","state":"CA","address":"7871 Santa Monica Blvd","name":""},
  {"lat":39.545043,"lon":-104.942097,"city":"Highlands Ranch","state":"CO","address":"9366 S Colorado Blvd","name":""},
  {"lat":41.817478,"lon":-87.916802,"city":"Hinsdale","state":"IL","address":"500 E Ogden Ave","name":""},
  {"lat":32.748193,"lon":-117.158201,"city":"San Diego","state":"CA","address":"711 University Ave","name":""},
  {"lat":42.178944,"lon":-70.907846,"city":"Hingham","state":"MA","address":"94 Derby St","name":""},
  {"lat":36.023272,"lon":-115.082542,"city":"Henderson","state":"NV","address":"100 S Green Valley Pkwy","name":""},
  {"lat":40.625077,"lon":-111.835906,"city":"Cottonwood Heights","state":"UT","address":"6930 S Highland Dr","name":""},
  {"lat":37.812934,"lon":-122.260504,"city":"Oakland","state":"CA","address":"230 Bay Pl","name":""},
  {"lat":41.948349,"lon":-87.649734,"city":"Chicago","state":"IL","address":"3640 N Halsted St","name":""},
  {"lat":42.353265,"lon":-72.55537,"city":"Hadley","state":"MA","address":"327 Russell St","name":""},
  {"lat":30.389293,"lon":-97.741483,"city":"Austin","state":"TX","address":"9607 Research Blvd","name":""},
  {"lat":38.900843,"lon":-77.049016,"city":"Washington","state":"DC","address":"2201 I Street NW","name":""},
  {"lat":41.033122,"lon":-73.623931,"city":"Greenwich","state":"CT","address":"90 E Putnam Ave","name":""},
  {"lat":34.150993,"lon":-118.245876,"city":"Glendale","state":"CA","address":"331 N Glendale Ave","name":""},
  {"lat":41.714842,"lon":-72.607763,"city":"Glastonbury","state":"CT","address":"55 Welles St","name":""},
  {"lat":36.103133,"lon":-86.8185,"city":"Nashville","state":"TN","address":"4021 Hillsboro Pike","name":""},
  {"lat":36.085624,"lon":-79.834028,"city":"Greensboro","state":"NC","address":"3202 W Friendly Ave","name":""},
  {"lat":38.627053,"lon":-90.347718,"city":"St. Louis","state":"MO","address":"1601 S Brentwood Blvd","name":""},
  {"lat":26.153671,"lon":-80.117585,"city":"Fort Lauderdale","state":"FL","address":"2000 N Federal Hwy","name":""},
  {"lat":40.558999,"lon":-105.078926,"city":"Fort Collins","state":"CO","address":"2201 S College Ave","name":""},
  {"lat":32.907312,"lon":-96.803062,"city":"Dallas","state":"TX","address":"11700 Preston Rd","name":""},
  {"lat":36.809279,"lon":-119.805345,"city":"Fresno","state":"CA","address":"650 W Shaw Ave","name":""},
  {"lat":38.857745,"lon":-77.377503,"city":"Fairfax","state":"VA","address":"4501 Market Commons Dr","name":""},
  {"lat":37.789948,"lon":-122.423405,"city":"San Francisco","state":"CA","address":"1765 California St","name":""},
  {"lat":37.554899,"lon":-121.985073,"city":"Fremont","state":"CA","address":"3111 Mowry Ave","name":""},
  {"lat":42.298595,"lon":-71.421094,"city":"Framingham","state":"MA","address":"575 Worcester Rd","name":""},
  {"lat":42.389065,"lon":-71.141721,"city":"Cambridge","state":"MA","address":"200 Alewife Brook Pkwy","name":""},
  {"lat":42.232635,"lon":-71.177852,"city":"Dedham","state":"MA","address":"300 Legacy Pl","name":""},
  {"lat":40.048876,"lon":-75.411115,"city":"Wayne","state":"PA","address":"821 Lancaster Ave","name":""},
  {"lat":41.073271,"lon":-73.476173,"city":"Darien","state":"CT","address":"150 Ledge Rd","name":""},
  {"lat":41.377866,"lon":-73.475708,"city":"Danbury","state":"CT","address":"5C Sugar Hollow Rd","name":""},
  {"lat":28.093179,"lon":-82.504146,"city":"Tampa","state":"FL","address":"3802 Northdale Blvd","name":""},
  {"lat":41.500856,"lon":-81.536733,"city":"University Heights","state":"OH","address":"13998 Cedar Rd","name":""},
  {"lat":26.242517,"lon":-80.256666,"city":"Coral Springs","state":"FL","address":"810 University Dr","name":""},
  {"lat":42.3619,"lon":-71.065447,"city":"Boston","state":"MA","address":"181 Cambridge St","name":""},
  {"lat":41.755906,"lon":-71.456046,"city":"Cranston","state":"RI","address":"151 Sockanosset Cross Rd","name":""},
  {"lat":39.999084,"lon":-86.131076,"city":"Carmel","state":"IN","address":"14598 Clay Terrace Blvd","name":""},
  {"lat":33.9931,"lon":-80.975304,"city":"Columbia","state":"SC","address":"702 Cross Hill Rd","name":""},
  {"lat":42.248543,"lon":-83.758168,"city":"Ann Arbor","state":"MI","address":"990 W Eisenhower Pkwy","name":""},
  {"lat":39.700741,"lon":-104.939652,"city":"Glendale","state":"CO","address":"870 S Colorado Blvd","name":""},
  {"lat":38.457975,"lon":-122.7318,"city":"Santa Rosa","state":"CA","address":"390 Coddingtown Mall","name":""},
  {"lat":33.506471,"lon":-112.037908,"city":"Phoenix","state":"AZ","address":"4701 N 20th St","name":""},
  {"lat":40.767879,"lon":-73.983007,"city":"New York City","state":"NY","address":"10 Columbus Cir","name":""},
  {"lat":39.14547,"lon":-84.447324,"city":"Cincinnati","state":"OH","address":"2693 Edmondson Rd","name":""},
  {"lat":41.990369,"lon":-87.748827,"city":"Chicago","state":"IL","address":"6020 N Cicero Ave","name":""},
  {"lat":38.059687,"lon":-78.489259,"city":"Charlottesville","state":"VA","address":"1797 Hydraulic Rd","name":""},
  {"lat":35.06337,"lon":-85.314373,"city":"Chattanooga","state":"TN","address":"301 Manufacturers Rd","name":""},
  {"lat":33.318551,"lon":-111.892871,"city":"Chandler","state":"AZ","address":"2955 W Ray Rd","name":""},
  {"lat":35.934529,"lon":-79.027569,"city":"Chapel Hill","state":"NC","address":"81 S Elliot Rd","name":""},
  {"lat":44.947565,"lon":-93.322363,"city":"Minneapolis","state":"MN","address":"3060 Excelsior Blvd","name":""},
  {"lat":32.802162,"lon":-79.889113,"city":"Mount Pleasant","state":"SC","address":"923 Houston Northcutt Blvd","name":""},
  {"lat":40.745113,"lon":-73.995347,"city":"New York City","state":"NY","address":"250 7th Ave","name":""},
  {"lat":42.375645,"lon":-71.066334,"city":"Charlestown","state":"MA","address":"27 Austin St","name":""},
  {"lat":25.706282,"lon":-80.284659,"city":"Coral Gables","state":"FL","address":"6701 Red Rd","name":""},
  {"lat":35.678896,"lon":-105.950174,"city":"Santa Fe","state":"NM","address":"753 Cerrillos Rd","name":""},
  {"lat":39.863499,"lon":-75.543071,"city":"Glen Mills","state":"PA","address":"475 Wilmington West Chester Pike","name":""},
  {"lat":39.718523,"lon":-104.957942,"city":"Denver","state":"CO","address":"2375 E 1st Ave","name":""},
  {"lat":38.960896,"lon":-77.086646,"city":"Chevy Chase","state":"MD","address":"4420 Willard Ave","name":""},
  {"lat":37.292916,"lon":-121.930487,"city":"Campbell","state":"CA","address":"1690 S Bascom Ave","name":""},
  {"lat":37.76861,"lon":-122.427133,"city":"San Francisco","state":"CA","address":"2001 Market St","name":""},
  {"lat":35.737361,"lon":-78.777234,"city":"Cary","state":"NC","address":"102B New Waverly Pl","name":""},
  {"lat":36.974291,"lon":-121.963562,"city":"Capitola","state":"CA","address":"1710 41st Ave","name":""},
  {"lat":42.368135,"lon":-71.102353,"city":"Cambridge","state":"MA","address":"115 Prospect St","name":""},
  {"lat":34.069466,"lon":-118.398362,"city":"Beverly Hills","state":"CA","address":"239 N Crescent Dr","name":""},
  {"lat":41.784729,"lon":-72.745477,"city":"West Hartford","state":"CT","address":"340 N Main St","name":""},
  {"lat":34.053675,"lon":-118.467401,"city":"Los Angeles","state":"CA","address":"11737 San Vicente Blvd","name":""},
  {"lat":37.855461,"lon":-122.260418,"city":"Berkeley","state":"CA","address":"3000 Telegraph Ave","name":""},
  {"lat":42.342859,"lon":-71.140425,"city":"Brighton","state":"MA","address":"15 Washington St","name":""},
  {"lat":45.394432,"lon":-122.751583,"city":"Tigard","state":"OR","address":"7380 SW Bridgeport Rd","name":""},
  {"lat":43.607782,"lon":-116.194527,"city":"Boise","state":"ID","address":"401 S Broadway Ave","name":""},
  {"lat":44.056252,"lon":-121.265962,"city":"Bend","state":"OR","address":"2610 NE Hwy 20","name":""},
  {"lat":39.708619,"lon":-105.080854,"city":"Lakewood","state":"CO","address":"444 S Wadsworth Blvd","name":""},
  {"lat":47.618361,"lon":-122.184588,"city":"Bellevue","state":"WA","address":"888 116th Ave NE","name":""},
  {"lat":39.387029,"lon":-107.082761,"city":"Basalt","state":"CO","address":"340 Reed St","name":""},
  {"lat":37.249421,"lon":-121.876958,"city":"San Jose","state":"CA","address":"1146 Blossom Hill Rd","name":""},
  {"lat":42.111262,"lon":-71.461699,"city":"Bellingham","state":"MA","address":"255 Hartford Ave","name":""},
  {"lat":37.902515,"lon":-122.525902,"city":"Mill Valley","state":"CA","address":"731 E Blithedale Ave","name":""},
  {"lat":40.675028,"lon":-73.988853,"city":"Brooklyn","state":"NY","address":"214 3rd St","name":""},
  {"lat":25.971134,"lon":-80.140821,"city":"Aventura","state":"FL","address":"21105 Biscayne Blvd","name":""},
  {"lat":28.449185,"lon":-81.476737,"city":"Orlando","state":"FL","address":"8003 Turkey Lake Rd","name":""},
  {"lat":38.966156,"lon":-77.104163,"city":"Bethesda","state":"MD","address":"5269 River Rd","name":""},
  {"lat":29.70693,"lon":-95.441443,"city":"Houston","state":"TX","address":"4004 Bellaire Blvd","name":""},
  {"lat":30.307525,"lon":-97.937572,"city":"Bee Cave","state":"TX","address":"12601 Hill Country Blvd","name":""},
  {"lat":42.491232,"lon":-71.273584,"city":"Bedford","state":"MA","address":"170 Great Rd","name":""},
  {"lat":29.9672,"lon":-90.084799,"city":"New Orleans","state":"LA","address":"300 N Broad St","name":""},
  {"lat":26.365994,"lon":-80.114926,"city":"Boca Raton","state":"FL","address":"1400 Glades Rd","name":""},
  {"lat":42.66094,"lon":-71.144555,"city":"Andover","state":"MA","address":"40 Railroad St","name":""},
  {"lat":34.06934,"lon":-84.278488,"city":"Alpharetta","state":"GA","address":"2800 Old Milton Pkwy","name":""},
  {"lat":38.982091,"lon":-76.540184,"city":"Annapolis","state":"MD","address":"200 Harker Pl","name":""},
  {"lat":35.601892,"lon":-82.554715,"city":"Asheville","state":"NC","address":"70 Merrimon Ave","name":""},
  {"lat":42.416395,"lon":-71.159388,"city":"Arlington","state":"MA","address":"808 Massachusetts Ave","name":""},
  {"lat":34.1381,"lon":-118.14776,"city":"Pasadena","state":"CA","address":"465 S Arroyo Pkwy","name":""},
  {"lat":38.889049,"lon":-77.091065,"city":"Arlington","state":"VA","address":"2700 Wilson Blvd","name":""},
  {"lat":38.596639,"lon":-121.363794,"city":"Sacramento","state":"CA","address":"4315 Arden Way","name":""},
  {"lat":42.258059,"lon":-83.698198,"city":"Ann Arbor","state":"MI","address":"3135 Washtenaw Ave","name":""},
  {"lat":35.147279,"lon":-80.830176,"city":"Charlotte","state":"NC","address":"6610 Fairview Rd","name":""},
  {"lat":32.953182,"lon":-96.821423,"city":"Addison","state":"TX","address":"5100 Belt Line Rd","name":""},
  {"lat":35.146488,"lon":-106.556026,"city":"Albuquerque","state":"NM","address":"5815 Wyoming Blvd NE","name":""},
  {"lat":30.220346,"lon":-97.841947,"city":"Austin","state":"TX","address":"4301 W William Cannon","name":""},
  {"lat":29.921124,"lon":-90.117495,"city":"New Orleans","state":"LA","address":"5600 Magazine St","name":""},
  {"lat":42.708956,"lon":-73.818885,"city":"Albany","state":"NY","address":"1425 Central Ave","name":""}]}