{"key":"wingate","displayName":"Wingate","category":"hotels","useLocationName":false,"locations":[
  {"lat":35.880594,"lon":-106.30517,"city":"Los Alamos","state":"NM","address":"2455 Trinity Dr","name":""},
  {"lat":36.727852,"lon":-108.193007,"city":"Farmington","state":"NM","address":"601 East Broadway","name":""},
  {"lat":61.222922,"lon":-149.883652,"city":"Anchorage","state":"AK","address":"111 W Ship Creek Ave","name":""},
  {"lat":37.674182,"lon":-97.406754,"city":"Wichita","state":"KS","address":"5500b West Kellogg Dr.","name":""},
  {"lat":42.439934,"lon":-96.346377,"city":"Sioux City","state":"IA","address":"4716 Southern Hills Dr","name":""},
  {"lat":45.20605,"lon":-93.353253,"city":"Coon Rapids","state":"MN","address":"3420 Northdale Blvd. NW","name":""},
  {"lat":40.844025,"lon":-96.740715,"city":"Lincoln","state":"NE","address":"1301 W Bond Circle","name":""},
  {"lat":41.214233,"lon":-96.080744,"city":"Omaha","state":"NE","address":"10729 J Street","name":""},
  {"lat":35.207478,"lon":-114.054193,"city":"Kingman","state":"AZ","address":"1149 E Sunrise Ave","name":""},
  {"lat":33.303514,"lon":-111.970405,"city":"Chandler","state":"AZ","address":"7425 W. Chandler Blvd","name":""},
  {"lat":36.922357,"lon":-111.474705,"city":"Page","state":"AZ","address":"671 Scenic View Rd","name":""},
  {"lat":32.69559,"lon":-114.603242,"city":"Yuma","state":"AZ","address":"1760 Sunridge Drive","name":""},
  {"lat":37.776357,"lon":-87.16487,"city":"Owensboro","state":"KY","address":"51 Bon Harbor Hls","name":""},
  {"lat":38.20446,"lon":-85.6806,"city":"Louisville","state":"KY","address":"3200 Kemmons Drive","name":""},
  {"lat":36.93086,"lon":-86.41584,"city":"Bowling Green","state":"KY","address":"185 Greenwood Ln","name":""},
  {"lat":39.05208,"lon":-84.6402,"city":"Erlanger","state":"KY","address":"605 Atlas Air Way","name":""},
  {"lat":38.220303,"lon":-85.53476,"city":"Louisville","state":"KY","address":"12301 Alliant Court","name":""},
  {"lat":35.090519,"lon":-92.418581,"city":"Conway","state":"AR","address":"810 Museum Rd","name":""},
  {"lat":34.79813,"lon":-92.220398,"city":"North Little Rock","state":"AR","address":"4801 West Commercial Drive","name":""},
  {"lat":36.3018,"lon":-94.306432,"city":"Bentonville","state":"AR","address":"7400 SouthWest Old Farm Blvd","name":""},
  {"lat":34.742248,"lon":-92.394549,"city":"Little Rock","state":"AR","address":"1212 South Shackleford Road","name":""},
  {"lat":48.4201,"lon":-122.3375,"city":"Mount Vernon","state":"WA","address":"2300 Market St","name":""},
  {"lat":48.783685,"lon":-122.483417,"city":"Bellingham","state":"WA","address":"151 E Mcleod Rd","name":""},
  {"lat":47.10083,"lon":-119.24841,"city":"Moses Lake","state":"WA","address":"1735 E Kittleson Road","name":""},
  {"lat":38.249502,"lon":-112.656496,"city":"Beaver","state":"UT","address":"781 West 1800","name":""},
  {"lat":37.657336,"lon":-113.075522,"city":"Cedar City","state":"UT","address":"1204 S Main Street","name":""},
  {"lat":38.553907,"lon":-109.534374,"city":"Moab","state":"UT","address":"1260 South U.S. Highway 191","name":""},
  {"lat":37.176556,"lon":-113.302497,"city":"Hurricane","state":"UT","address":"780 West State Street","name":""},
  {"lat":37.060822,"lon":-113.587601,"city":"St. George","state":"UT","address":"144 West Brigham Road","name":""},
  {"lat":43.405268,"lon":-73.711599,"city":"Lake George","state":"NY","address":"2447 State Route 9N","name":""},
  {"lat":40.813024,"lon":-73.92883,"city":"The Bronx","state":"NY","address":"2568 Park Ave","name":""},
  {"lat":40.602891,"lon":-73.75449,"city":"Far Rockaway","state":"NY","address":"10 21B Beach 21st Street","name":""},
  {"lat":40.750776,"lon":-73.984208,"city":"New York City","state":"NY","address":"11 West 37th St","name":""},
  {"lat":40.756652,"lon":-73.942714,"city":"Long Island City","state":"NY","address":"38-70 12th Street","name":""},
  {"lat":43.083447,"lon":-79.058555,"city":"Niagara Falls","state":"NY","address":"333 Rainbow Blvd","name":""},
  {"lat":42.275964,"lon":-78.669059,"city":"Ellicottville","state":"NY","address":"11 Mill Street","name":""},
  {"lat":44.000257,"lon":-88.581119,"city":"Oshkosh","state":"WI","address":"1800 S Koeller St","name":""},
  {"lat":43.750716,"lon":-87.712645,"city":"Sheboygan","state":"WI","address":"723 Center Ave","name":""},
  {"lat":44.26391,"lon":-88.469255,"city":"Appleton","state":"WI","address":"132 N. Mall Drive","name":""},
  {"lat":43.578043,"lon":-89.78212,"city":"Wisconsin Dells","state":"WI","address":"1030 Wisconsin Dells Parkway S","name":""},
  {"lat":44.49567,"lon":-88.122786,"city":"Green Bay","state":"WI","address":"2065 Airport Drive","name":""},
  {"lat":41.725092,"lon":-86.248838,"city":"South Bend","state":"IN","address":"52890 SR 933","name":""},
  {"lat":41.63378,"lon":-85.045311,"city":"Angola","state":"IN","address":"3081 Enterprise Dr","name":""},
  {"lat":39.670268,"lon":-86.372575,"city":"Plainfield","state":"IN","address":"6300 Gateway Drive","name":""},
  {"lat":39.764837,"lon":-86.259918,"city":"Indianapolis","state":"IN","address":"5797 Rockville Road","name":""},
  {"lat":44.2775,"lon":-105.4912,"city":"Gillette","state":"WY","address":"1801 Cliff Davis Dr.","name":""},
  {"lat":45.986228,"lon":-112.507284,"city":"Butte","state":"MT","address":"2107 Cornell Ave","name":""},
  {"lat":47.495358,"lon":-111.290448,"city":"Great Falls","state":"MT","address":"1000 9th Ave S","name":""},
  {"lat":47.701879,"lon":-104.166699,"city":"Sidney","state":"MT","address":"1490 South Central Ave","name":""},
  {"lat":39.640055,"lon":-75.960747,"city":"North East","state":"MD","address":"39 Elwoods Road","name":""},
  {"lat":38.36681,"lon":-75.539732,"city":"Salisbury","state":"MD","address":"406 Punkin Court","name":""},
  {"lat":39.452349,"lon":-76.304967,"city":"Edgewood","state":"MD","address":"1807 Edgewood rd","name":""},
  {"lat":38.63951,"lon":-76.89922,"city":"Waldorf","state":"MD","address":"2555 Business Park Dr","name":""},
  {"lat":39.16771,"lon":-76.6556,"city":"Baltimore","state":"MD","address":"829 Elkridge Landing Road","name":""},
  {"lat":39.48861,"lon":-75.068631,"city":"Vineland","state":"NJ","address":"2196 West Landis Ave","name":""},
  {"lat":38.541112,"lon":-90.468007,"city":"Fenton","state":"MO","address":"1100 S Hwy Dr","name":""},
  {"lat":38.739306,"lon":-90.374649,"city":"St. Ann","state":"MO","address":"10820 Peartree Lane","name":""},
  {"lat":39.167365,"lon":-94.495817,"city":"Kansas City","state":"MO","address":"7333 NE Parvin Rd","name":""},
  {"lat":38.957793,"lon":-92.290701,"city":"Columbia","state":"MO","address":"3101 Wingate Court","name":""},
  {"lat":46.855671,"lon":-100.768593,"city":"Bismarck","state":"ND","address":"1421 Skyline Blvd","name":""},
  {"lat":46.83156,"lon":-96.84921,"city":"Fargo","state":"ND","address":"4429 19th Ave South","name":""},
  {"lat":42.627486,"lon":-83.016062,"city":"Utica","state":"MI","address":"11401 Hall Rd.","name":""},
  {"lat":42.385635,"lon":-83.332005,"city":"Livonia","state":"MI","address":"29235 Buckingham St","name":""},
  {"lat":42.5573,"lon":-83.13157,"city":"Troy","state":"MI","address":"2537 Rochester Ct","name":""},
  {"lat":42.53115,"lon":-82.90812,"city":"Roseville","state":"MI","address":"31900 Little Mack Ave","name":""},
  {"lat":42.529572,"lon":-83.780312,"city":"Brighton","state":"MI","address":"8285 Movie Dr","name":""},
  {"lat":42.23593,"lon":-83.327691,"city":"Romulus","state":"MI","address":"9501 Middlebelt","name":""},
  {"lat":41.770471,"lon":-80.947822,"city":"Geneva","state":"OH","address":"1715 South Broadway","name":""},
  {"lat":40.851295,"lon":-81.439134,"city":"Canton","state":"OH","address":"4914 Everhard Rd NW","name":""},
  {"lat":39.407828,"lon":-81.422318,"city":"Marietta","state":"OH","address":"700 Pike St","name":""},
  {"lat":40.787046,"lon":-82.588015,"city":"Mansfield","state":"OH","address":"2069 Walker Lake Road","name":""},
  {"lat":40.859282,"lon":-82.268741,"city":"Ashland","state":"OH","address":"1392 Enterprise Pky","name":""},
  {"lat":41.120632,"lon":-80.770193,"city":"Youngstown","state":"OH","address":"5570 Interstate Blvd","name":""},
  {"lat":40.372974,"lon":-80.616166,"city":"Steubenville","state":"OH","address":"820 University Blvd","name":""},
  {"lat":39.847455,"lon":-84.192068,"city":"Dayton","state":"OH","address":"6960 Miller Ln","name":""},
  {"lat":40.57982,"lon":-83.079794,"city":"Marion","state":"OH","address":"227 James Way","name":""},
  {"lat":40.074055,"lon":-80.865067,"city":"St. Clairsville","state":"OH","address":"51130 National Road East","name":""},
  {"lat":41.7147,"lon":-83.7028,"city":"Sylvania","state":"OH","address":"5480 South Main Street","name":""},
  {"lat":39.776117,"lon":-84.066577,"city":"Fairborn","state":"OH","address":"3055 Presidential Drive","name":""},
  {"lat":40.73985,"lon":-84.106398,"city":"Lima","state":"OH","address":"175 West Market Street","name":""},
  {"lat":39.252548,"lon":-84.388115,"city":"Cincinnati","state":"OH","address":"4320 Glendale-Milford Rd","name":""},
  {"lat":40.615346,"lon":-80.616476,"city":"Newell","state":"WV","address":"1181 Washington St","name":""},
  {"lat":39.002159,"lon":-80.264002,"city":"Buckhannon","state":"WV","address":"1 Commerce Blvd.","name":""},
  {"lat":38.43259,"lon":-82.020137,"city":"Hurricane","state":"WV","address":"417 Hurricane Creek Rd","name":""},
  {"lat":38.9291,"lon":-79.8543,"city":"Elkins","state":"WV","address":"830 Harrison Ave","name":""},
  {"lat":39.325184,"lon":-80.232454,"city":"Bridgeport","state":"WV","address":"350 Conference Center Way","name":""},
  {"lat":39.314589,"lon":-81.553325,"city":"Vienna","state":"WV","address":"1502 Grand Central Avenue","name":""},
  {"lat":25.80835,"lon":-80.322968,"city":"Doral","state":"FL","address":"3755 NW 78th Avenue","name":""},
  {"lat":30.2023,"lon":-85.652681,"city":"Lynn Haven","state":"FL","address":"2610 Lynn Haven Parkway","name":""},
  {"lat":30.3893,"lon":-86.475713,"city":"Destin","state":"FL","address":"117 Palm Street","name":""},
  {"lat":28.463,"lon":-81.308899,"city":"Orlando","state":"FL","address":"5750 Hazeltine National Drive","name":""},
  {"lat":28.486841,"lon":-81.457382,"city":"Orlando","state":"FL","address":"5661 Windhover Drive","name":""},
  {"lat":40.813888,"lon":-79.546332,"city":"Kittanning","state":"PA","address":"13 Hilltop Plaza","name":""},
  {"lat":39.901751,"lon":-79.749742,"city":"Uniontown","state":"PA","address":"283 McClellandtown Rd","name":""},
  {"lat":40.686364,"lon":-80.107579,"city":"Cranberry Township","state":"PA","address":"210 Executive Drive","name":""},
  {"lat":40.018359,"lon":-79.079833,"city":"Somerset","state":"PA","address":"138 Marsh Road","name":""},
  {"lat":40.345579,"lon":-79.957754,"city":"West Mifflin","state":"PA","address":"1340 Lebanon Church Road","name":""},
  {"lat":40.220046,"lon":-79.61286,"city":"New Stanton","state":"PA","address":"106 Bair Boulevard","name":""},
  {"lat":41.14473,"lon":-80.158819,"city":"Grove City","state":"PA","address":"118 Garrett Drive","name":""},
  {"lat":41.035252,"lon":-78.396935,"city":"Clearfield","state":"PA","address":"1821 Industrial Park Drive","name":""},
  {"lat":40.51841,"lon":-78.398753,"city":"Altoona","state":"PA","address":"909 Chestnut Ave","name":""},
  {"lat":40.227113,"lon":-76.796805,"city":"Harrisburg","state":"PA","address":"1344 Eisenhower Blvd","name":""},
  {"lat":42.047607,"lon":-80.083565,"city":"Erie","state":"PA","address":"8060 Old Oliver Road","name":""},
  {"lat":39.9841,"lon":-76.734554,"city":"York","state":"PA","address":"105 State Street","name":""},
  {"lat":35.444496,"lon":-97.601239,"city":"Oklahoma City","state":"OK","address":"2001 South Meridian Avenue","name":""},
  {"lat":32.226657,"lon":-92.707665,"city":"Jonesboro","state":"LA","address":"134 Old Winnfield Rd","name":""},
  {"lat":32.448807,"lon":-93.867798,"city":"Shreveport","state":"LA","address":"6245 Westport Avenue","name":""},
  {"lat":30.28713,"lon":-89.745383,"city":"Slidell","state":"LA","address":"1752 Gause Blvd East","name":""},
  {"lat":32.510671,"lon":-92.164602,"city":"West Monroe","state":"LA","address":"228 Blanchard Street","name":""},
  {"lat":32.515848,"lon":-93.727499,"city":"Bossier City","state":"LA","address":"1121 Barksdale Blvd","name":""},
  {"lat":30.197618,"lon":-93.247284,"city":"Lake Charles","state":"LA","address":"1731 West Prien Lake Road","name":""},
  {"lat":30.197702,"lon":-92.003394,"city":"Lafayette","state":"LA","address":"702 East Kaliste Saloom Road","name":""},
  {"lat":29.61788,"lon":-90.758194,"city":"Houma","state":"LA","address":"1835 Martin Luther King Bvld","name":""},
  {"lat":30.2125,"lon":-93.376298,"city":"Sulphur","state":"LA","address":"300 Arena Rd","name":""},
  {"lat":37.850124,"lon":-77.446487,"city":"Doswell","state":"VA","address":"16280 International St.","name":""},
  {"lat":37.083683,"lon":-80.648032,"city":"Dublin","state":"VA","address":"5094 State Park Rd","name":""},
  {"lat":38.062432,"lon":-78.93473,"city":"Waynesboro","state":"VA","address":"20 Windigrove Drive","name":""},
  {"lat":37.299499,"lon":-76.726668,"city":"Williamsburg","state":"VA","address":"2007 Richmond Road","name":""},
  {"lat":37.14032,"lon":-80.35311,"city":"Christiansburg","state":"VA","address":"70 Hampton Blvd","name":""},
  {"lat":38.777042,"lon":-77.178962,"city":"Springfield","state":"VA","address":"6550 Loisdale Court","name":""},
  {"lat":37.660994,"lon":-77.631025,"city":"Richmond","state":"VA","address":"13991 North Gayton Road","name":""},
  {"lat":36.791416,"lon":-76.230598,"city":"Chesapeake","state":"VA","address":"817 Greenbrier Circle","name":""},
  {"lat":38.896759,"lon":-77.433105,"city":"Chantilly","state":"VA","address":"3940 Centerview Drive","name":""},
  {"lat":37.802473,"lon":-79.410753,"city":"Lexington","state":"VA","address":"1100 North Lee Highway","name":""},
  {"lat":38.54512,"lon":-106.92237,"city":"Gunnison","state":"CO","address":"400 East Tomichi Avenue","name":""},
  {"lat":39.567597,"lon":-107.519444,"city":"New Castle","state":"CO","address":"781 Burning Mountain Ave","name":""},
  {"lat":39.660038,"lon":-106.833303,"city":"Eagle","state":"CO","address":"75 Pond Rd","name":""},
  {"lat":39.81832,"lon":-104.77439,"city":"Denver","state":"CO","address":"6670 Yampa Street","name":""},
  {"lat":40.403599,"lon":-104.964279,"city":"Johnstown","state":"CO","address":"5360 Ronald Reagan Blvd","name":""},
  {"lat":39.5983,"lon":-104.8954,"city":"Greenwood Village","state":"CO","address":"8000 East Peakview Avenue","name":""},
  {"lat":38.321129,"lon":-104.618973,"city":"Pueblo","state":"CO","address":"4711 North Elizabeth","name":""},
  {"lat":31.327718,"lon":-89.354042,"city":"Hattiesburg","state":"MS","address":"123 Plaza Drive","name":""},
  {"lat":30.456257,"lon":-88.84463,"city":"Biloxi","state":"MS","address":"7827 Lamar Poole Rd","name":""},
  {"lat":32.403047,"lon":-90.145986,"city":"Ridgeland","state":"MS","address":"6485 I-55 Frontage Road N","name":""},
  {"lat":34.961929,"lon":-90.001397,"city":"Horn Lake","state":"MS","address":"701 Southwest Dr","name":""},
  {"lat":35.66884,"lon":-88.82813,"city":"Jackson","state":"TN","address":"2370 N. Highland Ave. South","name":""},
  {"lat":35.808472,"lon":-86.398745,"city":"Murfreesboro","state":"TN","address":"118 Westgate Blvd","name":""},
  {"lat":35.16256,"lon":-89.86102,"city":"Memphis","state":"TN","address":"6069 Macon Cove","name":""},
  {"lat":36.32401,"lon":-86.69993,"city":"Goodlettsville","state":"TN","address":"202 Northgate Circle","name":""},
  {"lat":35.040974,"lon":-85.152847,"city":"Chattanooga","state":"TN","address":"7312 Shallowford Rd","name":""},
  {"lat":42.386094,"lon":-87.952925,"city":"Gurnee","state":"IL","address":"6090 Gurnee Mills Cir E","name":""},
  {"lat":40.782756,"lon":-89.66966,"city":"Peoria","state":"IL","address":"7708 North Route 91","name":""},
  {"lat":42.053674,"lon":-88.078923,"city":"Schaumburg","state":"IL","address":"50 Remington Road","name":""},
  {"lat":41.520042,"lon":-88.185616,"city":"Joliet","state":"IL","address":"101 McDonald Avenue","name":""},
  {"lat":41.556653,"lon":-87.795944,"city":"Tinley Park","state":"IL","address":"18421 North Creek Drive","name":""},
  {"lat":34.077973,"lon":-80.941965,"city":"Columbia","state":"SC","address":"31 Berkshire Dr","name":""},
  {"lat":32.86894,"lon":-80.01073,"city":"North Charleston","state":"SC","address":"4701 Saul White Blvd","name":""},
  {"lat":32.97822,"lon":-80.073371,"city":"North Charleston","state":"SC","address":"9280 University Blvd","name":""},
  {"lat":34.857773,"lon":-82.268478,"city":"Greenville","state":"SC","address":"33 Beacon Drive","name":""},
  {"lat":32.878109,"lon":-83.765457,"city":"Macon","state":"GA","address":"140 Plantation Inn Dr","name":""},
  {"lat":33.481246,"lon":-82.129018,"city":"Augusta","state":"GA","address":"4328 Belair Frontage Rd","name":""},
  {"lat":30.791214,"lon":-81.653679,"city":"Kingsland","state":"GA","address":"1321 Hospitality Ave.","name":""},
  {"lat":32.00518,"lon":-81.2759,"city":"Savannah","state":"GA","address":"17009 Abercorn Street","name":""},
  {"lat":30.840026,"lon":-83.32779,"city":"Valdosta","state":"GA","address":"1800 Club House Drive","name":""},
  {"lat":31.21771,"lon":-81.52399,"city":"Brunswick","state":"GA","address":"165 Warren Mason Blvd","name":""},
  {"lat":32.19624,"lon":-81.19542,"city":"Port Wentworth","state":"GA","address":"7210 GA Hwy 21","name":""},
  {"lat":33.512615,"lon":-82.037827,"city":"Augusta","state":"GA","address":"2650C Center West Pkwy","name":""},
  {"lat":33.972707,"lon":-83.365811,"city":"Athens","state":"GA","address":"255 North Ave","name":""},
  {"lat":32.14,"lon":-81.2364,"city":"Savannah","state":"GA","address":"50 Sylvester C. Formey Drive","name":""},
  {"lat":33.540912,"lon":-84.576668,"city":"Fairburn","state":"GA","address":"7882 Senoia Rd","name":""},
  {"lat":32.614868,"lon":-83.699371,"city":"Warner Robins","state":"GA","address":"4031 Watson Blvd","name":""},
  {"lat":33.885436,"lon":-84.471347,"city":"Atlanta","state":"GA","address":"2762 Cobb Parkway Southeast","name":""},
  {"lat":33.0359,"lon":-84.950457,"city":"LaGrange","state":"GA","address":"103 Wingate Terrace","name":""},
  {"lat":33.448971,"lon":-82.078079,"city":"Augusta","state":"GA","address":"2123 Noland Connector","name":""},
  {"lat":33.95549,"lon":-84.126633,"city":"Atlanta - Duluth","state":"GA","address":"3450 Venture Pkwy","name":""},
  {"lat":32.905218,"lon":-83.69088,"city":"Macon","state":"GA","address":"100 N Crest Blvd","name":""},
  {"lat":33.176391,"lon":-87.471091,"city":"Tuscaloosa","state":"AL","address":"4918 Skyland Blvd. E.","name":""},
  {"lat":32.353382,"lon":-86.22126,"city":"Montgomery","state":"AL","address":"2060 Eastern Boulevard","name":""},
  {"lat":35.117092,"lon":-80.675215,"city":"Matthews","state":"NC","address":"2001 Mount Harmony Church Rd","name":""},
  {"lat":36.042717,"lon":-79.845871,"city":"Greensboro","state":"NC","address":"2006 Veasley Street","name":""},
  {"lat":35.4365,"lon":-82.534,"city":"Fletcher","state":"NC","address":"31 Airport Park Rd","name":""},
  {"lat":33.937747,"lon":-78.0262,"city":"Southport","state":"NC","address":"1511 North Howe Street","name":""},
  {"lat":35.369212,"lon":-80.711407,"city":"Concord","state":"NC","address":"7841 Gateway Lane Northwest","name":""},
  {"lat":34.243999,"lon":-77.877998,"city":"Wilmington","state":"NC","address":"5126 Market Street Bus 17","name":""},
  {"lat":35.725368,"lon":-78.643951,"city":"Garner","state":"NC","address":"1542 Mechanical Boulevard","name":""},
  {"lat":35.242836,"lon":-80.939552,"city":"Charlotte","state":"NC","address":"4238 Business Center Drive","name":""},
  {"lat":35.879951,"lon":-78.844345,"city":"Durham","state":"NC","address":"5223 Page Road","name":""},
  {"lat":30.446932,"lon":-97.668708,"city":"Austin","state":"TX","address":"2021 Cheddar Loop","name":""},
  {"lat":30.58989,"lon":-96.289397,"city":"College Station","state":"TX","address":"3610 Texas 6 Frontage Rd","name":""},
  {"lat":29.29718,"lon":-94.780224,"city":"Galveston","state":"TX","address":"1402 Seawall Blvd","name":""},
  {"lat":29.680434,"lon":-95.41239,"city":"Houston","state":"TX","address":"8600 Kirby Drive","name":""},
  {"lat":32.54043,"lon":-94.73495,"city":"Longview","state":"TX","address":"615 City Center Way","name":""},
  {"lat":29.982271,"lon":-95.280396,"city":"Humble","state":"TX","address":"7114 Will Clayton Parkway","name":""},
  {"lat":27.694664,"lon":-97.341996,"city":"Corpus Christi","state":"TX","address":"7150 S Padre Island Dr","name":""},
  {"lat":33.595081,"lon":-101.929047,"city":"Lubbock","state":"TX","address":"5214 2nd Dr","name":""},
  {"lat":31.430532,"lon":-100.455731,"city":"San Angelo","state":"TX","address":"3620 South Jackson Street","name":""},
  {"lat":32.720866,"lon":-102.658857,"city":"Seminole","state":"TX","address":"1103 Hobbs Highway","name":""},
  {"lat":29.937969,"lon":-95.365883,"city":"Houston","state":"TX","address":"1330 N Sam Houston Pkwy E","name":""},
  {"lat":29.73,"lon":-98.082008,"city":"New Braunfels","state":"TX","address":"245 FM-306","name":""},
  {"lat":29.869426,"lon":-97.938186,"city":"San Marcos","state":"TX","address":"108 North Interstate-35","name":""},
  {"lat":29.956385,"lon":-95.554588,"city":"Houston","state":"TX","address":"9050 Mills Road","name":""},
  {"lat":30.5193,"lon":-97.687384,"city":"Round Rock","state":"TX","address":"1209 North IH 35 North","name":""},
  {"lat":32.919044,"lon":-97.006966,"city":"Irving","state":"TX","address":"8220 Esters Boulevard","name":""},
  {"lat":32.830172,"lon":-96.873237,"city":"Dallas","state":"TX","address":"8650 North Stemmons Freeway","name":""}]}