{"key":"wyndham_garden","displayName":"Wyndham Garden","category":"hotels","useLocationName":false,"locations":[
  {"lat":41.730884,"lon":-93.57919,"city":"Ankeny","state":"IA","address":"133 SE Delaware Avenue","name":""},
  {"lat":39.270719,"lon":-94.669699,"city":"Kansas City","state":"MO","address":"7600 NW 97th Terrace","name":""},
  {"lat":39.176843,"lon":-75.523543,"city":"Dover","state":"DE","address":"561 N Dupont Highway","name":""},
  {"lat":38.220353,"lon":-85.57547,"city":"Louisville","state":"KY","address":"1776 Plantside Drive","name":""},
  {"lat":38.413356,"lon":-81.798817,"city":"Cross Lanes","state":"WV","address":"102 Racer Dr","name":""},
  {"lat":61.179745,"lon":-149.936366,"city":"Anchorage","state":"AK","address":"4411 Spenard Rd","name":""},
  {"lat":34.335228,"lon":-86.313934,"city":"Guntersville","state":"AL","address":"2140 Gunter Avenue","name":""},
  {"lat":45.28444,"lon":-93.56317,"city":"Otsego","state":"MN","address":"9200 Quaday Avenue","name":""},
  {"lat":41.471234,"lon":-81.95274,"city":"Westlake","state":"OH","address":"1100 Crocker Rd","name":""},
  {"lat":44.276343,"lon":-88.473353,"city":"Appleton","state":"WI","address":"1565 N Federated Drive","name":""},
  {"lat":42.589329,"lon":-87.818947,"city":"Kenosha","state":"WI","address":"5125 6th Avenue","name":""},
  {"lat":43.01699,"lon":-89.42453,"city":"Fitchburg","state":"WI","address":"2969 Cahill Main","name":""},
  {"lat":35.15903,"lon":-80.887013,"city":"Charlotte","state":"NC","address":"440 Griffith Road","name":""},
  {"lat":36.064171,"lon":-79.908798,"city":"Greensboro","state":"NC","address":"415 S. Swing Road","name":""},
  {"lat":34.076191,"lon":-80.948153,"city":"Columbia","state":"SC","address":"1539 Horseshoe Dr","name":""},
  {"lat":33.038986,"lon":-80.152023,"city":"Summerville","state":"SC","address":"120 Holiday Drive","name":""},
  {"lat":34.702957,"lon":-118.167566,"city":"Lancaster","state":"CA","address":"2038 West Avenue I","name":""},
  {"lat":39.252911,"lon":-123.211118,"city":"Redwood Valley","state":"CA","address":"101 Coyote Valley Blvd","name":""},
  {"lat":37.526353,"lon":-122.008132,"city":"Newark","state":"CA","address":"5977 Mowry Ave","name":""},
  {"lat":38.672,"lon":-121.5083,"city":"Sacramento","state":"CA","address":"2298 Terracina Drive","name":""},
  {"lat":36.770557,"lon":-119.72435,"city":"Fresno","state":"CA","address":"5090 East Clinton Way","name":""},
  {"lat":32.754185,"lon":-117.215439,"city":"San Diego","state":"CA","address":"3737 Sports Arena Boulevard","name":""},
  {"lat":43.089,"lon":-79.0624,"city":"Niagara Falls","state":"NY","address":"443 Main Street","name":""},
  {"lat":42.90003,"lon":-78.86453,"city":"Buffalo","state":"NY","address":"125 High Street","name":""},
  {"lat":40.731984,"lon":-73.866487,"city":"Rego Park","state":"NY","address":"61-18 93rd Street","name":""},
  {"lat":40.651814,"lon":-74.00472,"city":"Brooklyn","state":"NY","address":"457 39th Street","name":""},
  {"lat":40.717136,"lon":-73.995453,"city":"New York City","state":"NY","address":"93 Bowery","name":""},
  {"lat":42.23959,"lon":-83.346436,"city":"Romulus","state":"MI","address":"9191 Wickham Road","name":""},
  {"lat":42.912595,"lon":-85.556137,"city":"Grand Rapids","state":"MI","address":"4495 28th Street Southeast","name":""},
  {"lat":42.282925,"lon":-83.788446,"city":"Ann Arbor","state":"MI","address":"2900 Jackson Avenue","name":""},
  {"lat":30.686669,"lon":-91.463271,"city":"New Roads","state":"LA","address":"2125 Memorial Blvd.","name":""},
  {"lat":30.039825,"lon":-90.239031,"city":"Kenner","state":"LA","address":"4535 Williams Blvd","name":""},
  {"lat":29.953198,"lon":-90.072319,"city":"New Orleans","state":"LA","address":"201 Baronne Street","name":""},
  {"lat":41.131177,"lon":-85.160549,"city":"Fort Wayne","state":"IN","address":"5750 Challenger Parkway","name":""},
  {"lat":41.238998,"lon":-85.820015,"city":"Warsaw","state":"IN","address":"2519 East Center Street","name":""},
  {"lat":27.98136,"lon":-82.3619,"city":"Tampa","state":"FL","address":"8235 E Dr Martin Luther King","name":""},
  {"lat":28.452026,"lon":-81.349883,"city":"Orlando","state":"FL","address":"2635 McCoy Road","name":""},
  {"lat":28.46448,"lon":-81.459968,"city":"Orlando","state":"FL","address":"5855 American Way","name":""},
  {"lat":25.80828,"lon":-80.27677,"city":"Miami Springs","state":"FL","address":"4909 NW 36th Street","name":""},
  {"lat":26.0551,"lon":-80.14418,"city":"Dania Beach","state":"FL","address":"129 North Federal Hwy","name":""},
  {"lat":30.249146,"lon":-81.590134,"city":"Jacksonville","state":"FL","address":"4660 Salisbury Road","name":""},
  {"lat":28.37528,"lon":-81.512001,"city":"Lake Buena Vista","state":"FL","address":"1850B Hotel Plaza Boulevard","name":""},
  {"lat":30.435689,"lon":-84.260223,"city":"Tallahassee","state":"FL","address":"1355 Apalachee Parkway","name":""},
  {"lat":30.396971,"lon":-86.614662,"city":"Fort Walton Beach","state":"FL","address":"573 Santa Rosa Blvd.","name":""},
  {"lat":41.080366,"lon":-87.865052,"city":"Kankakee","state":"IL","address":"455 Riverstone Parkway","name":""},
  {"lat":42.43837,"lon":-90.45196,"city":"Galena","state":"IL","address":"11383 US Highway 20","name":""},
  {"lat":40.13164,"lon":-88.221702,"city":"Urbana","state":"IL","address":"1001 West Killarney Street","name":""},
  {"lat":42.065105,"lon":-88.036583,"city":"Schaumburg","state":"IL","address":"1725 East Algonquin Road","name":""},
  {"lat":42.01277,"lon":-87.940988,"city":"Elk Grove Village","state":"IL","address":"2550 Landmeier Road","name":""},
  {"lat":40.925373,"lon":-74.276543,"city":"Totowa","state":"NJ","address":"1 Route 46 West","name":""},
  {"lat":40.76,"lon":-74.04,"city":"North Bergen","state":"NJ","address":"1706 Paterson Plank Rd","name":""},
  {"lat":36.131393,"lon":-97.051186,"city":"Stillwater","state":"OK","address":"600 East McElroy Road","name":""},
  {"lat":35.443176,"lon":-97.60247,"city":"Oklahoma City","state":"OK","address":"2101 South Meridian Avenue","name":""},
  {"lat":38.802379,"lon":-77.519291,"city":"Manassas","state":"VA","address":"10800 Vandor Lane","name":""},
  {"lat":36.855087,"lon":-76.28624,"city":"Norfolk","state":"VA","address":"700 Monticello Ave","name":""},
  {"lat":37.261086,"lon":-76.64341,"city":"Williamsburg","state":"VA","address":"201 Water Country Parkway","name":""},
  {"lat":29.521582,"lon":-98.483687,"city":"San Antonio","state":"TX","address":"8818 Jones Maltsberger Rd","name":""},
  {"lat":33.356148,"lon":-96.587172,"city":"Anna","state":"TX","address":"600 N Standridge Blvd","name":""},
  {"lat":29.789133,"lon":-95.731359,"city":"Katy","state":"TX","address":"1549 Westborough Dr","name":""},
  {"lat":30.59994,"lon":-96.29771,"city":"College Station","state":"TX","address":"2829 Texas Avenue","name":""},
  {"lat":26.1855,"lon":-98.2314,"city":"McAllen","state":"TX","address":"1921 S. 10th St.","name":""},
  {"lat":33.474096,"lon":-94.043197,"city":"Texarkana","state":"TX","address":"5301 N Stateline Ave","name":""},
  {"lat":30.223682,"lon":-97.746639,"city":"Austin","state":"TX","address":"3401 South IH-35","name":""},
  {"lat":31.985723,"lon":-102.106523,"city":"Midland","state":"TX","address":"3100 West Wall Street","name":""},
  {"lat":32.109328,"lon":-81.240307,"city":"Pooler","state":"GA","address":"301B Governor Treutlen Dr","name":""},
  {"lat":33.615343,"lon":-84.439651,"city":"College Park","state":"GA","address":"1551 Phoenix Blvd","name":""},
  {"lat":33.94079,"lon":-84.50679,"city":"Marietta","state":"GA","address":"455 Franklin Gateway SE","name":""},
  {"lat":33.952442,"lon":-84.131927,"city":"Duluth","state":"GA","address":"1948 Day Drive","name":""},
  {"lat":42.047567,"lon":-80.077623,"city":"Erie","state":"PA","address":"8101 Peach Street","name":""},
  {"lat":40.783549,"lon":-77.759083,"city":"Boalsburg","state":"PA","address":"310 Elks Club Road","name":""},
  {"lat":39.97028,"lon":-76.777466,"city":"York","state":"PA","address":"2000 Loucks Road","name":""},
  {"lat":40.466492,"lon":-80.200882,"city":"Pittsburgh","state":"PA","address":"One Industry Lane","name":""},
  {"lat":37.678364,"lon":-97.335922,"city":"Wichita.","state":"KS","address":"221 East Kellogg Street","name":""},
  {"lat":38.937084,"lon":-76.917374,"city":"Cheverly","state":"MD","address":"5811 Annapolis Road","name":""}]}