{"key":"yogurtland","displayName":"Yogurtland","category":"sweets","useLocationName":false,"locations":[
  {"lat":36.270252,"lon":-115.205139,"city":"Las Vegas","state":"NV","address":"6050 N. Decatur","name":""},
  {"lat":36.02536,"lon":-115.119194,"city":"Las Vegas","state":"NV","address":"9055 S Eastern Ave","name":""},
  {"lat":36.060169,"lon":-115.241783,"city":"Las Vegas","state":"NV","address":"7060 S Rainbow Blvd., #110","name":""},
  {"lat":39.724892,"lon":-104.9832,"city":"Denver","state":"CO","address":"550 Grant St","name":""},
  {"lat":37.786884,"lon":-122.281471,"city":"Alameda","state":"CA","address":"2640 Fifth St.","name":""},
  {"lat":33.841133,"lon":-117.941956,"city":"Anaheim","state":"CA","address":"683 N Euclid St","name":""},
  {"lat":33.851162,"lon":-117.790016,"city":"Anaheim","state":"CA","address":"5761-B Santa Ana Canyon Rd","name":""},
  {"lat":33.803783,"lon":-117.906158,"city":"Anaheim","state":"CA","address":"111 E Katella Ave #20","name":""},
  {"lat":34.472633,"lon":-117.243492,"city":"Apple Valley","state":"CA","address":"12218 Apple Valley","name":""},
  {"lat":34.127415,"lon":-118.053032,"city":"Arcadia","state":"CA","address":"633 W Duarte Rd","name":""},
  {"lat":33.865929,"lon":-118.0821,"city":"Artesia","state":"CA","address":"18170 Pioneer Blvd","name":""},
  {"lat":34.039219,"lon":-118.143669,"city":"Monterey Park","state":"CA","address":"2102 S Atlantic Blvd","name":""},
  {"lat":33.464699,"lon":-112.279976,"city":"Avondale","state":"AZ","address":"10220 W McDowell Rd","name":""},
  {"lat":34.12859,"lon":-117.888878,"city":"Azusa","state":"CA","address":"922 E Alosta Ave","name":""},
  {"lat":35.277523,"lon":-116.057182,"city":"Baker","state":"CA","address":"72922 Baker Blvd.","name":""},
  {"lat":35.36507,"lon":-116.069504,"city":"Baker","state":"CA","address":"45101 Afton Canyon Road","name":""},
  {"lat":35.383141,"lon":-119.163055,"city":"Bakersfield","state":"CA","address":"14453 Rosedale Highway","name":""},
  {"lat":35.348942,"lon":-119.123894,"city":"Bakersfield","state":"CA","address":"10930 Stockdale Hwy","name":""},
  {"lat":35.266548,"lon":-119.027115,"city":"Bakersfield","state":"CA","address":"2201 Taft Hwy.","name":""},
  {"lat":34.013573,"lon":-118.336868,"city":"Los Angeles","state":"CA","address":"3939-C Crenshaw Blvd.","name":""},
  {"lat":33.922703,"lon":-116.948708,"city":"Beaumont","state":"CA","address":"1658 E 2nd St","name":""},
  {"lat":33.761295,"lon":-118.137688,"city":"Long Beach","state":"CA","address":"4816 E 2nd St","name":""},
  {"lat":33.837242,"lon":-118.184586,"city":"Long Beach","state":"CA","address":"4406 Atlantic Blvd","name":""},
  {"lat":33.913555,"lon":-117.892639,"city":"Brea","state":"CA","address":"730 E Imperial Hwy","name":""},
  {"lat":33.694874,"lon":-117.88591,"city":"Santa Ana","state":"CA","address":"3930 S. Bristol St.","name":""},
  {"lat":37.384251,"lon":-121.897362,"city":"San Jose","state":"CA","address":"1055 E Brokaw Rd","name":""},
  {"lat":34.184109,"lon":-118.337708,"city":"Burbank","state":"CA","address":"2400 W Victory Blvd","name":""},
  {"lat":37.26194,"lon":-121.933853,"city":"San Jose","state":"CA","address":"2031 Camden Ave","name":""},
  {"lat":33.228172,"lon":-117.390015,"city":"Camp Pendleton","state":"CA","address":"2010 Vandegrift Blvd.","name":""},
  {"lat":36.978237,"lon":-121.967422,"city":"Capitola","state":"CA","address":"1955 41st Ave Suite A4","name":""},
  {"lat":32.986279,"lon":-96.910378,"city":"Carrollton","state":"TX","address":"2625 Old Denton Rd, Ste 316","name":""},
  {"lat":33.842976,"lon":-118.260323,"city":"Carson","state":"CA","address":"20700 Avalon Blvd","name":""},
  {"lat":36.263889,"lon":-115.25676,"city":"Las Vegas","state":"NV","address":"5635 Centennial Center Blvd","name":""},
  {"lat":34.033909,"lon":-117.689377,"city":"Chino","state":"CA","address":"12073 Central Avenue","name":""},
  {"lat":33.988312,"lon":-118.256462,"city":"Los Angeles","state":"CA","address":"5857 S. Central Ave., Suite #120","name":""},
  {"lat":34.060493,"lon":-118.418633,"city":"Los Angeles","state":"CA","address":"10250 Santa Monica Blvd","name":""},
  {"lat":33.861183,"lon":-118.09288,"city":"Cerritos","state":"CA","address":"430 Los Cerritos Ctr","name":""},
  {"lat":33.305634,"lon":-111.898788,"city":"Chandler","state":"AZ","address":"3355 W Chandler Blvd #9","name":""},
  {"lat":39.579979,"lon":-104.960373,"city":"Centennial","state":"CO","address":"7535 S University Blvd","name":""},
  {"lat":33.98267,"lon":-117.705933,"city":"Chino Hills","state":"CA","address":"4505 Chino Hills Pkwy Suite D","name":""},
  {"lat":34.094833,"lon":-117.719345,"city":"Claremont","state":"CA","address":"101 N Indian Hill Blvd Suite 103","name":""},
  {"lat":33.895985,"lon":-118.221191,"city":"Compton","state":"CA","address":"255 E Compton Blvd","name":""},
  {"lat":33.856934,"lon":-117.568878,"city":"Corona","state":"CA","address":"135 E Ontario Ave #102","name":""},
  {"lat":33.889122,"lon":-117.521286,"city":"Corona","state":"CA","address":"420 N McKinley Street","name":""},
  {"lat":33.680305,"lon":-117.917587,"city":"Costa Mesa","state":"CA","address":"1450 Baker St","name":""},
  {"lat":34.166584,"lon":-117.331795,"city":"San Bernardino","state":"CA","address":"4235 N University Pkwy","name":""},
  {"lat":34.018318,"lon":-118.406677,"city":"Culver City","state":"CA","address":"3817 Overland Ave","name":""},
  {"lat":37.322811,"lon":-122.017059,"city":"Cupertino","state":"CA","address":"19700 Stevens Creek Blvd","name":""},
  {"lat":32.864536,"lon":-96.774475,"city":"Dallas","state":"TX","address":"7700 W Northwest Hwy","name":""},
  {"lat":32.813187,"lon":-96.752457,"city":"Dallas","state":"TX","address":"1910 Abrams Parkway","name":""},
  {"lat":33.489159,"lon":-117.698112,"city":"Dana Point","state":"CA","address":"32585 Golden Lantern Suite B","name":""},
  {"lat":34.235474,"lon":-118.586777,"city":"Chatsworth","state":"CA","address":"20790 W Nordhoff St., #3","name":""},
  {"lat":33.940189,"lon":-118.133453,"city":"Downey","state":"CA","address":"8250 Firestone Blvd","name":""},
  {"lat":37.706039,"lon":-121.928085,"city":"Dublin","state":"CA","address":"6851 Amador Plaza Rd","name":""},
  {"lat":34.138409,"lon":-118.21476,"city":"Eagle Rock","state":"CA","address":"5045 Eagle Rock Blvd.","name":""},
  {"lat":33.730068,"lon":-117.995949,"city":"Huntington Beach","state":"CA","address":"7598 Edinger Ave","name":""},
  {"lat":34.15987,"lon":-118.507751,"city":"Encino","state":"CA","address":"17200 W Ventura Blvd","name":""},
  {"lat":33.110962,"lon":-117.099167,"city":"Escondido","state":"CA","address":"1284-A Auto Pkwy","name":""},
  {"lat":37.31358,"lon":-121.79351,"city":"San Jose","state":"CA","address":"2742 Aborn Rd","name":""},
  {"lat":38.662876,"lon":-121.27224,"city":"Fair Oaks","state":"CA","address":"5335 Sunrise Blvd","name":""},
  {"lat":29.991556,"lon":-95.742599,"city":"Cypress","state":"TX","address":"28404 Highway 290","name":""},
  {"lat":33.693432,"lon":-117.989967,"city":"Huntington Beach","state":"CA","address":"18525 Main St.","name":""},
  {"lat":32.981018,"lon":-117.248184,"city":"Del Mar","state":"CA","address":"2600 Via De La Valle","name":""},
  {"lat":34.075123,"lon":-117.435905,"city":"Fontana","state":"CA","address":"9844 Sierra Ave","name":""},
  {"lat":34.150227,"lon":-117.472237,"city":"Fontana","state":"CA","address":"15270 Summit Ave","name":""},
  {"lat":37.547222,"lon":-121.989815,"city":"Fremont","state":"CA","address":"4069 Mowry Ave","name":""},
  {"lat":36.831493,"lon":-119.907402,"city":"Fresno","state":"CA","address":"6467 N Riverside Dr.","name":""},
  {"lat":33.859478,"lon":-117.924942,"city":"Fullerton","state":"CA","address":"122 W Orangethorpe Ave","name":""},
  {"lat":33.788857,"lon":-117.962349,"city":"Garden Grove","state":"CA","address":"9755 - B Chapman Ave.","name":""},
  {"lat":33.760235,"lon":-117.954445,"city":"Garden Grove","state":"CA","address":"13920 Brookhurst St, Suite A","name":""},
  {"lat":33.872944,"lon":-118.308502,"city":"Gardena","state":"CA","address":"1753 W Artesia Blvd","name":""},
  {"lat":32.955673,"lon":-96.617088,"city":"Garland","state":"TX","address":"4170 Lavon Dr","name":""},
  {"lat":32.820412,"lon":-117.179031,"city":"San Diego","state":"CA","address":"5650 Balboa Ave","name":""},
  {"lat":34.441574,"lon":-119.826683,"city":"Goleta","state":"CA","address":"5880 Calle Real","name":""},
  {"lat":39.624126,"lon":-105.108696,"city":"Littleton","state":"CO","address":"9910 W Belleview Ave","name":""},
  {"lat":13.476282,"lon":144.750229,"city":"Colonia Juarez","state":"GU","address":"Agana Shopping Center","name":""},
  {"lat":40.189274,"lon":-74.647644,"city":"Hamilton","state":"NJ","address":"141 Marketplace Blvd","name":""},
  {"lat":36.327431,"lon":-119.673294,"city":"Hanford","state":"CA","address":"366 N 12th St.","name":""},
  {"lat":37.607384,"lon":-122.065002,"city":"Hayward","state":"CA","address":"30162 Industrial Parkway SW","name":""},
  {"lat":36.056938,"lon":-115.046837,"city":"Henderson","state":"NV","address":"509D N Stephanie Ave","name":""},
  {"lat":34.426281,"lon":-117.371948,"city":"Hesperia","state":"CA","address":"13325 Main St., #107","name":""},
  {"lat":33.672443,"lon":-117.954414,"city":"Huntington Beach","state":"CA","address":"9961 Adams Ave","name":""},
  {"lat":33.98674,"lon":-118.226334,"city":"Huntington Park","state":"CA","address":"6021 Pacific Blvd.","name":""},
  {"lat":33.94577,"lon":-118.333488,"city":"Inglewood","state":"CA","address":"3561-A W Century Blvd","name":""},
  {"lat":33.651325,"lon":-117.744576,"city":"Irvine","state":"CA","address":"733 Spectrum Center Drive","name":""},
  {"lat":40.619244,"lon":-111.980118,"city":"West Jordan","state":"UT","address":"7211 Plaza Center Drive","name":""},
  {"lat":33.802586,"lon":-118.011299,"city":"Cypress","state":"CA","address":"6958 Katella Ave","name":""},
  {"lat":33.915695,"lon":-117.968452,"city":"La Habra","state":"CA","address":"1350 S Beach Blvd","name":""},
  {"lat":33.940273,"lon":-117.960587,"city":"La Habra","state":"CA","address":"1339 W Whittier Blvd.","name":""},
  {"lat":33.858364,"lon":-118.030731,"city":"Buena Park","state":"CA","address":"5972 Orangethorpe Ave","name":""},
  {"lat":34.100842,"lon":-117.767838,"city":"La Verne","state":"CA","address":"2105 Foothill Blvd","name":""},
  {"lat":30.189217,"lon":-92.012733,"city":"Lafayette","state":"LA","address":"104 E Kaliste Saloom Rd","name":""},
  {"lat":33.593403,"lon":-117.698082,"city":"Laguna Hills","state":"CA","address":"25381 Alicia Pkwy","name":""},
  {"lat":33.555412,"lon":-117.714622,"city":"Laguna Niguel","state":"CA","address":"23886 Aliso Creek Road #B-9","name":""},
  {"lat":33.690269,"lon":-117.342247,"city":"Lake Elsinore","state":"CA","address":"18285 Collier Avenue #1-K","name":""},
  {"lat":33.618717,"lon":-117.700752,"city":"Lake Forest","state":"CA","address":"23626 El Toro Rd","name":""},
  {"lat":32.877514,"lon":-96.734833,"city":"Dallas","state":"TX","address":"7170 Skillman St.","name":""},
  {"lat":36.196281,"lon":-115.250908,"city":"Las Vegas","state":"NV","address":"7290 W Lake Mead Blvd","name":""},
  {"lat":33.84901,"lon":-118.142952,"city":"Lakewood","state":"CA","address":"5017 Lakewood Blvd","name":""},
  {"lat":34.674103,"lon":-118.148277,"city":"Lancaster","state":"CA","address":"43535 10th St. West","name":""},
  {"lat":36.020924,"lon":-115.267555,"city":"Las Vegas","state":"NV","address":"8090 Blue Diamond Rd.","name":""},
  {"lat":36.127522,"lon":-115.171616,"city":"Las Vegas","state":"NV","address":"3200 S Las Vegas Blvd.","name":""},
  {"lat":36.067249,"lon":-115.172234,"city":"Las Vegas","state":"NV","address":"6587 Las Vegas Blvd S","name":""},
  {"lat":36.159435,"lon":-115.287323,"city":"Las Vegas","state":"NV","address":"8780 W. Charleston Blvd #104","name":""},
  {"lat":33.810326,"lon":-118.106941,"city":"Long Beach","state":"CA","address":"6422 E Spring St.","name":""},
  {"lat":33.900211,"lon":-118.384758,"city":"Manhattan Beach","state":"CA","address":"1570 Rosecrans Ave","name":""},
  {"lat":29.779705,"lon":-95.536591,"city":"Houston","state":"TX","address":"303 Memorial City Way","name":""},
  {"lat":33.676838,"lon":-117.175713,"city":"Menifee","state":"CA","address":"30059 Haun Rd","name":""},
  {"lat":33.379623,"lon":-111.755989,"city":"Mesa","state":"AZ","address":"3440 E Baseline Rd","name":""},
  {"lat":34.046932,"lon":-118.339989,"city":"Los Angeles","state":"CA","address":"4733 Venice Blvd","name":""},
  {"lat":37.433521,"lon":-121.893272,"city":"Milpitas","state":"CA","address":"752 E Calaveras Blvd","name":""},
  {"lat":33.975109,"lon":-117.556602,"city":"Mira Loma","state":"CA","address":"12530 Limonite Ave","name":""},
  {"lat":32.913712,"lon":-117.146454,"city":"San Diego","state":"CA","address":"8220-F Mira Mesa Blvd","name":""},
  {"lat":34.068512,"lon":-118.343681,"city":"Los Angeles","state":"CA","address":"310 S La Brea Ave","name":""},
  {"lat":33.653137,"lon":-117.644501,"city":"Mission Viejo","state":"CA","address":"27855-B Santa Margarita Pkwy","name":""},
  {"lat":34.151134,"lon":-118.000877,"city":"Monrovia","state":"CA","address":"104 S Myrtle Ave","name":""},
  {"lat":32.752132,"lon":-97.353378,"city":"Fort Worth","state":"TX","address":"2600 W 7th St","name":""},
  {"lat":13.492111,"lon":144.781937,"city":"Tamuning","state":"","address":"267 Chalan San Antonio","name":""},
  {"lat":37.09024,"lon":-95.712891,"city":"Tamuning","state":"GU","address":"267 Chalan San Antonio","name":""},
  {"lat":33.939037,"lon":-117.26178,"city":"Moreno Valley","state":"CA","address":"12515 Frederick St","name":""},
  {"lat":34.077396,"lon":-117.204414,"city":"Redlands","state":"CA","address":"27511 San Bernardino Ave","name":""},
  {"lat":37.391178,"lon":-122.095161,"city":"Mountain View","state":"CA","address":"1035 B El Monte Ave.","name":""},
  {"lat":29.92457,"lon":-90.107811,"city":"New Orleans","state":"LA","address":"4903 Prytania St","name":""},
  {"lat":37.09024,"lon":-95.712891,"city":"Newberry Springs","state":"CA","address":"44230 National Trails Hwy","name":""},
  {"lat":34.164658,"lon":-118.369202,"city":"North Hollywood","state":"CA","address":"10936 Magnolia Blvd","name":""},
  {"lat":39.840706,"lon":-105.083565,"city":"Arvada","state":"CO","address":"7947 Wadsworth Blvd","name":""},
  {"lat":33.904465,"lon":-118.083458,"city":"Norwalk","state":"CA","address":"13933 Pioneer Blvd. Suite B","name":""},
  {"lat":34.081951,"lon":-117.670204,"city":"Ontario","state":"CA","address":"1337 N. Mountain Ave.","name":""},
  {"lat":33.82864,"lon":-117.836693,"city":"Orange","state":"CA","address":"2318 N Tustin Ave","name":""},
  {"lat":40.27335,"lon":-111.682182,"city":"Orem","state":"UT","address":"534 E University Pkwy","name":""},
  {"lat":34.601681,"lon":-118.144875,"city":"Palmdale","state":"CA","address":"748 W. Rancho Vista Blvd.","name":""},
  {"lat":34.558956,"lon":-118.086983,"city":"Palmdale","state":"CA","address":"2331 E. Ave. S.","name":""},
  {"lat":37.831886,"lon":-112.436562,"city":"Panguitch","state":"UT","address":"595 North Main Street","name":""},
  {"lat":34.235409,"lon":-118.448174,"city":"Panorama City","state":"CA","address":"14502 Nordhoff Blvd","name":""},
  {"lat":33.886089,"lon":-118.160606,"city":"Paramount","state":"CA","address":"16289-E Paramount Blvd.","name":""},
  {"lat":34.150925,"lon":-118.099174,"city":"Pasadena","state":"CA","address":"259 Sierra Madre Villa Ave","name":""},
  {"lat":34.137955,"lon":-118.132462,"city":"Pasadena","state":"CA","address":"415 S Lake Ave","name":""},
  {"lat":33.708519,"lon":-116.28286,"city":"La Quinta","state":"CA","address":"79174 Highway 111","name":""},
  {"lat":33.805096,"lon":-117.225945,"city":"Perris","state":"CA","address":"1870 N. Perris Blvd","name":""},
  {"lat":38.245312,"lon":-122.62751,"city":"Petaluma","state":"CA","address":"401 Kenilworth Dr","name":""},
  {"lat":33.984585,"lon":-118.099754,"city":"Pico Rivera","state":"CA","address":"8756 Washington Blvd","name":""},
  {"lat":36.005142,"lon":-119.30069,"city":"Pixley","state":"CA","address":"11851 RD 122","name":""},
  {"lat":33.929096,"lon":-118.212624,"city":"Lynwood","state":"CA","address":"11215 Long Beach Blvd","name":""},
  {"lat":37.944782,"lon":-122.056061,"city":"Pleasant Hill","state":"CA","address":"2390 Monument Blvd","name":""},
  {"lat":34.033787,"lon":-117.756859,"city":"Pomona","state":"CA","address":"785 Rio Rancho Rd.","name":""},
  {"lat":33.026421,"lon":-96.793686,"city":"Plano","state":"TX","address":"1900 Preston Road","name":""},
  {"lat":34.1064,"lon":-117.593109,"city":"Rancho Cucamonga","state":"CA","address":"10798 Foothill Blvd","name":""},
  {"lat":33.520546,"lon":-117.619286,"city":"Rancho Mission Viejo","state":"CA","address":"30841 Gateway Place","name":""},
  {"lat":37.107471,"lon":-113.55336,"city":"St. George","state":"UT","address":"15 S River Rd","name":""},
  {"lat":34.187103,"lon":-118.553482,"city":"Reseda","state":"CA","address":"6400 Tampa Ave","name":""},
  {"lat":34.132919,"lon":-117.392853,"city":"Rialto","state":"CA","address":"1155 W. Renaissance Pkwy","name":""},
  {"lat":34.073936,"lon":-117.370911,"city":"Rialto","state":"CA","address":"1508 South Riverside Avenue","name":""},
  {"lat":33.975597,"lon":-117.337555,"city":"Riverside","state":"CA","address":"1242 University Ave","name":""},
  {"lat":33.889755,"lon":-117.325829,"city":"Riverside","state":"CA","address":"19348 Van Buren Blvd.","name":""},
  {"lat":33.818214,"lon":-118.386223,"city":"Redondo Beach","state":"CA","address":"271 Avenida Del Norte","name":""},
  {"lat":33.987206,"lon":-117.871788,"city":"Rowland Heights","state":"CA","address":"19755 Colima Rd","name":""},
  {"lat":36.712749,"lon":-121.654381,"city":"Salinas","state":"CA","address":"1744 N Main St","name":""},
  {"lat":33.458771,"lon":-117.651413,"city":"San Clemente","state":"CA","address":"638 Camino De Los Mares","name":""},
  {"lat":34.111771,"lon":-117.829002,"city":"San Dimas","state":"CA","address":"468 N. Lone Hill Ave","name":""},
  {"lat":34.104263,"lon":-118.087158,"city":"San Gabriel","state":"CA","address":"927 E Las Tunas Dr","name":""},
  {"lat":33.759804,"lon":-117.834648,"city":"Santa Ana","state":"CA","address":"2278 E 17th St","name":""},
  {"lat":34.418274,"lon":-119.697762,"city":"Santa Barbara","state":"CA","address":"621 State St","name":""},
  {"lat":34.016556,"lon":-118.496956,"city":"Santa Monica","state":"CA","address":"1321 3rd Street Promenade","name":""},
  {"lat":32.761623,"lon":-117.064629,"city":"San Diego","state":"CA","address":"6165 El Cajon Blvd","name":""},
  {"lat":34.160957,"lon":-118.448219,"city":"Sherman Oaks","state":"CA","address":"4954 Van Nuys Blvd","name":""},
  {"lat":34.284386,"lon":-118.717857,"city":"Simi Valley","state":"CA","address":"2679 Tapo Canyon Rd","name":""},
  {"lat":37.332935,"lon":-121.8843,"city":"San Jose","state":"CA","address":"125 E San Carlos St","name":""},
  {"lat":33.95216,"lon":-118.185333,"city":"South Gate","state":"CA","address":"4783 Firestone Blvd.","name":""},
  {"lat":30.401089,"lon":-91.175652,"city":"Baton Rouge","state":"LA","address":"4250 Burbank Dr","name":""},
  {"lat":32.940929,"lon":-97.132217,"city":"Southlake","state":"TX","address":"1251 E Southlake Blvd","name":""},
  {"lat":38.002453,"lon":-121.31752,"city":"Stockton","state":"CA","address":"5765 Pacific Ave. #C120","name":""},
  {"lat":37.339947,"lon":-121.842026,"city":"San Jose","state":"CA","address":"1110 S King Rd #36","name":""},
  {"lat":29.58329,"lon":-95.648956,"city":"Sugar Land","state":"TX","address":"13590 University Blvd.","name":""},
  {"lat":32.686344,"lon":-115.379898,"city":"Calexico","state":"CA","address":"1761 Maggio Road","name":""},
  {"lat":33.752258,"lon":-118.308731,"city":"San Pedro","state":"CA","address":"1000 N Western Ave","name":""},
  {"lat":33.727123,"lon":-117.786263,"city":"Irvine","state":"CA","address":"13260 Jamboree Rd","name":""},
  {"lat":36.849361,"lon":-119.78743,"city":"Fresno","state":"CA","address":"170 E Paseo Del Centro","name":""},
  {"lat":34.037331,"lon":-118.084625,"city":"Montebello","state":"CA","address":"1784 Montebello Town Center","name":""},
  {"lat":33.783112,"lon":-118.072258,"city":"Seal Beach","state":"CA","address":"12357 Seal Beach Blvd","name":""},
  {"lat":30.430426,"lon":-91.112122,"city":"Baton Rouge","state":"LA","address":"7474 Corporate Blvd","name":""},
  {"lat":34.283794,"lon":-118.440964,"city":"San Fernando","state":"CA","address":"1106 Truman St.","name":""},
  {"lat":33.739521,"lon":-117.820091,"city":"Tustin","state":"CA","address":"13842 Newport Ave","name":""},
  {"lat":33.711006,"lon":-117.818069,"city":"Tustin","state":"CA","address":"15090 Kensington Park Dr.","name":""},
  {"lat":33.907696,"lon":-117.458115,"city":"Riverside","state":"CA","address":"3510 Tyler St.","name":""},
  {"lat":33.650658,"lon":-117.838829,"city":"Irvine","state":"CA","address":"4187 Campus Dr","name":""},
  {"lat":34.021935,"lon":-118.280075,"city":"Los Angeles","state":"CA","address":"3335 S Figueroa St","name":""},
  {"lat":34.413078,"lon":-118.559128,"city":"Valencia","state":"CA","address":"24266 Valencia Blvd","name":""},
  {"lat":34.091805,"lon":-118.29171,"city":"Los Angeles","state":"CA","address":"1132 N Vermont Ave","name":""},
  {"lat":33.837101,"lon":-118.353661,"city":"Torrance","state":"CA","address":"21213 Hawthorne Blvd","name":""},
  {"lat":37.250759,"lon":-121.802818,"city":"San Jose","state":"CA","address":"5638 Cottle Road","name":""},
  {"lat":36.311924,"lon":-119.315521,"city":"Visalia","state":"CA","address":"2045 S Mooney Blvd","name":""},
  {"lat":37.09024,"lon":-95.712891,"city":"Delano","state":"CA","address":"530 Woollomes Ave","name":""},
  {"lat":34.028179,"lon":-117.833832,"city":"Walnut","state":"CA","address":"21710 Valley Blvd.","name":""},
  {"lat":37.895882,"lon":-122.062851,"city":"Walnut Creek","state":"CA","address":"1247 S California Blvd","name":""},
  {"lat":32.698524,"lon":-97.412422,"city":"Fort Worth","state":"TX","address":"5925 Convair Dr.","name":""},
  {"lat":36.91663,"lon":-121.772766,"city":"Watsonville","state":"CA","address":"1487 Main St","name":""},
  {"lat":39.805817,"lon":-74.93383,"city":"West Berlin","state":"NJ","address":"200 Route 73 N","name":""},
  {"lat":34.068558,"lon":-117.930275,"city":"West Covina","state":"CA","address":"1002 W Covina Pkwy","name":""},
  {"lat":34.030869,"lon":-117.914604,"city":"West Covina","state":"CA","address":"2500 S Azusa Ave","name":""},
  {"lat":36.11515,"lon":-115.300209,"city":"Las Vegas","state":"NV","address":"9516 W Flamingo Rd","name":""},
  {"lat":34.091129,"lon":-118.367851,"city":"West Hollywood","state":"CA","address":"8205 Santa Monica Blvd","name":""},
  {"lat":29.737488,"lon":-95.561409,"city":"Houston","state":"TX","address":"2550 Citywest Blvd.","name":""},
  {"lat":33.957458,"lon":-118.396118,"city":"Los Angeles","state":"CA","address":"8752 S Sepulveda Blvd","name":""},
  {"lat":37.292446,"lon":-121.996902,"city":"San Jose","state":"CA","address":"5395 Prospect Rd","name":""},
  {"lat":34.160027,"lon":-118.825111,"city":"Westlake Village","state":"CA","address":"111 S Westlake Blvd","name":""},
  {"lat":34.055508,"lon":-118.270393,"city":"Los Angeles","state":"CA","address":"1607 Wilshire Blvd.","name":""},
  {"lat":34.061989,"lon":-118.290871,"city":"Los Angeles","state":"CA","address":"3183 Wilshire Blvd","name":""},
  {"lat":36.147457,"lon":-115.065353,"city":"Las Vegas","state":"NV","address":"2272 S. Nellis Blvd. #4","name":""},
  {"lat":33.678402,"lon":-117.799919,"city":"Irvine","state":"CA","address":"4616 Barranca Parkway","name":""},
  {"lat":33.888359,"lon":-117.828499,"city":"Yorba Linda","state":"CA","address":"17486 Yorba Linda Blvd","name":""},
  {"lat":34.034012,"lon":-117.074509,"city":"Yucaipa","state":"CA","address":"33694 Yucaipa Blvd. #2","name":""}]}